i:id,i:Paytable Trigger DID,s:Paytable Trigger Type,s:Paytable Trigger Name,i:Paytable DID,s:Paytable Name,i:One Time Reward,i:Number of Reward Sets,s:Number of Rewards per Set,f:Set Odds 1,s:Set Type 1,i:Set 1 Reward DID 1,i:Set 1 Reward DID 2,i:Set 1 Reward DID 3,i:Set 1 Reward DID 4,i:Set 1 Reward DID 5,i:Set 1 Reward DID 6,i:Set 1 Reward DID 7,i:Set 1 Reward DID 8,i:Set 1 Reward DID 9,i:Set 1 Reward DID 10,i:Set 1 Reward DID 11,f:Set 1 Reward Odds 1,f:Set 1 Reward Odds 2,f:Set 1 Reward Odds 3,f:Set 1 Reward Odds 4,f:Set 1 Reward Odds 5,f:Set 1 Reward Odds 6,f:Set 1 Reward Odds 7,f:Set 1 Reward Odds 8,f:Set 1 Reward Odds 9,f:Set 1 Reward Odds 10,f:Set 1 Reward Odds 11,i:Set 1 Reward Amount 1,i:Set 1 Reward Amount 2,i:Set 1 Reward Amount 3,i:Set 1 Reward Amount 4,i:Set 1 Reward Amount 5,i:Set 1 Reward Amount 6,i:Set 1 Reward Amount 7,i:Set 1 Reward Amount 8,i:Set 1 Reward Amount 9,i:Set 1 Reward Amount 10,i:Set 1 Reward Amount 11,f:Set Odds 2,s:Set Type 2,i:Set 2 Reward DID 1,i:Set 2 Reward DID 2,i:Set 2 Reward DID 3,i:Set 2 Reward DID 4,f:Set 2 Reward Odds 1,f:Set 2 Reward Odds 2,f:Set 2 Reward Odds 3,f:Set 2 Reward Odds 4,i:Set 2 Reward Amount 1,i:Set 2 Reward Amount 2,i:Set 2 Reward Amount 3,i:Set 2 Reward Amount 4,f:Set Odds 3,s:Set Type 3,i:Set 3 Reward DID 1,i:Set 3 Reward DID 2,i:Set 3 Reward DID 3,i:Set 3 Reward DID 4,f:Set 3 Reward Odds 1,f:Set 3 Reward Odds 2,f:Set 3 Reward Odds 3,f:Set 3 Reward Odds 4,i:Set 3 Reward Amount 1,i:Set 3 Reward Amount 2,i:Set 3 Reward Amount 3,i:Set 3 Reward Amount 4
empty,,,,,,,,,,,,,,,,,,,,,,,,,,,,,,,,,,,,,,,,,,,,,,,,,,,,,,,,,,,,,,,,,,,,,,,
0,32,wish,!!FOOD_JELLYPATTY,1,base,0,3,11|4|4,0.25,resources,3,3,3,-1,-1,-1,-1,-1,-1,-1,-1,0.5,0.4,0.1,-1,-1,-1,-1,-1,-1,-1,-1,5,10,15,-1,-1,-1,-1,-1,-1,-1,-1,0.25,resources,5,5,5,-1,0.5,0.4,0.1,-1,1,2,5,-1,0.5,resources,2,2,2,2,0.75,0.2,0.03,0.02,1,2,5,25
1,96,wish,!!FOOD_JELLIEDTOAST,1,base,0,-1,-1,0.25,resources,3,3,3,-1,-1,-1,-1,-1,-1,-1,-1,0.5,0.4,0.1,-1,-1,-1,-1,-1,-1,-1,-1,5,10,15,-1,-1,-1,-1,-1,-1,-1,-1,0.25,resources,5,5,5,-1,0.5,0.4,0.1,-1,1,2,5,-1,0.5,resources,2,2,2,2,0.75,0.2,0.03,0.02,1,2,5,25
2,1,wish,!!FOOD_KRABBYPATTY,1,base,0,-1,-1,0.97,resources,5,5,5,-1,-1,-1,-1,-1,-1,-1,-1,0.23,0.32,0.45,-1,-1,-1,-1,-1,-1,-1,-1,15,10,5,-1,-1,-1,-1,-1,-1,-1,-1,0.03,resources,2,2,-1,-1,0.66,0.34,-1,-1,1,2,-1,-1,0,none,-1,-1,-1,-1,-1,-1,-1,-1,-1,-1,-1,-1
3,4,wish,!!RESOURCE_LEVEL,1,base,0,-1,-1,0.97,resources,5,5,5,-1,-1,-1,-1,-1,-1,-1,-1,0.23,0.32,0.45,-1,-1,-1,-1,-1,-1,-1,-1,15,10,5,-1,-1,-1,-1,-1,-1,-1,-1,0.03,resources,2,2,-1,-1,0.66,0.34,-1,-1,1,2,-1,-1,0,none,-1,-1,-1,-1,-1,-1,-1,-1,-1,-1,-1,-1
4,15,wish,!!FOOD_CRYJOHNNY,1,base,0,-1,-1,0.97,resources,5,5,5,-1,-1,-1,-1,-1,-1,-1,-1,0.23,0.32,0.45,-1,-1,-1,-1,-1,-1,-1,-1,15,10,5,-1,-1,-1,-1,-1,-1,-1,-1,0.03,resources,2,2,-1,-1,0.66,0.34,-1,-1,1,2,-1,-1,0,none,-1,-1,-1,-1,-1,-1,-1,-1,-1,-1,-1,-1
5,16,wish,!!FOOD_DUTCHDOUBLE,1,base,0,-1,-1,0.97,resources,5,5,5,-1,-1,-1,-1,-1,-1,-1,-1,0.23,0.32,0.45,-1,-1,-1,-1,-1,-1,-1,-1,15,10,5,-1,-1,-1,-1,-1,-1,-1,-1,0.03,resources,2,2,-1,-1,0.66,0.34,-1,-1,1,2,-1,-1,0,none,-1,-1,-1,-1,-1,-1,-1,-1,-1,-1,-1,-1
6,18,wish,!!FOOD_KELPFRIES,1,base,0,-1,-1,0.97,resources,5,5,5,-1,-1,-1,-1,-1,-1,-1,-1,0.23,0.32,0.45,-1,-1,-1,-1,-1,-1,-1,-1,15,10,5,-1,-1,-1,-1,-1,-1,-1,-1,0.03,resources,2,2,-1,-1,0.66,0.34,-1,-1,1,2,-1,-1,0,none,-1,-1,-1,-1,-1,-1,-1,-1,-1,-1,-1,-1
7,19,wish,!!FOOD_KELPCAKE,1,base,0,-1,-1,0.97,resources,5,5,5,-1,-1,-1,-1,-1,-1,-1,-1,0.23,0.32,0.45,-1,-1,-1,-1,-1,-1,-1,-1,15,10,5,-1,-1,-1,-1,-1,-1,-1,-1,0.03,resources,2,2,-1,-1,0.66,0.34,-1,-1,1,2,-1,-1,0,none,-1,-1,-1,-1,-1,-1,-1,-1,-1,-1,-1,-1
8,21,wish,!!FOOD_KELPDOG,1,base,0,-1,-1,0.97,resources,5,5,5,-1,-1,-1,-1,-1,-1,-1,-1,0.23,0.32,0.45,-1,-1,-1,-1,-1,-1,-1,-1,15,10,5,-1,-1,-1,-1,-1,-1,-1,-1,0.03,resources,2,2,-1,-1,0.66,0.34,-1,-1,1,2,-1,-1,0,none,-1,-1,-1,-1,-1,-1,-1,-1,-1,-1,-1,-1
9,22,wish,!!FOOD_SEAWEEDSALAD,1,base,0,-1,-1,0.97,resources,5,5,5,-1,-1,-1,-1,-1,-1,-1,-1,0.23,0.32,0.45,-1,-1,-1,-1,-1,-1,-1,-1,15,10,5,-1,-1,-1,-1,-1,-1,-1,-1,0.03,resources,2,2,-1,-1,0.66,0.34,-1,-1,1,2,-1,-1,0,none,-1,-1,-1,-1,-1,-1,-1,-1,-1,-1,-1,-1
10,23,wish,!!FOOD_KELPKLT,1,base,0,-1,-1,0.97,resources,5,5,5,-1,-1,-1,-1,-1,-1,-1,-1,0.23,0.32,0.45,-1,-1,-1,-1,-1,-1,-1,-1,15,10,5,-1,-1,-1,-1,-1,-1,-1,-1,0.03,resources,2,2,-1,-1,0.66,0.34,-1,-1,1,2,-1,-1,0,none,-1,-1,-1,-1,-1,-1,-1,-1,-1,-1,-1,-1
11,27,wish,!!FOOD_BRUSCHETTA,1,base,0,-1,-1,0.97,resources,5,5,5,-1,-1,-1,-1,-1,-1,-1,-1,0.23,0.32,0.45,-1,-1,-1,-1,-1,-1,-1,-1,15,10,5,-1,-1,-1,-1,-1,-1,-1,-1,0.03,resources,2,2,-1,-1,0.66,0.34,-1,-1,1,2,-1,-1,0,none,-1,-1,-1,-1,-1,-1,-1,-1,-1,-1,-1,-1
12,28,wish,!!FOOD_BISQUE,1,base,0,-1,-1,0.97,resources,5,5,5,-1,-1,-1,-1,-1,-1,-1,-1,0.23,0.32,0.45,-1,-1,-1,-1,-1,-1,-1,-1,15,10,5,-1,-1,-1,-1,-1,-1,-1,-1,0.03,resources,2,2,-1,-1,0.66,0.34,-1,-1,1,2,-1,-1,0,none,-1,-1,-1,-1,-1,-1,-1,-1,-1,-1,-1,-1
13,31,wish,!!FOOD_CAESAR_SALAD,1,base,0,-1,-1,0.97,resources,5,5,5,-1,-1,-1,-1,-1,-1,-1,-1,0.23,0.32,0.45,-1,-1,-1,-1,-1,-1,-1,-1,15,10,5,-1,-1,-1,-1,-1,-1,-1,-1,0.03,resources,2,2,-1,-1,0.66,0.34,-1,-1,1,2,-1,-1,0,none,-1,-1,-1,-1,-1,-1,-1,-1,-1,-1,-1,-1
14,40,wish,!!FOOD_VEGGIEPATTY,1,base,0,-1,-1,0.97,resources,5,5,5,-1,-1,-1,-1,-1,-1,-1,-1,0.23,0.32,0.45,-1,-1,-1,-1,-1,-1,-1,-1,15,10,5,-1,-1,-1,-1,-1,-1,-1,-1,0.03,resources,2,2,-1,-1,0.66,0.34,-1,-1,1,2,-1,-1,0,none,-1,-1,-1,-1,-1,-1,-1,-1,-1,-1,-1,-1
15,41,wish,!!FOOD_GARLICBREAD,1,base,0,-1,-1,0.97,resources,5,5,5,-1,-1,-1,-1,-1,-1,-1,-1,0.23,0.32,0.45,-1,-1,-1,-1,-1,-1,-1,-1,15,10,5,-1,-1,-1,-1,-1,-1,-1,-1,0.03,resources,2,2,-1,-1,0.66,0.34,-1,-1,1,2,-1,-1,0,none,-1,-1,-1,-1,-1,-1,-1,-1,-1,-1,-1,-1
16,46,wish,!!FOOD_SALAD,1,base,0,-1,-1,0.97,resources,5,5,5,-1,-1,-1,-1,-1,-1,-1,-1,0.23,0.32,0.45,-1,-1,-1,-1,-1,-1,-1,-1,15,10,5,-1,-1,-1,-1,-1,-1,-1,-1,0.03,resources,2,2,-1,-1,0.66,0.34,-1,-1,1,2,-1,-1,0,none,-1,-1,-1,-1,-1,-1,-1,-1,-1,-1,-1,-1
17,92,wish,!!FOOD_TOAST,1,base,0,-1,-1,0.97,resources,5,5,5,-1,-1,-1,-1,-1,-1,-1,-1,0.23,0.32,0.45,-1,-1,-1,-1,-1,-1,-1,-1,15,10,5,-1,-1,-1,-1,-1,-1,-1,-1,0.03,resources,2,2,-1,-1,0.66,0.34,-1,-1,1,2,-1,-1,0,none,-1,-1,-1,-1,-1,-1,-1,-1,-1,-1,-1,-1
18,95,wish,!!FOOD_CUBEDKETCHUPKABOBS,1,base,0,-1,-1,0.97,resources,5,5,5,-1,-1,-1,-1,-1,-1,-1,-1,0.23,0.32,0.45,-1,-1,-1,-1,-1,-1,-1,-1,15,10,5,-1,-1,-1,-1,-1,-1,-1,-1,0.03,resources,2,2,-1,-1,0.66,0.34,-1,-1,1,2,-1,-1,0,none,-1,-1,-1,-1,-1,-1,-1,-1,-1,-1,-1,-1
19,97,wish,!!FOOD_PICODEGALLO,1,base,0,-1,-1,0.97,resources,5,5,5,-1,-1,-1,-1,-1,-1,-1,-1,0.23,0.32,0.45,-1,-1,-1,-1,-1,-1,-1,-1,15,10,5,-1,-1,-1,-1,-1,-1,-1,-1,0.03,resources,2,2,-1,-1,0.66,0.34,-1,-1,1,2,-1,-1,0,none,-1,-1,-1,-1,-1,-1,-1,-1,-1,-1,-1,-1
20,99,wish,!!FOOD_PIPSQUEAKPATTY,1,base,0,-1,-1,0.97,resources,5,5,5,-1,-1,-1,-1,-1,-1,-1,-1,0.23,0.32,0.45,-1,-1,-1,-1,-1,-1,-1,-1,15,10,5,-1,-1,-1,-1,-1,-1,-1,-1,0.03,resources,2,2,-1,-1,0.66,0.34,-1,-1,1,2,-1,-1,0,none,-1,-1,-1,-1,-1,-1,-1,-1,-1,-1,-1,-1
21,10000,wish,!!FOOD_BANANA,1,base,0,-1,-1,0.97,resources,5,5,5,-1,-1,-1,-1,-1,-1,-1,-1,0.23,0.32,0.45,-1,-1,-1,-1,-1,-1,-1,-1,15,10,5,-1,-1,-1,-1,-1,-1,-1,-1,0.03,resources,2,2,-1,-1,0.66,0.34,-1,-1,1,2,-1,-1,0,none,-1,-1,-1,-1,-1,-1,-1,-1,-1,-1,-1,-1
22,10001,wish,!!FOOD_APPLE,1,base,0,-1,-1,0.97,resources,5,5,5,-1,-1,-1,-1,-1,-1,-1,-1,0.23,0.32,0.45,-1,-1,-1,-1,-1,-1,-1,-1,15,10,5,-1,-1,-1,-1,-1,-1,-1,-1,0.03,resources,2,2,-1,-1,0.66,0.34,-1,-1,1,2,-1,-1,0,none,-1,-1,-1,-1,-1,-1,-1,-1,-1,-1,-1,-1
23,10006,wish,!!FOOD_ORANGE,1,base,0,-1,-1,0.97,resources,5,5,5,-1,-1,-1,-1,-1,-1,-1,-1,0.23,0.32,0.45,-1,-1,-1,-1,-1,-1,-1,-1,15,10,5,-1,-1,-1,-1,-1,-1,-1,-1,0.03,resources,2,2,-1,-1,0.66,0.34,-1,-1,1,2,-1,-1,0,none,-1,-1,-1,-1,-1,-1,-1,-1,-1,-1,-1,-1
24,10007,wish,!!FOOD_PEACH,1,base,0,-1,-1,0.97,resources,5,5,5,-1,-1,-1,-1,-1,-1,-1,-1,0.23,0.32,0.45,-1,-1,-1,-1,-1,-1,-1,-1,15,10,5,-1,-1,-1,-1,-1,-1,-1,-1,0.03,resources,2,2,-1,-1,0.66,0.34,-1,-1,1,2,-1,-1,0,none,-1,-1,-1,-1,-1,-1,-1,-1,-1,-1,-1,-1
25,20000,wish,!!JUICE_APPLE,1,base,0,-1,-1,0.97,resources,5,5,5,-1,-1,-1,-1,-1,-1,-1,-1,0.23,0.32,0.45,-1,-1,-1,-1,-1,-1,-1,-1,15,10,5,-1,-1,-1,-1,-1,-1,-1,-1,0.03,resources,2,2,-1,-1,0.66,0.34,-1,-1,1,2,-1,-1,0,none,-1,-1,-1,-1,-1,-1,-1,-1,-1,-1,-1,-1
26,20001,wish,!!JUICE_LEMONADE,1,base,0,-1,-1,0.97,resources,5,5,5,-1,-1,-1,-1,-1,-1,-1,-1,0.23,0.32,0.45,-1,-1,-1,-1,-1,-1,-1,-1,15,10,5,-1,-1,-1,-1,-1,-1,-1,-1,0.03,resources,2,2,-1,-1,0.66,0.34,-1,-1,1,2,-1,-1,0,none,-1,-1,-1,-1,-1,-1,-1,-1,-1,-1,-1,-1
27,20002,wish,!!JUICE_LIMEADE,1,base,0,-1,-1,0.97,resources,5,5,5,-1,-1,-1,-1,-1,-1,-1,-1,0.23,0.32,0.45,-1,-1,-1,-1,-1,-1,-1,-1,15,10,5,-1,-1,-1,-1,-1,-1,-1,-1,0.03,resources,2,2,-1,-1,0.66,0.34,-1,-1,1,2,-1,-1,0,none,-1,-1,-1,-1,-1,-1,-1,-1,-1,-1,-1,-1
28,20003,wish,!!JUICE_ORANGE,1,base,0,-1,-1,0.97,resources,5,5,5,-1,-1,-1,-1,-1,-1,-1,-1,0.23,0.32,0.45,-1,-1,-1,-1,-1,-1,-1,-1,15,10,5,-1,-1,-1,-1,-1,-1,-1,-1,0.03,resources,2,2,-1,-1,0.66,0.34,-1,-1,1,2,-1,-1,0,none,-1,-1,-1,-1,-1,-1,-1,-1,-1,-1,-1,-1
29,20004,wish,!!JUICE_PEACHNECTAR,1,base,0,-1,-1,0.97,resources,5,5,5,-1,-1,-1,-1,-1,-1,-1,-1,0.23,0.32,0.45,-1,-1,-1,-1,-1,-1,-1,-1,15,10,5,-1,-1,-1,-1,-1,-1,-1,-1,0.03,resources,2,2,-1,-1,0.66,0.34,-1,-1,1,2,-1,-1,0,none,-1,-1,-1,-1,-1,-1,-1,-1,-1,-1,-1,-1
30,30000,wish,!!SMOOTHIE_BANANA_BREAKER,1,base,0,-1,-1,0.97,resources,5,5,5,-1,-1,-1,-1,-1,-1,-1,-1,0.23,0.32,0.45,-1,-1,-1,-1,-1,-1,-1,-1,15,10,5,-1,-1,-1,-1,-1,-1,-1,-1,0.03,resources,2,2,-1,-1,0.66,0.34,-1,-1,1,2,-1,-1,0,none,-1,-1,-1,-1,-1,-1,-1,-1,-1,-1,-1,-1
31,30001,wish,!!SMOOTHIE_BERRY_BLAST,1,base,0,-1,-1,0.97,resources,5,5,5,-1,-1,-1,-1,-1,-1,-1,-1,0.23,0.32,0.45,-1,-1,-1,-1,-1,-1,-1,-1,15,10,5,-1,-1,-1,-1,-1,-1,-1,-1,0.03,resources,2,2,-1,-1,0.66,0.34,-1,-1,1,2,-1,-1,0,none,-1,-1,-1,-1,-1,-1,-1,-1,-1,-1,-1,-1
32,30002,wish,!!SMOOTHIE_CHERRY_SLURVEY,1,base,0,-1,-1,0.97,resources,5,5,5,-1,-1,-1,-1,-1,-1,-1,-1,0.23,0.32,0.45,-1,-1,-1,-1,-1,-1,-1,-1,15,10,5,-1,-1,-1,-1,-1,-1,-1,-1,0.03,resources,2,2,-1,-1,0.66,0.34,-1,-1,1,2,-1,-1,0,none,-1,-1,-1,-1,-1,-1,-1,-1,-1,-1,-1,-1
33,30003,wish,!!SMOOTHIE_CHERRYADE_CHILLER,1,base,0,-1,-1,0.97,resources,5,5,5,-1,-1,-1,-1,-1,-1,-1,-1,0.23,0.32,0.45,-1,-1,-1,-1,-1,-1,-1,-1,15,10,5,-1,-1,-1,-1,-1,-1,-1,-1,0.03,resources,2,2,-1,-1,0.66,0.34,-1,-1,1,2,-1,-1,0,none,-1,-1,-1,-1,-1,-1,-1,-1,-1,-1,-1,-1
34,30004,wish,!!SMOOTHIE_CITRUS_SLURVEY,1,base,0,-1,-1,0.97,resources,5,5,5,-1,-1,-1,-1,-1,-1,-1,-1,0.23,0.32,0.45,-1,-1,-1,-1,-1,-1,-1,-1,15,10,5,-1,-1,-1,-1,-1,-1,-1,-1,0.03,resources,2,2,-1,-1,0.66,0.34,-1,-1,1,2,-1,-1,0,none,-1,-1,-1,-1,-1,-1,-1,-1,-1,-1,-1,-1
35,30005,wish,!!SMOOTHIE_HANG_8,1,base,0,-1,-1,0.97,resources,5,5,5,-1,-1,-1,-1,-1,-1,-1,-1,0.23,0.32,0.45,-1,-1,-1,-1,-1,-1,-1,-1,15,10,5,-1,-1,-1,-1,-1,-1,-1,-1,0.03,resources,2,2,-1,-1,0.66,0.34,-1,-1,1,2,-1,-1,0,none,-1,-1,-1,-1,-1,-1,-1,-1,-1,-1,-1,-1
36,30006,wish,!!SMOOTHIE_LIQUID_COBBLER,1,base,0,-1,-1,0.97,resources,5,5,5,-1,-1,-1,-1,-1,-1,-1,-1,0.23,0.32,0.45,-1,-1,-1,-1,-1,-1,-1,-1,15,10,5,-1,-1,-1,-1,-1,-1,-1,-1,0.03,resources,2,2,-1,-1,0.66,0.34,-1,-1,1,2,-1,-1,0,none,-1,-1,-1,-1,-1,-1,-1,-1,-1,-1,-1,-1
37,30007,wish,!!SMOOTHIE_NANNAS_C_SERENADE,1,base,0,-1,-1,0.97,resources,5,5,5,-1,-1,-1,-1,-1,-1,-1,-1,0.23,0.32,0.45,-1,-1,-1,-1,-1,-1,-1,-1,15,10,5,-1,-1,-1,-1,-1,-1,-1,-1,0.03,resources,2,2,-1,-1,0.66,0.34,-1,-1,1,2,-1,-1,0,none,-1,-1,-1,-1,-1,-1,-1,-1,-1,-1,-1,-1
38,30008,wish,!!SMOOTHIE_ORANGE_NUT,1,base,0,-1,-1,0.97,resources,5,5,5,-1,-1,-1,-1,-1,-1,-1,-1,0.23,0.32,0.45,-1,-1,-1,-1,-1,-1,-1,-1,15,10,5,-1,-1,-1,-1,-1,-1,-1,-1,0.03,resources,2,2,-1,-1,0.66,0.34,-1,-1,1,2,-1,-1,0,none,-1,-1,-1,-1,-1,-1,-1,-1,-1,-1,-1,-1
39,30009,wish,!!SMOOTHIE_STRAWBERRY_SQUEEZE,1,base,0,-1,-1,0.97,resources,5,5,5,-1,-1,-1,-1,-1,-1,-1,-1,0.23,0.32,0.45,-1,-1,-1,-1,-1,-1,-1,-1,15,10,5,-1,-1,-1,-1,-1,-1,-1,-1,0.03,resources,2,2,-1,-1,0.66,0.34,-1,-1,1,2,-1,-1,0,none,-1,-1,-1,-1,-1,-1,-1,-1,-1,-1,-1,-1
40,30010,wish,!!SMOOTHIE_STRAWNANA_TSUNAMI,1,base,0,-1,-1,0.97,resources,5,5,5,-1,-1,-1,-1,-1,-1,-1,-1,0.23,0.32,0.45,-1,-1,-1,-1,-1,-1,-1,-1,15,10,5,-1,-1,-1,-1,-1,-1,-1,-1,0.03,resources,2,2,-1,-1,0.66,0.34,-1,-1,1,2,-1,-1,0,none,-1,-1,-1,-1,-1,-1,-1,-1,-1,-1,-1,-1
41,30011,wish,!!SMOOTHIE_WANNANANA,1,base,0,-1,-1,0.97,resources,5,5,5,-1,-1,-1,-1,-1,-1,-1,-1,0.23,0.32,0.45,-1,-1,-1,-1,-1,-1,-1,-1,15,10,5,-1,-1,-1,-1,-1,-1,-1,-1,0.03,resources,2,2,-1,-1,0.66,0.34,-1,-1,1,2,-1,-1,0,none,-1,-1,-1,-1,-1,-1,-1,-1,-1,-1,-1,-1
42,40000,wish,!!ICECREAM_BANANA,1,base,0,-1,-1,0.97,resources,5,5,5,-1,-1,-1,-1,-1,-1,-1,-1,0.23,0.32,0.45,-1,-1,-1,-1,-1,-1,-1,-1,15,10,5,-1,-1,-1,-1,-1,-1,-1,-1,0.03,resources,2,2,-1,-1,0.66,0.34,-1,-1,1,2,-1,-1,0,none,-1,-1,-1,-1,-1,-1,-1,-1,-1,-1,-1,-1
43,40001,wish,!!ICECREAM_BANANA_SPLIT,1,base,0,-1,-1,0.97,resources,5,5,5,-1,-1,-1,-1,-1,-1,-1,-1,0.23,0.32,0.45,-1,-1,-1,-1,-1,-1,-1,-1,15,10,5,-1,-1,-1,-1,-1,-1,-1,-1,0.03,resources,2,2,-1,-1,0.66,0.34,-1,-1,1,2,-1,-1,0,none,-1,-1,-1,-1,-1,-1,-1,-1,-1,-1,-1,-1
44,40002,wish,!!ICECREAM_BERRY_SCOOPS,1,base,0,-1,-1,0.97,resources,5,5,5,-1,-1,-1,-1,-1,-1,-1,-1,0.23,0.32,0.45,-1,-1,-1,-1,-1,-1,-1,-1,15,10,5,-1,-1,-1,-1,-1,-1,-1,-1,0.03,resources,2,2,-1,-1,0.66,0.34,-1,-1,1,2,-1,-1,0,none,-1,-1,-1,-1,-1,-1,-1,-1,-1,-1,-1,-1
45,40003,wish,!!ICECREAM_CARAMEL,1,base,0,-1,-1,0.97,resources,5,5,5,-1,-1,-1,-1,-1,-1,-1,-1,0.23,0.32,0.45,-1,-1,-1,-1,-1,-1,-1,-1,15,10,5,-1,-1,-1,-1,-1,-1,-1,-1,0.03,resources,2,2,-1,-1,0.66,0.34,-1,-1,1,2,-1,-1,0,none,-1,-1,-1,-1,-1,-1,-1,-1,-1,-1,-1,-1
46,40004,wish,!!ICECREAM_CORAL_BITS,1,base,0,-1,-1,0.97,resources,5,5,5,-1,-1,-1,-1,-1,-1,-1,-1,0.23,0.32,0.45,-1,-1,-1,-1,-1,-1,-1,-1,15,10,5,-1,-1,-1,-1,-1,-1,-1,-1,0.03,resources,2,2,-1,-1,0.66,0.34,-1,-1,1,2,-1,-1,0,none,-1,-1,-1,-1,-1,-1,-1,-1,-1,-1,-1,-1
47,40005,wish,!!ICECREAM_LEMON_GELATO,1,base,0,-1,-1,0.97,resources,5,5,5,-1,-1,-1,-1,-1,-1,-1,-1,0.23,0.32,0.45,-1,-1,-1,-1,-1,-1,-1,-1,15,10,5,-1,-1,-1,-1,-1,-1,-1,-1,0.03,resources,2,2,-1,-1,0.66,0.34,-1,-1,1,2,-1,-1,0,none,-1,-1,-1,-1,-1,-1,-1,-1,-1,-1,-1,-1
48,40006,wish,!!ICECREAM_SEASALT,1,base,0,-1,-1,0.97,resources,5,5,5,-1,-1,-1,-1,-1,-1,-1,-1,0.23,0.32,0.45,-1,-1,-1,-1,-1,-1,-1,-1,15,10,5,-1,-1,-1,-1,-1,-1,-1,-1,0.03,resources,2,2,-1,-1,0.66,0.34,-1,-1,1,2,-1,-1,0,none,-1,-1,-1,-1,-1,-1,-1,-1,-1,-1,-1,-1
49,40007,wish,!!ICECREAM_STRAWBERRY,1,base,0,-1,-1,0.97,resources,5,5,5,-1,-1,-1,-1,-1,-1,-1,-1,0.23,0.32,0.45,-1,-1,-1,-1,-1,-1,-1,-1,15,10,5,-1,-1,-1,-1,-1,-1,-1,-1,0.03,resources,2,2,-1,-1,0.66,0.34,-1,-1,1,2,-1,-1,0,none,-1,-1,-1,-1,-1,-1,-1,-1,-1,-1,-1,-1
50,40008,wish,!!ICECREAM_VANILLA,1,base,0,-1,-1,0.97,resources,5,5,5,-1,-1,-1,-1,-1,-1,-1,-1,0.23,0.32,0.45,-1,-1,-1,-1,-1,-1,-1,-1,15,10,5,-1,-1,-1,-1,-1,-1,-1,-1,0.03,resources,2,2,-1,-1,0.66,0.34,-1,-1,1,2,-1,-1,0,none,-1,-1,-1,-1,-1,-1,-1,-1,-1,-1,-1,-1
51,50000,wish,!!SHAKE_BANANAS_N_BITS,1,base,0,-1,-1,0.97,resources,5,5,5,-1,-1,-1,-1,-1,-1,-1,-1,0.23,0.32,0.45,-1,-1,-1,-1,-1,-1,-1,-1,15,10,5,-1,-1,-1,-1,-1,-1,-1,-1,0.03,resources,2,2,-1,-1,0.66,0.34,-1,-1,1,2,-1,-1,0,none,-1,-1,-1,-1,-1,-1,-1,-1,-1,-1,-1,-1
52,50001,wish,!!SHAKE_BERRY_BLISS,1,base,0,-1,-1,0.97,resources,5,5,5,-1,-1,-1,-1,-1,-1,-1,-1,0.23,0.32,0.45,-1,-1,-1,-1,-1,-1,-1,-1,15,10,5,-1,-1,-1,-1,-1,-1,-1,-1,0.03,resources,2,2,-1,-1,0.66,0.34,-1,-1,1,2,-1,-1,0,none,-1,-1,-1,-1,-1,-1,-1,-1,-1,-1,-1,-1
53,50002,wish,!!SHAKE_CORAL_CRUSH,1,base,0,-1,-1,0.97,resources,5,5,5,-1,-1,-1,-1,-1,-1,-1,-1,0.23,0.32,0.45,-1,-1,-1,-1,-1,-1,-1,-1,15,10,5,-1,-1,-1,-1,-1,-1,-1,-1,0.03,resources,2,2,-1,-1,0.66,0.34,-1,-1,1,2,-1,-1,0,none,-1,-1,-1,-1,-1,-1,-1,-1,-1,-1,-1,-1
54,50003,wish,!!SHAKE_FRUTIY_BREEZE,1,base,0,-1,-1,0.97,resources,5,5,5,-1,-1,-1,-1,-1,-1,-1,-1,0.23,0.32,0.45,-1,-1,-1,-1,-1,-1,-1,-1,15,10,5,-1,-1,-1,-1,-1,-1,-1,-1,0.03,resources,2,2,-1,-1,0.66,0.34,-1,-1,1,2,-1,-1,0,none,-1,-1,-1,-1,-1,-1,-1,-1,-1,-1,-1,-1
55,50004,wish,!!SHAKE_SALTY_BANANA,1,base,0,-1,-1,0.97,resources,5,5,5,-1,-1,-1,-1,-1,-1,-1,-1,0.23,0.32,0.45,-1,-1,-1,-1,-1,-1,-1,-1,15,10,5,-1,-1,-1,-1,-1,-1,-1,-1,0.03,resources,2,2,-1,-1,0.66,0.34,-1,-1,1,2,-1,-1,0,none,-1,-1,-1,-1,-1,-1,-1,-1,-1,-1,-1,-1
56,50005,wish,!!SHAKE_STRAWBERRY_RIPTIDE,1,base,0,-1,-1,0.97,resources,5,5,5,-1,-1,-1,-1,-1,-1,-1,-1,0.23,0.32,0.45,-1,-1,-1,-1,-1,-1,-1,-1,15,10,5,-1,-1,-1,-1,-1,-1,-1,-1,0.03,resources,2,2,-1,-1,0.66,0.34,-1,-1,1,2,-1,-1,0,none,-1,-1,-1,-1,-1,-1,-1,-1,-1,-1,-1,-1
57,50006,wish,!!SHAKE_TARTBERRY_TWIST,1,base,0,-1,-1,0.97,resources,5,5,5,-1,-1,-1,-1,-1,-1,-1,-1,0.23,0.32,0.45,-1,-1,-1,-1,-1,-1,-1,-1,15,10,5,-1,-1,-1,-1,-1,-1,-1,-1,0.03,resources,2,2,-1,-1,0.66,0.34,-1,-1,1,2,-1,-1,0,none,-1,-1,-1,-1,-1,-1,-1,-1,-1,-1,-1,-1
58,50007,wish,!!SHAKE_VANILLA_BLAST,1,base,0,-1,-1,0.97,resources,5,5,5,-1,-1,-1,-1,-1,-1,-1,-1,0.23,0.32,0.45,-1,-1,-1,-1,-1,-1,-1,-1,15,10,5,-1,-1,-1,-1,-1,-1,-1,-1,0.03,resources,2,2,-1,-1,0.66,0.34,-1,-1,1,2,-1,-1,0,none,-1,-1,-1,-1,-1,-1,-1,-1,-1,-1,-1,-1
59,60000,wish,!!FLOWERCORAL_BRANCHCORAL,1,base,0,-1,-1,0.97,resources,5,5,5,-1,-1,-1,-1,-1,-1,-1,-1,0.23,0.32,0.45,-1,-1,-1,-1,-1,-1,-1,-1,15,10,5,-1,-1,-1,-1,-1,-1,-1,-1,0.03,resources,2,2,-1,-1,0.66,0.34,-1,-1,1,2,-1,-1,0,none,-1,-1,-1,-1,-1,-1,-1,-1,-1,-1,-1,-1
60,60001,wish,!!FLOWERCORAL_CUPCORAL,1,base,0,-1,-1,0.97,resources,5,5,5,-1,-1,-1,-1,-1,-1,-1,-1,0.23,0.32,0.45,-1,-1,-1,-1,-1,-1,-1,-1,15,10,5,-1,-1,-1,-1,-1,-1,-1,-1,0.03,resources,2,2,-1,-1,0.66,0.34,-1,-1,1,2,-1,-1,0,none,-1,-1,-1,-1,-1,-1,-1,-1,-1,-1,-1,-1
61,60002,wish,!!FLOWERCORAL_FLOWER,1,base,0,-1,-1,0.97,resources,5,5,5,-1,-1,-1,-1,-1,-1,-1,-1,0.23,0.32,0.45,-1,-1,-1,-1,-1,-1,-1,-1,15,10,5,-1,-1,-1,-1,-1,-1,-1,-1,0.03,resources,2,2,-1,-1,0.66,0.34,-1,-1,1,2,-1,-1,0,none,-1,-1,-1,-1,-1,-1,-1,-1,-1,-1,-1,-1
62,60003,wish,!!FLOWERCORAL_STINKYSEAROSE,1,base,0,-1,-1,0.97,resources,5,5,5,-1,-1,-1,-1,-1,-1,-1,-1,0.23,0.32,0.45,-1,-1,-1,-1,-1,-1,-1,-1,15,10,5,-1,-1,-1,-1,-1,-1,-1,-1,0.03,resources,2,2,-1,-1,0.66,0.34,-1,-1,1,2,-1,-1,0,none,-1,-1,-1,-1,-1,-1,-1,-1,-1,-1,-1,-1
63,60004,wish,!!FLOWERCORAL_TUBECORAL,1,base,0,-1,-1,0.97,resources,5,5,5,-1,-1,-1,-1,-1,-1,-1,-1,0.23,0.32,0.45,-1,-1,-1,-1,-1,-1,-1,-1,15,10,5,-1,-1,-1,-1,-1,-1,-1,-1,0.03,resources,2,2,-1,-1,0.66,0.34,-1,-1,1,2,-1,-1,0,none,-1,-1,-1,-1,-1,-1,-1,-1,-1,-1,-1,-1
64,60014,wish,!!BOUQUET_FLOWERCORAL_FRIENDLYFLOWER,1,base,0,-1,-1,0.97,resources,5,5,5,-1,-1,-1,-1,-1,-1,-1,-1,0.23,0.32,0.45,-1,-1,-1,-1,-1,-1,-1,-1,15,10,5,-1,-1,-1,-1,-1,-1,-1,-1,0.03,resources,2,2,-1,-1,0.66,0.34,-1,-1,1,2,-1,-1,0,none,-1,-1,-1,-1,-1,-1,-1,-1,-1,-1,-1,-1
65,60015,wish,!!BOUQUET_FLOWERCORAL_CUPN2FLOWERS,1,base,0,-1,-1,0.97,resources,5,5,5,-1,-1,-1,-1,-1,-1,-1,-1,0.23,0.32,0.45,-1,-1,-1,-1,-1,-1,-1,-1,15,10,5,-1,-1,-1,-1,-1,-1,-1,-1,0.03,resources,2,2,-1,-1,0.66,0.34,-1,-1,1,2,-1,-1,0,none,-1,-1,-1,-1,-1,-1,-1,-1,-1,-1,-1,-1
66,60016,wish,!!BOUQUET_FLOWERCORAL_BUNCHOBRANCHES,1,base,0,-1,-1,0.97,resources,5,5,5,-1,-1,-1,-1,-1,-1,-1,-1,0.23,0.32,0.45,-1,-1,-1,-1,-1,-1,-1,-1,15,10,5,-1,-1,-1,-1,-1,-1,-1,-1,0.03,resources,2,2,-1,-1,0.66,0.34,-1,-1,1,2,-1,-1,0,none,-1,-1,-1,-1,-1,-1,-1,-1,-1,-1,-1,-1
67,60017,wish,!!BOUQUET_FLOWERCORAL_CUPCORALTREE,1,base,0,-1,-1,0.97,resources,5,5,5,-1,-1,-1,-1,-1,-1,-1,-1,0.23,0.32,0.45,-1,-1,-1,-1,-1,-1,-1,-1,15,10,5,-1,-1,-1,-1,-1,-1,-1,-1,0.03,resources,2,2,-1,-1,0.66,0.34,-1,-1,1,2,-1,-1,0,none,-1,-1,-1,-1,-1,-1,-1,-1,-1,-1,-1,-1
68,60018,wish,!!BOUQUET_FLOWERCORAL_CORALPARADISE,1,base,0,-1,-1,0.97,resources,5,5,5,-1,-1,-1,-1,-1,-1,-1,-1,0.23,0.32,0.45,-1,-1,-1,-1,-1,-1,-1,-1,15,10,5,-1,-1,-1,-1,-1,-1,-1,-1,0.03,resources,2,2,-1,-1,0.66,0.34,-1,-1,1,2,-1,-1,0,none,-1,-1,-1,-1,-1,-1,-1,-1,-1,-1,-1,-1
69,70000,wish,!!PERFUME_4OFCUPS,1,base,0,-1,-1,0.97,resources,5,5,5,-1,-1,-1,-1,-1,-1,-1,-1,0.23,0.32,0.45,-1,-1,-1,-1,-1,-1,-1,-1,15,10,5,-1,-1,-1,-1,-1,-1,-1,-1,0.03,resources,2,2,-1,-1,0.66,0.34,-1,-1,1,2,-1,-1,0,none,-1,-1,-1,-1,-1,-1,-1,-1,-1,-1,-1,-1
70,70001,wish,!!PERFUME_CAPSIZEFORHER,1,base,0,-1,-1,0.97,resources,5,5,5,-1,-1,-1,-1,-1,-1,-1,-1,0.23,0.32,0.45,-1,-1,-1,-1,-1,-1,-1,-1,15,10,5,-1,-1,-1,-1,-1,-1,-1,-1,0.03,resources,2,2,-1,-1,0.66,0.34,-1,-1,1,2,-1,-1,0,none,-1,-1,-1,-1,-1,-1,-1,-1,-1,-1,-1,-1
71,70002,wish,!!PERFUME_CAPSIZEFORHIM,1,base,0,-1,-1,0.97,resources,5,5,5,-1,-1,-1,-1,-1,-1,-1,-1,0.23,0.32,0.45,-1,-1,-1,-1,-1,-1,-1,-1,15,10,5,-1,-1,-1,-1,-1,-1,-1,-1,0.03,resources,2,2,-1,-1,0.66,0.34,-1,-1,1,2,-1,-1,0,none,-1,-1,-1,-1,-1,-1,-1,-1,-1,-1,-1,-1
72,70003,wish,!!PERFUME_CHUMODERANT,1,base,0,-1,-1,0.97,resources,5,5,5,-1,-1,-1,-1,-1,-1,-1,-1,0.23,0.32,0.45,-1,-1,-1,-1,-1,-1,-1,-1,15,10,5,-1,-1,-1,-1,-1,-1,-1,-1,0.03,resources,2,2,-1,-1,0.66,0.34,-1,-1,1,2,-1,-1,0,none,-1,-1,-1,-1,-1,-1,-1,-1,-1,-1,-1,-1
73,70004,wish,!!PERFUME_CHUMSNIFF,1,base,0,-1,-1,0.97,resources,5,5,5,-1,-1,-1,-1,-1,-1,-1,-1,0.23,0.32,0.45,-1,-1,-1,-1,-1,-1,-1,-1,15,10,5,-1,-1,-1,-1,-1,-1,-1,-1,0.03,resources,2,2,-1,-1,0.66,0.34,-1,-1,1,2,-1,-1,0,none,-1,-1,-1,-1,-1,-1,-1,-1,-1,-1,-1,-1
74,70005,wish,!!PERFUME_CORALBREEZE,1,base,0,-1,-1,0.97,resources,5,5,5,-1,-1,-1,-1,-1,-1,-1,-1,0.23,0.32,0.45,-1,-1,-1,-1,-1,-1,-1,-1,15,10,5,-1,-1,-1,-1,-1,-1,-1,-1,0.03,resources,2,2,-1,-1,0.66,0.34,-1,-1,1,2,-1,-1,0,none,-1,-1,-1,-1,-1,-1,-1,-1,-1,-1,-1,-1
75,70006,wish,!!PERFUME_FISHERMANSFLOWERS,1,base,0,-1,-1,0.97,resources,5,5,5,-1,-1,-1,-1,-1,-1,-1,-1,0.23,0.32,0.45,-1,-1,-1,-1,-1,-1,-1,-1,15,10,5,-1,-1,-1,-1,-1,-1,-1,-1,0.03,resources,2,2,-1,-1,0.66,0.34,-1,-1,1,2,-1,-1,0,none,-1,-1,-1,-1,-1,-1,-1,-1,-1,-1,-1,-1
76,70007,wish,!!PERFUME_LAMPREYAWAY,1,base,0,-1,-1,0.97,resources,5,5,5,-1,-1,-1,-1,-1,-1,-1,-1,0.23,0.32,0.45,-1,-1,-1,-1,-1,-1,-1,-1,15,10,5,-1,-1,-1,-1,-1,-1,-1,-1,0.03,resources,2,2,-1,-1,0.66,0.34,-1,-1,1,2,-1,-1,0,none,-1,-1,-1,-1,-1,-1,-1,-1,-1,-1,-1,-1
77,70008,wish,!!PERFUME_SCENTOSAILOR,1,base,0,-1,-1,0.97,resources,5,5,5,-1,-1,-1,-1,-1,-1,-1,-1,0.23,0.32,0.45,-1,-1,-1,-1,-1,-1,-1,-1,15,10,5,-1,-1,-1,-1,-1,-1,-1,-1,0.03,resources,2,2,-1,-1,0.66,0.34,-1,-1,1,2,-1,-1,0,none,-1,-1,-1,-1,-1,-1,-1,-1,-1,-1,-1,-1
78,70009,wish,!!PERFUME_SEASHANTY,1,base,0,-1,-1,0.97,resources,5,5,5,-1,-1,-1,-1,-1,-1,-1,-1,0.23,0.32,0.45,-1,-1,-1,-1,-1,-1,-1,-1,15,10,5,-1,-1,-1,-1,-1,-1,-1,-1,0.03,resources,2,2,-1,-1,0.66,0.34,-1,-1,1,2,-1,-1,0,none,-1,-1,-1,-1,-1,-1,-1,-1,-1,-1,-1,-1
79,70010,wish,!!PERFUME_THATSSOCORAL,1,base,0,-1,-1,0.97,resources,5,5,5,-1,-1,-1,-1,-1,-1,-1,-1,0.23,0.32,0.45,-1,-1,-1,-1,-1,-1,-1,-1,15,10,5,-1,-1,-1,-1,-1,-1,-1,-1,0.03,resources,2,2,-1,-1,0.66,0.34,-1,-1,1,2,-1,-1,0,none,-1,-1,-1,-1,-1,-1,-1,-1,-1,-1,-1,-1
80,70011,wish,!!PERFUME_THEDUMP,1,base,0,-1,-1,0.97,resources,5,5,5,-1,-1,-1,-1,-1,-1,-1,-1,0.23,0.32,0.45,-1,-1,-1,-1,-1,-1,-1,-1,15,10,5,-1,-1,-1,-1,-1,-1,-1,-1,0.03,resources,2,2,-1,-1,0.66,0.34,-1,-1,1,2,-1,-1,0,none,-1,-1,-1,-1,-1,-1,-1,-1,-1,-1,-1,-1
81,80000,wish,!!FOOD_BAKED_BANANABANANABREAD,1,base,0,-1,-1,0.97,resources,5,5,5,-1,-1,-1,-1,-1,-1,-1,-1,0.23,0.32,0.45,-1,-1,-1,-1,-1,-1,-1,-1,15,10,5,-1,-1,-1,-1,-1,-1,-1,-1,0.03,resources,2,2,-1,-1,0.66,0.34,-1,-1,1,2,-1,-1,0,none,-1,-1,-1,-1,-1,-1,-1,-1,-1,-1,-1,-1
82,80001,wish,!!FOOD_BAKED_CHERRIESGARY,1,base,0,-1,-1,0.97,resources,5,5,5,-1,-1,-1,-1,-1,-1,-1,-1,0.23,0.32,0.45,-1,-1,-1,-1,-1,-1,-1,-1,15,10,5,-1,-1,-1,-1,-1,-1,-1,-1,0.03,resources,2,2,-1,-1,0.66,0.34,-1,-1,1,2,-1,-1,0,none,-1,-1,-1,-1,-1,-1,-1,-1,-1,-1,-1,-1
83,80002,wish,!!FOOD_BAKED_COCONUTCOBBLER,1,base,0,-1,-1,0.97,resources,5,5,5,-1,-1,-1,-1,-1,-1,-1,-1,0.23,0.32,0.45,-1,-1,-1,-1,-1,-1,-1,-1,15,10,5,-1,-1,-1,-1,-1,-1,-1,-1,0.03,resources,2,2,-1,-1,0.66,0.34,-1,-1,1,2,-1,-1,0,none,-1,-1,-1,-1,-1,-1,-1,-1,-1,-1,-1,-1
84,80003,wish,!!FOOD_BAKED_CORALCRUMBLE,1,base,0,-1,-1,0.97,resources,5,5,5,-1,-1,-1,-1,-1,-1,-1,-1,0.23,0.32,0.45,-1,-1,-1,-1,-1,-1,-1,-1,15,10,5,-1,-1,-1,-1,-1,-1,-1,-1,0.03,resources,2,2,-1,-1,0.66,0.34,-1,-1,1,2,-1,-1,0,none,-1,-1,-1,-1,-1,-1,-1,-1,-1,-1,-1,-1
85,80004,wish,!!FOOD_BAKED_DUTCHMANSDUTCHAPPLEPIE,1,base,0,-1,-1,0.97,resources,5,5,5,-1,-1,-1,-1,-1,-1,-1,-1,0.23,0.32,0.45,-1,-1,-1,-1,-1,-1,-1,-1,15,10,5,-1,-1,-1,-1,-1,-1,-1,-1,0.03,resources,2,2,-1,-1,0.66,0.34,-1,-1,1,2,-1,-1,0,none,-1,-1,-1,-1,-1,-1,-1,-1,-1,-1,-1,-1
86,80005,wish,!!FOOD_BAKED_EVERYVILLAINISLEMONBAR,1,base,0,-1,-1,0.97,resources,5,5,5,-1,-1,-1,-1,-1,-1,-1,-1,0.23,0.32,0.45,-1,-1,-1,-1,-1,-1,-1,-1,15,10,5,-1,-1,-1,-1,-1,-1,-1,-1,0.03,resources,2,2,-1,-1,0.66,0.34,-1,-1,1,2,-1,-1,0,none,-1,-1,-1,-1,-1,-1,-1,-1,-1,-1,-1,-1
87,80006,wish,!!FOOD_BAKED_FERRYCHERRYCHEESECAKE,1,base,0,-1,-1,0.97,resources,5,5,5,-1,-1,-1,-1,-1,-1,-1,-1,0.23,0.32,0.45,-1,-1,-1,-1,-1,-1,-1,-1,15,10,5,-1,-1,-1,-1,-1,-1,-1,-1,0.03,resources,2,2,-1,-1,0.66,0.34,-1,-1,1,2,-1,-1,0,none,-1,-1,-1,-1,-1,-1,-1,-1,-1,-1,-1,-1
88,80007,wish,!!FOOD_BAKED_KELPYCRUST,1,base,0,-1,-1,0.97,resources,5,5,5,-1,-1,-1,-1,-1,-1,-1,-1,0.23,0.32,0.45,-1,-1,-1,-1,-1,-1,-1,-1,15,10,5,-1,-1,-1,-1,-1,-1,-1,-1,0.03,resources,2,2,-1,-1,0.66,0.34,-1,-1,1,2,-1,-1,0,none,-1,-1,-1,-1,-1,-1,-1,-1,-1,-1,-1,-1
89,80008,wish,!!FOOD_BAKED_LIFESABEACHPEACHCOBBLER,1,base,0,-1,-1,0.97,resources,5,5,5,-1,-1,-1,-1,-1,-1,-1,-1,0.23,0.32,0.45,-1,-1,-1,-1,-1,-1,-1,-1,15,10,5,-1,-1,-1,-1,-1,-1,-1,-1,0.03,resources,2,2,-1,-1,0.66,0.34,-1,-1,1,2,-1,-1,0,none,-1,-1,-1,-1,-1,-1,-1,-1,-1,-1,-1,-1
90,80009,wish,!!FOOD_BAKED_MAROONEDMACAROONS,1,base,0,-1,-1,0.97,resources,5,5,5,-1,-1,-1,-1,-1,-1,-1,-1,0.23,0.32,0.45,-1,-1,-1,-1,-1,-1,-1,-1,15,10,5,-1,-1,-1,-1,-1,-1,-1,-1,0.03,resources,2,2,-1,-1,0.66,0.34,-1,-1,1,2,-1,-1,0,none,-1,-1,-1,-1,-1,-1,-1,-1,-1,-1,-1,-1
91,80010,wish,!!FOOD_BAKED_MERINGUELEMANRAY,1,base,0,-1,-1,0.97,resources,5,5,5,-1,-1,-1,-1,-1,-1,-1,-1,0.23,0.32,0.45,-1,-1,-1,-1,-1,-1,-1,-1,15,10,5,-1,-1,-1,-1,-1,-1,-1,-1,0.03,resources,2,2,-1,-1,0.66,0.34,-1,-1,1,2,-1,-1,0,none,-1,-1,-1,-1,-1,-1,-1,-1,-1,-1,-1,-1
92,80011,wish,!!FOOD_BAKED_PUFFERPASTRYTART,1,base,0,-1,-1,0.97,resources,5,5,5,-1,-1,-1,-1,-1,-1,-1,-1,0.23,0.32,0.45,-1,-1,-1,-1,-1,-1,-1,-1,15,10,5,-1,-1,-1,-1,-1,-1,-1,-1,0.03,resources,2,2,-1,-1,0.66,0.34,-1,-1,1,2,-1,-1,0,none,-1,-1,-1,-1,-1,-1,-1,-1,-1,-1,-1,-1
93,80012,wish,!!FOOD_BAKED_SANDYSTEXASTWOBERRYTART,1,base,0,-1,-1,0.97,resources,5,5,5,-1,-1,-1,-1,-1,-1,-1,-1,0.23,0.32,0.45,-1,-1,-1,-1,-1,-1,-1,-1,15,10,5,-1,-1,-1,-1,-1,-1,-1,-1,0.03,resources,2,2,-1,-1,0.66,0.34,-1,-1,1,2,-1,-1,0,none,-1,-1,-1,-1,-1,-1,-1,-1,-1,-1,-1,-1
94,80013,wish,!!FOOD_BAKED_SEALIMEPIE,1,base,0,-1,-1,0.97,resources,5,5,5,-1,-1,-1,-1,-1,-1,-1,-1,0.23,0.32,0.45,-1,-1,-1,-1,-1,-1,-1,-1,15,10,5,-1,-1,-1,-1,-1,-1,-1,-1,0.03,resources,2,2,-1,-1,0.66,0.34,-1,-1,1,2,-1,-1,0,none,-1,-1,-1,-1,-1,-1,-1,-1,-1,-1,-1,-1
95,80014,wish,!!FOOD_BAKED_SHELDONSSTRAWBERRYSHORTCAKE,1,base,0,-1,-1,0.97,resources,5,5,5,-1,-1,-1,-1,-1,-1,-1,-1,0.23,0.32,0.45,-1,-1,-1,-1,-1,-1,-1,-1,15,10,5,-1,-1,-1,-1,-1,-1,-1,-1,0.03,resources,2,2,-1,-1,0.66,0.34,-1,-1,1,2,-1,-1,0,none,-1,-1,-1,-1,-1,-1,-1,-1,-1,-1,-1,-1
96,80015,wish,!!FOOD_BAKED_SPONGECAKESQUAREBAKE,1,base,0,-1,-1,0.97,resources,5,5,5,-1,-1,-1,-1,-1,-1,-1,-1,0.23,0.32,0.45,-1,-1,-1,-1,-1,-1,-1,-1,15,10,5,-1,-1,-1,-1,-1,-1,-1,-1,0.03,resources,2,2,-1,-1,0.66,0.34,-1,-1,1,2,-1,-1,0,none,-1,-1,-1,-1,-1,-1,-1,-1,-1,-1,-1,-1
97,80016,wish,!!FOOD_BAKED_THEAPPLEFANCYSON,1,base,0,-1,-1,0.97,resources,5,5,5,-1,-1,-1,-1,-1,-1,-1,-1,0.23,0.32,0.45,-1,-1,-1,-1,-1,-1,-1,-1,15,10,5,-1,-1,-1,-1,-1,-1,-1,-1,0.03,resources,2,2,-1,-1,0.66,0.34,-1,-1,1,2,-1,-1,0,none,-1,-1,-1,-1,-1,-1,-1,-1,-1,-1,-1,-1
98,9201,wish,!!FOOD_CHOCOLATES,1,base,0,-1,-1,0.97,resources,5,5,5,-1,-1,-1,-1,-1,-1,-1,-1,0.23,0.32,0.45,-1,-1,-1,-1,-1,-1,-1,-1,15,10,5,-1,-1,-1,-1,-1,-1,-1,-1,0.03,resources,2,2,-1,-1,0.66,0.34,-1,-1,1,2,-1,-1,0,none,-1,-1,-1,-1,-1,-1,-1,-1,-1,-1,-1,-1
99,9202,wish,!!FOOD_POPCORN,1,base,0,-1,-1,0.97,resources,5,5,5,-1,-1,-1,-1,-1,-1,-1,-1,0.23,0.32,0.45,-1,-1,-1,-1,-1,-1,-1,-1,15,10,5,-1,-1,-1,-1,-1,-1,-1,-1,0.03,resources,2,2,-1,-1,0.66,0.34,-1,-1,1,2,-1,-1,0,none,-1,-1,-1,-1,-1,-1,-1,-1,-1,-1,-1,-1
100,9203,wish,!!FOOD_TRUFFLES,1,base,0,-1,-1,0.97,resources,5,5,5,-1,-1,-1,-1,-1,-1,-1,-1,0.23,0.32,0.45,-1,-1,-1,-1,-1,-1,-1,-1,15,10,5,-1,-1,-1,-1,-1,-1,-1,-1,0.03,resources,2,2,-1,-1,0.66,0.34,-1,-1,1,2,-1,-1,0,none,-1,-1,-1,-1,-1,-1,-1,-1,-1,-1,-1,-1
101,9204,wish,!!FOOD_COTTON_CANDY,1,base,0,-1,-1,0.97,resources,5,5,5,-1,-1,-1,-1,-1,-1,-1,-1,0.23,0.32,0.45,-1,-1,-1,-1,-1,-1,-1,-1,15,10,5,-1,-1,-1,-1,-1,-1,-1,-1,0.03,resources,2,2,-1,-1,0.66,0.34,-1,-1,1,2,-1,-1,0,none,-1,-1,-1,-1,-1,-1,-1,-1,-1,-1,-1,-1
102,9205,wish,!!FOOD_CANDY_HEART_ON_STICK,1,base,0,-1,-1,0.97,resources,5,5,5,-1,-1,-1,-1,-1,-1,-1,-1,0.23,0.32,0.45,-1,-1,-1,-1,-1,-1,-1,-1,15,10,5,-1,-1,-1,-1,-1,-1,-1,-1,0.03,resources,2,2,-1,-1,0.66,0.34,-1,-1,1,2,-1,-1,0,none,-1,-1,-1,-1,-1,-1,-1,-1,-1,-1,-1,-1
103,9302,wish,!!FOOD_CANNED_MILK,1,base,0,-1,-1,0.97,resources,5,5,5,-1,-1,-1,-1,-1,-1,-1,-1,0.23,0.32,0.45,-1,-1,-1,-1,-1,-1,-1,-1,15,10,5,-1,-1,-1,-1,-1,-1,-1,-1,0.03,resources,2,2,-1,-1,0.66,0.34,-1,-1,1,2,-1,-1,0,none,-1,-1,-1,-1,-1,-1,-1,-1,-1,-1,-1,-1
104,9303,wish,!!FOOD_CANNED_BREAD,1,base,0,-1,-1,0.97,resources,5,5,5,-1,-1,-1,-1,-1,-1,-1,-1,0.23,0.32,0.45,-1,-1,-1,-1,-1,-1,-1,-1,15,10,5,-1,-1,-1,-1,-1,-1,-1,-1,0.03,resources,2,2,-1,-1,0.66,0.34,-1,-1,1,2,-1,-1,0,none,-1,-1,-1,-1,-1,-1,-1,-1,-1,-1,-1,-1
105,9304,wish,!!FOOD_SQUIDFLAKES,1,base,0,-1,-1,0.97,resources,5,5,5,-1,-1,-1,-1,-1,-1,-1,-1,0.23,0.32,0.45,-1,-1,-1,-1,-1,-1,-1,-1,15,10,5,-1,-1,-1,-1,-1,-1,-1,-1,0.03,resources,2,2,-1,-1,0.66,0.34,-1,-1,1,2,-1,-1,0,none,-1,-1,-1,-1,-1,-1,-1,-1,-1,-1,-1,-1
106,9101,wish,!!FOOD_SNICKERDOODLE,1,base,0,-1,-1,0.97,resources,5,5,5,-1,-1,-1,-1,-1,-1,-1,-1,0.23,0.32,0.45,-1,-1,-1,-1,-1,-1,-1,-1,15,10,5,-1,-1,-1,-1,-1,-1,-1,-1,0.03,resources,2,2,-1,-1,0.66,0.34,-1,-1,1,2,-1,-1,0,none,-1,-1,-1,-1,-1,-1,-1,-1,-1,-1,-1,-1
107,9124,wish,!!FOOD_CANDY_CANE,1,base,0,-1,-1,0.97,resources,5,5,5,-1,-1,-1,-1,-1,-1,-1,-1,0.23,0.32,0.45,-1,-1,-1,-1,-1,-1,-1,-1,15,10,5,-1,-1,-1,-1,-1,-1,-1,-1,0.03,resources,2,2,-1,-1,0.66,0.34,-1,-1,1,2,-1,-1,0,none,-1,-1,-1,-1,-1,-1,-1,-1,-1,-1,-1,-1
108,9103,wish,!!FOOD_PEANUT_BRITTLE,1,base,0,-1,-1,0.97,resources,5,5,5,-1,-1,-1,-1,-1,-1,-1,-1,0.23,0.32,0.45,-1,-1,-1,-1,-1,-1,-1,-1,15,10,5,-1,-1,-1,-1,-1,-1,-1,-1,0.03,resources,2,2,-1,-1,0.66,0.34,-1,-1,1,2,-1,-1,0,none,-1,-1,-1,-1,-1,-1,-1,-1,-1,-1,-1,-1
109,9126,wish,!!FOOD_FUDGE,1,base,0,-1,-1,0.97,resources,5,5,5,-1,-1,-1,-1,-1,-1,-1,-1,0.23,0.32,0.45,-1,-1,-1,-1,-1,-1,-1,-1,15,10,5,-1,-1,-1,-1,-1,-1,-1,-1,0.03,resources,2,2,-1,-1,0.66,0.34,-1,-1,1,2,-1,-1,0,none,-1,-1,-1,-1,-1,-1,-1,-1,-1,-1,-1,-1
110,9125,wish,!!FOOD_ENGLISH_TOFFEE,1,base,0,-1,-1,0.97,resources,5,5,5,-1,-1,-1,-1,-1,-1,-1,-1,0.23,0.32,0.45,-1,-1,-1,-1,-1,-1,-1,-1,15,10,5,-1,-1,-1,-1,-1,-1,-1,-1,0.03,resources,2,2,-1,-1,0.66,0.34,-1,-1,1,2,-1,-1,0,none,-1,-1,-1,-1,-1,-1,-1,-1,-1,-1,-1,-1
111,9104,wish,!!FOOD_BREAD_PUDDING,1,base,0,-1,-1,0.97,resources,5,5,5,-1,-1,-1,-1,-1,-1,-1,-1,0.23,0.32,0.45,-1,-1,-1,-1,-1,-1,-1,-1,15,10,5,-1,-1,-1,-1,-1,-1,-1,-1,0.03,resources,2,2,-1,-1,0.66,0.34,-1,-1,1,2,-1,-1,0,none,-1,-1,-1,-1,-1,-1,-1,-1,-1,-1,-1,-1
112,100,wish,!!FOOD_SAUERKRAUT,1,base,0,-1,-1,0.97,resources,5,5,5,-1,-1,-1,-1,-1,-1,-1,-1,0.23,0.32,0.45,-1,-1,-1,-1,-1,-1,-1,-1,15,10,5,-1,-1,-1,-1,-1,-1,-1,-1,0.03,resources,2,2,-1,-1,0.66,0.34,-1,-1,1,2,-1,-1,0,none,-1,-1,-1,-1,-1,-1,-1,-1,-1,-1,-1,-1
113,9600,wish,!!FOOD_HOT_KABOB_DOG,1,base,0,-1,-1,0.97,resources,5,5,5,-1,-1,-1,-1,-1,-1,-1,-1,0.23,0.32,0.45,-1,-1,-1,-1,-1,-1,-1,-1,15,10,5,-1,-1,-1,-1,-1,-1,-1,-1,0.03,resources,2,2,-1,-1,0.66,0.34,-1,-1,1,2,-1,-1,0,none,-1,-1,-1,-1,-1,-1,-1,-1,-1,-1,-1,-1
114,25,wish,!!FOOD_SAILORS,1,base,0,-1,-1,0.97,resources,5,5,5,-1,-1,-1,-1,-1,-1,-1,-1,0.23,0.32,0.45,-1,-1,-1,-1,-1,-1,-1,-1,15,10,5,-1,-1,-1,-1,-1,-1,-1,-1,0.03,resources,2,2,-1,-1,0.66,0.34,-1,-1,1,2,-1,-1,0,none,-1,-1,-1,-1,-1,-1,-1,-1,-1,-1,-1,-1
115,1,wish,!!FOOD_KRABBYPATTY,2,mrkrabs,1,-1,-1,1,recipes,28,16,32,95,96,30002,50005,80000,-1,-1,-1,0.01,0.03,0.03,0.05,0.05,0.05,0.05,0.05,-1,-1,-1,1,1,1,1,1,1,1,1,-1,-1,-1,0,none,-1,-1,-1,-1,-1,-1,-1,-1,-1,-1,-1,-1,0,none,-1,-1,-1,-1,-1,-1,-1,-1,-1,-1,-1,-1
116,46,wish,!!FOOD_SALAD,2,mrkrabs,1,-1,-1,1,recipes,28,16,32,95,96,30002,50005,80000,-1,-1,-1,0.01,0.03,0.03,0.05,0.05,0.05,0.05,0.05,-1,-1,-1,1,1,1,1,1,1,1,1,-1,-1,-1,0,none,-1,-1,-1,-1,-1,-1,-1,-1,-1,-1,-1,-1,0,none,-1,-1,-1,-1,-1,-1,-1,-1,-1,-1,-1,-1
117,28,wish,!!FOOD_BISQUE,2,mrkrabs,1,-1,-1,1,recipes,28,16,32,95,96,30002,50005,80000,-1,-1,-1,0.01,0.03,0.03,0.05,0.05,0.05,0.05,0.05,-1,-1,-1,1,1,1,1,1,1,1,1,-1,-1,-1,0,none,-1,-1,-1,-1,-1,-1,-1,-1,-1,-1,-1,-1,0,none,-1,-1,-1,-1,-1,-1,-1,-1,-1,-1,-1,-1
118,31,wish,!!FOOD_CAESAR_SALAD,2,mrkrabs,1,-1,-1,1,recipes,28,16,32,95,96,30002,50005,80000,-1,-1,-1,0.01,0.03,0.03,0.05,0.05,0.05,0.05,0.05,-1,-1,-1,1,1,1,1,1,1,1,1,-1,-1,-1,0,none,-1,-1,-1,-1,-1,-1,-1,-1,-1,-1,-1,-1,0,none,-1,-1,-1,-1,-1,-1,-1,-1,-1,-1,-1,-1
119,32,wish,!!FOOD_JELLYPATTY,2,mrkrabs,1,-1,-1,1,recipes,28,16,32,95,96,30002,50005,80000,-1,-1,-1,0.01,0.03,0.03,0.05,0.05,0.05,0.05,0.05,-1,-1,-1,1,1,1,1,1,1,1,1,-1,-1,-1,0,none,-1,-1,-1,-1,-1,-1,-1,-1,-1,-1,-1,-1,0,none,-1,-1,-1,-1,-1,-1,-1,-1,-1,-1,-1,-1
120,96,wish,!!FOOD_JELLIEDTOAST,2,mrkrabs,1,-1,-1,1,recipes,28,16,32,95,96,30002,50005,80000,-1,-1,-1,0.01,0.03,0.03,0.05,0.05,0.05,0.05,0.05,-1,-1,-1,1,1,1,1,1,1,1,1,-1,-1,-1,0,none,-1,-1,-1,-1,-1,-1,-1,-1,-1,-1,-1,-1,0,none,-1,-1,-1,-1,-1,-1,-1,-1,-1,-1,-1,-1
121,80002,wish,!!FOOD_BAKED_COCONUTCOBBLER,2,mrkrabs,1,-1,-1,1,recipes,28,16,32,95,96,30002,50005,80000,-1,-1,-1,0.01,0.03,0.03,0.05,0.05,0.05,0.05,0.05,-1,-1,-1,1,1,1,1,1,1,1,1,-1,-1,-1,0,none,-1,-1,-1,-1,-1,-1,-1,-1,-1,-1,-1,-1,0,none,-1,-1,-1,-1,-1,-1,-1,-1,-1,-1,-1,-1
122,50002,wish,!!SHAKE_CORAL_CRUSH,2,mrkrabs,1,-1,-1,1,recipes,28,16,32,95,96,30002,50005,80000,-1,-1,-1,0.01,0.03,0.03,0.05,0.05,0.05,0.05,0.05,-1,-1,-1,1,1,1,1,1,1,1,1,-1,-1,-1,0,none,-1,-1,-1,-1,-1,-1,-1,-1,-1,-1,-1,-1,0,none,-1,-1,-1,-1,-1,-1,-1,-1,-1,-1,-1,-1
123,30004,wish,!!SMOOTHIE_CITRUS_SLURVEY,2,mrkrabs,1,-1,-1,1,recipes,28,16,32,95,96,30002,50005,80000,-1,-1,-1,0.01,0.03,0.03,0.05,0.05,0.05,0.05,0.05,-1,-1,-1,1,1,1,1,1,1,1,1,-1,-1,-1,0,none,-1,-1,-1,-1,-1,-1,-1,-1,-1,-1,-1,-1,0,none,-1,-1,-1,-1,-1,-1,-1,-1,-1,-1,-1,-1
124,80006,wish,!!FOOD_BAKED_FERRYCHERRYCHEESECAKE,2,mrkrabs,1,-1,-1,1,recipes,28,16,32,95,96,30002,50005,80000,-1,-1,-1,0.01,0.03,0.03,0.05,0.05,0.05,0.05,0.05,-1,-1,-1,1,1,1,1,1,1,1,1,-1,-1,-1,0,none,-1,-1,-1,-1,-1,-1,-1,-1,-1,-1,-1,-1,0,none,-1,-1,-1,-1,-1,-1,-1,-1,-1,-1,-1,-1
125,40007,wish,!!ICECREAM_STRAWBERRY,2,mrkrabs,1,-1,-1,1,recipes,28,16,32,95,96,30002,50005,80000,-1,-1,-1,0.01,0.03,0.03,0.05,0.05,0.05,0.05,0.05,-1,-1,-1,1,1,1,1,1,1,1,1,-1,-1,-1,0,none,-1,-1,-1,-1,-1,-1,-1,-1,-1,-1,-1,-1,0,none,-1,-1,-1,-1,-1,-1,-1,-1,-1,-1,-1,-1
126,20004,wish,!!JUICE_PEACHNECTAR,2,mrkrabs,1,-1,-1,1,recipes,28,16,32,95,96,30002,50005,80000,-1,-1,-1,0.01,0.03,0.03,0.05,0.05,0.05,0.05,0.05,-1,-1,-1,1,1,1,1,1,1,1,1,-1,-1,-1,0,none,-1,-1,-1,-1,-1,-1,-1,-1,-1,-1,-1,-1,0,none,-1,-1,-1,-1,-1,-1,-1,-1,-1,-1,-1,-1
127,1,wish,!!FOOD_KRABBYPATTY,3,spongebob,1,-1,-1,1,recipes,23,80015,10008,95,30002,70000,50005,80000,-1,-1,-1,0.01,0.03,0.03,0.05,0.05,0.05,0.05,0.05,-1,-1,-1,1,1,1,1,1,1,1,1,-1,-1,-1,0,none,-1,-1,-1,-1,-1,-1,-1,-1,-1,-1,-1,-1,0,none,-1,-1,-1,-1,-1,-1,-1,-1,-1,-1,-1,-1
128,46,wish,!!FOOD_SALAD,3,spongebob,1,-1,-1,1,recipes,23,80015,10008,95,30002,70000,50005,80000,-1,-1,-1,0.01,0.03,0.03,0.05,0.05,0.05,0.05,0.05,-1,-1,-1,1,1,1,1,1,1,1,1,-1,-1,-1,0,none,-1,-1,-1,-1,-1,-1,-1,-1,-1,-1,-1,-1,0,none,-1,-1,-1,-1,-1,-1,-1,-1,-1,-1,-1,-1
129,95,wish,!!FOOD_CUBEDKETCHUPKABOBS,3,spongebob,1,-1,-1,1,recipes,23,80015,10008,95,30002,70000,50005,80000,-1,-1,-1,0.01,0.03,0.03,0.05,0.05,0.05,0.05,0.05,-1,-1,-1,1,1,1,1,1,1,1,1,-1,-1,-1,0,none,-1,-1,-1,-1,-1,-1,-1,-1,-1,-1,-1,-1,0,none,-1,-1,-1,-1,-1,-1,-1,-1,-1,-1,-1,-1
130,20003,wish,!!JUICE_ORANGE,3,spongebob,1,-1,-1,1,recipes,23,80015,10008,95,30002,70000,50005,80000,-1,-1,-1,0.01,0.03,0.03,0.05,0.05,0.05,0.05,0.05,-1,-1,-1,1,1,1,1,1,1,1,1,-1,-1,-1,0,none,-1,-1,-1,-1,-1,-1,-1,-1,-1,-1,-1,-1,0,none,-1,-1,-1,-1,-1,-1,-1,-1,-1,-1,-1,-1
131,30011,wish,!!SMOOTHIE_WANNANANA,3,spongebob,1,-1,-1,1,recipes,23,80015,10008,95,30002,70000,50005,80000,-1,-1,-1,0.01,0.03,0.03,0.05,0.05,0.05,0.05,0.05,-1,-1,-1,1,1,1,1,1,1,1,1,-1,-1,-1,0,none,-1,-1,-1,-1,-1,-1,-1,-1,-1,-1,-1,-1,0,none,-1,-1,-1,-1,-1,-1,-1,-1,-1,-1,-1,-1
132,40006,wish,!!ICECREAM_SEASALT,3,spongebob,1,-1,-1,1,recipes,23,80015,10008,95,30002,70000,50005,80000,-1,-1,-1,0.01,0.03,0.03,0.05,0.05,0.05,0.05,0.05,-1,-1,-1,1,1,1,1,1,1,1,1,-1,-1,-1,0,none,-1,-1,-1,-1,-1,-1,-1,-1,-1,-1,-1,-1,0,none,-1,-1,-1,-1,-1,-1,-1,-1,-1,-1,-1,-1
133,50004,wish,!!SHAKE_SALTY_BANANA,3,spongebob,1,-1,-1,1,recipes,23,80015,10008,95,30002,70000,50005,80000,-1,-1,-1,0.01,0.03,0.03,0.05,0.05,0.05,0.05,0.05,-1,-1,-1,1,1,1,1,1,1,1,1,-1,-1,-1,0,none,-1,-1,-1,-1,-1,-1,-1,-1,-1,-1,-1,-1,0,none,-1,-1,-1,-1,-1,-1,-1,-1,-1,-1,-1,-1
134,60014,wish,!!BOUQUET_FLOWERCORAL_FRIENDLYFLOWER,3,spongebob,1,-1,-1,1,recipes,23,80015,10008,95,30002,70000,50005,80000,-1,-1,-1,0.01,0.03,0.03,0.05,0.05,0.05,0.05,0.05,-1,-1,-1,1,1,1,1,1,1,1,1,-1,-1,-1,0,none,-1,-1,-1,-1,-1,-1,-1,-1,-1,-1,-1,-1,0,none,-1,-1,-1,-1,-1,-1,-1,-1,-1,-1,-1,-1
135,70002,wish,!!PERFUME_CAPSIZEFORHIM,3,spongebob,1,-1,-1,1,recipes,23,80015,10008,95,30002,70000,50005,80000,-1,-1,-1,0.01,0.03,0.03,0.05,0.05,0.05,0.05,0.05,-1,-1,-1,1,1,1,1,1,1,1,1,-1,-1,-1,0,none,-1,-1,-1,-1,-1,-1,-1,-1,-1,-1,-1,-1,0,none,-1,-1,-1,-1,-1,-1,-1,-1,-1,-1,-1,-1
136,80000,wish,!!FOOD_BAKED_BANANABANANABREAD,3,spongebob,1,-1,-1,1,recipes,23,80015,10008,95,30002,70000,50005,80000,-1,-1,-1,0.01,0.03,0.03,0.05,0.05,0.05,0.05,0.05,-1,-1,-1,1,1,1,1,1,1,1,1,-1,-1,-1,0,none,-1,-1,-1,-1,-1,-1,-1,-1,-1,-1,-1,-1,0,none,-1,-1,-1,-1,-1,-1,-1,-1,-1,-1,-1,-1
137,1,wish,!!FOOD_KRABBYPATTY,4,bottomite_green_male_average,1,-1,-1,1,recipes,41,15,13,95,30002,70000,50004,80000,-1,-1,-1,0.01,0.03,0.03,0.05,0.05,0.05,0.05,0.05,-1,-1,-1,1,1,1,1,1,1,1,1,-1,-1,-1,0,none,-1,-1,-1,-1,-1,-1,-1,-1,-1,-1,-1,-1,0,none,-1,-1,-1,-1,-1,-1,-1,-1,-1,-1,-1,-1
138,95,wish,!!FOOD_CUBEDKETCHUPKABOBS,4,bottomite_green_male_average,1,-1,-1,1,recipes,41,15,13,95,30002,70000,50004,80000,-1,-1,-1,0.01,0.03,0.03,0.05,0.05,0.05,0.05,0.05,-1,-1,-1,1,1,1,1,1,1,1,1,-1,-1,-1,0,none,-1,-1,-1,-1,-1,-1,-1,-1,-1,-1,-1,-1,0,none,-1,-1,-1,-1,-1,-1,-1,-1,-1,-1,-1,-1
139,46,wish,!!FOOD_SALAD,4,bottomite_green_male_average,1,-1,-1,1,recipes,41,15,13,95,30002,70000,50004,80000,-1,-1,-1,0.01,0.03,0.03,0.05,0.05,0.05,0.05,0.05,-1,-1,-1,1,1,1,1,1,1,1,1,-1,-1,-1,0,none,-1,-1,-1,-1,-1,-1,-1,-1,-1,-1,-1,-1,0,none,-1,-1,-1,-1,-1,-1,-1,-1,-1,-1,-1,-1
140,20003,wish,!!JUICE_ORANGE,4,bottomite_green_male_average,1,-1,-1,1,recipes,41,15,13,95,30002,70000,50004,80000,-1,-1,-1,0.01,0.03,0.03,0.05,0.05,0.05,0.05,0.05,-1,-1,-1,1,1,1,1,1,1,1,1,-1,-1,-1,0,none,-1,-1,-1,-1,-1,-1,-1,-1,-1,-1,-1,-1,0,none,-1,-1,-1,-1,-1,-1,-1,-1,-1,-1,-1,-1
141,30011,wish,!!SMOOTHIE_WANNANANA,4,bottomite_green_male_average,1,-1,-1,1,recipes,41,15,13,95,30002,70000,50004,80000,-1,-1,-1,0.01,0.03,0.03,0.05,0.05,0.05,0.05,0.05,-1,-1,-1,1,1,1,1,1,1,1,1,-1,-1,-1,0,none,-1,-1,-1,-1,-1,-1,-1,-1,-1,-1,-1,-1,0,none,-1,-1,-1,-1,-1,-1,-1,-1,-1,-1,-1,-1
142,40006,wish,!!ICECREAM_SEASALT,4,bottomite_green_male_average,1,-1,-1,1,recipes,41,15,13,95,30002,70000,50004,80000,-1,-1,-1,0.01,0.03,0.03,0.05,0.05,0.05,0.05,0.05,-1,-1,-1,1,1,1,1,1,1,1,1,-1,-1,-1,0,none,-1,-1,-1,-1,-1,-1,-1,-1,-1,-1,-1,-1,0,none,-1,-1,-1,-1,-1,-1,-1,-1,-1,-1,-1,-1
143,50004,wish,!!SHAKE_SALTY_BANANA,4,bottomite_green_male_average,1,-1,-1,1,recipes,41,15,13,95,30002,70000,50004,80000,-1,-1,-1,0.01,0.03,0.03,0.05,0.05,0.05,0.05,0.05,-1,-1,-1,1,1,1,1,1,1,1,1,-1,-1,-1,0,none,-1,-1,-1,-1,-1,-1,-1,-1,-1,-1,-1,-1,0,none,-1,-1,-1,-1,-1,-1,-1,-1,-1,-1,-1,-1
144,60014,wish,!!BOUQUET_FLOWERCORAL_FRIENDLYFLOWER,4,bottomite_green_male_average,1,-1,-1,1,recipes,41,15,13,95,30002,70000,50004,80000,-1,-1,-1,0.01,0.03,0.03,0.05,0.05,0.05,0.05,0.05,-1,-1,-1,1,1,1,1,1,1,1,1,-1,-1,-1,0,none,-1,-1,-1,-1,-1,-1,-1,-1,-1,-1,-1,-1,0,none,-1,-1,-1,-1,-1,-1,-1,-1,-1,-1,-1,-1
145,70009,wish,!!PERFUME_SEASHANTY,4,bottomite_green_male_average,1,-1,-1,1,recipes,41,15,13,95,30002,70000,50004,80000,-1,-1,-1,0.01,0.03,0.03,0.05,0.05,0.05,0.05,0.05,-1,-1,-1,1,1,1,1,1,1,1,1,-1,-1,-1,0,none,-1,-1,-1,-1,-1,-1,-1,-1,-1,-1,-1,-1,0,none,-1,-1,-1,-1,-1,-1,-1,-1,-1,-1,-1,-1
146,80000,wish,!!FOOD_BAKED_BANANABANANABREAD,4,bottomite_green_male_average,1,-1,-1,1,recipes,41,15,13,95,30002,70000,50004,80000,-1,-1,-1,0.01,0.03,0.03,0.05,0.05,0.05,0.05,0.05,-1,-1,-1,1,1,1,1,1,1,1,1,-1,-1,-1,0,none,-1,-1,-1,-1,-1,-1,-1,-1,-1,-1,-1,-1,0,none,-1,-1,-1,-1,-1,-1,-1,-1,-1,-1,-1,-1
147,1,wish,!!FOOD_KRABBYPATTY,5,bottomite_orange_male_anchovy,1,-1,-1,1,recipes,1008,10008,30008,95,30002,40000,50004,80000,-1,-1,-1,0.01,0.03,0.03,0.05,0.05,0.05,0.05,0.05,-1,-1,-1,1,1,1,1,1,1,1,1,-1,-1,-1,0,none,-1,-1,-1,-1,-1,-1,-1,-1,-1,-1,-1,-1,0,none,-1,-1,-1,-1,-1,-1,-1,-1,-1,-1,-1,-1
148,46,wish,!!FOOD_SALAD,5,bottomite_orange_male_anchovy,1,-1,-1,1,recipes,1008,10008,30008,95,30002,40000,50004,80000,-1,-1,-1,0.01,0.03,0.03,0.05,0.05,0.05,0.05,0.05,-1,-1,-1,1,1,1,1,1,1,1,1,-1,-1,-1,0,none,-1,-1,-1,-1,-1,-1,-1,-1,-1,-1,-1,-1,0,none,-1,-1,-1,-1,-1,-1,-1,-1,-1,-1,-1,-1
149,20003,wish,!!JUICE_ORANGE,5,bottomite_orange_male_anchovy,1,-1,-1,1,recipes,1008,10008,30008,95,30002,40000,50004,80000,-1,-1,-1,0.01,0.03,0.03,0.05,0.05,0.05,0.05,0.05,-1,-1,-1,1,1,1,1,1,1,1,1,-1,-1,-1,0,none,-1,-1,-1,-1,-1,-1,-1,-1,-1,-1,-1,-1,0,none,-1,-1,-1,-1,-1,-1,-1,-1,-1,-1,-1,-1
150,30010,wish,!!SMOOTHIE_STRAWNANA_TSUNAMI,5,bottomite_orange_male_anchovy,1,-1,-1,1,recipes,1008,10008,30008,95,30002,40000,50004,80000,-1,-1,-1,0.01,0.03,0.03,0.05,0.05,0.05,0.05,0.05,-1,-1,-1,1,1,1,1,1,1,1,1,-1,-1,-1,0,none,-1,-1,-1,-1,-1,-1,-1,-1,-1,-1,-1,-1,0,none,-1,-1,-1,-1,-1,-1,-1,-1,-1,-1,-1,-1
151,40000,wish,!!ICECREAM_BANANA,5,bottomite_orange_male_anchovy,1,-1,-1,1,recipes,1008,10008,30008,95,30002,40000,50004,80000,-1,-1,-1,0.01,0.03,0.03,0.05,0.05,0.05,0.05,0.05,-1,-1,-1,1,1,1,1,1,1,1,1,-1,-1,-1,0,none,-1,-1,-1,-1,-1,-1,-1,-1,-1,-1,-1,-1,0,none,-1,-1,-1,-1,-1,-1,-1,-1,-1,-1,-1,-1
152,50005,wish,!!SHAKE_STRAWBERRY_RIPTIDE,5,bottomite_orange_male_anchovy,1,-1,-1,1,recipes,1008,10008,30008,95,30002,40000,50004,80000,-1,-1,-1,0.01,0.03,0.03,0.05,0.05,0.05,0.05,0.05,-1,-1,-1,1,1,1,1,1,1,1,1,-1,-1,-1,0,none,-1,-1,-1,-1,-1,-1,-1,-1,-1,-1,-1,-1,0,none,-1,-1,-1,-1,-1,-1,-1,-1,-1,-1,-1,-1
153,60015,wish,!!BOUQUET_FLOWERCORAL_CUPN2FLOWERS,5,bottomite_orange_male_anchovy,1,-1,-1,1,recipes,1008,10008,30008,95,30002,40000,50004,80000,-1,-1,-1,0.01,0.03,0.03,0.05,0.05,0.05,0.05,0.05,-1,-1,-1,1,1,1,1,1,1,1,1,-1,-1,-1,0,none,-1,-1,-1,-1,-1,-1,-1,-1,-1,-1,-1,-1,0,none,-1,-1,-1,-1,-1,-1,-1,-1,-1,-1,-1,-1
154,70002,wish,!!PERFUME_CAPSIZEFORHIM,5,bottomite_orange_male_anchovy,1,-1,-1,1,recipes,1008,10008,30008,95,30002,40000,50004,80000,-1,-1,-1,0.01,0.03,0.03,0.05,0.05,0.05,0.05,0.05,-1,-1,-1,1,1,1,1,1,1,1,1,-1,-1,-1,0,none,-1,-1,-1,-1,-1,-1,-1,-1,-1,-1,-1,-1,0,none,-1,-1,-1,-1,-1,-1,-1,-1,-1,-1,-1,-1
155,80014,wish,!!FOOD_BAKED_SHELDONSSTRAWBERRYSHORTCAKE,5,bottomite_orange_male_anchovy,1,-1,-1,1,recipes,1008,10008,30008,95,30002,40000,50004,80000,-1,-1,-1,0.01,0.03,0.03,0.05,0.05,0.05,0.05,0.05,-1,-1,-1,1,1,1,1,1,1,1,1,-1,-1,-1,0,none,-1,-1,-1,-1,-1,-1,-1,-1,-1,-1,-1,-1,0,none,-1,-1,-1,-1,-1,-1,-1,-1,-1,-1,-1,-1
156,40,wish,!!FOOD_VEGGIEPATTY,6,bottomite_pink_female_average,1,-1,-1,1,recipes,20004,70005,60017,95,2002,40000,70001,50004,80000,-1,-1,0.01,0.03,0.03,0.05,0.05,0.05,0.05,0.05,0.05,-1,-1,1,1,1,1,1,1,1,1,1,-1,-1,0,none,-1,-1,-1,-1,-1,-1,-1,-1,-1,-1,-1,-1,0,none,-1,-1,-1,-1,-1,-1,-1,-1,-1,-1,-1,-1
157,95,wish,!!FOOD_CUBEDKETCHUPKABOBS,6,bottomite_pink_female_average,1,-1,-1,1,recipes,20004,70005,60017,95,2002,40000,70001,50004,80000,-1,-1,0.01,0.03,0.03,0.05,0.05,0.05,0.05,0.05,0.05,-1,-1,1,1,1,1,1,1,1,1,1,-1,-1,0,none,-1,-1,-1,-1,-1,-1,-1,-1,-1,-1,-1,-1,0,none,-1,-1,-1,-1,-1,-1,-1,-1,-1,-1,-1,-1
158,46,wish,!!FOOD_SALAD,6,bottomite_pink_female_average,1,-1,-1,1,recipes,20004,70005,60017,95,2002,40000,70001,50004,80000,-1,-1,0.01,0.03,0.03,0.05,0.05,0.05,0.05,0.05,0.05,-1,-1,1,1,1,1,1,1,1,1,1,-1,-1,0,none,-1,-1,-1,-1,-1,-1,-1,-1,-1,-1,-1,-1,0,none,-1,-1,-1,-1,-1,-1,-1,-1,-1,-1,-1,-1
159,28,wish,!!FOOD_BISQUE,6,bottomite_pink_female_average,1,-1,-1,1,recipes,20004,70005,60017,95,2002,40000,70001,50004,80000,-1,-1,0.01,0.03,0.03,0.05,0.05,0.05,0.05,0.05,0.05,-1,-1,1,1,1,1,1,1,1,1,1,-1,-1,0,none,-1,-1,-1,-1,-1,-1,-1,-1,-1,-1,-1,-1,0,none,-1,-1,-1,-1,-1,-1,-1,-1,-1,-1,-1,-1
160,20000,wish,!!JUICE_APPLE,6,bottomite_pink_female_average,1,-1,-1,1,recipes,20004,70005,60017,95,2002,40000,70001,50004,80000,-1,-1,0.01,0.03,0.03,0.05,0.05,0.05,0.05,0.05,0.05,-1,-1,1,1,1,1,1,1,1,1,1,-1,-1,0,none,-1,-1,-1,-1,-1,-1,-1,-1,-1,-1,-1,-1,0,none,-1,-1,-1,-1,-1,-1,-1,-1,-1,-1,-1,-1
161,30010,wish,!!SMOOTHIE_STRAWNANA_TSUNAMI,6,bottomite_pink_female_average,1,-1,-1,1,recipes,20004,70005,60017,95,2002,40000,70001,50004,80000,-1,-1,0.01,0.03,0.03,0.05,0.05,0.05,0.05,0.05,0.05,-1,-1,1,1,1,1,1,1,1,1,1,-1,-1,0,none,-1,-1,-1,-1,-1,-1,-1,-1,-1,-1,-1,-1,0,none,-1,-1,-1,-1,-1,-1,-1,-1,-1,-1,-1,-1
162,50005,wish,!!SHAKE_STRAWBERRY_RIPTIDE,6,bottomite_pink_female_average,1,-1,-1,1,recipes,20004,70005,60017,95,2002,40000,70001,50004,80000,-1,-1,0.01,0.03,0.03,0.05,0.05,0.05,0.05,0.05,0.05,-1,-1,1,1,1,1,1,1,1,1,1,-1,-1,0,none,-1,-1,-1,-1,-1,-1,-1,-1,-1,-1,-1,-1,0,none,-1,-1,-1,-1,-1,-1,-1,-1,-1,-1,-1,-1
163,60014,wish,!!BOUQUET_FLOWERCORAL_FRIENDLYFLOWER,6,bottomite_pink_female_average,1,-1,-1,1,recipes,20004,70005,60017,95,2002,40000,70001,50004,80000,-1,-1,0.01,0.03,0.03,0.05,0.05,0.05,0.05,0.05,0.05,-1,-1,1,1,1,1,1,1,1,1,1,-1,-1,0,none,-1,-1,-1,-1,-1,-1,-1,-1,-1,-1,-1,-1,0,none,-1,-1,-1,-1,-1,-1,-1,-1,-1,-1,-1,-1
164,60015,wish,!!BOUQUET_FLOWERCORAL_CUPN2FLOWERS,6,bottomite_pink_female_average,1,-1,-1,1,recipes,20004,70005,60017,95,2002,40000,70001,50004,80000,-1,-1,0.01,0.03,0.03,0.05,0.05,0.05,0.05,0.05,0.05,-1,-1,1,1,1,1,1,1,1,1,1,-1,-1,0,none,-1,-1,-1,-1,-1,-1,-1,-1,-1,-1,-1,-1,0,none,-1,-1,-1,-1,-1,-1,-1,-1,-1,-1,-1,-1
165,70000,wish,!!PERFUME_4OFCUPS,6,bottomite_pink_female_average,1,-1,-1,1,recipes,20004,70005,60017,95,2002,40000,70001,50004,80000,-1,-1,0.01,0.03,0.03,0.05,0.05,0.05,0.05,0.05,0.05,-1,-1,1,1,1,1,1,1,1,1,1,-1,-1,0,none,-1,-1,-1,-1,-1,-1,-1,-1,-1,-1,-1,-1,0,none,-1,-1,-1,-1,-1,-1,-1,-1,-1,-1,-1,-1
166,70001,wish,!!PERFUME_CAPSIZEFORHER,6,bottomite_pink_female_average,1,-1,-1,1,recipes,20004,70005,60017,95,2002,40000,70001,50004,80000,-1,-1,0.01,0.03,0.03,0.05,0.05,0.05,0.05,0.05,0.05,-1,-1,1,1,1,1,1,1,1,1,1,-1,-1,0,none,-1,-1,-1,-1,-1,-1,-1,-1,-1,-1,-1,-1,0,none,-1,-1,-1,-1,-1,-1,-1,-1,-1,-1,-1,-1
167,80014,wish,!!FOOD_BAKED_SHELDONSSTRAWBERRYSHORTCAKE,6,bottomite_pink_female_average,1,-1,-1,1,recipes,20004,70005,60017,95,2002,40000,70001,50004,80000,-1,-1,0.01,0.03,0.03,0.05,0.05,0.05,0.05,0.05,0.05,-1,-1,1,1,1,1,1,1,1,1,1,-1,-1,0,none,-1,-1,-1,-1,-1,-1,-1,-1,-1,-1,-1,-1,0,none,-1,-1,-1,-1,-1,-1,-1,-1,-1,-1,-1,-1
168,1,wish,!!FOOD_KRABBYPATTY,7,bottomite_blue_male_minnow,1,-1,-1,1,recipes,80002,15,10008,30001,27,2002,30007,60016,80007,-1,-1,0.01,0.03,0.03,0.03,0.05,0.05,0.05,0.05,0.05,-1,-1,1,1,1,1,1,1,1,1,1,-1,-1,0,none,-1,-1,-1,-1,-1,-1,-1,-1,-1,-1,-1,-1,0,none,-1,-1,-1,-1,-1,-1,-1,-1,-1,-1,-1,-1
169,22,wish,!!FOOD_SEAWEEDSALAD,7,bottomite_blue_male_minnow,1,-1,-1,1,recipes,80002,15,10008,30001,27,2002,30007,60016,80007,-1,-1,0.01,0.03,0.03,0.03,0.05,0.05,0.05,0.05,0.05,-1,-1,1,1,1,1,1,1,1,1,1,-1,-1,0,none,-1,-1,-1,-1,-1,-1,-1,-1,-1,-1,-1,-1,0,none,-1,-1,-1,-1,-1,-1,-1,-1,-1,-1,-1,-1
170,21,wish,!!FOOD_KELPDOG,7,bottomite_blue_male_minnow,1,-1,-1,1,recipes,80002,15,10008,30001,27,2002,30007,60016,80007,-1,-1,0.01,0.03,0.03,0.03,0.05,0.05,0.05,0.05,0.05,-1,-1,1,1,1,1,1,1,1,1,1,-1,-1,0,none,-1,-1,-1,-1,-1,-1,-1,-1,-1,-1,-1,-1,0,none,-1,-1,-1,-1,-1,-1,-1,-1,-1,-1,-1,-1
171,20002,wish,!!JUICE_LIMEADE,7,bottomite_blue_male_minnow,1,-1,-1,1,recipes,80002,15,10008,30001,27,2002,30007,60016,80007,-1,-1,0.01,0.03,0.03,0.03,0.05,0.05,0.05,0.05,0.05,-1,-1,1,1,1,1,1,1,1,1,1,-1,-1,0,none,-1,-1,-1,-1,-1,-1,-1,-1,-1,-1,-1,-1,0,none,-1,-1,-1,-1,-1,-1,-1,-1,-1,-1,-1,-1
172,30009,wish,!!SMOOTHIE_STRAWBERRY_SQUEEZE,7,bottomite_blue_male_minnow,1,-1,-1,1,recipes,80002,15,10008,30001,27,2002,30007,60016,80007,-1,-1,0.01,0.03,0.03,0.03,0.05,0.05,0.05,0.05,0.05,-1,-1,1,1,1,1,1,1,1,1,1,-1,-1,0,none,-1,-1,-1,-1,-1,-1,-1,-1,-1,-1,-1,-1,0,none,-1,-1,-1,-1,-1,-1,-1,-1,-1,-1,-1,-1
173,50004,wish,!!SHAKE_SALTY_BANANA,7,bottomite_blue_male_minnow,1,-1,-1,1,recipes,80002,15,10008,30001,27,2002,30007,60016,80007,-1,-1,0.01,0.03,0.03,0.03,0.05,0.05,0.05,0.05,0.05,-1,-1,1,1,1,1,1,1,1,1,1,-1,-1,0,none,-1,-1,-1,-1,-1,-1,-1,-1,-1,-1,-1,-1,0,none,-1,-1,-1,-1,-1,-1,-1,-1,-1,-1,-1,-1
174,60014,wish,!!BOUQUET_FLOWERCORAL_FRIENDLYFLOWER,7,bottomite_blue_male_minnow,1,-1,-1,1,recipes,80002,15,10008,30001,27,2002,30007,60016,80007,-1,-1,0.01,0.03,0.03,0.03,0.05,0.05,0.05,0.05,0.05,-1,-1,1,1,1,1,1,1,1,1,1,-1,-1,0,none,-1,-1,-1,-1,-1,-1,-1,-1,-1,-1,-1,-1,0,none,-1,-1,-1,-1,-1,-1,-1,-1,-1,-1,-1,-1
175,70008,wish,!!PERFUME_SCENTOSAILOR,7,bottomite_blue_male_minnow,1,-1,-1,1,recipes,80002,15,10008,30001,27,2002,30007,60016,80007,-1,-1,0.01,0.03,0.03,0.03,0.05,0.05,0.05,0.05,0.05,-1,-1,1,1,1,1,1,1,1,1,1,-1,-1,0,none,-1,-1,-1,-1,-1,-1,-1,-1,-1,-1,-1,-1,0,none,-1,-1,-1,-1,-1,-1,-1,-1,-1,-1,-1,-1
176,80004,wish,!!FOOD_BAKED_DUTCHMANSDUTCHAPPLEPIE,7,bottomite_blue_male_minnow,1,-1,-1,1,recipes,80002,15,10008,30001,27,2002,30007,60016,80007,-1,-1,0.01,0.03,0.03,0.03,0.05,0.05,0.05,0.05,0.05,-1,-1,1,1,1,1,1,1,1,1,1,-1,-1,0,none,-1,-1,-1,-1,-1,-1,-1,-1,-1,-1,-1,-1,0,none,-1,-1,-1,-1,-1,-1,-1,-1,-1,-1,-1,-1
177,80001,wish,!!FOOD_BAKED_CHERRIESGARY,7,bottomite_blue_male_minnow,1,-1,-1,1,recipes,80002,15,10008,30001,27,2002,30007,60016,80007,-1,-1,0.01,0.03,0.03,0.03,0.05,0.05,0.05,0.05,0.05,-1,-1,1,1,1,1,1,1,1,1,1,-1,-1,0,none,-1,-1,-1,-1,-1,-1,-1,-1,-1,-1,-1,-1,0,none,-1,-1,-1,-1,-1,-1,-1,-1,-1,-1,-1,-1
178,1,wish,!!FOOD_KRABBYPATTY,8,bottomite_orange_male_dingus,1,-1,-1,1,recipes,10009,22,13,20001,2002,20000,30007,70000,80007,60001,-1,0.01,0.03,0.03,0.03,0.05,0.05,0.05,0.05,0.05,0.05,-1,1,1,1,1,1,1,1,1,1,1,-1,0,none,-1,-1,-1,-1,-1,-1,-1,-1,-1,-1,-1,-1,0,none,-1,-1,-1,-1,-1,-1,-1,-1,-1,-1,-1,-1
179,16,wish,!!FOOD_DUTCHDOUBLE,8,bottomite_orange_male_dingus,1,-1,-1,1,recipes,10009,22,13,20001,2002,20000,30007,70000,80007,60001,-1,0.01,0.03,0.03,0.03,0.05,0.05,0.05,0.05,0.05,0.05,-1,1,1,1,1,1,1,1,1,1,1,-1,0,none,-1,-1,-1,-1,-1,-1,-1,-1,-1,-1,-1,-1,0,none,-1,-1,-1,-1,-1,-1,-1,-1,-1,-1,-1,-1
180,41,wish,!!FOOD_GARLICBREAD,8,bottomite_orange_male_dingus,1,-1,-1,1,recipes,10009,22,13,20001,2002,20000,30007,70000,80007,60001,-1,0.01,0.03,0.03,0.03,0.05,0.05,0.05,0.05,0.05,0.05,-1,1,1,1,1,1,1,1,1,1,1,-1,0,none,-1,-1,-1,-1,-1,-1,-1,-1,-1,-1,-1,-1,0,none,-1,-1,-1,-1,-1,-1,-1,-1,-1,-1,-1,-1
181,20003,wish,!!JUICE_ORANGE,8,bottomite_orange_male_dingus,1,-1,-1,1,recipes,10009,22,13,20001,2002,20000,30007,70000,80007,60001,-1,0.01,0.03,0.03,0.03,0.05,0.05,0.05,0.05,0.05,0.05,-1,1,1,1,1,1,1,1,1,1,1,-1,0,none,-1,-1,-1,-1,-1,-1,-1,-1,-1,-1,-1,-1,0,none,-1,-1,-1,-1,-1,-1,-1,-1,-1,-1,-1,-1
182,30003,wish,!!SMOOTHIE_CHERRYADE_CHILLER,8,bottomite_orange_male_dingus,1,-1,-1,1,recipes,10009,22,13,20001,2002,20000,30007,70000,80007,60001,-1,0.01,0.03,0.03,0.03,0.05,0.05,0.05,0.05,0.05,0.05,-1,1,1,1,1,1,1,1,1,1,1,-1,0,none,-1,-1,-1,-1,-1,-1,-1,-1,-1,-1,-1,-1,0,none,-1,-1,-1,-1,-1,-1,-1,-1,-1,-1,-1,-1
183,50006,wish,!!SHAKE_TARTBERRY_TWIST,8,bottomite_orange_male_dingus,1,-1,-1,1,recipes,10009,22,13,20001,2002,20000,30007,70000,80007,60001,-1,0.01,0.03,0.03,0.03,0.05,0.05,0.05,0.05,0.05,0.05,-1,1,1,1,1,1,1,1,1,1,1,-1,0,none,-1,-1,-1,-1,-1,-1,-1,-1,-1,-1,-1,-1,0,none,-1,-1,-1,-1,-1,-1,-1,-1,-1,-1,-1,-1
184,60016,wish,!!BOUQUET_FLOWERCORAL_BUNCHOBRANCHES,8,bottomite_orange_male_dingus,1,-1,-1,1,recipes,10009,22,13,20001,2002,20000,30007,70000,80007,60001,-1,0.01,0.03,0.03,0.03,0.05,0.05,0.05,0.05,0.05,0.05,-1,1,1,1,1,1,1,1,1,1,1,-1,0,none,-1,-1,-1,-1,-1,-1,-1,-1,-1,-1,-1,-1,0,none,-1,-1,-1,-1,-1,-1,-1,-1,-1,-1,-1,-1
185,70002,wish,!!PERFUME_CAPSIZEFORHIM,8,bottomite_orange_male_dingus,1,-1,-1,1,recipes,10009,22,13,20001,2002,20000,30007,70000,80007,60001,-1,0.01,0.03,0.03,0.03,0.05,0.05,0.05,0.05,0.05,0.05,-1,1,1,1,1,1,1,1,1,1,1,-1,0,none,-1,-1,-1,-1,-1,-1,-1,-1,-1,-1,-1,-1,0,none,-1,-1,-1,-1,-1,-1,-1,-1,-1,-1,-1,-1
186,80006,wish,!!FOOD_BAKED_FERRYCHERRYCHEESECAKE,8,bottomite_orange_male_dingus,1,-1,-1,1,recipes,10009,22,13,20001,2002,20000,30007,70000,80007,60001,-1,0.01,0.03,0.03,0.03,0.05,0.05,0.05,0.05,0.05,0.05,-1,1,1,1,1,1,1,1,1,1,1,-1,0,none,-1,-1,-1,-1,-1,-1,-1,-1,-1,-1,-1,-1,0,none,-1,-1,-1,-1,-1,-1,-1,-1,-1,-1,-1,-1
187,80009,wish,!!FOOD_BAKED_MAROONEDMACAROONS,8,bottomite_orange_male_dingus,1,-1,-1,1,recipes,10009,22,13,20001,2002,20000,30007,70000,80007,60001,-1,0.01,0.03,0.03,0.03,0.05,0.05,0.05,0.05,0.05,0.05,-1,1,1,1,1,1,1,1,1,1,1,-1,0,none,-1,-1,-1,-1,-1,-1,-1,-1,-1,-1,-1,-1,0,none,-1,-1,-1,-1,-1,-1,-1,-1,-1,-1,-1,-1
188,31,wish,!!FOOD_CAESAR_SALAD,9,bottomite_turquoise_male_average,1,-1,-1,1,recipes,70009,80006,60015,2000,20001,20000,30007,70000,80003,60001,-1,0.01,0.03,0.03,0.03,0.03,0.05,0.05,0.05,0.05,0.05,-1,1,1,1,1,1,1,1,1,1,1,-1,0,none,-1,-1,-1,-1,-1,-1,-1,-1,-1,-1,-1,-1,0,none,-1,-1,-1,-1,-1,-1,-1,-1,-1,-1,-1,-1
189,28,wish,!!FOOD_BISQUE,9,bottomite_turquoise_male_average,1,-1,-1,1,recipes,70009,80006,60015,2000,20001,20000,30007,70000,80003,60001,-1,0.01,0.03,0.03,0.03,0.03,0.05,0.05,0.05,0.05,0.05,-1,1,1,1,1,1,1,1,1,1,1,-1,0,none,-1,-1,-1,-1,-1,-1,-1,-1,-1,-1,-1,-1,0,none,-1,-1,-1,-1,-1,-1,-1,-1,-1,-1,-1,-1
190,27,wish,!!FOOD_BRUSCHETTA,9,bottomite_turquoise_male_average,1,-1,-1,1,recipes,70009,80006,60015,2000,20001,20000,30007,70000,80003,60001,-1,0.01,0.03,0.03,0.03,0.03,0.05,0.05,0.05,0.05,0.05,-1,1,1,1,1,1,1,1,1,1,1,-1,0,none,-1,-1,-1,-1,-1,-1,-1,-1,-1,-1,-1,-1,0,none,-1,-1,-1,-1,-1,-1,-1,-1,-1,-1,-1,-1
191,22,wish,!!FOOD_SEAWEEDSALAD,9,bottomite_turquoise_male_average,1,-1,-1,1,recipes,70009,80006,60015,2000,20001,20000,30007,70000,80003,60001,-1,0.01,0.03,0.03,0.03,0.03,0.05,0.05,0.05,0.05,0.05,-1,1,1,1,1,1,1,1,1,1,1,-1,0,none,-1,-1,-1,-1,-1,-1,-1,-1,-1,-1,-1,-1,0,none,-1,-1,-1,-1,-1,-1,-1,-1,-1,-1,-1,-1
192,20004,wish,!!JUICE_PEACHNECTAR,9,bottomite_turquoise_male_average,1,-1,-1,1,recipes,70009,80006,60015,2000,20001,20000,30007,70000,80003,60001,-1,0.01,0.03,0.03,0.03,0.03,0.05,0.05,0.05,0.05,0.05,-1,1,1,1,1,1,1,1,1,1,1,-1,0,none,-1,-1,-1,-1,-1,-1,-1,-1,-1,-1,-1,-1,0,none,-1,-1,-1,-1,-1,-1,-1,-1,-1,-1,-1,-1
193,60018,wish,!!BOUQUET_FLOWERCORAL_CORALPARADISE,9,bottomite_turquoise_male_average,1,-1,-1,1,recipes,70009,80006,60015,2000,20001,20000,30007,70000,80003,60001,-1,0.01,0.03,0.03,0.03,0.03,0.05,0.05,0.05,0.05,0.05,-1,1,1,1,1,1,1,1,1,1,1,-1,0,none,-1,-1,-1,-1,-1,-1,-1,-1,-1,-1,-1,-1,0,none,-1,-1,-1,-1,-1,-1,-1,-1,-1,-1,-1,-1
194,70002,wish,!!PERFUME_CAPSIZEFORHIM,9,bottomite_turquoise_male_average,1,-1,-1,1,recipes,70009,80006,60015,2000,20001,20000,30007,70000,80003,60001,-1,0.01,0.03,0.03,0.03,0.03,0.05,0.05,0.05,0.05,0.05,-1,1,1,1,1,1,1,1,1,1,1,-1,0,none,-1,-1,-1,-1,-1,-1,-1,-1,-1,-1,-1,-1,0,none,-1,-1,-1,-1,-1,-1,-1,-1,-1,-1,-1,-1
195,80016,wish,!!FOOD_BAKED_THEAPPLEFANCYSON,9,bottomite_turquoise_male_average,1,-1,-1,1,recipes,70009,80006,60015,2000,20001,20000,30007,70000,80003,60001,-1,0.01,0.03,0.03,0.03,0.03,0.05,0.05,0.05,0.05,0.05,-1,1,1,1,1,1,1,1,1,1,1,-1,0,none,-1,-1,-1,-1,-1,-1,-1,-1,-1,-1,-1,-1,0,none,-1,-1,-1,-1,-1,-1,-1,-1,-1,-1,-1,-1
196,80002,wish,!!FOOD_BAKED_COCONUTCOBBLER,9,bottomite_turquoise_male_average,1,-1,-1,1,recipes,70009,80006,60015,2000,20001,20000,30007,70000,80003,60001,-1,0.01,0.03,0.03,0.03,0.03,0.05,0.05,0.05,0.05,0.05,-1,1,1,1,1,1,1,1,1,1,1,-1,0,none,-1,-1,-1,-1,-1,-1,-1,-1,-1,-1,-1,-1,0,none,-1,-1,-1,-1,-1,-1,-1,-1,-1,-1,-1,-1
197,80008,wish,!!FOOD_BAKED_LIFESABEACHPEACHCOBBLER,9,bottomite_turquoise_male_average,1,-1,-1,1,recipes,70009,80006,60015,2000,20001,20000,30007,70000,80003,60001,-1,0.01,0.03,0.03,0.03,0.03,0.05,0.05,0.05,0.05,0.05,-1,1,1,1,1,1,1,1,1,1,1,-1,0,none,-1,-1,-1,-1,-1,-1,-1,-1,-1,-1,-1,-1,0,none,-1,-1,-1,-1,-1,-1,-1,-1,-1,-1,-1,-1
198,1,wish,!!FOOD_KRABBYPATTY,10,bottomite_orange_male_dingus_2,1,-1,-1,1,recipes,30006,80006,97,20002,60000,99,20000,40003,70000,60016,-1,0.01,0.03,0.03,0.03,0.03,0.05,0.05,0.05,0.05,0.05,-1,1,1,1,1,1,1,1,1,1,1,-1,0,none,-1,-1,-1,-1,-1,-1,-1,-1,-1,-1,-1,-1,0,none,-1,-1,-1,-1,-1,-1,-1,-1,-1,-1,-1,-1
199,19,wish,!!FOOD_KELPCAKE,10,bottomite_orange_male_dingus_2,1,-1,-1,1,recipes,30006,80006,97,20002,60000,99,20000,40003,70000,60016,-1,0.01,0.03,0.03,0.03,0.03,0.05,0.05,0.05,0.05,0.05,-1,1,1,1,1,1,1,1,1,1,1,-1,0,none,-1,-1,-1,-1,-1,-1,-1,-1,-1,-1,-1,-1,0,none,-1,-1,-1,-1,-1,-1,-1,-1,-1,-1,-1,-1
200,23,wish,!!FOOD_KELPKLT,10,bottomite_orange_male_dingus_2,1,-1,-1,1,recipes,30006,80006,97,20002,60000,99,20000,40003,70000,60016,-1,0.01,0.03,0.03,0.03,0.03,0.05,0.05,0.05,0.05,0.05,-1,1,1,1,1,1,1,1,1,1,1,-1,0,none,-1,-1,-1,-1,-1,-1,-1,-1,-1,-1,-1,-1,0,none,-1,-1,-1,-1,-1,-1,-1,-1,-1,-1,-1,-1
201,95,wish,!!FOOD_CUBEDKETCHUPKABOBS,10,bottomite_orange_male_dingus_2,1,-1,-1,1,recipes,30006,80006,97,20002,60000,99,20000,40003,70000,60016,-1,0.01,0.03,0.03,0.03,0.03,0.05,0.05,0.05,0.05,0.05,-1,1,1,1,1,1,1,1,1,1,1,-1,0,none,-1,-1,-1,-1,-1,-1,-1,-1,-1,-1,-1,-1,0,none,-1,-1,-1,-1,-1,-1,-1,-1,-1,-1,-1,-1
202,20000,wish,!!JUICE_APPLE,10,bottomite_orange_male_dingus_2,1,-1,-1,1,recipes,30006,80006,97,20002,60000,99,20000,40003,70000,60016,-1,0.01,0.03,0.03,0.03,0.03,0.05,0.05,0.05,0.05,0.05,-1,1,1,1,1,1,1,1,1,1,1,-1,0,none,-1,-1,-1,-1,-1,-1,-1,-1,-1,-1,-1,-1,0,none,-1,-1,-1,-1,-1,-1,-1,-1,-1,-1,-1,-1
203,30004,wish,!!SMOOTHIE_CITRUS_SLURVEY,10,bottomite_orange_male_dingus_2,1,-1,-1,1,recipes,30006,80006,97,20002,60000,99,20000,40003,70000,60016,-1,0.01,0.03,0.03,0.03,0.03,0.05,0.05,0.05,0.05,0.05,-1,1,1,1,1,1,1,1,1,1,1,-1,0,none,-1,-1,-1,-1,-1,-1,-1,-1,-1,-1,-1,-1,0,none,-1,-1,-1,-1,-1,-1,-1,-1,-1,-1,-1,-1
204,40003,wish,!!ICECREAM_CARAMEL,10,bottomite_orange_male_dingus_2,1,-1,-1,1,recipes,30006,80006,97,20002,60000,99,20000,40003,70000,60016,-1,0.01,0.03,0.03,0.03,0.03,0.05,0.05,0.05,0.05,0.05,-1,1,1,1,1,1,1,1,1,1,1,-1,0,none,-1,-1,-1,-1,-1,-1,-1,-1,-1,-1,-1,-1,0,none,-1,-1,-1,-1,-1,-1,-1,-1,-1,-1,-1,-1
205,50002,wish,!!SHAKE_CORAL_CRUSH,10,bottomite_orange_male_dingus_2,1,-1,-1,1,recipes,30006,80006,97,20002,60000,99,20000,40003,70000,60016,-1,0.01,0.03,0.03,0.03,0.03,0.05,0.05,0.05,0.05,0.05,-1,1,1,1,1,1,1,1,1,1,1,-1,0,none,-1,-1,-1,-1,-1,-1,-1,-1,-1,-1,-1,-1,0,none,-1,-1,-1,-1,-1,-1,-1,-1,-1,-1,-1,-1
206,80014,wish,!!FOOD_BAKED_SHELDONSSTRAWBERRYSHORTCAKE,10,bottomite_orange_male_dingus_2,1,-1,-1,1,recipes,30006,80006,97,20002,60000,99,20000,40003,70000,60016,-1,0.01,0.03,0.03,0.03,0.03,0.05,0.05,0.05,0.05,0.05,-1,1,1,1,1,1,1,1,1,1,1,-1,0,none,-1,-1,-1,-1,-1,-1,-1,-1,-1,-1,-1,-1,0,none,-1,-1,-1,-1,-1,-1,-1,-1,-1,-1,-1,-1
207,80004,wish,!!FOOD_BAKED_DUTCHMANSDUTCHAPPLEPIE,10,bottomite_orange_male_dingus_2,1,-1,-1,1,recipes,30006,80006,97,20002,60000,99,20000,40003,70000,60016,-1,0.01,0.03,0.03,0.03,0.03,0.05,0.05,0.05,0.05,0.05,-1,1,1,1,1,1,1,1,1,1,1,-1,0,none,-1,-1,-1,-1,-1,-1,-1,-1,-1,-1,-1,-1,0,none,-1,-1,-1,-1,-1,-1,-1,-1,-1,-1,-1,-1
208,31,wish,!!FOOD_CAESAR_SALAD,11,genescallops,1,-1,-1,1,recipes,18,80015,32,30003,2002,30007,40000,50004,60001,-1,-1,0.01,0.03,0.03,0.03,0.05,0.05,0.05,0.05,0.05,-1,-1,1,1,1,1,1,1,1,1,1,-1,-1,0,none,-1,-1,-1,-1,-1,-1,-1,-1,-1,-1,-1,-1,0,none,-1,-1,-1,-1,-1,-1,-1,-1,-1,-1,-1,-1
209,27,wish,!!FOOD_BRUSCHETTA,11,genescallops,1,-1,-1,1,recipes,18,80015,32,30003,2002,30007,40000,50004,60001,-1,-1,0.01,0.03,0.03,0.03,0.05,0.05,0.05,0.05,0.05,-1,-1,1,1,1,1,1,1,1,1,1,-1,-1,0,none,-1,-1,-1,-1,-1,-1,-1,-1,-1,-1,-1,-1,0,none,-1,-1,-1,-1,-1,-1,-1,-1,-1,-1,-1,-1
210,41,wish,!!FOOD_GARLICBREAD,11,genescallops,1,-1,-1,1,recipes,18,80015,32,30003,2002,30007,40000,50004,60001,-1,-1,0.01,0.03,0.03,0.03,0.05,0.05,0.05,0.05,0.05,-1,-1,1,1,1,1,1,1,1,1,1,-1,-1,0,none,-1,-1,-1,-1,-1,-1,-1,-1,-1,-1,-1,-1,0,none,-1,-1,-1,-1,-1,-1,-1,-1,-1,-1,-1,-1
211,20001,wish,!!JUICE_LEMONADE,11,genescallops,1,-1,-1,1,recipes,18,80015,32,30003,2002,30007,40000,50004,60001,-1,-1,0.01,0.03,0.03,0.03,0.05,0.05,0.05,0.05,0.05,-1,-1,1,1,1,1,1,1,1,1,1,-1,-1,0,none,-1,-1,-1,-1,-1,-1,-1,-1,-1,-1,-1,-1,0,none,-1,-1,-1,-1,-1,-1,-1,-1,-1,-1,-1,-1
212,30008,wish,!!SMOOTHIE_ORANGE_NUT,11,genescallops,1,-1,-1,1,recipes,18,80015,32,30003,2002,30007,40000,50004,60001,-1,-1,0.01,0.03,0.03,0.03,0.05,0.05,0.05,0.05,0.05,-1,-1,1,1,1,1,1,1,1,1,1,-1,-1,0,none,-1,-1,-1,-1,-1,-1,-1,-1,-1,-1,-1,-1,0,none,-1,-1,-1,-1,-1,-1,-1,-1,-1,-1,-1,-1
213,50006,wish,!!SHAKE_TARTBERRY_TWIST,11,genescallops,1,-1,-1,1,recipes,18,80015,32,30003,2002,30007,40000,50004,60001,-1,-1,0.01,0.03,0.03,0.03,0.05,0.05,0.05,0.05,0.05,-1,-1,1,1,1,1,1,1,1,1,1,-1,-1,0,none,-1,-1,-1,-1,-1,-1,-1,-1,-1,-1,-1,-1,0,none,-1,-1,-1,-1,-1,-1,-1,-1,-1,-1,-1,-1
214,50003,wish,!!SHAKE_FRUTIY_BREEZE,11,genescallops,1,-1,-1,1,recipes,18,80015,32,30003,2002,30007,40000,50004,60001,-1,-1,0.01,0.03,0.03,0.03,0.05,0.05,0.05,0.05,0.05,-1,-1,1,1,1,1,1,1,1,1,1,-1,-1,0,none,-1,-1,-1,-1,-1,-1,-1,-1,-1,-1,-1,-1,0,none,-1,-1,-1,-1,-1,-1,-1,-1,-1,-1,-1,-1
215,60016,wish,!!BOUQUET_FLOWERCORAL_BUNCHOBRANCHES,11,genescallops,1,-1,-1,1,recipes,18,80015,32,30003,2002,30007,40000,50004,60001,-1,-1,0.01,0.03,0.03,0.03,0.05,0.05,0.05,0.05,0.05,-1,-1,1,1,1,1,1,1,1,1,1,-1,-1,0,none,-1,-1,-1,-1,-1,-1,-1,-1,-1,-1,-1,-1,0,none,-1,-1,-1,-1,-1,-1,-1,-1,-1,-1,-1,-1
216,70002,wish,!!PERFUME_CAPSIZEFORHIM,11,genescallops,1,-1,-1,1,recipes,18,80015,32,30003,2002,30007,40000,50004,60001,-1,-1,0.01,0.03,0.03,0.03,0.05,0.05,0.05,0.05,0.05,-1,-1,1,1,1,1,1,1,1,1,1,-1,-1,0,none,-1,-1,-1,-1,-1,-1,-1,-1,-1,-1,-1,-1,0,none,-1,-1,-1,-1,-1,-1,-1,-1,-1,-1,-1,-1
217,80001,wish,!!FOOD_BAKED_CHERRIESGARY,11,genescallops,1,-1,-1,1,recipes,18,80015,32,30003,2002,30007,40000,50004,60001,-1,-1,0.01,0.03,0.03,0.03,0.05,0.05,0.05,0.05,0.05,-1,-1,1,1,1,1,1,1,1,1,1,-1,-1,0,none,-1,-1,-1,-1,-1,-1,-1,-1,-1,-1,-1,-1,0,none,-1,-1,-1,-1,-1,-1,-1,-1,-1,-1,-1,-1
218,1,wish,!!FOOD_KRABBYPATTY,12,policefish,1,-1,-1,1,recipes,30000,32,15,30008,27,30002,40000,50004,-1,-1,-1,0.01,0.03,0.03,0.03,0.05,0.05,0.05,0.05,-1,-1,-1,1,1,1,1,1,1,1,1,-1,-1,-1,0,none,-1,-1,-1,-1,-1,-1,-1,-1,-1,-1,-1,-1,0,none,-1,-1,-1,-1,-1,-1,-1,-1,-1,-1,-1,-1
219,15,wish,!!FOOD_CRYJOHNNY,12,policefish,1,-1,-1,1,recipes,30000,32,15,30008,27,30002,40000,50004,-1,-1,-1,0.01,0.03,0.03,0.03,0.05,0.05,0.05,0.05,-1,-1,-1,1,1,1,1,1,1,1,1,-1,-1,-1,0,none,-1,-1,-1,-1,-1,-1,-1,-1,-1,-1,-1,-1,0,none,-1,-1,-1,-1,-1,-1,-1,-1,-1,-1,-1,-1
220,16,wish,!!FOOD_DUTCHDOUBLE,12,policefish,1,-1,-1,1,recipes,30000,32,15,30008,27,30002,40000,50004,-1,-1,-1,0.01,0.03,0.03,0.03,0.05,0.05,0.05,0.05,-1,-1,-1,1,1,1,1,1,1,1,1,-1,-1,-1,0,none,-1,-1,-1,-1,-1,-1,-1,-1,-1,-1,-1,-1,0,none,-1,-1,-1,-1,-1,-1,-1,-1,-1,-1,-1,-1
221,20000,wish,!!JUICE_APPLE,12,policefish,1,-1,-1,1,recipes,30000,32,15,30008,27,30002,40000,50004,-1,-1,-1,0.01,0.03,0.03,0.03,0.05,0.05,0.05,0.05,-1,-1,-1,1,1,1,1,1,1,1,1,-1,-1,-1,0,none,-1,-1,-1,-1,-1,-1,-1,-1,-1,-1,-1,-1,0,none,-1,-1,-1,-1,-1,-1,-1,-1,-1,-1,-1,-1
222,30007,wish,!!SMOOTHIE_NANNAS_C_SERENADE,12,policefish,1,-1,-1,1,recipes,30000,32,15,30008,27,30002,40000,50004,-1,-1,-1,0.01,0.03,0.03,0.03,0.05,0.05,0.05,0.05,-1,-1,-1,1,1,1,1,1,1,1,1,-1,-1,-1,0,none,-1,-1,-1,-1,-1,-1,-1,-1,-1,-1,-1,-1,0,none,-1,-1,-1,-1,-1,-1,-1,-1,-1,-1,-1,-1
223,40008,wish,!!ICECREAM_VANILLA,12,policefish,1,-1,-1,1,recipes,30000,32,15,30008,27,30002,40000,50004,-1,-1,-1,0.01,0.03,0.03,0.03,0.05,0.05,0.05,0.05,-1,-1,-1,1,1,1,1,1,1,1,1,-1,-1,-1,0,none,-1,-1,-1,-1,-1,-1,-1,-1,-1,-1,-1,-1,0,none,-1,-1,-1,-1,-1,-1,-1,-1,-1,-1,-1,-1
224,50003,wish,!!SHAKE_FRUTIY_BREEZE,12,policefish,1,-1,-1,1,recipes,30000,32,15,30008,27,30002,40000,50004,-1,-1,-1,0.01,0.03,0.03,0.03,0.05,0.05,0.05,0.05,-1,-1,-1,1,1,1,1,1,1,1,1,-1,-1,-1,0,none,-1,-1,-1,-1,-1,-1,-1,-1,-1,-1,-1,-1,0,none,-1,-1,-1,-1,-1,-1,-1,-1,-1,-1,-1,-1
225,80004,wish,!!FOOD_BAKED_DUTCHMANSDUTCHAPPLEPIE,12,policefish,1,-1,-1,1,recipes,30000,32,15,30008,27,30002,40000,50004,-1,-1,-1,0.01,0.03,0.03,0.03,0.05,0.05,0.05,0.05,-1,-1,-1,1,1,1,1,1,1,1,1,-1,-1,-1,0,none,-1,-1,-1,-1,-1,-1,-1,-1,-1,-1,-1,-1,0,none,-1,-1,-1,-1,-1,-1,-1,-1,-1,-1,-1,-1
226,80006,wish,!!FOOD_BAKED_FERRYCHERRYCHEESECAKE,12,policefish,1,-1,-1,1,recipes,30000,32,15,30008,27,30002,40000,50004,-1,-1,-1,0.01,0.03,0.03,0.03,0.05,0.05,0.05,0.05,-1,-1,-1,1,1,1,1,1,1,1,1,-1,-1,-1,0,none,-1,-1,-1,-1,-1,-1,-1,-1,-1,-1,-1,-1,0,none,-1,-1,-1,-1,-1,-1,-1,-1,-1,-1,-1,-1
227,80009,wish,!!FOOD_BAKED_MAROONEDMACAROONS,12,policefish,1,-1,-1,1,recipes,30000,32,15,30008,27,30002,40000,50004,-1,-1,-1,0.01,0.03,0.03,0.03,0.05,0.05,0.05,0.05,-1,-1,-1,1,1,1,1,1,1,1,1,-1,-1,-1,0,none,-1,-1,-1,-1,-1,-1,-1,-1,-1,-1,-1,-1,0,none,-1,-1,-1,-1,-1,-1,-1,-1,-1,-1,-1,-1
228,15,wish,!!FOOD_CRYJOHNNY,13,squidward,1,-1,-1,1,recipes,19,16,22,30003,96,27,30007,60016,50005,80007,-1,0.01,0.03,0.03,0.03,0.05,0.05,0.05,0.05,0.05,0.05,-1,1,1,1,1,1,1,1,1,1,1,-1,0,none,-1,-1,-1,-1,-1,-1,-1,-1,-1,-1,-1,-1,0,none,-1,-1,-1,-1,-1,-1,-1,-1,-1,-1,-1,-1
229,46,wish,!!FOOD_SALAD,13,squidward,1,-1,-1,1,recipes,19,16,22,30003,96,27,30007,60016,50005,80007,-1,0.01,0.03,0.03,0.03,0.05,0.05,0.05,0.05,0.05,0.05,-1,1,1,1,1,1,1,1,1,1,1,-1,0,none,-1,-1,-1,-1,-1,-1,-1,-1,-1,-1,-1,-1,0,none,-1,-1,-1,-1,-1,-1,-1,-1,-1,-1,-1,-1
230,28,wish,!!FOOD_BISQUE,13,squidward,1,-1,-1,1,recipes,19,16,22,30003,96,27,30007,60016,50005,80007,-1,0.01,0.03,0.03,0.03,0.05,0.05,0.05,0.05,0.05,0.05,-1,1,1,1,1,1,1,1,1,1,1,-1,0,none,-1,-1,-1,-1,-1,-1,-1,-1,-1,-1,-1,-1,0,none,-1,-1,-1,-1,-1,-1,-1,-1,-1,-1,-1,-1
231,41,wish,!!FOOD_GARLICBREAD,13,squidward,1,-1,-1,1,recipes,19,16,22,30003,96,27,30007,60016,50005,80007,-1,0.01,0.03,0.03,0.03,0.05,0.05,0.05,0.05,0.05,0.05,-1,1,1,1,1,1,1,1,1,1,1,-1,0,none,-1,-1,-1,-1,-1,-1,-1,-1,-1,-1,-1,-1,0,none,-1,-1,-1,-1,-1,-1,-1,-1,-1,-1,-1,-1
232,97,wish,!!FOOD_PICODEGALLO,13,squidward,1,-1,-1,1,recipes,19,16,22,30003,96,27,30007,60016,50005,80007,-1,0.01,0.03,0.03,0.03,0.05,0.05,0.05,0.05,0.05,0.05,-1,1,1,1,1,1,1,1,1,1,1,-1,0,none,-1,-1,-1,-1,-1,-1,-1,-1,-1,-1,-1,-1,0,none,-1,-1,-1,-1,-1,-1,-1,-1,-1,-1,-1,-1
233,20002,wish,!!JUICE_LIMEADE,13,squidward,1,-1,-1,1,recipes,19,16,22,30003,96,27,30007,60016,50005,80007,-1,0.01,0.03,0.03,0.03,0.05,0.05,0.05,0.05,0.05,0.05,-1,1,1,1,1,1,1,1,1,1,1,-1,0,none,-1,-1,-1,-1,-1,-1,-1,-1,-1,-1,-1,-1,0,none,-1,-1,-1,-1,-1,-1,-1,-1,-1,-1,-1,-1
234,50006,wish,!!SHAKE_TARTBERRY_TWIST,13,squidward,1,-1,-1,1,recipes,19,16,22,30003,96,27,30007,60016,50005,80007,-1,0.01,0.03,0.03,0.03,0.05,0.05,0.05,0.05,0.05,0.05,-1,1,1,1,1,1,1,1,1,1,1,-1,0,none,-1,-1,-1,-1,-1,-1,-1,-1,-1,-1,-1,-1,0,none,-1,-1,-1,-1,-1,-1,-1,-1,-1,-1,-1,-1
235,60015,wish,!!BOUQUET_FLOWERCORAL_CUPN2FLOWERS,13,squidward,1,-1,-1,1,recipes,19,16,22,30003,96,27,30007,60016,50005,80007,-1,0.01,0.03,0.03,0.03,0.05,0.05,0.05,0.05,0.05,0.05,-1,1,1,1,1,1,1,1,1,1,1,-1,0,none,-1,-1,-1,-1,-1,-1,-1,-1,-1,-1,-1,-1,0,none,-1,-1,-1,-1,-1,-1,-1,-1,-1,-1,-1,-1
236,60016,wish,!!BOUQUET_FLOWERCORAL_BUNCHOBRANCHES,13,squidward,1,-1,-1,1,recipes,19,16,22,30003,96,27,30007,60016,50005,80007,-1,0.01,0.03,0.03,0.03,0.05,0.05,0.05,0.05,0.05,0.05,-1,1,1,1,1,1,1,1,1,1,1,-1,0,none,-1,-1,-1,-1,-1,-1,-1,-1,-1,-1,-1,-1,0,none,-1,-1,-1,-1,-1,-1,-1,-1,-1,-1,-1,-1
237,70008,wish,!!PERFUME_SCENTOSAILOR,13,squidward,1,-1,-1,1,recipes,19,16,22,30003,96,27,30007,60016,50005,80007,-1,0.01,0.03,0.03,0.03,0.05,0.05,0.05,0.05,0.05,0.05,-1,1,1,1,1,1,1,1,1,1,1,-1,0,none,-1,-1,-1,-1,-1,-1,-1,-1,-1,-1,-1,-1,0,none,-1,-1,-1,-1,-1,-1,-1,-1,-1,-1,-1,-1
238,80004,wish,!!FOOD_BAKED_DUTCHMANSDUTCHAPPLEPIE,13,squidward,1,-1,-1,1,recipes,19,16,22,30003,96,27,30007,60016,50005,80007,-1,0.01,0.03,0.03,0.03,0.05,0.05,0.05,0.05,0.05,0.05,-1,1,1,1,1,1,1,1,1,1,1,-1,0,none,-1,-1,-1,-1,-1,-1,-1,-1,-1,-1,-1,-1,0,none,-1,-1,-1,-1,-1,-1,-1,-1,-1,-1,-1,-1
239,15,wish,!!FOOD_CRYJOHNNY,14,bottomite_blue_male_average,1,-1,-1,1,recipes,30004,80014,97,2000,50006,99,80007,-1,-1,-1,-1,0.01,0.03,0.03,0.03,0.03,0.05,0.05,-1,-1,-1,-1,1,1,1,1,1,1,1,-1,-1,-1,-1,0,none,-1,-1,-1,-1,-1,-1,-1,-1,-1,-1,-1,-1,0,none,-1,-1,-1,-1,-1,-1,-1,-1,-1,-1,-1,-1
240,41,wish,!!FOOD_GARLICBREAD,14,bottomite_blue_male_average,1,-1,-1,1,recipes,30004,80014,97,2000,50006,99,80007,-1,-1,-1,-1,0.01,0.03,0.03,0.03,0.03,0.05,0.05,-1,-1,-1,-1,1,1,1,1,1,1,1,-1,-1,-1,-1,0,none,-1,-1,-1,-1,-1,-1,-1,-1,-1,-1,-1,-1,0,none,-1,-1,-1,-1,-1,-1,-1,-1,-1,-1,-1,-1
241,21,wish,!!FOOD_KELPDOG,14,bottomite_blue_male_average,1,-1,-1,1,recipes,30004,80014,97,2000,50006,99,80007,-1,-1,-1,-1,0.01,0.03,0.03,0.03,0.03,0.05,0.05,-1,-1,-1,-1,1,1,1,1,1,1,1,-1,-1,-1,-1,0,none,-1,-1,-1,-1,-1,-1,-1,-1,-1,-1,-1,-1,0,none,-1,-1,-1,-1,-1,-1,-1,-1,-1,-1,-1,-1
242,20002,wish,!!JUICE_LIMEADE,14,bottomite_blue_male_average,1,-1,-1,1,recipes,30004,80014,97,2000,50006,99,80007,-1,-1,-1,-1,0.01,0.03,0.03,0.03,0.03,0.05,0.05,-1,-1,-1,-1,1,1,1,1,1,1,1,-1,-1,-1,-1,0,none,-1,-1,-1,-1,-1,-1,-1,-1,-1,-1,-1,-1,0,none,-1,-1,-1,-1,-1,-1,-1,-1,-1,-1,-1,-1
243,30004,wish,!!SMOOTHIE_CITRUS_SLURVEY,14,bottomite_blue_male_average,1,-1,-1,1,recipes,30004,80014,97,2000,50006,99,80007,-1,-1,-1,-1,0.01,0.03,0.03,0.03,0.03,0.05,0.05,-1,-1,-1,-1,1,1,1,1,1,1,1,-1,-1,-1,-1,0,none,-1,-1,-1,-1,-1,-1,-1,-1,-1,-1,-1,-1,0,none,-1,-1,-1,-1,-1,-1,-1,-1,-1,-1,-1,-1
244,50006,wish,!!SHAKE_TARTBERRY_TWIST,14,bottomite_blue_male_average,1,-1,-1,1,recipes,30004,80014,97,2000,50006,99,80007,-1,-1,-1,-1,0.01,0.03,0.03,0.03,0.03,0.05,0.05,-1,-1,-1,-1,1,1,1,1,1,1,1,-1,-1,-1,-1,0,none,-1,-1,-1,-1,-1,-1,-1,-1,-1,-1,-1,-1,0,none,-1,-1,-1,-1,-1,-1,-1,-1,-1,-1,-1,-1
245,70011,wish,!!PERFUME_THEDUMP,14,bottomite_blue_male_average,1,-1,-1,1,recipes,30004,80014,97,2000,50006,99,80007,-1,-1,-1,-1,0.01,0.03,0.03,0.03,0.03,0.05,0.05,-1,-1,-1,-1,1,1,1,1,1,1,1,-1,-1,-1,-1,0,none,-1,-1,-1,-1,-1,-1,-1,-1,-1,-1,-1,-1,0,none,-1,-1,-1,-1,-1,-1,-1,-1,-1,-1,-1,-1
246,70009,wish,!!PERFUME_SEASHANTY,14,bottomite_blue_male_average,1,-1,-1,1,recipes,30004,80014,97,2000,50006,99,80007,-1,-1,-1,-1,0.01,0.03,0.03,0.03,0.03,0.05,0.05,-1,-1,-1,-1,1,1,1,1,1,1,1,-1,-1,-1,-1,0,none,-1,-1,-1,-1,-1,-1,-1,-1,-1,-1,-1,-1,0,none,-1,-1,-1,-1,-1,-1,-1,-1,-1,-1,-1,-1
247,80005,wish,!!FOOD_BAKED_EVERYVILLAINISLEMONBAR,14,bottomite_blue_male_average,1,-1,-1,1,recipes,30004,80014,97,2000,50006,99,80007,-1,-1,-1,-1,0.01,0.03,0.03,0.03,0.03,0.05,0.05,-1,-1,-1,-1,1,1,1,1,1,1,1,-1,-1,-1,-1,0,none,-1,-1,-1,-1,-1,-1,-1,-1,-1,-1,-1,-1,0,none,-1,-1,-1,-1,-1,-1,-1,-1,-1,-1,-1,-1
248,80010,wish,!!FOOD_BAKED_MERINGUELEMANRAY,14,bottomite_blue_male_average,1,-1,-1,1,recipes,30004,80014,97,2000,50006,99,80007,-1,-1,-1,-1,0.01,0.03,0.03,0.03,0.03,0.05,0.05,-1,-1,-1,-1,1,1,1,1,1,1,1,-1,-1,-1,-1,0,none,-1,-1,-1,-1,-1,-1,-1,-1,-1,-1,-1,-1,0,none,-1,-1,-1,-1,-1,-1,-1,-1,-1,-1,-1,-1
249,46,wish,!!FOOD_SALAD,15,bottomite_green_female_average,1,-1,-1,1,recipes,40004,80013,70010,70004,60000,14,30010,40003,70001,50005,-1,0.01,0.03,0.03,0.03,0.03,0.05,0.05,0.05,0.05,0.05,-1,1,1,1,1,1,1,1,1,1,1,-1,0,none,-1,-1,-1,-1,-1,-1,-1,-1,-1,-1,-1,-1,0,none,-1,-1,-1,-1,-1,-1,-1,-1,-1,-1,-1,-1
250,40,wish,!!FOOD_VEGGIEPATTY,15,bottomite_green_female_average,1,-1,-1,1,recipes,40004,80013,70010,70004,60000,14,30010,40003,70001,50005,-1,0.01,0.03,0.03,0.03,0.03,0.05,0.05,0.05,0.05,0.05,-1,1,1,1,1,1,1,1,1,1,1,-1,0,none,-1,-1,-1,-1,-1,-1,-1,-1,-1,-1,-1,-1,0,none,-1,-1,-1,-1,-1,-1,-1,-1,-1,-1,-1,-1
251,27,wish,!!FOOD_BRUSCHETTA,15,bottomite_green_female_average,1,-1,-1,1,recipes,40004,80013,70010,70004,60000,14,30010,40003,70001,50005,-1,0.01,0.03,0.03,0.03,0.03,0.05,0.05,0.05,0.05,0.05,-1,1,1,1,1,1,1,1,1,1,1,-1,0,none,-1,-1,-1,-1,-1,-1,-1,-1,-1,-1,-1,-1,0,none,-1,-1,-1,-1,-1,-1,-1,-1,-1,-1,-1,-1
252,20001,wish,!!JUICE_LEMONADE,15,bottomite_green_female_average,1,-1,-1,1,recipes,40004,80013,70010,70004,60000,14,30010,40003,70001,50005,-1,0.01,0.03,0.03,0.03,0.03,0.05,0.05,0.05,0.05,0.05,-1,1,1,1,1,1,1,1,1,1,1,-1,0,none,-1,-1,-1,-1,-1,-1,-1,-1,-1,-1,-1,-1,0,none,-1,-1,-1,-1,-1,-1,-1,-1,-1,-1,-1,-1
253,30000,wish,!!SMOOTHIE_BANANA_BREAKER,15,bottomite_green_female_average,1,-1,-1,1,recipes,40004,80013,70010,70004,60000,14,30010,40003,70001,50005,-1,0.01,0.03,0.03,0.03,0.03,0.05,0.05,0.05,0.05,0.05,-1,1,1,1,1,1,1,1,1,1,1,-1,0,none,-1,-1,-1,-1,-1,-1,-1,-1,-1,-1,-1,-1,0,none,-1,-1,-1,-1,-1,-1,-1,-1,-1,-1,-1,-1
254,40007,wish,!!ICECREAM_STRAWBERRY,15,bottomite_green_female_average,1,-1,-1,1,recipes,40004,80013,70010,70004,60000,14,30010,40003,70001,50005,-1,0.01,0.03,0.03,0.03,0.03,0.05,0.05,0.05,0.05,0.05,-1,1,1,1,1,1,1,1,1,1,1,-1,0,none,-1,-1,-1,-1,-1,-1,-1,-1,-1,-1,-1,-1,0,none,-1,-1,-1,-1,-1,-1,-1,-1,-1,-1,-1,-1
255,50000,wish,!!SHAKE_BANANAS_N_BITS,15,bottomite_green_female_average,1,-1,-1,1,recipes,40004,80013,70010,70004,60000,14,30010,40003,70001,50005,-1,0.01,0.03,0.03,0.03,0.03,0.05,0.05,0.05,0.05,0.05,-1,1,1,1,1,1,1,1,1,1,1,-1,0,none,-1,-1,-1,-1,-1,-1,-1,-1,-1,-1,-1,-1,0,none,-1,-1,-1,-1,-1,-1,-1,-1,-1,-1,-1,-1
256,60017,wish,!!BOUQUET_FLOWERCORAL_CUPCORALTREE,15,bottomite_green_female_average,1,-1,-1,1,recipes,40004,80013,70010,70004,60000,14,30010,40003,70001,50005,-1,0.01,0.03,0.03,0.03,0.03,0.05,0.05,0.05,0.05,0.05,-1,1,1,1,1,1,1,1,1,1,1,-1,0,none,-1,-1,-1,-1,-1,-1,-1,-1,-1,-1,-1,-1,0,none,-1,-1,-1,-1,-1,-1,-1,-1,-1,-1,-1,-1
257,60018,wish,!!BOUQUET_FLOWERCORAL_CORALPARADISE,15,bottomite_green_female_average,1,-1,-1,1,recipes,40004,80013,70010,70004,60000,14,30010,40003,70001,50005,-1,0.01,0.03,0.03,0.03,0.03,0.05,0.05,0.05,0.05,0.05,-1,1,1,1,1,1,1,1,1,1,1,-1,0,none,-1,-1,-1,-1,-1,-1,-1,-1,-1,-1,-1,-1,0,none,-1,-1,-1,-1,-1,-1,-1,-1,-1,-1,-1,-1
258,70010,wish,!!PERFUME_THATSSOCORAL,15,bottomite_green_female_average,1,-1,-1,1,recipes,40004,80013,70010,70004,60000,14,30010,40003,70001,50005,-1,0.01,0.03,0.03,0.03,0.03,0.05,0.05,0.05,0.05,0.05,-1,1,1,1,1,1,1,1,1,1,1,-1,0,none,-1,-1,-1,-1,-1,-1,-1,-1,-1,-1,-1,-1,0,none,-1,-1,-1,-1,-1,-1,-1,-1,-1,-1,-1,-1
259,80013,wish,!!FOOD_BAKED_SEALIMEPIE,15,bottomite_green_female_average,1,-1,-1,1,recipes,40004,80013,70010,70004,60000,14,30010,40003,70001,50005,-1,0.01,0.03,0.03,0.03,0.03,0.05,0.05,0.05,0.05,0.05,-1,1,1,1,1,1,1,1,1,1,1,-1,0,none,-1,-1,-1,-1,-1,-1,-1,-1,-1,-1,-1,-1,0,none,-1,-1,-1,-1,-1,-1,-1,-1,-1,-1,-1,-1
260,99,wish,!!FOOD_PIPSQUEAKPATTY,16,bottomite_green_male_average_2,1,-1,-1,1,recipes,50000,80014,20002,40005,60000,14,30014,40003,70002,-1,-1,0.01,0.03,0.03,0.03,0.03,0.05,0.05,0.05,0.05,-1,-1,1,1,1,1,1,1,1,1,1,-1,-1,0,none,-1,-1,-1,-1,-1,-1,-1,-1,-1,-1,-1,-1,0,none,-1,-1,-1,-1,-1,-1,-1,-1,-1,-1,-1,-1
261,97,wish,!!FOOD_PICODEGALLO,16,bottomite_green_male_average_2,1,-1,-1,1,recipes,50000,80014,20002,40005,60000,14,30014,40003,70002,-1,-1,0.01,0.03,0.03,0.03,0.03,0.05,0.05,0.05,0.05,-1,-1,1,1,1,1,1,1,1,1,1,-1,-1,0,none,-1,-1,-1,-1,-1,-1,-1,-1,-1,-1,-1,-1,0,none,-1,-1,-1,-1,-1,-1,-1,-1,-1,-1,-1,-1
262,19,wish,!!FOOD_KELPCAKE,16,bottomite_green_male_average_2,1,-1,-1,1,recipes,50000,80014,20002,40005,60000,14,30014,40003,70002,-1,-1,0.01,0.03,0.03,0.03,0.03,0.05,0.05,0.05,0.05,-1,-1,1,1,1,1,1,1,1,1,1,-1,-1,0,none,-1,-1,-1,-1,-1,-1,-1,-1,-1,-1,-1,-1,0,none,-1,-1,-1,-1,-1,-1,-1,-1,-1,-1,-1,-1
263,20000,wish,!!JUICE_APPLE,16,bottomite_green_male_average_2,1,-1,-1,1,recipes,50000,80014,20002,40005,60000,14,30014,40003,70002,-1,-1,0.01,0.03,0.03,0.03,0.03,0.05,0.05,0.05,0.05,-1,-1,1,1,1,1,1,1,1,1,1,-1,-1,0,none,-1,-1,-1,-1,-1,-1,-1,-1,-1,-1,-1,-1,0,none,-1,-1,-1,-1,-1,-1,-1,-1,-1,-1,-1,-1
264,30004,wish,!!SMOOTHIE_CITRUS_SLURVEY,16,bottomite_green_male_average_2,1,-1,-1,1,recipes,50000,80014,20002,40005,60000,14,30014,40003,70002,-1,-1,0.01,0.03,0.03,0.03,0.03,0.05,0.05,0.05,0.05,-1,-1,1,1,1,1,1,1,1,1,1,-1,-1,0,none,-1,-1,-1,-1,-1,-1,-1,-1,-1,-1,-1,-1,0,none,-1,-1,-1,-1,-1,-1,-1,-1,-1,-1,-1,-1
265,40001,wish,!!ICECREAM_BANANA_SPLIT,16,bottomite_green_male_average_2,1,-1,-1,1,recipes,50000,80014,20002,40005,60000,14,30014,40003,70002,-1,-1,0.01,0.03,0.03,0.03,0.03,0.05,0.05,0.05,0.05,-1,-1,1,1,1,1,1,1,1,1,1,-1,-1,0,none,-1,-1,-1,-1,-1,-1,-1,-1,-1,-1,-1,-1,0,none,-1,-1,-1,-1,-1,-1,-1,-1,-1,-1,-1,-1
266,50007,wish,!!SHAKE_VANILLA_BLAST,16,bottomite_green_male_average_2,1,-1,-1,1,recipes,50000,80014,20002,40005,60000,14,30014,40003,70002,-1,-1,0.01,0.03,0.03,0.03,0.03,0.05,0.05,0.05,0.05,-1,-1,1,1,1,1,1,1,1,1,1,-1,-1,0,none,-1,-1,-1,-1,-1,-1,-1,-1,-1,-1,-1,-1,0,none,-1,-1,-1,-1,-1,-1,-1,-1,-1,-1,-1,-1
267,70007,wish,!!PERFUME_LAMPREYAWAY,16,bottomite_green_male_average_2,1,-1,-1,1,recipes,50000,80014,20002,40005,60000,14,30014,40003,70002,-1,-1,0.01,0.03,0.03,0.03,0.03,0.05,0.05,0.05,0.05,-1,-1,1,1,1,1,1,1,1,1,1,-1,-1,0,none,-1,-1,-1,-1,-1,-1,-1,-1,-1,-1,-1,-1,0,none,-1,-1,-1,-1,-1,-1,-1,-1,-1,-1,-1,-1
268,80009,wish,!!FOOD_BAKED_MAROONEDMACAROONS,16,bottomite_green_male_average_2,1,-1,-1,1,recipes,50000,80014,20002,40005,60000,14,30014,40003,70002,-1,-1,0.01,0.03,0.03,0.03,0.03,0.05,0.05,0.05,0.05,-1,-1,1,1,1,1,1,1,1,1,1,-1,-1,0,none,-1,-1,-1,-1,-1,-1,-1,-1,-1,-1,-1,-1,0,none,-1,-1,-1,-1,-1,-1,-1,-1,-1,-1,-1,-1
269,80011,wish,!!FOOD_BAKED_PUFFERPASTRYTART,16,bottomite_green_male_average_2,1,-1,-1,1,recipes,50000,80014,20002,40005,60000,14,30014,40003,70002,-1,-1,0.01,0.03,0.03,0.03,0.03,0.05,0.05,0.05,0.05,-1,-1,1,1,1,1,1,1,1,1,1,-1,-1,0,none,-1,-1,-1,-1,-1,-1,-1,-1,-1,-1,-1,-1,0,none,-1,-1,-1,-1,-1,-1,-1,-1,-1,-1,-1,-1
270,97,wish,!!FOOD_PICODEGALLO,17,bottomite_pink_female_average_2,1,-1,-1,1,recipes,60018,80001,70010,60017,60004,14,30010,40000,70001,50003,-1,0.01,0.03,0.03,0.03,0.03,0.05,0.05,0.05,0.05,0.05,-1,1,1,1,1,1,1,1,1,1,1,-1,0,none,-1,-1,-1,-1,-1,-1,-1,-1,-1,-1,-1,-1,0,none,-1,-1,-1,-1,-1,-1,-1,-1,-1,-1,-1,-1
271,46,wish,!!FOOD_SALAD,17,bottomite_pink_female_average_2,1,-1,-1,1,recipes,60018,80001,70010,60017,60004,14,30010,40000,70001,50003,-1,0.01,0.03,0.03,0.03,0.03,0.05,0.05,0.05,0.05,0.05,-1,1,1,1,1,1,1,1,1,1,1,-1,0,none,-1,-1,-1,-1,-1,-1,-1,-1,-1,-1,-1,-1,0,none,-1,-1,-1,-1,-1,-1,-1,-1,-1,-1,-1,-1
272,41,wish,!!FOOD_GARLICBREAD,17,bottomite_pink_female_average_2,1,-1,-1,1,recipes,60018,80001,70010,60017,60004,14,30010,40000,70001,50003,-1,0.01,0.03,0.03,0.03,0.03,0.05,0.05,0.05,0.05,0.05,-1,1,1,1,1,1,1,1,1,1,1,-1,0,none,-1,-1,-1,-1,-1,-1,-1,-1,-1,-1,-1,-1,0,none,-1,-1,-1,-1,-1,-1,-1,-1,-1,-1,-1,-1
273,20004,wish,!!JUICE_PEACHNECTAR,17,bottomite_pink_female_average_2,1,-1,-1,1,recipes,60018,80001,70010,60017,60004,14,30010,40000,70001,50003,-1,0.01,0.03,0.03,0.03,0.03,0.05,0.05,0.05,0.05,0.05,-1,1,1,1,1,1,1,1,1,1,1,-1,0,none,-1,-1,-1,-1,-1,-1,-1,-1,-1,-1,-1,-1,0,none,-1,-1,-1,-1,-1,-1,-1,-1,-1,-1,-1,-1
274,30009,wish,!!SMOOTHIE_STRAWBERRY_SQUEEZE,17,bottomite_pink_female_average_2,1,-1,-1,1,recipes,60018,80001,70010,60017,60004,14,30010,40000,70001,50003,-1,0.01,0.03,0.03,0.03,0.03,0.05,0.05,0.05,0.05,0.05,-1,1,1,1,1,1,1,1,1,1,1,-1,0,none,-1,-1,-1,-1,-1,-1,-1,-1,-1,-1,-1,-1,0,none,-1,-1,-1,-1,-1,-1,-1,-1,-1,-1,-1,-1
275,40000,wish,!!ICECREAM_BANANA,17,bottomite_pink_female_average_2,1,-1,-1,1,recipes,60018,80001,70010,60017,60004,14,30010,40000,70001,50003,-1,0.01,0.03,0.03,0.03,0.03,0.05,0.05,0.05,0.05,0.05,-1,1,1,1,1,1,1,1,1,1,1,-1,0,none,-1,-1,-1,-1,-1,-1,-1,-1,-1,-1,-1,-1,0,none,-1,-1,-1,-1,-1,-1,-1,-1,-1,-1,-1,-1
276,50007,wish,!!SHAKE_VANILLA_BLAST,17,bottomite_pink_female_average_2,1,-1,-1,1,recipes,60018,80001,70010,60017,60004,14,30010,40000,70001,50003,-1,0.01,0.03,0.03,0.03,0.03,0.05,0.05,0.05,0.05,0.05,-1,1,1,1,1,1,1,1,1,1,1,-1,0,none,-1,-1,-1,-1,-1,-1,-1,-1,-1,-1,-1,-1,0,none,-1,-1,-1,-1,-1,-1,-1,-1,-1,-1,-1,-1
277,60017,wish,!!BOUQUET_FLOWERCORAL_CUPCORALTREE,17,bottomite_pink_female_average_2,1,-1,-1,1,recipes,60018,80001,70010,60017,60004,14,30010,40000,70001,50003,-1,0.01,0.03,0.03,0.03,0.03,0.05,0.05,0.05,0.05,0.05,-1,1,1,1,1,1,1,1,1,1,1,-1,0,none,-1,-1,-1,-1,-1,-1,-1,-1,-1,-1,-1,-1,0,none,-1,-1,-1,-1,-1,-1,-1,-1,-1,-1,-1,-1
278,70006,wish,!!PERFUME_FISHERMANSFLOWERS,17,bottomite_pink_female_average_2,1,-1,-1,1,recipes,60018,80001,70010,60017,60004,14,30010,40000,70001,50003,-1,0.01,0.03,0.03,0.03,0.03,0.05,0.05,0.05,0.05,0.05,-1,1,1,1,1,1,1,1,1,1,1,-1,0,none,-1,-1,-1,-1,-1,-1,-1,-1,-1,-1,-1,-1,0,none,-1,-1,-1,-1,-1,-1,-1,-1,-1,-1,-1,-1
279,80008,wish,!!FOOD_BAKED_LIFESABEACHPEACHCOBBLER,17,bottomite_pink_female_average_2,1,-1,-1,1,recipes,60018,80001,70010,60017,60004,14,30010,40000,70001,50003,-1,0.01,0.03,0.03,0.03,0.03,0.05,0.05,0.05,0.05,0.05,-1,1,1,1,1,1,1,1,1,1,1,-1,0,none,-1,-1,-1,-1,-1,-1,-1,-1,-1,-1,-1,-1,0,none,-1,-1,-1,-1,-1,-1,-1,-1,-1,-1,-1,-1
280,1,wish,!!FOOD_KRABBYPATTY,18,bottomite_orange_male_anchovy_2,1,-1,-1,1,recipes,50002,80001,40002,50006,60004,40,30011,40007,70002,50003,-1,0.01,0.03,0.03,0.03,0.03,0.05,0.05,0.05,0.05,0.05,-1,1,1,1,1,1,1,1,1,1,1,-1,0,none,-1,-1,-1,-1,-1,-1,-1,-1,-1,-1,-1,-1,0,none,-1,-1,-1,-1,-1,-1,-1,-1,-1,-1,-1,-1
281,18,wish,!!FOOD_KELPFRIES,18,bottomite_orange_male_anchovy_2,1,-1,-1,1,recipes,50002,80001,40002,50006,60004,40,30011,40007,70002,50003,-1,0.01,0.03,0.03,0.03,0.03,0.05,0.05,0.05,0.05,0.05,-1,1,1,1,1,1,1,1,1,1,1,-1,0,none,-1,-1,-1,-1,-1,-1,-1,-1,-1,-1,-1,-1,0,none,-1,-1,-1,-1,-1,-1,-1,-1,-1,-1,-1,-1
282,22,wish,!!FOOD_SEAWEEDSALAD,18,bottomite_orange_male_anchovy_2,1,-1,-1,1,recipes,50002,80001,40002,50006,60004,40,30011,40007,70002,50003,-1,0.01,0.03,0.03,0.03,0.03,0.05,0.05,0.05,0.05,0.05,-1,1,1,1,1,1,1,1,1,1,1,-1,0,none,-1,-1,-1,-1,-1,-1,-1,-1,-1,-1,-1,-1,0,none,-1,-1,-1,-1,-1,-1,-1,-1,-1,-1,-1,-1
283,20003,wish,!!JUICE_ORANGE,18,bottomite_orange_male_anchovy_2,1,-1,-1,1,recipes,50002,80001,40002,50006,60004,40,30011,40007,70002,50003,-1,0.01,0.03,0.03,0.03,0.03,0.05,0.05,0.05,0.05,0.05,-1,1,1,1,1,1,1,1,1,1,1,-1,0,none,-1,-1,-1,-1,-1,-1,-1,-1,-1,-1,-1,-1,0,none,-1,-1,-1,-1,-1,-1,-1,-1,-1,-1,-1,-1
284,30008,wish,!!SMOOTHIE_ORANGE_NUT,18,bottomite_orange_male_anchovy_2,1,-1,-1,1,recipes,50002,80001,40002,50006,60004,40,30011,40007,70002,50003,-1,0.01,0.03,0.03,0.03,0.03,0.05,0.05,0.05,0.05,0.05,-1,1,1,1,1,1,1,1,1,1,1,-1,0,none,-1,-1,-1,-1,-1,-1,-1,-1,-1,-1,-1,-1,0,none,-1,-1,-1,-1,-1,-1,-1,-1,-1,-1,-1,-1
285,40003,wish,!!ICECREAM_CARAMEL,18,bottomite_orange_male_anchovy_2,1,-1,-1,1,recipes,50002,80001,40002,50006,60004,40,30011,40007,70002,50003,-1,0.01,0.03,0.03,0.03,0.03,0.05,0.05,0.05,0.05,0.05,-1,1,1,1,1,1,1,1,1,1,1,-1,0,none,-1,-1,-1,-1,-1,-1,-1,-1,-1,-1,-1,-1,0,none,-1,-1,-1,-1,-1,-1,-1,-1,-1,-1,-1,-1
286,50005,wish,!!SHAKE_STRAWBERRY_RIPTIDE,18,bottomite_orange_male_anchovy_2,1,-1,-1,1,recipes,50002,80001,40002,50006,60004,40,30011,40007,70002,50003,-1,0.01,0.03,0.03,0.03,0.03,0.05,0.05,0.05,0.05,0.05,-1,1,1,1,1,1,1,1,1,1,1,-1,0,none,-1,-1,-1,-1,-1,-1,-1,-1,-1,-1,-1,-1,0,none,-1,-1,-1,-1,-1,-1,-1,-1,-1,-1,-1,-1
287,60014,wish,!!BOUQUET_FLOWERCORAL_FRIENDLYFLOWER,18,bottomite_orange_male_anchovy_2,1,-1,-1,1,recipes,50002,80001,40002,50006,60004,40,30011,40007,70002,50003,-1,0.01,0.03,0.03,0.03,0.03,0.05,0.05,0.05,0.05,0.05,-1,1,1,1,1,1,1,1,1,1,1,-1,0,none,-1,-1,-1,-1,-1,-1,-1,-1,-1,-1,-1,-1,0,none,-1,-1,-1,-1,-1,-1,-1,-1,-1,-1,-1,-1
288,70009,wish,!!PERFUME_SEASHANTY,18,bottomite_orange_male_anchovy_2,1,-1,-1,1,recipes,50002,80001,40002,50006,60004,40,30011,40007,70002,50003,-1,0.01,0.03,0.03,0.03,0.03,0.05,0.05,0.05,0.05,0.05,-1,1,1,1,1,1,1,1,1,1,1,-1,0,none,-1,-1,-1,-1,-1,-1,-1,-1,-1,-1,-1,-1,0,none,-1,-1,-1,-1,-1,-1,-1,-1,-1,-1,-1,-1
289,80009,wish,!!FOOD_BAKED_MAROONEDMACAROONS,18,bottomite_orange_male_anchovy_2,1,-1,-1,1,recipes,50002,80001,40002,50006,60004,40,30011,40007,70002,50003,-1,0.01,0.03,0.03,0.03,0.03,0.05,0.05,0.05,0.05,0.05,-1,1,1,1,1,1,1,1,1,1,1,-1,0,none,-1,-1,-1,-1,-1,-1,-1,-1,-1,-1,-1,-1,0,none,-1,-1,-1,-1,-1,-1,-1,-1,-1,-1,-1,-1
290,1,wish,!!FOOD_KRABBYPATTY,19,barnacleboy,1,-1,-1,1,recipes,70007,80005,70008,50001,60003,40,30011,40007,70002,50003,-1,0.01,0.03,0.03,0.03,0.03,0.05,0.05,0.05,0.05,0.05,-1,1,1,1,1,1,1,1,1,1,1,-1,0,none,-1,-1,-1,-1,-1,-1,-1,-1,-1,-1,-1,-1,0,none,-1,-1,-1,-1,-1,-1,-1,-1,-1,-1,-1,-1
291,19,wish,!!FOOD_KELPCAKE,19,barnacleboy,1,-1,-1,1,recipes,70007,80005,70008,50001,60003,40,30011,40007,70002,50003,-1,0.01,0.03,0.03,0.03,0.03,0.05,0.05,0.05,0.05,0.05,-1,1,1,1,1,1,1,1,1,1,1,-1,0,none,-1,-1,-1,-1,-1,-1,-1,-1,-1,-1,-1,-1,0,none,-1,-1,-1,-1,-1,-1,-1,-1,-1,-1,-1,-1
292,99,wish,!!FOOD_PIPSQUEAKPATTY,19,barnacleboy,1,-1,-1,1,recipes,70007,80005,70008,50001,60003,40,30011,40007,70002,50003,-1,0.01,0.03,0.03,0.03,0.03,0.05,0.05,0.05,0.05,0.05,-1,1,1,1,1,1,1,1,1,1,1,-1,0,none,-1,-1,-1,-1,-1,-1,-1,-1,-1,-1,-1,-1,0,none,-1,-1,-1,-1,-1,-1,-1,-1,-1,-1,-1,-1
293,20002,wish,!!JUICE_LIMEADE,19,barnacleboy,1,-1,-1,1,recipes,70007,80005,70008,50001,60003,40,30011,40007,70002,50003,-1,0.01,0.03,0.03,0.03,0.03,0.05,0.05,0.05,0.05,0.05,-1,1,1,1,1,1,1,1,1,1,1,-1,0,none,-1,-1,-1,-1,-1,-1,-1,-1,-1,-1,-1,-1,0,none,-1,-1,-1,-1,-1,-1,-1,-1,-1,-1,-1,-1
294,30004,wish,!!SMOOTHIE_CITRUS_SLURVEY,19,barnacleboy,1,-1,-1,1,recipes,70007,80005,70008,50001,60003,40,30011,40007,70002,50003,-1,0.01,0.03,0.03,0.03,0.03,0.05,0.05,0.05,0.05,0.05,-1,1,1,1,1,1,1,1,1,1,1,-1,0,none,-1,-1,-1,-1,-1,-1,-1,-1,-1,-1,-1,-1,0,none,-1,-1,-1,-1,-1,-1,-1,-1,-1,-1,-1,-1
295,40002,wish,!!ICECREAM_BERRY_SCOOPS,19,barnacleboy,1,-1,-1,1,recipes,70007,80005,70008,50001,60003,40,30011,40007,70002,50003,-1,0.01,0.03,0.03,0.03,0.03,0.05,0.05,0.05,0.05,0.05,-1,1,1,1,1,1,1,1,1,1,1,-1,0,none,-1,-1,-1,-1,-1,-1,-1,-1,-1,-1,-1,-1,0,none,-1,-1,-1,-1,-1,-1,-1,-1,-1,-1,-1,-1
296,50001,wish,!!SHAKE_BERRY_BLISS,19,barnacleboy,1,-1,-1,1,recipes,70007,80005,70008,50001,60003,40,30011,40007,70002,50003,-1,0.01,0.03,0.03,0.03,0.03,0.05,0.05,0.05,0.05,0.05,-1,1,1,1,1,1,1,1,1,1,1,-1,0,none,-1,-1,-1,-1,-1,-1,-1,-1,-1,-1,-1,-1,0,none,-1,-1,-1,-1,-1,-1,-1,-1,-1,-1,-1,-1
297,60016,wish,!!BOUQUET_FLOWERCORAL_BUNCHOBRANCHES,19,barnacleboy,1,-1,-1,1,recipes,70007,80005,70008,50001,60003,40,30011,40007,70002,50003,-1,0.01,0.03,0.03,0.03,0.03,0.05,0.05,0.05,0.05,0.05,-1,1,1,1,1,1,1,1,1,1,1,-1,0,none,-1,-1,-1,-1,-1,-1,-1,-1,-1,-1,-1,-1,0,none,-1,-1,-1,-1,-1,-1,-1,-1,-1,-1,-1,-1
298,70008,wish,!!PERFUME_SCENTOSAILOR,19,barnacleboy,1,-1,-1,1,recipes,70007,80005,70008,50001,60003,40,30011,40007,70002,50003,-1,0.01,0.03,0.03,0.03,0.03,0.05,0.05,0.05,0.05,0.05,-1,1,1,1,1,1,1,1,1,1,1,-1,0,none,-1,-1,-1,-1,-1,-1,-1,-1,-1,-1,-1,-1,0,none,-1,-1,-1,-1,-1,-1,-1,-1,-1,-1,-1,-1
299,80005,wish,!!FOOD_BAKED_EVERYVILLAINISLEMONBAR,19,barnacleboy,1,-1,-1,1,recipes,70007,80005,70008,50001,60003,40,30011,40007,70002,50003,-1,0.01,0.03,0.03,0.03,0.03,0.05,0.05,0.05,0.05,0.05,-1,1,1,1,1,1,1,1,1,1,1,-1,0,none,-1,-1,-1,-1,-1,-1,-1,-1,-1,-1,-1,-1,0,none,-1,-1,-1,-1,-1,-1,-1,-1,-1,-1,-1,-1
300,22,wish,!!FOOD_SEAWEEDSALAD,20,kevinseacucumber,1,-1,-1,1,recipes,70007,80009,70008,40008,60003,40007,80003,-1,-1,-1,-1,0.01,0.03,0.03,0.03,0.03,0.05,0.05,-1,-1,-1,-1,1,1,1,1,1,1,1,-1,-1,-1,-1,0,none,-1,-1,-1,-1,-1,-1,-1,-1,-1,-1,-1,-1,0,none,-1,-1,-1,-1,-1,-1,-1,-1,-1,-1,-1,-1
301,40,wish,!!FOOD_VEGGIEPATTY,20,kevinseacucumber,1,-1,-1,1,recipes,70007,80009,70008,40008,60003,40007,80003,-1,-1,-1,-1,0.01,0.03,0.03,0.03,0.03,0.05,0.05,-1,-1,-1,-1,1,1,1,1,1,1,1,-1,-1,-1,-1,0,none,-1,-1,-1,-1,-1,-1,-1,-1,-1,-1,-1,-1,0,none,-1,-1,-1,-1,-1,-1,-1,-1,-1,-1,-1,-1
302,23,wish,!!FOOD_KELPKLT,20,kevinseacucumber,1,-1,-1,1,recipes,70007,80009,70008,40008,60003,40007,80003,-1,-1,-1,-1,0.01,0.03,0.03,0.03,0.03,0.05,0.05,-1,-1,-1,-1,1,1,1,1,1,1,1,-1,-1,-1,-1,0,none,-1,-1,-1,-1,-1,-1,-1,-1,-1,-1,-1,-1,0,none,-1,-1,-1,-1,-1,-1,-1,-1,-1,-1,-1,-1
303,20004,wish,!!JUICE_PEACHNECTAR,20,kevinseacucumber,1,-1,-1,1,recipes,70007,80009,70008,40008,60003,40007,80003,-1,-1,-1,-1,0.01,0.03,0.03,0.03,0.03,0.05,0.05,-1,-1,-1,-1,1,1,1,1,1,1,1,-1,-1,-1,-1,0,none,-1,-1,-1,-1,-1,-1,-1,-1,-1,-1,-1,-1,0,none,-1,-1,-1,-1,-1,-1,-1,-1,-1,-1,-1,-1
304,30000,wish,!!SMOOTHIE_BANANA_BREAKER,20,kevinseacucumber,1,-1,-1,1,recipes,70007,80009,70008,40008,60003,40007,80003,-1,-1,-1,-1,0.01,0.03,0.03,0.03,0.03,0.05,0.05,-1,-1,-1,-1,1,1,1,1,1,1,1,-1,-1,-1,-1,0,none,-1,-1,-1,-1,-1,-1,-1,-1,-1,-1,-1,-1,0,none,-1,-1,-1,-1,-1,-1,-1,-1,-1,-1,-1,-1
305,40005,wish,!!ICECREAM_LEMON_GELATO,20,kevinseacucumber,1,-1,-1,1,recipes,70007,80009,70008,40008,60003,40007,80003,-1,-1,-1,-1,0.01,0.03,0.03,0.03,0.03,0.05,0.05,-1,-1,-1,-1,1,1,1,1,1,1,1,-1,-1,-1,-1,0,none,-1,-1,-1,-1,-1,-1,-1,-1,-1,-1,-1,-1,0,none,-1,-1,-1,-1,-1,-1,-1,-1,-1,-1,-1,-1
306,50006,wish,!!SHAKE_TARTBERRY_TWIST,20,kevinseacucumber,1,-1,-1,1,recipes,70007,80009,70008,40008,60003,40007,80003,-1,-1,-1,-1,0.01,0.03,0.03,0.03,0.03,0.05,0.05,-1,-1,-1,-1,1,1,1,1,1,1,1,-1,-1,-1,-1,0,none,-1,-1,-1,-1,-1,-1,-1,-1,-1,-1,-1,-1,0,none,-1,-1,-1,-1,-1,-1,-1,-1,-1,-1,-1,-1
307,60015,wish,!!BOUQUET_FLOWERCORAL_CUPN2FLOWERS,20,kevinseacucumber,1,-1,-1,1,recipes,70007,80009,70008,40008,60003,40007,80003,-1,-1,-1,-1,0.01,0.03,0.03,0.03,0.03,0.05,0.05,-1,-1,-1,-1,1,1,1,1,1,1,1,-1,-1,-1,-1,0,none,-1,-1,-1,-1,-1,-1,-1,-1,-1,-1,-1,-1,0,none,-1,-1,-1,-1,-1,-1,-1,-1,-1,-1,-1,-1
308,70002,wish,!!PERFUME_CAPSIZEFORHIM,20,kevinseacucumber,1,-1,-1,1,recipes,70007,80009,70008,40008,60003,40007,80003,-1,-1,-1,-1,0.01,0.03,0.03,0.03,0.03,0.05,0.05,-1,-1,-1,-1,1,1,1,1,1,1,1,-1,-1,-1,-1,0,none,-1,-1,-1,-1,-1,-1,-1,-1,-1,-1,-1,-1,0,none,-1,-1,-1,-1,-1,-1,-1,-1,-1,-1,-1,-1
309,80013,wish,!!FOOD_BAKED_SEALIMEPIE,20,kevinseacucumber,1,-1,-1,1,recipes,70007,80009,70008,40008,60003,40007,80003,-1,-1,-1,-1,0.01,0.03,0.03,0.03,0.03,0.05,0.05,-1,-1,-1,-1,1,1,1,1,1,1,1,-1,-1,-1,-1,0,none,-1,-1,-1,-1,-1,-1,-1,-1,-1,-1,-1,-1,0,none,-1,-1,-1,-1,-1,-1,-1,-1,-1,-1,-1,-1
310,32,wish,!!FOOD_JELLYPATTY,21,kingneptune,1,-1,-1,1,recipes,80008,80009,70008,60003,70002,80003,-1,-1,-1,-1,-1,0.01,0.03,0.03,0.03,0.05,0.05,-1,-1,-1,-1,-1,1,1,1,1,1,1,-1,-1,-1,-1,-1,0,none,-1,-1,-1,-1,-1,-1,-1,-1,-1,-1,-1,-1,0,none,-1,-1,-1,-1,-1,-1,-1,-1,-1,-1,-1,-1
311,96,wish,!!FOOD_JELLIEDTOAST,21,kingneptune,1,-1,-1,1,recipes,80008,80009,70008,60003,70002,80003,-1,-1,-1,-1,-1,0.01,0.03,0.03,0.03,0.05,0.05,-1,-1,-1,-1,-1,1,1,1,1,1,1,-1,-1,-1,-1,-1,0,none,-1,-1,-1,-1,-1,-1,-1,-1,-1,-1,-1,-1,0,none,-1,-1,-1,-1,-1,-1,-1,-1,-1,-1,-1,-1
312,1,wish,!!FOOD_KRABBYPATTY,21,kingneptune,1,-1,-1,1,recipes,80008,80009,70008,60003,70002,80003,-1,-1,-1,-1,-1,0.01,0.03,0.03,0.03,0.05,0.05,-1,-1,-1,-1,-1,1,1,1,1,1,1,-1,-1,-1,-1,-1,0,none,-1,-1,-1,-1,-1,-1,-1,-1,-1,-1,-1,-1,0,none,-1,-1,-1,-1,-1,-1,-1,-1,-1,-1,-1,-1
313,20000,wish,!!JUICE_APPLE,21,kingneptune,1,-1,-1,1,recipes,80008,80009,70008,60003,70002,80003,-1,-1,-1,-1,-1,0.01,0.03,0.03,0.03,0.05,0.05,-1,-1,-1,-1,-1,1,1,1,1,1,1,-1,-1,-1,-1,-1,0,none,-1,-1,-1,-1,-1,-1,-1,-1,-1,-1,-1,-1,0,none,-1,-1,-1,-1,-1,-1,-1,-1,-1,-1,-1,-1
314,30006,wish,!!SMOOTHIE_LIQUID_COBBLER,21,kingneptune,1,-1,-1,1,recipes,80008,80009,70008,60003,70002,80003,-1,-1,-1,-1,-1,0.01,0.03,0.03,0.03,0.05,0.05,-1,-1,-1,-1,-1,1,1,1,1,1,1,-1,-1,-1,-1,-1,0,none,-1,-1,-1,-1,-1,-1,-1,-1,-1,-1,-1,-1,0,none,-1,-1,-1,-1,-1,-1,-1,-1,-1,-1,-1,-1
315,40001,wish,!!ICECREAM_BANANA_SPLIT,21,kingneptune,1,-1,-1,1,recipes,80008,80009,70008,60003,70002,80003,-1,-1,-1,-1,-1,0.01,0.03,0.03,0.03,0.05,0.05,-1,-1,-1,-1,-1,1,1,1,1,1,1,-1,-1,-1,-1,-1,0,none,-1,-1,-1,-1,-1,-1,-1,-1,-1,-1,-1,-1,0,none,-1,-1,-1,-1,-1,-1,-1,-1,-1,-1,-1,-1
316,50004,wish,!!SHAKE_SALTY_BANANA,21,kingneptune,1,-1,-1,1,recipes,80008,80009,70008,60003,70002,80003,-1,-1,-1,-1,-1,0.01,0.03,0.03,0.03,0.05,0.05,-1,-1,-1,-1,-1,1,1,1,1,1,1,-1,-1,-1,-1,-1,0,none,-1,-1,-1,-1,-1,-1,-1,-1,-1,-1,-1,-1,0,none,-1,-1,-1,-1,-1,-1,-1,-1,-1,-1,-1,-1
317,60018,wish,!!BOUQUET_FLOWERCORAL_CORALPARADISE,21,kingneptune,1,-1,-1,1,recipes,80008,80009,70008,60003,70002,80003,-1,-1,-1,-1,-1,0.01,0.03,0.03,0.03,0.05,0.05,-1,-1,-1,-1,-1,1,1,1,1,1,1,-1,-1,-1,-1,-1,0,none,-1,-1,-1,-1,-1,-1,-1,-1,-1,-1,-1,-1,0,none,-1,-1,-1,-1,-1,-1,-1,-1,-1,-1,-1,-1
318,70009,wish,!!PERFUME_SEASHANTY,21,kingneptune,1,-1,-1,1,recipes,80008,80009,70008,60003,70002,80003,-1,-1,-1,-1,-1,0.01,0.03,0.03,0.03,0.05,0.05,-1,-1,-1,-1,-1,1,1,1,1,1,1,-1,-1,-1,-1,-1,0,none,-1,-1,-1,-1,-1,-1,-1,-1,-1,-1,-1,-1,0,none,-1,-1,-1,-1,-1,-1,-1,-1,-1,-1,-1,-1
319,80006,wish,!!FOOD_BAKED_FERRYCHERRYCHEESECAKE,21,kingneptune,1,-1,-1,1,recipes,80008,80009,70008,60003,70002,80003,-1,-1,-1,-1,-1,0.01,0.03,0.03,0.03,0.05,0.05,-1,-1,-1,-1,-1,1,1,1,1,1,1,-1,-1,-1,-1,-1,0,none,-1,-1,-1,-1,-1,-1,-1,-1,-1,-1,-1,-1,0,none,-1,-1,-1,-1,-1,-1,-1,-1,-1,-1,-1,-1
320,32,wish,!!FOOD_JELLYPATTY,22,larrythelobster,1,-1,-1,1,recipes,30005,80006,22,2000,99,20000,60016,50006,80007,-1,-1,0.01,0.03,0.03,0.03,0.05,0.05,0.05,0.05,0.05,-1,-1,1,1,1,1,1,1,1,1,1,-1,-1,0,none,-1,-1,-1,-1,-1,-1,-1,-1,-1,-1,-1,-1,0,none,-1,-1,-1,-1,-1,-1,-1,-1,-1,-1,-1,-1
321,96,wish,!!FOOD_JELLIEDTOAST,22,larrythelobster,1,-1,-1,1,recipes,30005,80006,22,2000,99,20000,60016,50006,80007,-1,-1,0.01,0.03,0.03,0.03,0.05,0.05,0.05,0.05,0.05,-1,-1,1,1,1,1,1,1,1,1,1,-1,-1,0,none,-1,-1,-1,-1,-1,-1,-1,-1,-1,-1,-1,-1,0,none,-1,-1,-1,-1,-1,-1,-1,-1,-1,-1,-1,-1
322,46,wish,!!FOOD_SALAD,22,larrythelobster,1,-1,-1,1,recipes,30005,80006,22,2000,99,20000,60016,50006,80007,-1,-1,0.01,0.03,0.03,0.03,0.05,0.05,0.05,0.05,0.05,-1,-1,1,1,1,1,1,1,1,1,1,-1,-1,0,none,-1,-1,-1,-1,-1,-1,-1,-1,-1,-1,-1,-1,0,none,-1,-1,-1,-1,-1,-1,-1,-1,-1,-1,-1,-1
323,31,wish,!!FOOD_CAESAR_SALAD,22,larrythelobster,1,-1,-1,1,recipes,30005,80006,22,2000,99,20000,60016,50006,80007,-1,-1,0.01,0.03,0.03,0.03,0.05,0.05,0.05,0.05,0.05,-1,-1,1,1,1,1,1,1,1,1,1,-1,-1,0,none,-1,-1,-1,-1,-1,-1,-1,-1,-1,-1,-1,-1,0,none,-1,-1,-1,-1,-1,-1,-1,-1,-1,-1,-1,-1
324,40,wish,!!FOOD_VEGGIEPATTY,22,larrythelobster,1,-1,-1,1,recipes,30005,80006,22,2000,99,20000,60016,50006,80007,-1,-1,0.01,0.03,0.03,0.03,0.05,0.05,0.05,0.05,0.05,-1,-1,1,1,1,1,1,1,1,1,1,-1,-1,0,none,-1,-1,-1,-1,-1,-1,-1,-1,-1,-1,-1,-1,0,none,-1,-1,-1,-1,-1,-1,-1,-1,-1,-1,-1,-1
325,22,wish,!!FOOD_SEAWEEDSALAD,22,larrythelobster,1,-1,-1,1,recipes,30005,80006,22,2000,99,20000,60016,50006,80007,-1,-1,0.01,0.03,0.03,0.03,0.05,0.05,0.05,0.05,0.05,-1,-1,1,1,1,1,1,1,1,1,1,-1,-1,0,none,-1,-1,-1,-1,-1,-1,-1,-1,-1,-1,-1,-1,0,none,-1,-1,-1,-1,-1,-1,-1,-1,-1,-1,-1,-1
326,20003,wish,!!JUICE_ORANGE,22,larrythelobster,1,-1,-1,1,recipes,30005,80006,22,2000,99,20000,60016,50006,80007,-1,-1,0.01,0.03,0.03,0.03,0.05,0.05,0.05,0.05,0.05,-1,-1,1,1,1,1,1,1,1,1,1,-1,-1,0,none,-1,-1,-1,-1,-1,-1,-1,-1,-1,-1,-1,-1,0,none,-1,-1,-1,-1,-1,-1,-1,-1,-1,-1,-1,-1
327,30000,wish,!!SMOOTHIE_BANANA_BREAKER,22,larrythelobster,1,-1,-1,1,recipes,30005,80006,22,2000,99,20000,60016,50006,80007,-1,-1,0.01,0.03,0.03,0.03,0.05,0.05,0.05,0.05,0.05,-1,-1,1,1,1,1,1,1,1,1,1,-1,-1,0,none,-1,-1,-1,-1,-1,-1,-1,-1,-1,-1,-1,-1,0,none,-1,-1,-1,-1,-1,-1,-1,-1,-1,-1,-1,-1
328,30005,wish,!!SMOOTHIE_HANG_8,22,larrythelobster,1,-1,-1,1,recipes,30005,80006,22,2000,99,20000,60016,50006,80007,-1,-1,0.01,0.03,0.03,0.03,0.05,0.05,0.05,0.05,0.05,-1,-1,1,1,1,1,1,1,1,1,1,-1,-1,0,none,-1,-1,-1,-1,-1,-1,-1,-1,-1,-1,-1,-1,0,none,-1,-1,-1,-1,-1,-1,-1,-1,-1,-1,-1,-1
329,80000,wish,!!FOOD_BAKED_BANANABANANABREAD,22,larrythelobster,1,-1,-1,1,recipes,30005,80006,22,2000,99,20000,60016,50006,80007,-1,-1,0.01,0.03,0.03,0.03,0.05,0.05,0.05,0.05,0.05,-1,-1,1,1,1,1,1,1,1,1,1,-1,-1,0,none,-1,-1,-1,-1,-1,-1,-1,-1,-1,-1,-1,-1,0,none,-1,-1,-1,-1,-1,-1,-1,-1,-1,-1,-1,-1
330,70002,wish,!!PERFUME_CAPSIZEFORHIM,22,larrythelobster,1,-1,-1,1,recipes,30005,80006,22,2000,99,20000,60016,50006,80007,-1,-1,0.01,0.03,0.03,0.03,0.05,0.05,0.05,0.05,0.05,-1,-1,1,1,1,1,1,1,1,1,1,-1,-1,0,none,-1,-1,-1,-1,-1,-1,-1,-1,-1,-1,-1,-1,0,none,-1,-1,-1,-1,-1,-1,-1,-1,-1,-1,-1,-1
331,1,wish,!!FOOD_KRABBYPATTY,23,manray,1,-1,-1,1,recipes,70011,80005,40008,50001,40,30011,40007,80003,-1,-1,-1,0.01,0.03,0.03,0.03,0.05,0.05,0.05,0.05,-1,-1,-1,1,1,1,1,1,1,1,1,-1,-1,-1,0,none,-1,-1,-1,-1,-1,-1,-1,-1,-1,-1,-1,-1,0,none,-1,-1,-1,-1,-1,-1,-1,-1,-1,-1,-1,-1
332,16,wish,!!FOOD_DUTCHDOUBLE,23,manray,1,-1,-1,1,recipes,70011,80005,40008,50001,40,30011,40007,80003,-1,-1,-1,0.01,0.03,0.03,0.03,0.05,0.05,0.05,0.05,-1,-1,-1,1,1,1,1,1,1,1,1,-1,-1,-1,0,none,-1,-1,-1,-1,-1,-1,-1,-1,-1,-1,-1,-1,0,none,-1,-1,-1,-1,-1,-1,-1,-1,-1,-1,-1,-1
333,28,wish,!!FOOD_BISQUE,23,manray,1,-1,-1,1,recipes,70011,80005,40008,50001,40,30011,40007,80003,-1,-1,-1,0.01,0.03,0.03,0.03,0.05,0.05,0.05,0.05,-1,-1,-1,1,1,1,1,1,1,1,1,-1,-1,-1,0,none,-1,-1,-1,-1,-1,-1,-1,-1,-1,-1,-1,-1,0,none,-1,-1,-1,-1,-1,-1,-1,-1,-1,-1,-1,-1
334,20001,wish,!!JUICE_LEMONADE,23,manray,1,-1,-1,1,recipes,70011,80005,40008,50001,40,30011,40007,80003,-1,-1,-1,0.01,0.03,0.03,0.03,0.05,0.05,0.05,0.05,-1,-1,-1,1,1,1,1,1,1,1,1,-1,-1,-1,0,none,-1,-1,-1,-1,-1,-1,-1,-1,-1,-1,-1,-1,0,none,-1,-1,-1,-1,-1,-1,-1,-1,-1,-1,-1,-1
335,30001,wish,!!SMOOTHIE_BERRY_BLAST,23,manray,1,-1,-1,1,recipes,70011,80005,40008,50001,40,30011,40007,80003,-1,-1,-1,0.01,0.03,0.03,0.03,0.05,0.05,0.05,0.05,-1,-1,-1,1,1,1,1,1,1,1,1,-1,-1,-1,0,none,-1,-1,-1,-1,-1,-1,-1,-1,-1,-1,-1,-1,0,none,-1,-1,-1,-1,-1,-1,-1,-1,-1,-1,-1,-1
336,40004,wish,!!ICECREAM_CORAL_BITS,23,manray,1,-1,-1,1,recipes,70011,80005,40008,50001,40,30011,40007,80003,-1,-1,-1,0.01,0.03,0.03,0.03,0.05,0.05,0.05,0.05,-1,-1,-1,1,1,1,1,1,1,1,1,-1,-1,-1,0,none,-1,-1,-1,-1,-1,-1,-1,-1,-1,-1,-1,-1,0,none,-1,-1,-1,-1,-1,-1,-1,-1,-1,-1,-1,-1
337,50000,wish,!!SHAKE_BANANAS_N_BITS,23,manray,1,-1,-1,1,recipes,70011,80005,40008,50001,40,30011,40007,80003,-1,-1,-1,0.01,0.03,0.03,0.03,0.05,0.05,0.05,0.05,-1,-1,-1,1,1,1,1,1,1,1,1,-1,-1,-1,0,none,-1,-1,-1,-1,-1,-1,-1,-1,-1,-1,-1,-1,0,none,-1,-1,-1,-1,-1,-1,-1,-1,-1,-1,-1,-1
338,70007,wish,!!PERFUME_LAMPREYAWAY,23,manray,1,-1,-1,1,recipes,70011,80005,40008,50001,40,30011,40007,80003,-1,-1,-1,0.01,0.03,0.03,0.03,0.05,0.05,0.05,0.05,-1,-1,-1,1,1,1,1,1,1,1,1,-1,-1,-1,0,none,-1,-1,-1,-1,-1,-1,-1,-1,-1,-1,-1,-1,0,none,-1,-1,-1,-1,-1,-1,-1,-1,-1,-1,-1,-1
339,80010,wish,!!FOOD_BAKED_MERINGUELEMANRAY,23,manray,1,-1,-1,1,recipes,70011,80005,40008,50001,40,30011,40007,80003,-1,-1,-1,0.01,0.03,0.03,0.03,0.05,0.05,0.05,0.05,-1,-1,-1,1,1,1,1,1,1,1,1,-1,-1,-1,0,none,-1,-1,-1,-1,-1,-1,-1,-1,-1,-1,-1,-1,0,none,-1,-1,-1,-1,-1,-1,-1,-1,-1,-1,-1,-1
340,80005,wish,!!FOOD_BAKED_EVERYVILLAINISLEMONBAR,23,manray,1,-1,-1,1,recipes,70011,80005,40008,50001,40,30011,40007,80003,-1,-1,-1,0.01,0.03,0.03,0.03,0.05,0.05,0.05,0.05,-1,-1,-1,1,1,1,1,1,1,1,1,-1,-1,-1,0,none,-1,-1,-1,-1,-1,-1,-1,-1,-1,-1,-1,-1,0,none,-1,-1,-1,-1,-1,-1,-1,-1,-1,-1,-1,-1
341,32,wish,!!FOOD_JELLYPATTY,24,mermaidman,1,-1,-1,1,recipes,70007,80004,40002,50001,40,30011,40007,70002,50003,-1,-1,0.01,0.03,0.03,0.03,0.05,0.05,0.05,0.05,0.05,-1,-1,1,1,1,1,1,1,1,1,1,-1,-1,0,none,-1,-1,-1,-1,-1,-1,-1,-1,-1,-1,-1,-1,0,none,-1,-1,-1,-1,-1,-1,-1,-1,-1,-1,-1,-1
342,96,wish,!!FOOD_JELLIEDTOAST,24,mermaidman,1,-1,-1,1,recipes,70007,80004,40002,50001,40,30011,40007,70002,50003,-1,-1,0.01,0.03,0.03,0.03,0.05,0.05,0.05,0.05,0.05,-1,-1,1,1,1,1,1,1,1,1,1,-1,-1,0,none,-1,-1,-1,-1,-1,-1,-1,-1,-1,-1,-1,-1,0,none,-1,-1,-1,-1,-1,-1,-1,-1,-1,-1,-1,-1
343,23,wish,!!FOOD_KELPKLT,24,mermaidman,1,-1,-1,1,recipes,70007,80004,40002,50001,40,30011,40007,70002,50003,-1,-1,0.01,0.03,0.03,0.03,0.05,0.05,0.05,0.05,0.05,-1,-1,1,1,1,1,1,1,1,1,1,-1,-1,0,none,-1,-1,-1,-1,-1,-1,-1,-1,-1,-1,-1,-1,0,none,-1,-1,-1,-1,-1,-1,-1,-1,-1,-1,-1,-1
344,21,wish,!!FOOD_KELPDOG,24,mermaidman,1,-1,-1,1,recipes,70007,80004,40002,50001,40,30011,40007,70002,50003,-1,-1,0.01,0.03,0.03,0.03,0.05,0.05,0.05,0.05,0.05,-1,-1,1,1,1,1,1,1,1,1,1,-1,-1,0,none,-1,-1,-1,-1,-1,-1,-1,-1,-1,-1,-1,-1,0,none,-1,-1,-1,-1,-1,-1,-1,-1,-1,-1,-1,-1
345,20000,wish,!!JUICE_APPLE,24,mermaidman,1,-1,-1,1,recipes,70007,80004,40002,50001,40,30011,40007,70002,50003,-1,-1,0.01,0.03,0.03,0.03,0.05,0.05,0.05,0.05,0.05,-1,-1,1,1,1,1,1,1,1,1,1,-1,-1,0,none,-1,-1,-1,-1,-1,-1,-1,-1,-1,-1,-1,-1,0,none,-1,-1,-1,-1,-1,-1,-1,-1,-1,-1,-1,-1
346,30007,wish,!!SMOOTHIE_NANNAS_C_SERENADE,24,mermaidman,1,-1,-1,1,recipes,70007,80004,40002,50001,40,30011,40007,70002,50003,-1,-1,0.01,0.03,0.03,0.03,0.05,0.05,0.05,0.05,0.05,-1,-1,1,1,1,1,1,1,1,1,1,-1,-1,0,none,-1,-1,-1,-1,-1,-1,-1,-1,-1,-1,-1,-1,0,none,-1,-1,-1,-1,-1,-1,-1,-1,-1,-1,-1,-1
347,40006,wish,!!ICECREAM_SEASALT,24,mermaidman,1,-1,-1,1,recipes,70007,80004,40002,50001,40,30011,40007,70002,50003,-1,-1,0.01,0.03,0.03,0.03,0.05,0.05,0.05,0.05,0.05,-1,-1,1,1,1,1,1,1,1,1,1,-1,-1,0,none,-1,-1,-1,-1,-1,-1,-1,-1,-1,-1,-1,-1,0,none,-1,-1,-1,-1,-1,-1,-1,-1,-1,-1,-1,-1
348,50003,wish,!!SHAKE_FRUTIY_BREEZE,24,mermaidman,1,-1,-1,1,recipes,70007,80004,40002,50001,40,30011,40007,70002,50003,-1,-1,0.01,0.03,0.03,0.03,0.05,0.05,0.05,0.05,0.05,-1,-1,1,1,1,1,1,1,1,1,1,-1,-1,0,none,-1,-1,-1,-1,-1,-1,-1,-1,-1,-1,-1,-1,0,none,-1,-1,-1,-1,-1,-1,-1,-1,-1,-1,-1,-1
349,70008,wish,!!PERFUME_SCENTOSAILOR,24,mermaidman,1,-1,-1,1,recipes,70007,80004,40002,50001,40,30011,40007,70002,50003,-1,-1,0.01,0.03,0.03,0.03,0.05,0.05,0.05,0.05,0.05,-1,-1,1,1,1,1,1,1,1,1,1,-1,-1,0,none,-1,-1,-1,-1,-1,-1,-1,-1,-1,-1,-1,-1,0,none,-1,-1,-1,-1,-1,-1,-1,-1,-1,-1,-1,-1
350,80002,wish,!!FOOD_BAKED_COCONUTCOBBLER,24,mermaidman,1,-1,-1,1,recipes,70007,80004,40002,50001,40,30011,40007,70002,50003,-1,-1,0.01,0.03,0.03,0.03,0.05,0.05,0.05,0.05,0.05,-1,-1,1,1,1,1,1,1,1,1,1,-1,-1,0,none,-1,-1,-1,-1,-1,-1,-1,-1,-1,-1,-1,-1,0,none,-1,-1,-1,-1,-1,-1,-1,-1,-1,-1,-1,-1
351,1,wish,!!FOOD_KRABBYPATTY,25,mrspuff,1,-1,-1,1,recipes,80011,70010,70005,60015,99,20000,40003,70001,80007,60001,-1,0.01,0.03,0.03,0.03,0.05,0.05,0.05,0.05,0.05,0.05,-1,1,1,1,1,1,1,1,1,1,1,-1,0,none,-1,-1,-1,-1,-1,-1,-1,-1,-1,-1,-1,-1,0,none,-1,-1,-1,-1,-1,-1,-1,-1,-1,-1,-1,-1
352,46,wish,!!FOOD_SALAD,25,mrspuff,1,-1,-1,1,recipes,80011,70010,70005,60015,99,20000,40003,70001,80007,60001,-1,0.01,0.03,0.03,0.03,0.05,0.05,0.05,0.05,0.05,0.05,-1,1,1,1,1,1,1,1,1,1,1,-1,0,none,-1,-1,-1,-1,-1,-1,-1,-1,-1,-1,-1,-1,0,none,-1,-1,-1,-1,-1,-1,-1,-1,-1,-1,-1,-1
353,32,wish,!!FOOD_JELLYPATTY,25,mrspuff,1,-1,-1,1,recipes,80011,70010,70005,60015,99,20000,40003,70001,80007,60001,-1,0.01,0.03,0.03,0.03,0.05,0.05,0.05,0.05,0.05,0.05,-1,1,1,1,1,1,1,1,1,1,1,-1,0,none,-1,-1,-1,-1,-1,-1,-1,-1,-1,-1,-1,-1,0,none,-1,-1,-1,-1,-1,-1,-1,-1,-1,-1,-1,-1
354,96,wish,!!FOOD_JELLIEDTOAST,25,mrspuff,1,-1,-1,1,recipes,80011,70010,70005,60015,99,20000,40003,70001,80007,60001,-1,0.01,0.03,0.03,0.03,0.05,0.05,0.05,0.05,0.05,0.05,-1,1,1,1,1,1,1,1,1,1,1,-1,0,none,-1,-1,-1,-1,-1,-1,-1,-1,-1,-1,-1,-1,0,none,-1,-1,-1,-1,-1,-1,-1,-1,-1,-1,-1,-1
355,22,wish,!!FOOD_SEAWEEDSALAD,25,mrspuff,1,-1,-1,1,recipes,80011,70010,70005,60015,99,20000,40003,70001,80007,60001,-1,0.01,0.03,0.03,0.03,0.05,0.05,0.05,0.05,0.05,0.05,-1,1,1,1,1,1,1,1,1,1,1,-1,0,none,-1,-1,-1,-1,-1,-1,-1,-1,-1,-1,-1,-1,0,none,-1,-1,-1,-1,-1,-1,-1,-1,-1,-1,-1,-1
356,40,wish,!!FOOD_VEGGIEPATTY,25,mrspuff,1,-1,-1,1,recipes,80011,70010,70005,60015,99,20000,40003,70001,80007,60001,-1,0.01,0.03,0.03,0.03,0.05,0.05,0.05,0.05,0.05,0.05,-1,1,1,1,1,1,1,1,1,1,1,-1,0,none,-1,-1,-1,-1,-1,-1,-1,-1,-1,-1,-1,-1,0,none,-1,-1,-1,-1,-1,-1,-1,-1,-1,-1,-1,-1
357,20004,wish,!!JUICE_PEACHNECTAR,25,mrspuff,1,-1,-1,1,recipes,80011,70010,70005,60015,99,20000,40003,70001,80007,60001,-1,0.01,0.03,0.03,0.03,0.05,0.05,0.05,0.05,0.05,0.05,-1,1,1,1,1,1,1,1,1,1,1,-1,0,none,-1,-1,-1,-1,-1,-1,-1,-1,-1,-1,-1,-1,0,none,-1,-1,-1,-1,-1,-1,-1,-1,-1,-1,-1,-1
358,30001,wish,!!SMOOTHIE_BERRY_BLAST,25,mrspuff,1,-1,-1,1,recipes,80011,70010,70005,60015,99,20000,40003,70001,80007,60001,-1,0.01,0.03,0.03,0.03,0.05,0.05,0.05,0.05,0.05,0.05,-1,1,1,1,1,1,1,1,1,1,1,-1,0,none,-1,-1,-1,-1,-1,-1,-1,-1,-1,-1,-1,-1,0,none,-1,-1,-1,-1,-1,-1,-1,-1,-1,-1,-1,-1
359,50003,wish,!!SHAKE_FRUTIY_BREEZE,25,mrspuff,1,-1,-1,1,recipes,80011,70010,70005,60015,99,20000,40003,70001,80007,60001,-1,0.01,0.03,0.03,0.03,0.05,0.05,0.05,0.05,0.05,0.05,-1,1,1,1,1,1,1,1,1,1,1,-1,0,none,-1,-1,-1,-1,-1,-1,-1,-1,-1,-1,-1,-1,0,none,-1,-1,-1,-1,-1,-1,-1,-1,-1,-1,-1,-1
360,60016,wish,!!BOUQUET_FLOWERCORAL_BUNCHOBRANCHES,25,mrspuff,1,-1,-1,1,recipes,80011,70010,70005,60015,99,20000,40003,70001,80007,60001,-1,0.01,0.03,0.03,0.03,0.05,0.05,0.05,0.05,0.05,0.05,-1,1,1,1,1,1,1,1,1,1,1,-1,0,none,-1,-1,-1,-1,-1,-1,-1,-1,-1,-1,-1,-1,0,none,-1,-1,-1,-1,-1,-1,-1,-1,-1,-1,-1,-1
361,70005,wish,!!PERFUME_CORALBREEZE,25,mrspuff,1,-1,-1,1,recipes,80011,70010,70005,60015,99,20000,40003,70001,80007,60001,-1,0.01,0.03,0.03,0.03,0.05,0.05,0.05,0.05,0.05,0.05,-1,1,1,1,1,1,1,1,1,1,1,-1,0,none,-1,-1,-1,-1,-1,-1,-1,-1,-1,-1,-1,-1,0,none,-1,-1,-1,-1,-1,-1,-1,-1,-1,-1,-1,-1
362,70001,wish,!!PERFUME_CAPSIZEFORHER,25,mrspuff,1,-1,-1,1,recipes,80011,70010,70005,60015,99,20000,40003,70001,80007,60001,-1,0.01,0.03,0.03,0.03,0.05,0.05,0.05,0.05,0.05,0.05,-1,1,1,1,1,1,1,1,1,1,1,-1,0,none,-1,-1,-1,-1,-1,-1,-1,-1,-1,-1,-1,-1,0,none,-1,-1,-1,-1,-1,-1,-1,-1,-1,-1,-1,-1
363,80008,wish,!!FOOD_BAKED_LIFESABEACHPEACHCOBBLER,25,mrspuff,1,-1,-1,1,recipes,80011,70010,70005,60015,99,20000,40003,70001,80007,60001,-1,0.01,0.03,0.03,0.03,0.05,0.05,0.05,0.05,0.05,0.05,-1,1,1,1,1,1,1,1,1,1,1,-1,0,none,-1,-1,-1,-1,-1,-1,-1,-1,-1,-1,-1,-1,0,none,-1,-1,-1,-1,-1,-1,-1,-1,-1,-1,-1,-1
364,80011,wish,!!FOOD_BAKED_PUFFERPASTRYTART,25,mrspuff,1,-1,-1,1,recipes,80011,70010,70005,60015,99,20000,40003,70001,80007,60001,-1,0.01,0.03,0.03,0.03,0.05,0.05,0.05,0.05,0.05,0.05,-1,1,1,1,1,1,1,1,1,1,1,-1,0,none,-1,-1,-1,-1,-1,-1,-1,-1,-1,-1,-1,-1,0,none,-1,-1,-1,-1,-1,-1,-1,-1,-1,-1,-1,-1
365,99,wish,!!FOOD_PIPSQUEAKPATTY,26,patrick,1,-1,-1,1,recipes,40001,80004,30009,40005,50007,60004,40,30011,40000,50003,-1,0.01,0.03,0.03,0.03,0.03,0.03,0.05,0.05,0.05,0.05,-1,1,1,1,1,1,1,1,1,1,1,-1,0,none,-1,-1,-1,-1,-1,-1,-1,-1,-1,-1,-1,-1,0,none,-1,-1,-1,-1,-1,-1,-1,-1,-1,-1,-1,-1
366,30006,wish,!!SMOOTHIE_LIQUID_COBBLER,26,patrick,1,-1,-1,1,recipes,40001,80004,30009,40005,50007,60004,40,30011,40000,50003,-1,0.01,0.03,0.03,0.03,0.03,0.03,0.05,0.05,0.05,0.05,-1,1,1,1,1,1,1,1,1,1,1,-1,0,none,-1,-1,-1,-1,-1,-1,-1,-1,-1,-1,-1,-1,0,none,-1,-1,-1,-1,-1,-1,-1,-1,-1,-1,-1,-1
367,70011,wish,!!PERFUME_THEDUMP,26,patrick,1,-1,-1,1,recipes,40001,80004,30009,40005,50007,60004,40,30011,40000,50003,-1,0.01,0.03,0.03,0.03,0.03,0.03,0.05,0.05,0.05,0.05,-1,1,1,1,1,1,1,1,1,1,1,-1,0,none,-1,-1,-1,-1,-1,-1,-1,-1,-1,-1,-1,-1,0,none,-1,-1,-1,-1,-1,-1,-1,-1,-1,-1,-1,-1
368,80013,wish,!!FOOD_BAKED_SEALIMEPIE,26,patrick,1,-1,-1,1,recipes,40001,80004,30009,40005,50007,60004,40,30011,40000,50003,-1,0.01,0.03,0.03,0.03,0.03,0.03,0.05,0.05,0.05,0.05,-1,1,1,1,1,1,1,1,1,1,1,-1,0,none,-1,-1,-1,-1,-1,-1,-1,-1,-1,-1,-1,-1,0,none,-1,-1,-1,-1,-1,-1,-1,-1,-1,-1,-1,-1
369,80002,wish,!!FOOD_BAKED_COCONUTCOBBLER,26,patrick,1,-1,-1,1,recipes,40001,80004,30009,40005,50007,60004,40,30011,40000,50003,-1,0.01,0.03,0.03,0.03,0.03,0.03,0.05,0.05,0.05,0.05,-1,1,1,1,1,1,1,1,1,1,1,-1,0,none,-1,-1,-1,-1,-1,-1,-1,-1,-1,-1,-1,-1,0,none,-1,-1,-1,-1,-1,-1,-1,-1,-1,-1,-1,-1
370,80008,wish,!!FOOD_BAKED_LIFESABEACHPEACHCOBBLER,26,patrick,1,-1,-1,1,recipes,40001,80004,30009,40005,50007,60004,40,30011,40000,50003,-1,0.01,0.03,0.03,0.03,0.03,0.03,0.05,0.05,0.05,0.05,-1,1,1,1,1,1,1,1,1,1,1,-1,0,none,-1,-1,-1,-1,-1,-1,-1,-1,-1,-1,-1,-1,0,none,-1,-1,-1,-1,-1,-1,-1,-1,-1,-1,-1,-1
371,50002,wish,!!SHAKE_CORAL_CRUSH,26,patrick,1,-1,-1,1,recipes,40001,80004,30009,40005,50007,60004,40,30011,40000,50003,-1,0.01,0.03,0.03,0.03,0.03,0.03,0.05,0.05,0.05,0.05,-1,1,1,1,1,1,1,1,1,1,1,-1,0,none,-1,-1,-1,-1,-1,-1,-1,-1,-1,-1,-1,-1,0,none,-1,-1,-1,-1,-1,-1,-1,-1,-1,-1,-1,-1
372,50000,wish,!!SHAKE_BANANAS_N_BITS,26,patrick,1,-1,-1,1,recipes,40001,80004,30009,40005,50007,60004,40,30011,40000,50003,-1,0.01,0.03,0.03,0.03,0.03,0.03,0.05,0.05,0.05,0.05,-1,1,1,1,1,1,1,1,1,1,1,-1,0,none,-1,-1,-1,-1,-1,-1,-1,-1,-1,-1,-1,-1,0,none,-1,-1,-1,-1,-1,-1,-1,-1,-1,-1,-1,-1
373,40004,wish,!!ICECREAM_CORAL_BITS,26,patrick,1,-1,-1,1,recipes,40001,80004,30009,40005,50007,60004,40,30011,40000,50003,-1,0.01,0.03,0.03,0.03,0.03,0.03,0.05,0.05,0.05,0.05,-1,1,1,1,1,1,1,1,1,1,1,-1,0,none,-1,-1,-1,-1,-1,-1,-1,-1,-1,-1,-1,-1,0,none,-1,-1,-1,-1,-1,-1,-1,-1,-1,-1,-1,-1
374,40001,wish,!!ICECREAM_BANANA_SPLIT,26,patrick,1,-1,-1,1,recipes,40001,80004,30009,40005,50007,60004,40,30011,40000,50003,-1,0.01,0.03,0.03,0.03,0.03,0.03,0.05,0.05,0.05,0.05,-1,1,1,1,1,1,1,1,1,1,1,-1,0,none,-1,-1,-1,-1,-1,-1,-1,-1,-1,-1,-1,-1,0,none,-1,-1,-1,-1,-1,-1,-1,-1,-1,-1,-1,-1
375,1,wish,!!FOOD_KRABBYPATTY,27,pearlkrabs,1,-1,-1,1,recipes,30006,80015,70005,60017,27,2002,99,70001,80007,60001,-1,0.01,0.03,0.03,0.03,0.05,0.05,0.05,0.05,0.05,0.05,-1,1,1,1,1,1,1,1,1,1,1,-1,0,none,-1,-1,-1,-1,-1,-1,-1,-1,-1,-1,-1,-1,0,none,-1,-1,-1,-1,-1,-1,-1,-1,-1,-1,-1,-1
376,46,wish,!!FOOD_SALAD,27,pearlkrabs,1,-1,-1,1,recipes,30006,80015,70005,60017,27,2002,99,70001,80007,60001,-1,0.01,0.03,0.03,0.03,0.05,0.05,0.05,0.05,0.05,0.05,-1,1,1,1,1,1,1,1,1,1,1,-1,0,none,-1,-1,-1,-1,-1,-1,-1,-1,-1,-1,-1,-1,0,none,-1,-1,-1,-1,-1,-1,-1,-1,-1,-1,-1,-1
377,32,wish,!!FOOD_JELLYPATTY,27,pearlkrabs,1,-1,-1,1,recipes,30006,80015,70005,60017,27,2002,99,70001,80007,60001,-1,0.01,0.03,0.03,0.03,0.05,0.05,0.05,0.05,0.05,0.05,-1,1,1,1,1,1,1,1,1,1,1,-1,0,none,-1,-1,-1,-1,-1,-1,-1,-1,-1,-1,-1,-1,0,none,-1,-1,-1,-1,-1,-1,-1,-1,-1,-1,-1,-1
378,96,wish,!!FOOD_JELLIEDTOAST,27,pearlkrabs,1,-1,-1,1,recipes,30006,80015,70005,60017,27,2002,99,70001,80007,60001,-1,0.01,0.03,0.03,0.03,0.05,0.05,0.05,0.05,0.05,0.05,-1,1,1,1,1,1,1,1,1,1,1,-1,0,none,-1,-1,-1,-1,-1,-1,-1,-1,-1,-1,-1,-1,0,none,-1,-1,-1,-1,-1,-1,-1,-1,-1,-1,-1,-1
379,16,wish,!!FOOD_DUTCHDOUBLE,27,pearlkrabs,1,-1,-1,1,recipes,30006,80015,70005,60017,27,2002,99,70001,80007,60001,-1,0.01,0.03,0.03,0.03,0.05,0.05,0.05,0.05,0.05,0.05,-1,1,1,1,1,1,1,1,1,1,1,-1,0,none,-1,-1,-1,-1,-1,-1,-1,-1,-1,-1,-1,-1,0,none,-1,-1,-1,-1,-1,-1,-1,-1,-1,-1,-1,-1
380,18,wish,!!FOOD_KELPFRIES,27,pearlkrabs,1,-1,-1,1,recipes,30006,80015,70005,60017,27,2002,99,70001,80007,60001,-1,0.01,0.03,0.03,0.03,0.05,0.05,0.05,0.05,0.05,0.05,-1,1,1,1,1,1,1,1,1,1,1,-1,0,none,-1,-1,-1,-1,-1,-1,-1,-1,-1,-1,-1,-1,0,none,-1,-1,-1,-1,-1,-1,-1,-1,-1,-1,-1,-1
381,20001,wish,!!JUICE_LEMONADE,27,pearlkrabs,1,-1,-1,1,recipes,30006,80015,70005,60017,27,2002,99,70001,80007,60001,-1,0.01,0.03,0.03,0.03,0.05,0.05,0.05,0.05,0.05,0.05,-1,1,1,1,1,1,1,1,1,1,1,-1,0,none,-1,-1,-1,-1,-1,-1,-1,-1,-1,-1,-1,-1,0,none,-1,-1,-1,-1,-1,-1,-1,-1,-1,-1,-1,-1
382,30003,wish,!!SMOOTHIE_CHERRYADE_CHILLER,27,pearlkrabs,1,-1,-1,1,recipes,30006,80015,70005,60017,27,2002,99,70001,80007,60001,-1,0.01,0.03,0.03,0.03,0.05,0.05,0.05,0.05,0.05,0.05,-1,1,1,1,1,1,1,1,1,1,1,-1,0,none,-1,-1,-1,-1,-1,-1,-1,-1,-1,-1,-1,-1,0,none,-1,-1,-1,-1,-1,-1,-1,-1,-1,-1,-1,-1
383,70010,wish,!!PERFUME_THATSSOCORAL,27,pearlkrabs,1,-1,-1,1,recipes,30006,80015,70005,60017,27,2002,99,70001,80007,60001,-1,0.01,0.03,0.03,0.03,0.05,0.05,0.05,0.05,0.05,0.05,-1,1,1,1,1,1,1,1,1,1,1,-1,0,none,-1,-1,-1,-1,-1,-1,-1,-1,-1,-1,-1,-1,0,none,-1,-1,-1,-1,-1,-1,-1,-1,-1,-1,-1,-1
384,50007,wish,!!SHAKE_VANILLA_BLAST,27,pearlkrabs,1,-1,-1,1,recipes,30006,80015,70005,60017,27,2002,99,70001,80007,60001,-1,0.01,0.03,0.03,0.03,0.05,0.05,0.05,0.05,0.05,0.05,-1,1,1,1,1,1,1,1,1,1,1,-1,0,none,-1,-1,-1,-1,-1,-1,-1,-1,-1,-1,-1,-1,0,none,-1,-1,-1,-1,-1,-1,-1,-1,-1,-1,-1,-1
385,60018,wish,!!BOUQUET_FLOWERCORAL_CORALPARADISE,27,pearlkrabs,1,-1,-1,1,recipes,30006,80015,70005,60017,27,2002,99,70001,80007,60001,-1,0.01,0.03,0.03,0.03,0.05,0.05,0.05,0.05,0.05,0.05,-1,1,1,1,1,1,1,1,1,1,1,-1,0,none,-1,-1,-1,-1,-1,-1,-1,-1,-1,-1,-1,-1,0,none,-1,-1,-1,-1,-1,-1,-1,-1,-1,-1,-1,-1
386,80006,wish,!!FOOD_BAKED_FERRYCHERRYCHEESECAKE,27,pearlkrabs,1,-1,-1,1,recipes,30006,80015,70005,60017,27,2002,99,70001,80007,60001,-1,0.01,0.03,0.03,0.03,0.05,0.05,0.05,0.05,0.05,0.05,-1,1,1,1,1,1,1,1,1,1,1,-1,0,none,-1,-1,-1,-1,-1,-1,-1,-1,-1,-1,-1,-1,0,none,-1,-1,-1,-1,-1,-1,-1,-1,-1,-1,-1,-1
387,21,wish,!!FOOD_KELPDOG,28,reg,1,-1,-1,1,recipes,21,80013,30009,40002,50007,30010,40007,50005,80003,-1,-1,0.01,0.03,0.03,0.03,0.03,0.05,0.05,0.05,0.05,-1,-1,1,1,1,1,1,1,1,1,1,-1,-1,0,none,-1,-1,-1,-1,-1,-1,-1,-1,-1,-1,-1,-1,0,none,-1,-1,-1,-1,-1,-1,-1,-1,-1,-1,-1,-1
388,18,wish,!!FOOD_KELPFRIES,28,reg,1,-1,-1,1,recipes,21,80013,30009,40002,50007,30010,40007,50005,80003,-1,-1,0.01,0.03,0.03,0.03,0.03,0.05,0.05,0.05,0.05,-1,-1,1,1,1,1,1,1,1,1,1,-1,-1,0,none,-1,-1,-1,-1,-1,-1,-1,-1,-1,-1,-1,-1,0,none,-1,-1,-1,-1,-1,-1,-1,-1,-1,-1,-1,-1
389,15,wish,!!FOOD_CRYJOHNNY,28,reg,1,-1,-1,1,recipes,21,80013,30009,40002,50007,30010,40007,50005,80003,-1,-1,0.01,0.03,0.03,0.03,0.03,0.05,0.05,0.05,0.05,-1,-1,1,1,1,1,1,1,1,1,1,-1,-1,0,none,-1,-1,-1,-1,-1,-1,-1,-1,-1,-1,-1,-1,0,none,-1,-1,-1,-1,-1,-1,-1,-1,-1,-1,-1,-1
390,16,wish,!!FOOD_DUTCHDOUBLE,28,reg,1,-1,-1,1,recipes,21,80013,30009,40002,50007,30010,40007,50005,80003,-1,-1,0.01,0.03,0.03,0.03,0.03,0.05,0.05,0.05,0.05,-1,-1,1,1,1,1,1,1,1,1,1,-1,-1,0,none,-1,-1,-1,-1,-1,-1,-1,-1,-1,-1,-1,-1,0,none,-1,-1,-1,-1,-1,-1,-1,-1,-1,-1,-1,-1
391,50007,wish,!!SHAKE_VANILLA_BLAST,28,reg,1,-1,-1,1,recipes,21,80013,30009,40002,50007,30010,40007,50005,80003,-1,-1,0.01,0.03,0.03,0.03,0.03,0.05,0.05,0.05,0.05,-1,-1,1,1,1,1,1,1,1,1,1,-1,-1,0,none,-1,-1,-1,-1,-1,-1,-1,-1,-1,-1,-1,-1,0,none,-1,-1,-1,-1,-1,-1,-1,-1,-1,-1,-1,-1
392,50000,wish,!!SHAKE_BANANAS_N_BITS,28,reg,1,-1,-1,1,recipes,21,80013,30009,40002,50007,30010,40007,50005,80003,-1,-1,0.01,0.03,0.03,0.03,0.03,0.05,0.05,0.05,0.05,-1,-1,1,1,1,1,1,1,1,1,1,-1,-1,0,none,-1,-1,-1,-1,-1,-1,-1,-1,-1,-1,-1,-1,0,none,-1,-1,-1,-1,-1,-1,-1,-1,-1,-1,-1,-1
393,70008,wish,!!PERFUME_SCENTOSAILOR,28,reg,1,-1,-1,1,recipes,21,80013,30009,40002,50007,30010,40007,50005,80003,-1,-1,0.01,0.03,0.03,0.03,0.03,0.05,0.05,0.05,0.05,-1,-1,1,1,1,1,1,1,1,1,1,-1,-1,0,none,-1,-1,-1,-1,-1,-1,-1,-1,-1,-1,-1,-1,0,none,-1,-1,-1,-1,-1,-1,-1,-1,-1,-1,-1,-1
394,70011,wish,!!PERFUME_THEDUMP,28,reg,1,-1,-1,1,recipes,21,80013,30009,40002,50007,30010,40007,50005,80003,-1,-1,0.01,0.03,0.03,0.03,0.03,0.05,0.05,0.05,0.05,-1,-1,1,1,1,1,1,1,1,1,1,-1,-1,0,none,-1,-1,-1,-1,-1,-1,-1,-1,-1,-1,-1,-1,0,none,-1,-1,-1,-1,-1,-1,-1,-1,-1,-1,-1,-1
395,80004,wish,!!FOOD_BAKED_DUTCHMANSDUTCHAPPLEPIE,28,reg,1,-1,-1,1,recipes,21,80013,30009,40002,50007,30010,40007,50005,80003,-1,-1,0.01,0.03,0.03,0.03,0.03,0.05,0.05,0.05,0.05,-1,-1,1,1,1,1,1,1,1,1,1,-1,-1,0,none,-1,-1,-1,-1,-1,-1,-1,-1,-1,-1,-1,-1,0,none,-1,-1,-1,-1,-1,-1,-1,-1,-1,-1,-1,-1
396,80009,wish,!!FOOD_BAKED_MAROONEDMACAROONS,28,reg,1,-1,-1,1,recipes,21,80013,30009,40002,50007,30010,40007,50005,80003,-1,-1,0.01,0.03,0.03,0.03,0.03,0.05,0.05,0.05,0.05,-1,-1,1,1,1,1,1,1,1,1,1,-1,-1,0,none,-1,-1,-1,-1,-1,-1,-1,-1,-1,-1,-1,-1,0,none,-1,-1,-1,-1,-1,-1,-1,-1,-1,-1,-1,-1
397,1,wish,!!FOOD_KRABBYPATTY,29,sandy,1,-1,-1,1,recipes,80012,80006,70010,60017,60000,99,20000,40003,70001,80007,-1,0.01,0.03,0.03,0.03,0.03,0.05,0.05,0.05,0.05,0.05,-1,1,1,1,1,1,1,1,1,1,1,-1,0,none,-1,-1,-1,-1,-1,-1,-1,-1,-1,-1,-1,-1,0,none,-1,-1,-1,-1,-1,-1,-1,-1,-1,-1,-1,-1
398,46,wish,!!FOOD_SALAD,29,sandy,1,-1,-1,1,recipes,80012,80006,70010,60017,60000,99,20000,40003,70001,80007,-1,0.01,0.03,0.03,0.03,0.03,0.05,0.05,0.05,0.05,0.05,-1,1,1,1,1,1,1,1,1,1,1,-1,0,none,-1,-1,-1,-1,-1,-1,-1,-1,-1,-1,-1,-1,0,none,-1,-1,-1,-1,-1,-1,-1,-1,-1,-1,-1,-1
399,32,wish,!!FOOD_JELLYPATTY,29,sandy,1,-1,-1,1,recipes,80012,80006,70010,60017,60000,99,20000,40003,70001,80007,-1,0.01,0.03,0.03,0.03,0.03,0.05,0.05,0.05,0.05,0.05,-1,1,1,1,1,1,1,1,1,1,1,-1,0,none,-1,-1,-1,-1,-1,-1,-1,-1,-1,-1,-1,-1,0,none,-1,-1,-1,-1,-1,-1,-1,-1,-1,-1,-1,-1
400,96,wish,!!FOOD_JELLIEDTOAST,29,sandy,1,-1,-1,1,recipes,80012,80006,70010,60017,60000,99,20000,40003,70001,80007,-1,0.01,0.03,0.03,0.03,0.03,0.05,0.05,0.05,0.05,0.05,-1,1,1,1,1,1,1,1,1,1,1,-1,0,none,-1,-1,-1,-1,-1,-1,-1,-1,-1,-1,-1,-1,0,none,-1,-1,-1,-1,-1,-1,-1,-1,-1,-1,-1,-1
401,21,wish,!!FOOD_KELPDOG,29,sandy,1,-1,-1,1,recipes,80012,80006,70010,60017,60000,99,20000,40003,70001,80007,-1,0.01,0.03,0.03,0.03,0.03,0.05,0.05,0.05,0.05,0.05,-1,1,1,1,1,1,1,1,1,1,1,-1,0,none,-1,-1,-1,-1,-1,-1,-1,-1,-1,-1,-1,-1,0,none,-1,-1,-1,-1,-1,-1,-1,-1,-1,-1,-1,-1
402,18,wish,!!FOOD_KELPFRIES,29,sandy,1,-1,-1,1,recipes,80012,80006,70010,60017,60000,99,20000,40003,70001,80007,-1,0.01,0.03,0.03,0.03,0.03,0.05,0.05,0.05,0.05,0.05,-1,1,1,1,1,1,1,1,1,1,1,-1,0,none,-1,-1,-1,-1,-1,-1,-1,-1,-1,-1,-1,-1,0,none,-1,-1,-1,-1,-1,-1,-1,-1,-1,-1,-1,-1
403,20001,wish,!!JUICE_LEMONADE,29,sandy,1,-1,-1,1,recipes,80012,80006,70010,60017,60000,99,20000,40003,70001,80007,-1,0.01,0.03,0.03,0.03,0.03,0.05,0.05,0.05,0.05,0.05,-1,1,1,1,1,1,1,1,1,1,1,-1,0,none,-1,-1,-1,-1,-1,-1,-1,-1,-1,-1,-1,-1,0,none,-1,-1,-1,-1,-1,-1,-1,-1,-1,-1,-1,-1
404,30000,wish,!!SMOOTHIE_BANANA_BREAKER,29,sandy,1,-1,-1,1,recipes,80012,80006,70010,60017,60000,99,20000,40003,70001,80007,-1,0.01,0.03,0.03,0.03,0.03,0.05,0.05,0.05,0.05,0.05,-1,1,1,1,1,1,1,1,1,1,1,-1,0,none,-1,-1,-1,-1,-1,-1,-1,-1,-1,-1,-1,-1,0,none,-1,-1,-1,-1,-1,-1,-1,-1,-1,-1,-1,-1
405,40005,wish,!!ICECREAM_LEMON_GELATO,29,sandy,1,-1,-1,1,recipes,80012,80006,70010,60017,60000,99,20000,40003,70001,80007,-1,0.01,0.03,0.03,0.03,0.03,0.05,0.05,0.05,0.05,0.05,-1,1,1,1,1,1,1,1,1,1,1,-1,0,none,-1,-1,-1,-1,-1,-1,-1,-1,-1,-1,-1,-1,0,none,-1,-1,-1,-1,-1,-1,-1,-1,-1,-1,-1,-1
406,50001,wish,!!SHAKE_BERRY_BLISS,29,sandy,1,-1,-1,1,recipes,80012,80006,70010,60017,60000,99,20000,40003,70001,80007,-1,0.01,0.03,0.03,0.03,0.03,0.05,0.05,0.05,0.05,0.05,-1,1,1,1,1,1,1,1,1,1,1,-1,0,none,-1,-1,-1,-1,-1,-1,-1,-1,-1,-1,-1,-1,0,none,-1,-1,-1,-1,-1,-1,-1,-1,-1,-1,-1,-1
407,70005,wish,!!PERFUME_CORALBREEZE,29,sandy,1,-1,-1,1,recipes,80012,80006,70010,60017,60000,99,20000,40003,70001,80007,-1,0.01,0.03,0.03,0.03,0.03,0.05,0.05,0.05,0.05,0.05,-1,1,1,1,1,1,1,1,1,1,1,-1,0,none,-1,-1,-1,-1,-1,-1,-1,-1,-1,-1,-1,-1,0,none,-1,-1,-1,-1,-1,-1,-1,-1,-1,-1,-1,-1
408,60018,wish,!!BOUQUET_FLOWERCORAL_CORALPARADISE,29,sandy,1,-1,-1,1,recipes,80012,80006,70010,60017,60000,99,20000,40003,70001,80007,-1,0.01,0.03,0.03,0.03,0.03,0.05,0.05,0.05,0.05,0.05,-1,1,1,1,1,1,1,1,1,1,1,-1,0,none,-1,-1,-1,-1,-1,-1,-1,-1,-1,-1,-1,-1,0,none,-1,-1,-1,-1,-1,-1,-1,-1,-1,-1,-1,-1
409,80012,wish,!!FOOD_BAKED_SANDYSTEXASTWOBERRYTART,29,sandy,1,-1,-1,1,recipes,80012,80006,70010,60017,60000,99,20000,40003,70001,80007,-1,0.01,0.03,0.03,0.03,0.03,0.05,0.05,0.05,0.05,0.05,-1,1,1,1,1,1,1,1,1,1,1,-1,0,none,-1,-1,-1,-1,-1,-1,-1,-1,-1,-1,-1,-1,0,none,-1,-1,-1,-1,-1,-1,-1,-1,-1,-1,-1,-1
410,32,wish,!!FOOD_JELLYPATTY,30,squilliam,1,-1,-1,1,recipes,80016,80014,2000,30003,27,14,30010,60016,80007,-1,-1,0.01,0.03,0.03,0.03,0.05,0.05,0.05,0.05,0.05,-1,-1,1,1,1,1,1,1,1,1,1,-1,-1,0,none,-1,-1,-1,-1,-1,-1,-1,-1,-1,-1,-1,-1,0,none,-1,-1,-1,-1,-1,-1,-1,-1,-1,-1,-1,-1
411,96,wish,!!FOOD_JELLIEDTOAST,30,squilliam,1,-1,-1,1,recipes,80016,80014,2000,30003,27,14,30010,60016,80007,-1,-1,0.01,0.03,0.03,0.03,0.05,0.05,0.05,0.05,0.05,-1,-1,1,1,1,1,1,1,1,1,1,-1,-1,0,none,-1,-1,-1,-1,-1,-1,-1,-1,-1,-1,-1,-1,0,none,-1,-1,-1,-1,-1,-1,-1,-1,-1,-1,-1,-1
412,28,wish,!!FOOD_BISQUE,30,squilliam,1,-1,-1,1,recipes,80016,80014,2000,30003,27,14,30010,60016,80007,-1,-1,0.01,0.03,0.03,0.03,0.05,0.05,0.05,0.05,0.05,-1,-1,1,1,1,1,1,1,1,1,1,-1,-1,0,none,-1,-1,-1,-1,-1,-1,-1,-1,-1,-1,-1,-1,0,none,-1,-1,-1,-1,-1,-1,-1,-1,-1,-1,-1,-1
413,27,wish,!!FOOD_BRUSCHETTA,30,squilliam,1,-1,-1,1,recipes,80016,80014,2000,30003,27,14,30010,60016,80007,-1,-1,0.01,0.03,0.03,0.03,0.05,0.05,0.05,0.05,0.05,-1,-1,1,1,1,1,1,1,1,1,1,-1,-1,0,none,-1,-1,-1,-1,-1,-1,-1,-1,-1,-1,-1,-1,0,none,-1,-1,-1,-1,-1,-1,-1,-1,-1,-1,-1,-1
414,31,wish,!!FOOD_CAESAR_SALAD,30,squilliam,1,-1,-1,1,recipes,80016,80014,2000,30003,27,14,30010,60016,80007,-1,-1,0.01,0.03,0.03,0.03,0.05,0.05,0.05,0.05,0.05,-1,-1,1,1,1,1,1,1,1,1,1,-1,-1,0,none,-1,-1,-1,-1,-1,-1,-1,-1,-1,-1,-1,-1,0,none,-1,-1,-1,-1,-1,-1,-1,-1,-1,-1,-1,-1
415,20004,wish,!!JUICE_PEACHNECTAR,30,squilliam,1,-1,-1,1,recipes,80016,80014,2000,30003,27,14,30010,60016,80007,-1,-1,0.01,0.03,0.03,0.03,0.05,0.05,0.05,0.05,0.05,-1,-1,1,1,1,1,1,1,1,1,1,-1,-1,0,none,-1,-1,-1,-1,-1,-1,-1,-1,-1,-1,-1,-1,0,none,-1,-1,-1,-1,-1,-1,-1,-1,-1,-1,-1,-1
416,30006,wish,!!SMOOTHIE_LIQUID_COBBLER,30,squilliam,1,-1,-1,1,recipes,80016,80014,2000,30003,27,14,30010,60016,80007,-1,-1,0.01,0.03,0.03,0.03,0.05,0.05,0.05,0.05,0.05,-1,-1,1,1,1,1,1,1,1,1,1,-1,-1,0,none,-1,-1,-1,-1,-1,-1,-1,-1,-1,-1,-1,-1,0,none,-1,-1,-1,-1,-1,-1,-1,-1,-1,-1,-1,-1
417,40001,wish,!!ICECREAM_BANANA_SPLIT,30,squilliam,1,-1,-1,1,recipes,80016,80014,2000,30003,27,14,30010,60016,80007,-1,-1,0.01,0.03,0.03,0.03,0.05,0.05,0.05,0.05,0.05,-1,-1,1,1,1,1,1,1,1,1,1,-1,-1,0,none,-1,-1,-1,-1,-1,-1,-1,-1,-1,-1,-1,-1,0,none,-1,-1,-1,-1,-1,-1,-1,-1,-1,-1,-1,-1
418,70009,wish,!!PERFUME_SEASHANTY,30,squilliam,1,-1,-1,1,recipes,80016,80014,2000,30003,27,14,30010,60016,80007,-1,-1,0.01,0.03,0.03,0.03,0.05,0.05,0.05,0.05,0.05,-1,-1,1,1,1,1,1,1,1,1,1,-1,-1,0,none,-1,-1,-1,-1,-1,-1,-1,-1,-1,-1,-1,-1,0,none,-1,-1,-1,-1,-1,-1,-1,-1,-1,-1,-1,-1
419,80006,wish,!!FOOD_BAKED_FERRYCHERRYCHEESECAKE,30,squilliam,1,-1,-1,1,recipes,80016,80014,2000,30003,27,14,30010,60016,80007,-1,-1,0.01,0.03,0.03,0.03,0.05,0.05,0.05,0.05,0.05,-1,-1,1,1,1,1,1,1,1,1,1,-1,-1,0,none,-1,-1,-1,-1,-1,-1,-1,-1,-1,-1,-1,-1,0,none,-1,-1,-1,-1,-1,-1,-1,-1,-1,-1,-1,-1
420,80016,wish,!!FOOD_BAKED_THEAPPLEFANCYSON,30,squilliam,1,-1,-1,1,recipes,80016,80014,2000,30003,27,14,30010,60016,80007,-1,-1,0.01,0.03,0.03,0.03,0.05,0.05,0.05,0.05,0.05,-1,-1,1,1,1,1,1,1,1,1,1,-1,-1,0,none,-1,-1,-1,-1,-1,-1,-1,-1,-1,-1,-1,-1,0,none,-1,-1,-1,-1,-1,-1,-1,-1,-1,-1,-1,-1
421,9016,wish,!!FOOD_RUSTYS_RUSTY_ON_RYE,31,halloween_ghost01,1,-1,-1,1,recipes,9000,9001,9014,9015,9018,9019,9023,-1,-1,-1,-1,0.05,0.05,0.05,0.03,0.03,0.01,0.01,-1,-1,-1,-1,1,1,1,1,1,1,1,-1,-1,-1,-1,0,none,-1,-1,-1,-1,-1,-1,-1,-1,-1,-1,-1,-1,0,none,-1,-1,-1,-1,-1,-1,-1,-1,-1,-1,-1,-1
422,9000,wish,!!FOOD_RUSTYS_BARK_CHOP_SANDWICH,31,halloween_ghost01,1,-1,-1,1,recipes,9000,9001,9014,9015,9018,9019,9023,-1,-1,-1,-1,0.05,0.05,0.05,0.03,0.03,0.01,0.01,-1,-1,-1,-1,1,1,1,1,1,1,1,-1,-1,-1,-1,0,none,-1,-1,-1,-1,-1,-1,-1,-1,-1,-1,-1,-1,0,none,-1,-1,-1,-1,-1,-1,-1,-1,-1,-1,-1,-1
423,9001,wish,!!FOOD_RUSTYS_BARKING_BRISKET,31,halloween_ghost01,1,-1,-1,1,recipes,9000,9001,9014,9015,9018,9019,9023,-1,-1,-1,-1,0.05,0.05,0.05,0.03,0.03,0.01,0.01,-1,-1,-1,-1,1,1,1,1,1,1,1,-1,-1,-1,-1,0,none,-1,-1,-1,-1,-1,-1,-1,-1,-1,-1,-1,-1,0,none,-1,-1,-1,-1,-1,-1,-1,-1,-1,-1,-1,-1
424,9014,wish,!!FOOD_RUSTYS_MESQUITE_RIBS,31,halloween_ghost01,1,-1,-1,1,recipes,9000,9001,9014,9015,9018,9019,9023,-1,-1,-1,-1,0.05,0.05,0.05,0.03,0.03,0.01,0.01,-1,-1,-1,-1,1,1,1,1,1,1,1,-1,-1,-1,-1,0,none,-1,-1,-1,-1,-1,-1,-1,-1,-1,-1,-1,-1,0,none,-1,-1,-1,-1,-1,-1,-1,-1,-1,-1,-1,-1
425,9015,wish,!!FOOD_RUSTYS_PULLED_PULP_SANDWICH,31,halloween_ghost01,1,-1,-1,1,recipes,9000,9001,9014,9015,9018,9019,9023,-1,-1,-1,-1,0.05,0.05,0.05,0.03,0.03,0.01,0.01,-1,-1,-1,-1,1,1,1,1,1,1,1,-1,-1,-1,-1,0,none,-1,-1,-1,-1,-1,-1,-1,-1,-1,-1,-1,-1,0,none,-1,-1,-1,-1,-1,-1,-1,-1,-1,-1,-1,-1
426,9018,wish,!!FOOD_RUSTYS_SPLINTERED_SLAW,31,halloween_ghost01,1,-1,-1,1,recipes,9000,9001,9014,9015,9018,9019,9023,-1,-1,-1,-1,0.05,0.05,0.05,0.03,0.03,0.01,0.01,-1,-1,-1,-1,1,1,1,1,1,1,1,-1,-1,-1,-1,0,none,-1,-1,-1,-1,-1,-1,-1,-1,-1,-1,-1,-1,0,none,-1,-1,-1,-1,-1,-1,-1,-1,-1,-1,-1,-1
427,9019,wish,!!FOOD_RUSTYS_RIBEYE_SANDWICH,31,halloween_ghost01,1,-1,-1,1,recipes,9000,9001,9014,9015,9018,9019,9023,-1,-1,-1,-1,0.05,0.05,0.05,0.03,0.03,0.01,0.01,-1,-1,-1,-1,1,1,1,1,1,1,1,-1,-1,-1,-1,0,none,-1,-1,-1,-1,-1,-1,-1,-1,-1,-1,-1,-1,0,none,-1,-1,-1,-1,-1,-1,-1,-1,-1,-1,-1,-1
428,9016,wish,!!FOOD_RUSTYS_RUSTY_ON_RYE,32,halloween_ghost02,1,-1,-1,1,recipes,9000,9001,9014,9015,9018,9019,9023,-1,-1,-1,-1,0.05,0.05,0.05,0.03,0.03,0.01,0.01,-1,-1,-1,-1,1,1,1,1,1,1,1,-1,-1,-1,-1,0,none,-1,-1,-1,-1,-1,-1,-1,-1,-1,-1,-1,-1,0,none,-1,-1,-1,-1,-1,-1,-1,-1,-1,-1,-1,-1
429,9000,wish,!!FOOD_RUSTYS_BARK_CHOP_SANDWICH,32,halloween_ghost02,1,-1,-1,1,recipes,9000,9001,9014,9015,9018,9019,9023,-1,-1,-1,-1,0.05,0.05,0.05,0.03,0.03,0.01,0.01,-1,-1,-1,-1,1,1,1,1,1,1,1,-1,-1,-1,-1,0,none,-1,-1,-1,-1,-1,-1,-1,-1,-1,-1,-1,-1,0,none,-1,-1,-1,-1,-1,-1,-1,-1,-1,-1,-1,-1
430,9001,wish,!!FOOD_RUSTYS_BARKING_BRISKET,32,halloween_ghost02,1,-1,-1,1,recipes,9000,9001,9014,9015,9018,9019,9023,-1,-1,-1,-1,0.05,0.05,0.05,0.03,0.03,0.01,0.01,-1,-1,-1,-1,1,1,1,1,1,1,1,-1,-1,-1,-1,0,none,-1,-1,-1,-1,-1,-1,-1,-1,-1,-1,-1,-1,0,none,-1,-1,-1,-1,-1,-1,-1,-1,-1,-1,-1,-1
431,9014,wish,!!FOOD_RUSTYS_MESQUITE_RIBS,32,halloween_ghost02,1,-1,-1,1,recipes,9000,9001,9014,9015,9018,9019,9023,-1,-1,-1,-1,0.05,0.05,0.05,0.03,0.03,0.01,0.01,-1,-1,-1,-1,1,1,1,1,1,1,1,-1,-1,-1,-1,0,none,-1,-1,-1,-1,-1,-1,-1,-1,-1,-1,-1,-1,0,none,-1,-1,-1,-1,-1,-1,-1,-1,-1,-1,-1,-1
432,9015,wish,!!FOOD_RUSTYS_PULLED_PULP_SANDWICH,32,halloween_ghost02,1,-1,-1,1,recipes,9000,9001,9014,9015,9018,9019,9023,-1,-1,-1,-1,0.05,0.05,0.05,0.03,0.03,0.01,0.01,-1,-1,-1,-1,1,1,1,1,1,1,1,-1,-1,-1,-1,0,none,-1,-1,-1,-1,-1,-1,-1,-1,-1,-1,-1,-1,0,none,-1,-1,-1,-1,-1,-1,-1,-1,-1,-1,-1,-1
433,9018,wish,!!FOOD_RUSTYS_SPLINTERED_SLAW,32,halloween_ghost02,1,-1,-1,1,recipes,9000,9001,9014,9015,9018,9019,9023,-1,-1,-1,-1,0.05,0.05,0.05,0.03,0.03,0.01,0.01,-1,-1,-1,-1,1,1,1,1,1,1,1,-1,-1,-1,-1,0,none,-1,-1,-1,-1,-1,-1,-1,-1,-1,-1,-1,-1,0,none,-1,-1,-1,-1,-1,-1,-1,-1,-1,-1,-1,-1
434,9019,wish,!!FOOD_RUSTYS_RIBEYE_SANDWICH,32,halloween_ghost02,1,-1,-1,1,recipes,9000,9001,9014,9015,9018,9019,9023,-1,-1,-1,-1,0.05,0.05,0.05,0.03,0.03,0.01,0.01,-1,-1,-1,-1,1,1,1,1,1,1,1,-1,-1,-1,-1,0,none,-1,-1,-1,-1,-1,-1,-1,-1,-1,-1,-1,-1,0,none,-1,-1,-1,-1,-1,-1,-1,-1,-1,-1,-1,-1
435,9016,wish,!!FOOD_RUSTYS_RUSTY_ON_RYE,33,halloween_ghost03,1,-1,-1,1,recipes,9000,9001,9014,9015,9018,9019,9023,-1,-1,-1,-1,0.05,0.05,0.05,0.03,0.03,0.01,0.01,-1,-1,-1,-1,1,1,1,1,1,1,1,-1,-1,-1,-1,0,none,-1,-1,-1,-1,-1,-1,-1,-1,-1,-1,-1,-1,0,none,-1,-1,-1,-1,-1,-1,-1,-1,-1,-1,-1,-1
436,9000,wish,!!FOOD_RUSTYS_BARK_CHOP_SANDWICH,33,halloween_ghost03,1,-1,-1,1,recipes,9000,9001,9014,9015,9018,9019,9023,-1,-1,-1,-1,0.05,0.05,0.05,0.03,0.03,0.01,0.01,-1,-1,-1,-1,1,1,1,1,1,1,1,-1,-1,-1,-1,0,none,-1,-1,-1,-1,-1,-1,-1,-1,-1,-1,-1,-1,0,none,-1,-1,-1,-1,-1,-1,-1,-1,-1,-1,-1,-1
437,9001,wish,!!FOOD_RUSTYS_BARKING_BRISKET,33,halloween_ghost03,1,-1,-1,1,recipes,9000,9001,9014,9015,9018,9019,9023,-1,-1,-1,-1,0.05,0.05,0.05,0.03,0.03,0.01,0.01,-1,-1,-1,-1,1,1,1,1,1,1,1,-1,-1,-1,-1,0,none,-1,-1,-1,-1,-1,-1,-1,-1,-1,-1,-1,-1,0,none,-1,-1,-1,-1,-1,-1,-1,-1,-1,-1,-1,-1
438,9014,wish,!!FOOD_RUSTYS_MESQUITE_RIBS,33,halloween_ghost03,1,-1,-1,1,recipes,9000,9001,9014,9015,9018,9019,9023,-1,-1,-1,-1,0.05,0.05,0.05,0.03,0.03,0.01,0.01,-1,-1,-1,-1,1,1,1,1,1,1,1,-1,-1,-1,-1,0,none,-1,-1,-1,-1,-1,-1,-1,-1,-1,-1,-1,-1,0,none,-1,-1,-1,-1,-1,-1,-1,-1,-1,-1,-1,-1
439,9015,wish,!!FOOD_RUSTYS_PULLED_PULP_SANDWICH,33,halloween_ghost03,1,-1,-1,1,recipes,9000,9001,9014,9015,9018,9019,9023,-1,-1,-1,-1,0.05,0.05,0.05,0.03,0.03,0.01,0.01,-1,-1,-1,-1,1,1,1,1,1,1,1,-1,-1,-1,-1,0,none,-1,-1,-1,-1,-1,-1,-1,-1,-1,-1,-1,-1,0,none,-1,-1,-1,-1,-1,-1,-1,-1,-1,-1,-1,-1
440,9018,wish,!!FOOD_RUSTYS_SPLINTERED_SLAW,33,halloween_ghost03,1,-1,-1,1,recipes,9000,9001,9014,9015,9018,9019,9023,-1,-1,-1,-1,0.05,0.05,0.05,0.03,0.03,0.01,0.01,-1,-1,-1,-1,1,1,1,1,1,1,1,-1,-1,-1,-1,0,none,-1,-1,-1,-1,-1,-1,-1,-1,-1,-1,-1,-1,0,none,-1,-1,-1,-1,-1,-1,-1,-1,-1,-1,-1,-1
441,9019,wish,!!FOOD_RUSTYS_RIBEYE_SANDWICH,33,halloween_ghost03,1,-1,-1,1,recipes,9000,9001,9014,9015,9018,9019,9023,-1,-1,-1,-1,0.05,0.05,0.05,0.03,0.03,0.01,0.01,-1,-1,-1,-1,1,1,1,1,1,1,1,-1,-1,-1,-1,0,none,-1,-1,-1,-1,-1,-1,-1,-1,-1,-1,-1,-1,0,none,-1,-1,-1,-1,-1,-1,-1,-1,-1,-1,-1,-1
442,9016,wish,!!FOOD_RUSTYS_RUSTY_ON_RYE,34,halloween_ghost04,1,-1,-1,1,recipes,9000,9001,9014,9015,9018,9019,9023,-1,-1,-1,-1,0.05,0.05,0.05,0.03,0.03,0.01,0.01,-1,-1,-1,-1,1,1,1,1,1,1,1,-1,-1,-1,-1,0,none,-1,-1,-1,-1,-1,-1,-1,-1,-1,-1,-1,-1,0,none,-1,-1,-1,-1,-1,-1,-1,-1,-1,-1,-1,-1
443,9000,wish,!!FOOD_RUSTYS_BARK_CHOP_SANDWICH,34,halloween_ghost04,1,-1,-1,1,recipes,9000,9001,9014,9015,9018,9019,9023,-1,-1,-1,-1,0.05,0.05,0.05,0.03,0.03,0.01,0.01,-1,-1,-1,-1,1,1,1,1,1,1,1,-1,-1,-1,-1,0,none,-1,-1,-1,-1,-1,-1,-1,-1,-1,-1,-1,-1,0,none,-1,-1,-1,-1,-1,-1,-1,-1,-1,-1,-1,-1
444,9001,wish,!!FOOD_RUSTYS_BARKING_BRISKET,34,halloween_ghost04,1,-1,-1,1,recipes,9000,9001,9014,9015,9018,9019,9023,-1,-1,-1,-1,0.05,0.05,0.05,0.03,0.03,0.01,0.01,-1,-1,-1,-1,1,1,1,1,1,1,1,-1,-1,-1,-1,0,none,-1,-1,-1,-1,-1,-1,-1,-1,-1,-1,-1,-1,0,none,-1,-1,-1,-1,-1,-1,-1,-1,-1,-1,-1,-1
445,9014,wish,!!FOOD_RUSTYS_MESQUITE_RIBS,34,halloween_ghost04,1,-1,-1,1,recipes,9000,9001,9014,9015,9018,9019,9023,-1,-1,-1,-1,0.05,0.05,0.05,0.03,0.03,0.01,0.01,-1,-1,-1,-1,1,1,1,1,1,1,1,-1,-1,-1,-1,0,none,-1,-1,-1,-1,-1,-1,-1,-1,-1,-1,-1,-1,0,none,-1,-1,-1,-1,-1,-1,-1,-1,-1,-1,-1,-1
446,9015,wish,!!FOOD_RUSTYS_PULLED_PULP_SANDWICH,34,halloween_ghost04,1,-1,-1,1,recipes,9000,9001,9014,9015,9018,9019,9023,-1,-1,-1,-1,0.05,0.05,0.05,0.03,0.03,0.01,0.01,-1,-1,-1,-1,1,1,1,1,1,1,1,-1,-1,-1,-1,0,none,-1,-1,-1,-1,-1,-1,-1,-1,-1,-1,-1,-1,0,none,-1,-1,-1,-1,-1,-1,-1,-1,-1,-1,-1,-1
447,9018,wish,!!FOOD_RUSTYS_SPLINTERED_SLAW,34,halloween_ghost04,1,-1,-1,1,recipes,9000,9001,9014,9015,9018,9019,9023,-1,-1,-1,-1,0.05,0.05,0.05,0.03,0.03,0.01,0.01,-1,-1,-1,-1,1,1,1,1,1,1,1,-1,-1,-1,-1,0,none,-1,-1,-1,-1,-1,-1,-1,-1,-1,-1,-1,-1,0,none,-1,-1,-1,-1,-1,-1,-1,-1,-1,-1,-1,-1
448,9019,wish,!!FOOD_RUSTYS_RIBEYE_SANDWICH,34,halloween_ghost04,1,-1,-1,1,recipes,9000,9001,9014,9015,9018,9019,9023,-1,-1,-1,-1,0.05,0.05,0.05,0.03,0.03,0.01,0.01,-1,-1,-1,-1,1,1,1,1,1,1,1,-1,-1,-1,-1,0,none,-1,-1,-1,-1,-1,-1,-1,-1,-1,-1,-1,-1,0,none,-1,-1,-1,-1,-1,-1,-1,-1,-1,-1,-1,-1
449,9016,wish,!!FOOD_RUSTYS_RUSTY_ON_RYE,35,halloween_ghost05,1,-1,-1,1,recipes,9000,9001,9014,9015,9018,9019,9023,-1,-1,-1,-1,0.05,0.05,0.05,0.03,0.03,0.01,0.01,-1,-1,-1,-1,1,1,1,1,1,1,1,-1,-1,-1,-1,0,none,-1,-1,-1,-1,-1,-1,-1,-1,-1,-1,-1,-1,0,none,-1,-1,-1,-1,-1,-1,-1,-1,-1,-1,-1,-1
450,9000,wish,!!FOOD_RUSTYS_BARK_CHOP_SANDWICH,35,halloween_ghost05,1,-1,-1,1,recipes,9000,9001,9014,9015,9018,9019,9023,-1,-1,-1,-1,0.05,0.05,0.05,0.03,0.03,0.01,0.01,-1,-1,-1,-1,1,1,1,1,1,1,1,-1,-1,-1,-1,0,none,-1,-1,-1,-1,-1,-1,-1,-1,-1,-1,-1,-1,0,none,-1,-1,-1,-1,-1,-1,-1,-1,-1,-1,-1,-1
451,9001,wish,!!FOOD_RUSTYS_BARKING_BRISKET,35,halloween_ghost05,1,-1,-1,1,recipes,9000,9001,9014,9015,9018,9019,9023,-1,-1,-1,-1,0.05,0.05,0.05,0.03,0.03,0.01,0.01,-1,-1,-1,-1,1,1,1,1,1,1,1,-1,-1,-1,-1,0,none,-1,-1,-1,-1,-1,-1,-1,-1,-1,-1,-1,-1,0,none,-1,-1,-1,-1,-1,-1,-1,-1,-1,-1,-1,-1
452,9014,wish,!!FOOD_RUSTYS_MESQUITE_RIBS,35,halloween_ghost05,1,-1,-1,1,recipes,9000,9001,9014,9015,9018,9019,9023,-1,-1,-1,-1,0.05,0.05,0.05,0.03,0.03,0.01,0.01,-1,-1,-1,-1,1,1,1,1,1,1,1,-1,-1,-1,-1,0,none,-1,-1,-1,-1,-1,-1,-1,-1,-1,-1,-1,-1,0,none,-1,-1,-1,-1,-1,-1,-1,-1,-1,-1,-1,-1
453,9015,wish,!!FOOD_RUSTYS_PULLED_PULP_SANDWICH,35,halloween_ghost05,1,-1,-1,1,recipes,9000,9001,9014,9015,9018,9019,9023,-1,-1,-1,-1,0.05,0.05,0.05,0.03,0.03,0.01,0.01,-1,-1,-1,-1,1,1,1,1,1,1,1,-1,-1,-1,-1,0,none,-1,-1,-1,-1,-1,-1,-1,-1,-1,-1,-1,-1,0,none,-1,-1,-1,-1,-1,-1,-1,-1,-1,-1,-1,-1
454,9018,wish,!!FOOD_RUSTYS_SPLINTERED_SLAW,35,halloween_ghost05,1,-1,-1,1,recipes,9000,9001,9014,9015,9018,9019,9023,-1,-1,-1,-1,0.05,0.05,0.05,0.03,0.03,0.01,0.01,-1,-1,-1,-1,1,1,1,1,1,1,1,-1,-1,-1,-1,0,none,-1,-1,-1,-1,-1,-1,-1,-1,-1,-1,-1,-1,0,none,-1,-1,-1,-1,-1,-1,-1,-1,-1,-1,-1,-1
455,9019,wish,!!FOOD_RUSTYS_RIBEYE_SANDWICH,35,halloween_ghost05,1,-1,-1,1,recipes,9000,9001,9014,9015,9018,9019,9023,-1,-1,-1,-1,0.05,0.05,0.05,0.03,0.03,0.01,0.01,-1,-1,-1,-1,1,1,1,1,1,1,1,-1,-1,-1,-1,0,none,-1,-1,-1,-1,-1,-1,-1,-1,-1,-1,-1,-1,0,none,-1,-1,-1,-1,-1,-1,-1,-1,-1,-1,-1,-1
456,9016,wish,!!FOOD_RUSTYS_RUSTY_ON_RYE,36,halloween_rusty_rickets,1,-1,-1,1,recipes,9000,9001,9014,9015,9018,9019,9023,-1,-1,-1,-1,0.05,0.05,0.05,0.03,0.03,0.01,0.01,-1,-1,-1,-1,1,1,1,1,1,1,1,-1,-1,-1,-1,0,none,-1,-1,-1,-1,-1,-1,-1,-1,-1,-1,-1,-1,0,none,-1,-1,-1,-1,-1,-1,-1,-1,-1,-1,-1,-1
457,9000,wish,!!FOOD_RUSTYS_BARK_CHOP_SANDWICH,36,halloween_rusty_rickets,1,-1,-1,1,recipes,9000,9001,9014,9015,9018,9019,9023,-1,-1,-1,-1,0.05,0.05,0.05,0.03,0.03,0.01,0.01,-1,-1,-1,-1,1,1,1,1,1,1,1,-1,-1,-1,-1,0,none,-1,-1,-1,-1,-1,-1,-1,-1,-1,-1,-1,-1,0,none,-1,-1,-1,-1,-1,-1,-1,-1,-1,-1,-1,-1
458,9001,wish,!!FOOD_RUSTYS_BARKING_BRISKET,36,halloween_rusty_rickets,1,-1,-1,1,recipes,9000,9001,9014,9015,9018,9019,9023,-1,-1,-1,-1,0.05,0.05,0.05,0.03,0.03,0.01,0.01,-1,-1,-1,-1,1,1,1,1,1,1,1,-1,-1,-1,-1,0,none,-1,-1,-1,-1,-1,-1,-1,-1,-1,-1,-1,-1,0,none,-1,-1,-1,-1,-1,-1,-1,-1,-1,-1,-1,-1
459,9014,wish,!!FOOD_RUSTYS_MESQUITE_RIBS,36,halloween_rusty_rickets,1,-1,-1,1,recipes,9000,9001,9014,9015,9018,9019,9023,-1,-1,-1,-1,0.05,0.05,0.05,0.03,0.03,0.01,0.01,-1,-1,-1,-1,1,1,1,1,1,1,1,-1,-1,-1,-1,0,none,-1,-1,-1,-1,-1,-1,-1,-1,-1,-1,-1,-1,0,none,-1,-1,-1,-1,-1,-1,-1,-1,-1,-1,-1,-1
460,9015,wish,!!FOOD_RUSTYS_PULLED_PULP_SANDWICH,36,halloween_rusty_rickets,1,-1,-1,1,recipes,9000,9001,9014,9015,9018,9019,9023,-1,-1,-1,-1,0.05,0.05,0.05,0.03,0.03,0.01,0.01,-1,-1,-1,-1,1,1,1,1,1,1,1,-1,-1,-1,-1,0,none,-1,-1,-1,-1,-1,-1,-1,-1,-1,-1,-1,-1,0,none,-1,-1,-1,-1,-1,-1,-1,-1,-1,-1,-1,-1
461,9018,wish,!!FOOD_RUSTYS_SPLINTERED_SLAW,36,halloween_rusty_rickets,1,-1,-1,1,recipes,9000,9001,9014,9015,9018,9019,9023,-1,-1,-1,-1,0.05,0.05,0.05,0.03,0.03,0.01,0.01,-1,-1,-1,-1,1,1,1,1,1,1,1,-1,-1,-1,-1,0,none,-1,-1,-1,-1,-1,-1,-1,-1,-1,-1,-1,-1,0,none,-1,-1,-1,-1,-1,-1,-1,-1,-1,-1,-1,-1
462,9019,wish,!!FOOD_RUSTYS_RIBEYE_SANDWICH,36,halloween_rusty_rickets,1,-1,-1,1,recipes,9000,9001,9014,9015,9018,9019,9023,-1,-1,-1,-1,0.05,0.05,0.05,0.03,0.03,0.01,0.01,-1,-1,-1,-1,1,1,1,1,1,1,1,-1,-1,-1,-1,0,none,-1,-1,-1,-1,-1,-1,-1,-1,-1,-1,-1,-1,0,none,-1,-1,-1,-1,-1,-1,-1,-1,-1,-1,-1,-1
463,9016,wish,!!FOOD_RUSTYS_RUSTY_ON_RYE,37,halloween_anglerfish,1,-1,-1,1,recipes,9000,9014,9015,9018,9019,-1,-1,-1,-1,-1,-1,0.2,0.1,0.05,0.05,0.01,-1,-1,-1,-1,-1,-1,1,1,1,1,1,-1,-1,-1,-1,-1,-1,0,none,-1,-1,-1,-1,-1,-1,-1,-1,-1,-1,-1,-1,0,none,-1,-1,-1,-1,-1,-1,-1,-1,-1,-1,-1,-1
464,9000,wish,!!FOOD_RUSTYS_BARK_CHOP_SANDWICH,37,halloween_anglerfish,1,-1,-1,1,recipes,9000,9014,9015,9018,9019,-1,-1,-1,-1,-1,-1,0.2,0.1,0.05,0.05,0.01,-1,-1,-1,-1,-1,-1,1,1,1,1,1,-1,-1,-1,-1,-1,-1,0,none,-1,-1,-1,-1,-1,-1,-1,-1,-1,-1,-1,-1,0,none,-1,-1,-1,-1,-1,-1,-1,-1,-1,-1,-1,-1
465,9001,wish,!!FOOD_RUSTYS_BARKING_BRISKET,37,halloween_anglerfish,1,-1,-1,1,recipes,9000,9014,9015,9018,9019,-1,-1,-1,-1,-1,-1,0.2,0.1,0.05,0.05,0.01,-1,-1,-1,-1,-1,-1,1,1,1,1,1,-1,-1,-1,-1,-1,-1,0,none,-1,-1,-1,-1,-1,-1,-1,-1,-1,-1,-1,-1,0,none,-1,-1,-1,-1,-1,-1,-1,-1,-1,-1,-1,-1
466,9014,wish,!!FOOD_RUSTYS_MESQUITE_RIBS,37,halloween_anglerfish,1,-1,-1,1,recipes,9000,9014,9015,9018,9019,-1,-1,-1,-1,-1,-1,0.2,0.1,0.05,0.05,0.01,-1,-1,-1,-1,-1,-1,1,1,1,1,1,-1,-1,-1,-1,-1,-1,0,none,-1,-1,-1,-1,-1,-1,-1,-1,-1,-1,-1,-1,0,none,-1,-1,-1,-1,-1,-1,-1,-1,-1,-1,-1,-1
467,9015,wish,!!FOOD_RUSTYS_PULLED_PULP_SANDWICH,37,halloween_anglerfish,1,-1,-1,1,recipes,9000,9014,9015,9018,9019,-1,-1,-1,-1,-1,-1,0.2,0.1,0.05,0.05,0.01,-1,-1,-1,-1,-1,-1,1,1,1,1,1,-1,-1,-1,-1,-1,-1,0,none,-1,-1,-1,-1,-1,-1,-1,-1,-1,-1,-1,-1,0,none,-1,-1,-1,-1,-1,-1,-1,-1,-1,-1,-1,-1
468,9018,wish,!!FOOD_RUSTYS_SPLINTERED_SLAW,37,halloween_anglerfish,1,-1,-1,1,recipes,9000,9014,9015,9018,9019,-1,-1,-1,-1,-1,-1,0.2,0.1,0.05,0.05,0.01,-1,-1,-1,-1,-1,-1,1,1,1,1,1,-1,-1,-1,-1,-1,-1,0,none,-1,-1,-1,-1,-1,-1,-1,-1,-1,-1,-1,-1,0,none,-1,-1,-1,-1,-1,-1,-1,-1,-1,-1,-1,-1
469,9019,wish,!!FOOD_RUSTYS_RIBEYE_SANDWICH,37,halloween_anglerfish,1,-1,-1,1,recipes,9000,9014,9015,9018,9019,-1,-1,-1,-1,-1,-1,0.2,0.1,0.05,0.05,0.01,-1,-1,-1,-1,-1,-1,1,1,1,1,1,-1,-1,-1,-1,-1,-1,0,none,-1,-1,-1,-1,-1,-1,-1,-1,-1,-1,-1,-1,0,none,-1,-1,-1,-1,-1,-1,-1,-1,-1,-1,-1,-1
470,9016,wish,!!FOOD_RUSTYS_RUSTY_ON_RYE,38,halloween_hillbillyfish,1,-1,-1,1,recipes,9000,9001,9014,9015,9018,9019,-1,-1,-1,-1,-1,0.05,0.05,0.05,0.03,0.03,0.01,-1,-1,-1,-1,-1,1,1,1,1,1,1,-1,-1,-1,-1,-1,0,none,-1,-1,-1,-1,-1,-1,-1,-1,-1,-1,-1,-1,0,none,-1,-1,-1,-1,-1,-1,-1,-1,-1,-1,-1,-1
471,9000,wish,!!FOOD_RUSTYS_BARK_CHOP_SANDWICH,38,halloween_hillbillyfish,1,-1,-1,1,recipes,9000,9001,9014,9015,9018,9019,-1,-1,-1,-1,-1,0.05,0.05,0.05,0.03,0.03,0.01,-1,-1,-1,-1,-1,1,1,1,1,1,1,-1,-1,-1,-1,-1,0,none,-1,-1,-1,-1,-1,-1,-1,-1,-1,-1,-1,-1,0,none,-1,-1,-1,-1,-1,-1,-1,-1,-1,-1,-1,-1
472,9001,wish,!!FOOD_RUSTYS_BARKING_BRISKET,38,halloween_hillbillyfish,1,-1,-1,1,recipes,9000,9001,9014,9015,9018,9019,-1,-1,-1,-1,-1,0.05,0.05,0.05,0.03,0.03,0.01,-1,-1,-1,-1,-1,1,1,1,1,1,1,-1,-1,-1,-1,-1,0,none,-1,-1,-1,-1,-1,-1,-1,-1,-1,-1,-1,-1,0,none,-1,-1,-1,-1,-1,-1,-1,-1,-1,-1,-1,-1
473,9014,wish,!!FOOD_RUSTYS_MESQUITE_RIBS,38,halloween_hillbillyfish,1,-1,-1,1,recipes,9000,9001,9014,9015,9018,9019,-1,-1,-1,-1,-1,0.05,0.05,0.05,0.03,0.03,0.01,-1,-1,-1,-1,-1,1,1,1,1,1,1,-1,-1,-1,-1,-1,0,none,-1,-1,-1,-1,-1,-1,-1,-1,-1,-1,-1,-1,0,none,-1,-1,-1,-1,-1,-1,-1,-1,-1,-1,-1,-1
474,9015,wish,!!FOOD_RUSTYS_PULLED_PULP_SANDWICH,38,halloween_hillbillyfish,1,-1,-1,1,recipes,9000,9001,9014,9015,9018,9019,-1,-1,-1,-1,-1,0.05,0.05,0.05,0.03,0.03,0.01,-1,-1,-1,-1,-1,1,1,1,1,1,1,-1,-1,-1,-1,-1,0,none,-1,-1,-1,-1,-1,-1,-1,-1,-1,-1,-1,-1,0,none,-1,-1,-1,-1,-1,-1,-1,-1,-1,-1,-1,-1
475,9018,wish,!!FOOD_RUSTYS_SPLINTERED_SLAW,38,halloween_hillbillyfish,1,-1,-1,1,recipes,9000,9001,9014,9015,9018,9019,-1,-1,-1,-1,-1,0.05,0.05,0.05,0.03,0.03,0.01,-1,-1,-1,-1,-1,1,1,1,1,1,1,-1,-1,-1,-1,-1,0,none,-1,-1,-1,-1,-1,-1,-1,-1,-1,-1,-1,-1,0,none,-1,-1,-1,-1,-1,-1,-1,-1,-1,-1,-1,-1
476,9019,wish,!!FOOD_RUSTYS_RIBEYE_SANDWICH,38,halloween_hillbillyfish,1,-1,-1,1,recipes,9000,9001,9014,9015,9018,9019,-1,-1,-1,-1,-1,0.05,0.05,0.05,0.03,0.03,0.01,-1,-1,-1,-1,-1,1,1,1,1,1,1,-1,-1,-1,-1,-1,0,none,-1,-1,-1,-1,-1,-1,-1,-1,-1,-1,-1,-1,0,none,-1,-1,-1,-1,-1,-1,-1,-1,-1,-1,-1,-1
477,9016,wish,!!FOOD_RUSTYS_RUSTY_ON_RYE,39,halloween_slashermcgee,1,-1,-1,1,recipes,9000,9001,9014,9015,9018,9019,-1,-1,-1,-1,-1,0.05,0.05,0.05,0.03,0.03,0.01,-1,-1,-1,-1,-1,1,1,1,1,1,1,-1,-1,-1,-1,-1,0,none,-1,-1,-1,-1,-1,-1,-1,-1,-1,-1,-1,-1,0,none,-1,-1,-1,-1,-1,-1,-1,-1,-1,-1,-1,-1
478,9000,wish,!!FOOD_RUSTYS_BARK_CHOP_SANDWICH,39,halloween_slashermcgee,1,-1,-1,1,recipes,9000,9001,9014,9015,9018,9019,-1,-1,-1,-1,-1,0.05,0.05,0.05,0.03,0.03,0.01,-1,-1,-1,-1,-1,1,1,1,1,1,1,-1,-1,-1,-1,-1,0,none,-1,-1,-1,-1,-1,-1,-1,-1,-1,-1,-1,-1,0,none,-1,-1,-1,-1,-1,-1,-1,-1,-1,-1,-1,-1
479,9001,wish,!!FOOD_RUSTYS_BARKING_BRISKET,39,halloween_slashermcgee,1,-1,-1,1,recipes,9000,9001,9014,9015,9018,9019,-1,-1,-1,-1,-1,0.05,0.05,0.05,0.03,0.03,0.01,-1,-1,-1,-1,-1,1,1,1,1,1,1,-1,-1,-1,-1,-1,0,none,-1,-1,-1,-1,-1,-1,-1,-1,-1,-1,-1,-1,0,none,-1,-1,-1,-1,-1,-1,-1,-1,-1,-1,-1,-1
480,9014,wish,!!FOOD_RUSTYS_MESQUITE_RIBS,39,halloween_slashermcgee,1,-1,-1,1,recipes,9000,9001,9014,9015,9018,9019,-1,-1,-1,-1,-1,0.05,0.05,0.05,0.03,0.03,0.01,-1,-1,-1,-1,-1,1,1,1,1,1,1,-1,-1,-1,-1,-1,0,none,-1,-1,-1,-1,-1,-1,-1,-1,-1,-1,-1,-1,0,none,-1,-1,-1,-1,-1,-1,-1,-1,-1,-1,-1,-1
481,9015,wish,!!FOOD_RUSTYS_PULLED_PULP_SANDWICH,39,halloween_slashermcgee,1,-1,-1,1,recipes,9000,9001,9014,9015,9018,9019,-1,-1,-1,-1,-1,0.05,0.05,0.05,0.03,0.03,0.01,-1,-1,-1,-1,-1,1,1,1,1,1,1,-1,-1,-1,-1,-1,0,none,-1,-1,-1,-1,-1,-1,-1,-1,-1,-1,-1,-1,0,none,-1,-1,-1,-1,-1,-1,-1,-1,-1,-1,-1,-1
482,9018,wish,!!FOOD_RUSTYS_SPLINTERED_SLAW,39,halloween_slashermcgee,1,-1,-1,1,recipes,9000,9001,9014,9015,9018,9019,-1,-1,-1,-1,-1,0.05,0.05,0.05,0.03,0.03,0.01,-1,-1,-1,-1,-1,1,1,1,1,1,1,-1,-1,-1,-1,-1,0,none,-1,-1,-1,-1,-1,-1,-1,-1,-1,-1,-1,-1,0,none,-1,-1,-1,-1,-1,-1,-1,-1,-1,-1,-1,-1
483,9019,wish,!!FOOD_RUSTYS_RIBEYE_SANDWICH,39,halloween_slashermcgee,1,-1,-1,1,recipes,9000,9001,9014,9015,9018,9019,-1,-1,-1,-1,-1,0.05,0.05,0.05,0.03,0.03,0.01,-1,-1,-1,-1,-1,1,1,1,1,1,1,-1,-1,-1,-1,-1,0,none,-1,-1,-1,-1,-1,-1,-1,-1,-1,-1,-1,-1,0,none,-1,-1,-1,-1,-1,-1,-1,-1,-1,-1,-1,-1
484,9504,wish,!!FOOD_CHUM_SHAKE,40,plankton,0,-1,-1,0.97,resources,5,5,5,-1,-1,-1,-1,-1,-1,-1,-1,0.23,0.32,0.45,-1,-1,-1,-1,-1,-1,-1,-1,45,30,15,-1,-1,-1,-1,-1,-1,-1,-1,0.03,resources,2,2,-1,-1,0.66,0.34,-1,-1,3,6,-1,-1,0,none,-1,-1,-1,-1,-1,-1,-1,-1,-1,-1,-1,-1
485,9505,wish,!!FOOD_CHUM_BURGER,40,plankton,0,-1,-1,0.97,resources,5,5,5,-1,-1,-1,-1,-1,-1,-1,-1,0.23,0.32,0.45,-1,-1,-1,-1,-1,-1,-1,-1,45,30,15,-1,-1,-1,-1,-1,-1,-1,-1,0.03,resources,2,2,-1,-1,0.66,0.34,-1,-1,3,6,-1,-1,0,none,-1,-1,-1,-1,-1,-1,-1,-1,-1,-1,-1,-1
486,9506,wish,!!FOOD_CHUM_FRIES,40,plankton,0,-1,-1,0.97,resources,5,5,5,-1,-1,-1,-1,-1,-1,-1,-1,0.23,0.32,0.45,-1,-1,-1,-1,-1,-1,-1,-1,45,30,15,-1,-1,-1,-1,-1,-1,-1,-1,0.03,resources,2,2,-1,-1,0.66,0.34,-1,-1,3,6,-1,-1,0,none,-1,-1,-1,-1,-1,-1,-1,-1,-1,-1,-1,-1
487,9507,wish,!!FOOD_CHUMBALAYA,40,plankton,0,-1,-1,0.97,resources,5,5,5,-1,-1,-1,-1,-1,-1,-1,-1,0.23,0.32,0.45,-1,-1,-1,-1,-1,-1,-1,-1,45,30,15,-1,-1,-1,-1,-1,-1,-1,-1,0.03,resources,2,2,-1,-1,0.66,0.34,-1,-1,3,6,-1,-1,0,none,-1,-1,-1,-1,-1,-1,-1,-1,-1,-1,-1,-1
488,9508,wish,!!FOOD_CHUM_CHILI,40,plankton,0,-1,-1,0.97,resources,5,5,5,-1,-1,-1,-1,-1,-1,-1,-1,0.23,0.32,0.45,-1,-1,-1,-1,-1,-1,-1,-1,45,30,15,-1,-1,-1,-1,-1,-1,-1,-1,0.03,resources,2,2,-1,-1,0.66,0.34,-1,-1,3,6,-1,-1,0,none,-1,-1,-1,-1,-1,-1,-1,-1,-1,-1,-1,-1
489,9509,wish,!!FOOD_CHUM_PIE ,40,plankton,0,-1,-1,0.97,resources,5,5,5,-1,-1,-1,-1,-1,-1,-1,-1,0.23,0.32,0.45,-1,-1,-1,-1,-1,-1,-1,-1,45,30,15,-1,-1,-1,-1,-1,-1,-1,-1,0.03,resources,2,2,-1,-1,0.66,0.34,-1,-1,3,6,-1,-1,0,none,-1,-1,-1,-1,-1,-1,-1,-1,-1,-1,-1,-1
490,9510,wish,!!FOOD_CHUM_STICK,40,plankton,0,-1,-1,0.97,resources,5,5,5,-1,-1,-1,-1,-1,-1,-1,-1,0.23,0.32,0.45,-1,-1,-1,-1,-1,-1,-1,-1,45,30,15,-1,-1,-1,-1,-1,-1,-1,-1,0.03,resources,2,2,-1,-1,0.66,0.34,-1,-1,3,6,-1,-1,0,none,-1,-1,-1,-1,-1,-1,-1,-1,-1,-1,-1,-1
491,9511,wish,!!FOOD_KRABBY_KLONE,40,plankton,0,-1,-1,0.97,resources,5,5,5,-1,-1,-1,-1,-1,-1,-1,-1,0.23,0.32,0.45,-1,-1,-1,-1,-1,-1,-1,-1,45,30,15,-1,-1,-1,-1,-1,-1,-1,-1,0.03,resources,2,2,-1,-1,0.66,0.34,-1,-1,3,6,-1,-1,0,none,-1,-1,-1,-1,-1,-1,-1,-1,-1,-1,-1,-1
492,9504,wish,!!FOOD_CHUM_SHAKE,41,plankton,1,-1,-1,1,recipes,9504,9505,9506,9507,9508,9509,9510,9511,-1,-1,-1,0.01,0.03,0.03,0.05,0.05,0.05,0.05,0.05,-1,-1,-1,1,1,1,1,1,1,1,1,-1,-1,-1,0,none,-1,-1,-1,-1,-1,-1,-1,-1,-1,-1,-1,-1,0,none,-1,-1,-1,-1,-1,-1,-1,-1,-1,-1,-1,-1
493,9505,wish,!!FOOD_CHUM_BURGER,41,plankton,1,-1,-1,1,recipes,9504,9505,9506,9507,9508,9509,9510,9511,-1,-1,-1,0.01,0.03,0.03,0.05,0.05,0.05,0.05,0.05,-1,-1,-1,1,1,1,1,1,1,1,1,-1,-1,-1,0,none,-1,-1,-1,-1,-1,-1,-1,-1,-1,-1,-1,-1,0,none,-1,-1,-1,-1,-1,-1,-1,-1,-1,-1,-1,-1
494,9506,wish,!!FOOD_CHUM_FRIES,41,plankton,1,-1,-1,1,recipes,9504,9505,9506,9507,9508,9509,9510,9511,-1,-1,-1,0.01,0.03,0.03,0.05,0.05,0.05,0.05,0.05,-1,-1,-1,1,1,1,1,1,1,1,1,-1,-1,-1,0,none,-1,-1,-1,-1,-1,-1,-1,-1,-1,-1,-1,-1,0,none,-1,-1,-1,-1,-1,-1,-1,-1,-1,-1,-1,-1
495,9507,wish,!!FOOD_CHUMBALAYA,41,plankton,1,-1,-1,1,recipes,9504,9505,9506,9507,9508,9509,9510,9511,-1,-1,-1,0.01,0.03,0.03,0.05,0.05,0.05,0.05,0.05,-1,-1,-1,1,1,1,1,1,1,1,1,-1,-1,-1,0,none,-1,-1,-1,-1,-1,-1,-1,-1,-1,-1,-1,-1,0,none,-1,-1,-1,-1,-1,-1,-1,-1,-1,-1,-1,-1
496,9508,wish,!!FOOD_CHUM_CHILI,41,plankton,1,-1,-1,1,recipes,9504,9505,9506,9507,9508,9509,9510,9511,-1,-1,-1,0.01,0.03,0.03,0.05,0.05,0.05,0.05,0.05,-1,-1,-1,1,1,1,1,1,1,1,1,-1,-1,-1,0,none,-1,-1,-1,-1,-1,-1,-1,-1,-1,-1,-1,-1,0,none,-1,-1,-1,-1,-1,-1,-1,-1,-1,-1,-1,-1
497,9509,wish,!!FOOD_CHUM_PIE ,41,plankton,1,-1,-1,1,recipes,9504,9505,9506,9507,9508,9509,9510,9511,-1,-1,-1,0.01,0.03,0.03,0.05,0.05,0.05,0.05,0.05,-1,-1,-1,1,1,1,1,1,1,1,1,-1,-1,-1,0,none,-1,-1,-1,-1,-1,-1,-1,-1,-1,-1,-1,-1,0,none,-1,-1,-1,-1,-1,-1,-1,-1,-1,-1,-1,-1
498,9510,wish,!!FOOD_CHUM_STICK,41,plankton,1,-1,-1,1,recipes,9504,9505,9506,9507,9508,9509,9510,9511,-1,-1,-1,0.01,0.03,0.03,0.05,0.05,0.05,0.05,0.05,-1,-1,-1,1,1,1,1,1,1,1,1,-1,-1,-1,0,none,-1,-1,-1,-1,-1,-1,-1,-1,-1,-1,-1,-1,0,none,-1,-1,-1,-1,-1,-1,-1,-1,-1,-1,-1,-1
499,9511,wish,!!FOOD_KRABBY_KLONE,41,plankton,1,-1,-1,1,recipes,9504,9505,9506,9507,9508,9509,9510,9511,-1,-1,-1,0.01,0.03,0.03,0.05,0.05,0.05,0.05,0.05,-1,-1,-1,1,1,1,1,1,1,1,1,-1,-1,-1,0,none,-1,-1,-1,-1,-1,-1,-1,-1,-1,-1,-1,-1,0,none,-1,-1,-1,-1,-1,-1,-1,-1,-1,-1,-1,-1
500,9004,wish,!!INGREDIENT_DRIFTWOOD,100,halloween_base_ghosts,0,-1,-1,1,resources,55,-1,-1,-1,-1,-1,-1,-1,-1,-1,-1,1,-1,-1,-1,-1,-1,-1,-1,-1,-1,-1,1,-1,-1,-1,-1,-1,-1,-1,-1,-1,-1,0,none,-1,-1,-1,-1,-1,-1,-1,-1,-1,-1,-1,-1,0,none,-1,-1,-1,-1,-1,-1,-1,-1,-1,-1,-1,-1
501,9019,wish,!!FOOD_RUSTYS_RIBEYE_SANDWICH,100,halloween_base_ghosts,0,-1,-1,1,resources,55,55,55,55,55,-1,-1,-1,-1,-1,-1,0.1,0.25,0.3,0.25,0.1,-1,-1,-1,-1,-1,-1,20,25,30,35,40,-1,-1,-1,-1,-1,-1,0,none,-1,-1,-1,-1,-1,-1,-1,-1,-1,-1,-1,-1,0,none,-1,-1,-1,-1,-1,-1,-1,-1,-1,-1,-1,-1
502,9016,wish,!!FOOD_RUSTYS_RUSTY_ON_RYE,100,halloween_base_ghosts,0,-1,-1,1,resources,55,55,55,55,55,-1,-1,-1,-1,-1,-1,0.1,0.25,0.3,0.25,0.1,-1,-1,-1,-1,-1,-1,20,25,30,35,40,-1,-1,-1,-1,-1,-1,0,none,-1,-1,-1,-1,-1,-1,-1,-1,-1,-1,-1,-1,0,none,-1,-1,-1,-1,-1,-1,-1,-1,-1,-1,-1,-1
503,9000,wish,!!FOOD_RUSTYS_BARK_CHOP_SANDWICH,100,halloween_base_ghosts,0,-1,-1,1,resources,55,55,55,55,55,-1,-1,-1,-1,-1,-1,0.1,0.25,0.3,0.25,0.1,-1,-1,-1,-1,-1,-1,40,50,55,60,70,-1,-1,-1,-1,-1,-1,0,none,-1,-1,-1,-1,-1,-1,-1,-1,-1,-1,-1,-1,0,none,-1,-1,-1,-1,-1,-1,-1,-1,-1,-1,-1,-1
504,9014,wish,!!FOOD_RUSTYS_MESQUITE_RIBS,100,halloween_base_ghosts,0,-1,-1,1,resources,55,55,55,55,55,-1,-1,-1,-1,-1,-1,0.1,0.25,0.3,0.25,0.1,-1,-1,-1,-1,-1,-1,55,65,70,75,85,-1,-1,-1,-1,-1,-1,0,none,-1,-1,-1,-1,-1,-1,-1,-1,-1,-1,-1,-1,0,none,-1,-1,-1,-1,-1,-1,-1,-1,-1,-1,-1,-1
505,9001,wish,!!FOOD_RUSTYS_BARKING_BRISKET,100,halloween_base_ghosts,0,-1,-1,1,resources,55,55,55,55,55,-1,-1,-1,-1,-1,-1,0.1,0.25,0.3,0.25,0.1,-1,-1,-1,-1,-1,-1,70,80,85,90,100,-1,-1,-1,-1,-1,-1,0,none,-1,-1,-1,-1,-1,-1,-1,-1,-1,-1,-1,-1,0,none,-1,-1,-1,-1,-1,-1,-1,-1,-1,-1,-1,-1
506,9018,wish,!!FOOD_RUSTYS_SPLINTERED_SLAW,100,halloween_base_ghosts,0,-1,-1,1,resources,55,55,55,55,55,-1,-1,-1,-1,-1,-1,0.1,0.25,0.3,0.25,0.1,-1,-1,-1,-1,-1,-1,80,95,100,105,120,-1,-1,-1,-1,-1,-1,0,none,-1,-1,-1,-1,-1,-1,-1,-1,-1,-1,-1,-1,0,none,-1,-1,-1,-1,-1,-1,-1,-1,-1,-1,-1,-1
507,9015,wish,!!FOOD_RUSTYS_PULLED_PULP_SANDWICH,100,halloween_base_ghosts,0,-1,-1,1,resources,55,55,55,55,55,-1,-1,-1,-1,-1,-1,0.1,0.25,0.3,0.25,0.1,-1,-1,-1,-1,-1,-1,100,120,125,130,150,-1,-1,-1,-1,-1,-1,0,none,-1,-1,-1,-1,-1,-1,-1,-1,-1,-1,-1,-1,0,none,-1,-1,-1,-1,-1,-1,-1,-1,-1,-1,-1,-1
508,9023,wish,!!FOOD_EYEBALLS,100,halloween_base_ghosts,0,-1,-1,1,resources,55,55,55,55,55,-1,-1,-1,-1,-1,-1,0.1,0.25,0.3,0.25,0.1,-1,-1,-1,-1,-1,-1,180,215,225,235,270,-1,-1,-1,-1,-1,-1,0,none,-1,-1,-1,-1,-1,-1,-1,-1,-1,-1,-1,-1,0,none,-1,-1,-1,-1,-1,-1,-1,-1,-1,-1,-1,-1
509,9004,wish,!!INGREDIENT_DRIFTWOOD,101,halloween_xp_ghosts,0,-1,-1,0.97,resources,5,5,5,-1,-1,-1,-1,-1,-1,-1,-1,0.23,0.32,0.45,-1,-1,-1,-1,-1,-1,-1,-1,45,30,15,-1,-1,-1,-1,-1,-1,-1,-1,0.03,resources,2,2,-1,-1,0.66,0.34,-1,-1,3,6,-1,-1,0,none,-1,-1,-1,-1,-1,-1,-1,-1,-1,-1,-1,-1
510,9019,wish,!!FOOD_RUSTYS_RIBEYE_SANDWICH,101,halloween_xp_ghosts,0,-1,-1,0.97,resources,5,5,5,-1,-1,-1,-1,-1,-1,-1,-1,0.23,0.32,0.45,-1,-1,-1,-1,-1,-1,-1,-1,45,30,15,-1,-1,-1,-1,-1,-1,-1,-1,0.03,resources,2,2,-1,-1,0.66,0.34,-1,-1,3,6,-1,-1,0,none,-1,-1,-1,-1,-1,-1,-1,-1,-1,-1,-1,-1
511,9016,wish,!!FOOD_RUSTYS_RUSTY_ON_RYE,101,halloween_xp_ghosts,0,-1,-1,0.97,resources,5,5,5,-1,-1,-1,-1,-1,-1,-1,-1,0.23,0.32,0.45,-1,-1,-1,-1,-1,-1,-1,-1,45,30,15,-1,-1,-1,-1,-1,-1,-1,-1,0.03,resources,2,2,-1,-1,0.66,0.34,-1,-1,3,6,-1,-1,0,none,-1,-1,-1,-1,-1,-1,-1,-1,-1,-1,-1,-1
512,9000,wish,!!FOOD_RUSTYS_BARK_CHOP_SANDWICH,101,halloween_xp_ghosts,0,-1,-1,0.97,resources,5,5,5,-1,-1,-1,-1,-1,-1,-1,-1,0.23,0.32,0.45,-1,-1,-1,-1,-1,-1,-1,-1,45,30,15,-1,-1,-1,-1,-1,-1,-1,-1,0.03,resources,2,2,-1,-1,0.66,0.34,-1,-1,3,6,-1,-1,0,none,-1,-1,-1,-1,-1,-1,-1,-1,-1,-1,-1,-1
513,9014,wish,!!FOOD_RUSTYS_MESQUITE_RIBS,101,halloween_xp_ghosts,0,-1,-1,0.97,resources,5,5,5,-1,-1,-1,-1,-1,-1,-1,-1,0.23,0.32,0.45,-1,-1,-1,-1,-1,-1,-1,-1,45,30,15,-1,-1,-1,-1,-1,-1,-1,-1,0.03,resources,2,2,-1,-1,0.66,0.34,-1,-1,3,6,-1,-1,0,none,-1,-1,-1,-1,-1,-1,-1,-1,-1,-1,-1,-1
514,9001,wish,!!FOOD_RUSTYS_BARKING_BRISKET,101,halloween_xp_ghosts,0,-1,-1,0.97,resources,5,5,5,-1,-1,-1,-1,-1,-1,-1,-1,0.23,0.32,0.45,-1,-1,-1,-1,-1,-1,-1,-1,45,30,15,-1,-1,-1,-1,-1,-1,-1,-1,0.03,resources,2,2,-1,-1,0.66,0.34,-1,-1,3,6,-1,-1,0,none,-1,-1,-1,-1,-1,-1,-1,-1,-1,-1,-1,-1
515,9018,wish,!!FOOD_RUSTYS_SPLINTERED_SLAW,101,halloween_xp_ghosts,0,-1,-1,0.97,resources,5,5,5,-1,-1,-1,-1,-1,-1,-1,-1,0.23,0.32,0.45,-1,-1,-1,-1,-1,-1,-1,-1,45,30,15,-1,-1,-1,-1,-1,-1,-1,-1,0.03,resources,2,2,-1,-1,0.66,0.34,-1,-1,3,6,-1,-1,0,none,-1,-1,-1,-1,-1,-1,-1,-1,-1,-1,-1,-1
516,9015,wish,!!FOOD_RUSTYS_PULLED_PULP_SANDWICH,101,halloween_xp_ghosts,0,-1,-1,0.97,resources,5,5,5,-1,-1,-1,-1,-1,-1,-1,-1,0.23,0.32,0.45,-1,-1,-1,-1,-1,-1,-1,-1,45,30,15,-1,-1,-1,-1,-1,-1,-1,-1,0.03,resources,2,2,-1,-1,0.66,0.34,-1,-1,3,6,-1,-1,0,none,-1,-1,-1,-1,-1,-1,-1,-1,-1,-1,-1,-1
517,9023,wish,!!FOOD_EYEBALLS,101,halloween_xp_ghosts,0,-1,-1,0.97,resources,5,5,5,-1,-1,-1,-1,-1,-1,-1,-1,0.23,0.32,0.45,-1,-1,-1,-1,-1,-1,-1,-1,45,30,15,-1,-1,-1,-1,-1,-1,-1,-1,0.03,resources,2,2,-1,-1,0.66,0.34,-1,-1,3,6,-1,-1,0,none,-1,-1,-1,-1,-1,-1,-1,-1,-1,-1,-1,-1
518,9103,wish,!!FOOD_PEANUT_BRITTLE,103,christmas_recipes_elves,1,-1,-1,1,recipes,9104,9105,9119,9120,9121,9122,9123,9124,9125,9126,9127,0.03,0.03,0.03,0.03,0.03,0.03,0.03,0.03,0.03,0.03,0.03,1,1,1,1,1,1,1,1,1,1,1,0,none,-1,-1,-1,-1,-1,-1,-1,-1,-1,-1,-1,-1,0,none,-1,-1,-1,-1,-1,-1,-1,-1,-1,-1,-1,-1
519,9104,wish,!!FOOD_BREAD_PUDDING,103,christmas_recipes_elves,1,-1,-1,1,recipes,-1,9105,9119,9120,9121,9122,9123,9124,9125,9126,9127,-1,0.03,0.03,0.03,0.03,0.03,0.03,0.03,0.03,0.03,0.03,-1,1,1,1,1,1,1,1,1,1,1,0,none,-1,-1,-1,-1,-1,-1,-1,-1,-1,-1,-1,-1,0,none,-1,-1,-1,-1,-1,-1,-1,-1,-1,-1,-1,-1
520,9105,wish,!!FOOD_YULE_LOG_CAKE,103,christmas_recipes_elves,1,-1,-1,1,recipes,9104,-1,9119,9120,9121,9122,9123,9124,9125,9126,9127,0.03,-1,0.03,0.03,0.03,0.03,0.03,0.03,0.03,0.03,0.03,1,-1,1,1,1,1,1,1,1,1,1,0,none,-1,-1,-1,-1,-1,-1,-1,-1,-1,-1,-1,-1,0,none,-1,-1,-1,-1,-1,-1,-1,-1,-1,-1,-1,-1
521,9119,wish,!!FOOD_CHRISTMAS_COOKIE,103,christmas_recipes_elves,1,-1,-1,1,recipes,9104,9105,-1,9120,9121,9122,9123,9124,9125,9126,9127,0.03,0.03,-1,0.03,0.03,0.03,0.03,0.03,0.03,0.03,0.03,1,1,-1,1,1,1,1,1,1,1,1,0,none,-1,-1,-1,-1,-1,-1,-1,-1,-1,-1,-1,-1,0,none,-1,-1,-1,-1,-1,-1,-1,-1,-1,-1,-1,-1
522,9120,wish,!!FOOD_APPLE_CIDER,103,christmas_recipes_elves,1,-1,-1,1,recipes,9104,9105,9119,-1,9121,9122,9123,9124,9125,9126,9127,0.03,0.03,0.03,-1,0.03,0.03,0.03,0.03,0.03,0.03,0.03,1,1,1,-1,1,1,1,1,1,1,1,0,none,-1,-1,-1,-1,-1,-1,-1,-1,-1,-1,-1,-1,0,none,-1,-1,-1,-1,-1,-1,-1,-1,-1,-1,-1,-1
523,9121,wish,!!FOOD_GINGERBREAD_ELF,103,christmas_recipes_elves,1,-1,-1,1,recipes,9104,9105,9119,9120,-1,9122,9123,9124,9125,9126,9127,0.03,0.03,0.03,0.03,-1,0.03,0.03,0.03,0.03,0.03,0.03,1,1,1,1,-1,1,1,1,1,1,1,0,none,-1,-1,-1,-1,-1,-1,-1,-1,-1,-1,-1,-1,0,none,-1,-1,-1,-1,-1,-1,-1,-1,-1,-1,-1,-1
524,9122,wish,!!FOOD_CRANBERRY_SAUCE,103,christmas_recipes_elves,1,-1,-1,1,recipes,9104,9105,9119,9120,9121,-1,9123,9124,9125,9126,9127,0.03,0.03,0.03,0.03,0.03,-1,0.03,0.03,0.03,0.03,0.03,1,1,1,1,1,-1,1,1,1,1,1,0,none,-1,-1,-1,-1,-1,-1,-1,-1,-1,-1,-1,-1,0,none,-1,-1,-1,-1,-1,-1,-1,-1,-1,-1,-1,-1
525,9123,wish,!!FOOD_HOT_CHOCOLATE,103,christmas_recipes_elves,1,-1,-1,1,recipes,9104,9105,9119,9120,9121,9122,-1,9124,9125,9126,9127,0.03,0.03,0.03,0.03,0.03,0.03,-1,0.03,0.03,0.03,0.03,1,1,1,1,1,1,-1,1,1,1,1,0,none,-1,-1,-1,-1,-1,-1,-1,-1,-1,-1,-1,-1,0,none,-1,-1,-1,-1,-1,-1,-1,-1,-1,-1,-1,-1
526,9124,wish,!!FOOD_CANDY_CANE,103,christmas_recipes_elves,1,-1,-1,1,recipes,9104,9105,9119,9120,9121,9122,9123,-1,9125,9126,9127,0.03,0.03,0.03,0.03,0.03,0.03,0.03,-1,0.03,0.03,0.03,1,1,1,1,1,1,1,-1,1,1,1,0,none,-1,-1,-1,-1,-1,-1,-1,-1,-1,-1,-1,-1,0,none,-1,-1,-1,-1,-1,-1,-1,-1,-1,-1,-1,-1
527,9125,wish,!!FOOD_ENGLISH_TOFFEE,103,christmas_recipes_elves,1,-1,-1,1,recipes,9104,9105,9119,9120,9121,9122,9123,9124,-1,9126,9127,0.03,0.03,0.03,0.03,0.03,0.03,0.03,0.03,-1,0.03,0.03,1,1,1,1,1,1,1,1,-1,1,1,0,none,-1,-1,-1,-1,-1,-1,-1,-1,-1,-1,-1,-1,0,none,-1,-1,-1,-1,-1,-1,-1,-1,-1,-1,-1,-1
528,9126,wish,!!FOOD_FUDGE,103,christmas_recipes_elves,1,-1,-1,1,recipes,9104,9105,9119,9120,9121,9122,9123,9124,9125,-1,9127,0.03,0.03,0.03,0.03,0.03,0.03,0.03,0.03,0.03,-1,0.03,1,1,1,1,1,1,1,1,1,-1,1,0,none,-1,-1,-1,-1,-1,-1,-1,-1,-1,-1,-1,-1,0,none,-1,-1,-1,-1,-1,-1,-1,-1,-1,-1,-1,-1
529,9127,wish,!!FOOD_SUGAR_PLUM,103,christmas_recipes_elves,1,-1,-1,1,recipes,9104,9105,9119,9120,9121,9122,9123,9124,9125,9126,-1,0.03,0.03,0.03,0.03,0.03,0.03,0.03,0.03,0.03,0.03,-1,1,1,1,1,1,1,1,1,1,1,-1,0,none,-1,-1,-1,-1,-1,-1,-1,-1,-1,-1,-1,-1,0,none,-1,-1,-1,-1,-1,-1,-1,-1,-1,-1,-1,-1
530,9100,wish,!!FOOD_HOLIDAY_CHEER,104,christmas_xp,0,-1,-1,0.97,resources,5,5,5,-1,-1,-1,-1,-1,-1,-1,-1,0.23,0.32,0.45,-1,-1,-1,-1,-1,-1,-1,-1,45,30,15,-1,-1,-1,-1,-1,-1,-1,-1,0.03,resources,2,2,-1,-1,0.66,0.34,-1,-1,3,6,-1,-1,0,none,-1,-1,-1,-1,-1,-1,-1,-1,-1,-1,-1,-1
531,9101,wish,!!FOOD_SNICKERDOODLE,104,christmas_xp,0,-1,-1,0.97,resources,5,5,5,-1,-1,-1,-1,-1,-1,-1,-1,0.23,0.32,0.45,-1,-1,-1,-1,-1,-1,-1,-1,45,30,15,-1,-1,-1,-1,-1,-1,-1,-1,0.03,resources,2,2,-1,-1,0.66,0.34,-1,-1,3,6,-1,-1,0,none,-1,-1,-1,-1,-1,-1,-1,-1,-1,-1,-1,-1
532,9102,wish,!!FOOD_ROASTED_CHESTNUT,104,christmas_xp,0,-1,-1,0.97,resources,5,5,5,-1,-1,-1,-1,-1,-1,-1,-1,0.23,0.32,0.45,-1,-1,-1,-1,-1,-1,-1,-1,45,30,15,-1,-1,-1,-1,-1,-1,-1,-1,0.03,resources,2,2,-1,-1,0.66,0.34,-1,-1,3,6,-1,-1,0,none,-1,-1,-1,-1,-1,-1,-1,-1,-1,-1,-1,-1
533,9103,wish,!!FOOD_PEANUT_BRITTLE,104,christmas_xp,0,-1,-1,0.97,resources,5,5,5,-1,-1,-1,-1,-1,-1,-1,-1,0.23,0.32,0.45,-1,-1,-1,-1,-1,-1,-1,-1,45,30,15,-1,-1,-1,-1,-1,-1,-1,-1,0.03,resources,2,2,-1,-1,0.66,0.34,-1,-1,3,6,-1,-1,0,none,-1,-1,-1,-1,-1,-1,-1,-1,-1,-1,-1,-1
534,9104,wish,!!FOOD_BREAD_PUDDING,104,christmas_xp,0,-1,-1,0.97,resources,5,5,5,-1,-1,-1,-1,-1,-1,-1,-1,0.23,0.32,0.45,-1,-1,-1,-1,-1,-1,-1,-1,45,30,15,-1,-1,-1,-1,-1,-1,-1,-1,0.03,resources,2,2,-1,-1,0.66,0.34,-1,-1,3,6,-1,-1,0,none,-1,-1,-1,-1,-1,-1,-1,-1,-1,-1,-1,-1
535,9105,wish,!!FOOD_YULE_LOG_CAKE,104,christmas_xp,0,-1,-1,0.97,resources,5,5,5,-1,-1,-1,-1,-1,-1,-1,-1,0.23,0.32,0.45,-1,-1,-1,-1,-1,-1,-1,-1,45,30,15,-1,-1,-1,-1,-1,-1,-1,-1,0.03,resources,2,2,-1,-1,0.66,0.34,-1,-1,3,6,-1,-1,0,none,-1,-1,-1,-1,-1,-1,-1,-1,-1,-1,-1,-1
536,9119,wish,!!FOOD_CHRISTMAS_COOKIE,104,christmas_xp,0,-1,-1,0.97,resources,5,5,5,-1,-1,-1,-1,-1,-1,-1,-1,0.23,0.32,0.45,-1,-1,-1,-1,-1,-1,-1,-1,45,30,15,-1,-1,-1,-1,-1,-1,-1,-1,0.03,resources,2,2,-1,-1,0.66,0.34,-1,-1,3,6,-1,-1,0,none,-1,-1,-1,-1,-1,-1,-1,-1,-1,-1,-1,-1
537,9120,wish,!!FOOD_APPLE_CIDER,104,christmas_xp,0,-1,-1,0.97,resources,5,5,5,-1,-1,-1,-1,-1,-1,-1,-1,0.23,0.32,0.45,-1,-1,-1,-1,-1,-1,-1,-1,45,30,15,-1,-1,-1,-1,-1,-1,-1,-1,0.03,resources,2,2,-1,-1,0.66,0.34,-1,-1,3,6,-1,-1,0,none,-1,-1,-1,-1,-1,-1,-1,-1,-1,-1,-1,-1
538,9121,wish,!!FOOD_GINGERBREAD_ELF,104,christmas_xp,0,-1,-1,0.97,resources,5,5,5,-1,-1,-1,-1,-1,-1,-1,-1,0.23,0.32,0.45,-1,-1,-1,-1,-1,-1,-1,-1,45,30,15,-1,-1,-1,-1,-1,-1,-1,-1,0.03,resources,2,2,-1,-1,0.66,0.34,-1,-1,3,6,-1,-1,0,none,-1,-1,-1,-1,-1,-1,-1,-1,-1,-1,-1,-1
539,9122,wish,!!FOOD_CRANBERRY_SAUCE,104,christmas_xp,0,-1,-1,0.97,resources,5,5,5,-1,-1,-1,-1,-1,-1,-1,-1,0.23,0.32,0.45,-1,-1,-1,-1,-1,-1,-1,-1,45,30,15,-1,-1,-1,-1,-1,-1,-1,-1,0.03,resources,2,2,-1,-1,0.66,0.34,-1,-1,3,6,-1,-1,0,none,-1,-1,-1,-1,-1,-1,-1,-1,-1,-1,-1,-1
540,9123,wish,!!FOOD_HOT_CHOCOLATE,104,christmas_xp,0,-1,-1,0.97,resources,5,5,5,-1,-1,-1,-1,-1,-1,-1,-1,0.23,0.32,0.45,-1,-1,-1,-1,-1,-1,-1,-1,45,30,15,-1,-1,-1,-1,-1,-1,-1,-1,0.03,resources,2,2,-1,-1,0.66,0.34,-1,-1,3,6,-1,-1,0,none,-1,-1,-1,-1,-1,-1,-1,-1,-1,-1,-1,-1
541,9124,wish,!!FOOD_CANDY_CANE,104,christmas_xp,0,-1,-1,0.97,resources,5,5,5,-1,-1,-1,-1,-1,-1,-1,-1,0.23,0.32,0.45,-1,-1,-1,-1,-1,-1,-1,-1,45,30,15,-1,-1,-1,-1,-1,-1,-1,-1,0.03,resources,2,2,-1,-1,0.66,0.34,-1,-1,3,6,-1,-1,0,none,-1,-1,-1,-1,-1,-1,-1,-1,-1,-1,-1,-1
542,9125,wish,!!FOOD_ENGLISH_TOFFEE,104,christmas_xp,0,-1,-1,0.97,resources,5,5,5,-1,-1,-1,-1,-1,-1,-1,-1,0.23,0.32,0.45,-1,-1,-1,-1,-1,-1,-1,-1,45,30,15,-1,-1,-1,-1,-1,-1,-1,-1,0.03,resources,2,2,-1,-1,0.66,0.34,-1,-1,3,6,-1,-1,0,none,-1,-1,-1,-1,-1,-1,-1,-1,-1,-1,-1,-1
543,9126,wish,!!FOOD_FUDGE,104,christmas_xp,0,-1,-1,0.97,resources,5,5,5,-1,-1,-1,-1,-1,-1,-1,-1,0.23,0.32,0.45,-1,-1,-1,-1,-1,-1,-1,-1,45,30,15,-1,-1,-1,-1,-1,-1,-1,-1,0.03,resources,2,2,-1,-1,0.66,0.34,-1,-1,3,6,-1,-1,0,none,-1,-1,-1,-1,-1,-1,-1,-1,-1,-1,-1,-1
544,9127,wish,!!FOOD_SUGAR_PLUM,104,christmas_xp,0,-1,-1,0.97,resources,5,5,5,-1,-1,-1,-1,-1,-1,-1,-1,0.23,0.32,0.45,-1,-1,-1,-1,-1,-1,-1,-1,45,30,15,-1,-1,-1,-1,-1,-1,-1,-1,0.03,resources,2,2,-1,-1,0.66,0.34,-1,-1,3,6,-1,-1,0,none,-1,-1,-1,-1,-1,-1,-1,-1,-1,-1,-1,-1
545,9201,wish,!!FOOD_CHOCOLATES,107,valentine_hearts,0,-1,-1,1,resources,53,-1,-1,-1,-1,-1,-1,-1,-1,-1,-1,1,-1,-1,-1,-1,-1,-1,-1,-1,-1,-1,1,-1,-1,-1,-1,-1,-1,-1,-1,-1,-1,0,none,-1,-1,-1,-1,-1,-1,-1,-1,-1,-1,-1,-1,0,none,-1,-1,-1,-1,-1,-1,-1,-1,-1,-1,-1,-1
546,9202,wish,!!FOOD_POPCORN,107,valentine_hearts,0,-1,-1,1,resources,53,53,53,53,53,-1,-1,-1,-1,-1,-1,0.05,0.2,0.5,0.2,0.05,-1,-1,-1,-1,-1,-1,1,6,11,16,20,-1,-1,-1,-1,-1,-1,0,none,-1,-1,-1,-1,-1,-1,-1,-1,-1,-1,-1,-1,0,none,-1,-1,-1,-1,-1,-1,-1,-1,-1,-1,-1,-1
547,9203,wish,!!FOOD_TRUFFLES,107,valentine_hearts,0,-1,-1,1,resources,53,53,53,53,53,-1,-1,-1,-1,-1,-1,0.05,0.2,0.5,0.2,0.05,-1,-1,-1,-1,-1,-1,1,11,21,31,40,-1,-1,-1,-1,-1,-1,0,none,-1,-1,-1,-1,-1,-1,-1,-1,-1,-1,-1,-1,0,none,-1,-1,-1,-1,-1,-1,-1,-1,-1,-1,-1,-1
548,9204,wish,!!FOOD_COTTON_CANDY,107,valentine_hearts,0,-1,-1,1,resources,53,53,53,53,53,-1,-1,-1,-1,-1,-1,0.05,0.2,0.5,0.2,0.05,-1,-1,-1,-1,-1,-1,1,26,51,76,100,-1,-1,-1,-1,-1,-1,0,none,-1,-1,-1,-1,-1,-1,-1,-1,-1,-1,-1,-1,0,none,-1,-1,-1,-1,-1,-1,-1,-1,-1,-1,-1,-1
549,9205,wish,!!FOOD_CANDY_HEART_ON_STICK,107,valentine_hearts,0,-1,-1,1,resources,53,53,53,53,53,-1,-1,-1,-1,-1,-1,0.05,0.2,0.5,0.2,0.05,-1,-1,-1,-1,-1,-1,1,34,66,98,130,-1,-1,-1,-1,-1,-1,0,none,-1,-1,-1,-1,-1,-1,-1,-1,-1,-1,-1,-1,0,none,-1,-1,-1,-1,-1,-1,-1,-1,-1,-1,-1,-1
550,9302,wish,!!FOOD_CANNED_MILK,108,spongy_games,0,-1,-1,1,resources,54,54,54,54,54,-1,-1,-1,-1,-1,-1,0.05,0.2,0.5,0.2,0.05,-1,-1,-1,-1,-1,-1,1,4,5,6,7,-1,-1,-1,-1,-1,-1,0,none,-1,-1,-1,-1,-1,-1,-1,-1,-1,-1,-1,-1,0,none,-1,-1,-1,-1,-1,-1,-1,-1,-1,-1,-1,-1
551,9303,wish,!!FOOD_CANNED_BREAD,108,spongy_games,0,-1,-1,1,resources,54,54,54,54,54,-1,-1,-1,-1,-1,-1,0.05,0.2,0.5,0.2,0.05,-1,-1,-1,-1,-1,-1,2,5,7,9,10,-1,-1,-1,-1,-1,-1,0,none,-1,-1,-1,-1,-1,-1,-1,-1,-1,-1,-1,-1,0,none,-1,-1,-1,-1,-1,-1,-1,-1,-1,-1,-1,-1
552,9304,wish,!!FOOD_SQUIDFLAKES,108,spongy_games,0,-1,-1,1,resources,54,54,54,54,54,-1,-1,-1,-1,-1,-1,0.05,0.2,0.5,0.2,0.05,-1,-1,-1,-1,-1,-1,3,7,10,13,15,-1,-1,-1,-1,-1,-1,0,none,-1,-1,-1,-1,-1,-1,-1,-1,-1,-1,-1,-1,0,none,-1,-1,-1,-1,-1,-1,-1,-1,-1,-1,-1,-1
553,845,task,!!TASK_ALL_WATCH_HOLIDAY_TV,1225,xmas_tasks,0,-1,-1,1,recipes,9105,-1,-1,-1,-1,-1,-1,-1,-1,-1,-1,0.1,-1,-1,-1,-1,-1,-1,-1,-1,-1,-1,1,-1,-1,-1,-1,-1,-1,-1,-1,-1,-1,0,none,-1,-1,-1,-1,-1,-1,-1,-1,-1,-1,-1,-1,0,none,-1,-1,-1,-1,-1,-1,-1,-1,-1,-1,-1,-1
554,431,task,!!TASK_ALL_WATCH_HOLIDAY_TV,1225,xmas_tasks,0,-1,-1,1,recipes,9105,-1,-1,-1,-1,-1,-1,-1,-1,-1,-1,0.1,-1,-1,-1,-1,-1,-1,-1,-1,-1,-1,1,-1,-1,-1,-1,-1,-1,-1,-1,-1,-1,0,none,-1,-1,-1,-1,-1,-1,-1,-1,-1,-1,-1,-1,0,none,-1,-1,-1,-1,-1,-1,-1,-1,-1,-1,-1,-1
555,428,task,!!TASK_ALL_WATCH_HOLIDAY_TV,1225,xmas_tasks,0,-1,-1,1,recipes,9105,-1,-1,-1,-1,-1,-1,-1,-1,-1,-1,0.1,-1,-1,-1,-1,-1,-1,-1,-1,-1,-1,1,-1,-1,-1,-1,-1,-1,-1,-1,-1,-1,0,none,-1,-1,-1,-1,-1,-1,-1,-1,-1,-1,-1,-1,0,none,-1,-1,-1,-1,-1,-1,-1,-1,-1,-1,-1,-1
556,425,task,!!TASK_ALL_WATCH_HOLIDAY_TV,1225,xmas_tasks,0,-1,-1,1,recipes,9105,-1,-1,-1,-1,-1,-1,-1,-1,-1,-1,0.1,-1,-1,-1,-1,-1,-1,-1,-1,-1,-1,1,-1,-1,-1,-1,-1,-1,-1,-1,-1,-1,0,none,-1,-1,-1,-1,-1,-1,-1,-1,-1,-1,-1,-1,0,none,-1,-1,-1,-1,-1,-1,-1,-1,-1,-1,-1,-1
557,422,task,!!TASK_ALL_WATCH_HOLIDAY_TV,1225,xmas_tasks,0,-1,-1,1,recipes,9105,-1,-1,-1,-1,-1,-1,-1,-1,-1,-1,0.1,-1,-1,-1,-1,-1,-1,-1,-1,-1,-1,1,-1,-1,-1,-1,-1,-1,-1,-1,-1,-1,0,none,-1,-1,-1,-1,-1,-1,-1,-1,-1,-1,-1,-1,0,none,-1,-1,-1,-1,-1,-1,-1,-1,-1,-1,-1,-1
558,419,task,!!TASK_ALL_WATCH_HOLIDAY_TV,1225,xmas_tasks,0,-1,-1,1,recipes,9105,-1,-1,-1,-1,-1,-1,-1,-1,-1,-1,0.1,-1,-1,-1,-1,-1,-1,-1,-1,-1,-1,1,-1,-1,-1,-1,-1,-1,-1,-1,-1,-1,0,none,-1,-1,-1,-1,-1,-1,-1,-1,-1,-1,-1,-1,0,none,-1,-1,-1,-1,-1,-1,-1,-1,-1,-1,-1,-1
559,416,task,!!TASK_ALL_WATCH_HOLIDAY_TV,1225,xmas_tasks,0,-1,-1,1,recipes,9105,-1,-1,-1,-1,-1,-1,-1,-1,-1,-1,0.1,-1,-1,-1,-1,-1,-1,-1,-1,-1,-1,1,-1,-1,-1,-1,-1,-1,-1,-1,-1,-1,0,none,-1,-1,-1,-1,-1,-1,-1,-1,-1,-1,-1,-1,0,none,-1,-1,-1,-1,-1,-1,-1,-1,-1,-1,-1,-1
560,413,task,!!TASK_ALL_WATCH_HOLIDAY_TV,1225,xmas_tasks,0,-1,-1,1,recipes,9105,-1,-1,-1,-1,-1,-1,-1,-1,-1,-1,0.1,-1,-1,-1,-1,-1,-1,-1,-1,-1,-1,1,-1,-1,-1,-1,-1,-1,-1,-1,-1,-1,0,none,-1,-1,-1,-1,-1,-1,-1,-1,-1,-1,-1,-1,0,none,-1,-1,-1,-1,-1,-1,-1,-1,-1,-1,-1,-1
561,410,task,!!TASK_ALL_WATCH_HOLIDAY_TV,1225,xmas_tasks,0,-1,-1,1,recipes,9105,-1,-1,-1,-1,-1,-1,-1,-1,-1,-1,0.1,-1,-1,-1,-1,-1,-1,-1,-1,-1,-1,1,-1,-1,-1,-1,-1,-1,-1,-1,-1,-1,0,none,-1,-1,-1,-1,-1,-1,-1,-1,-1,-1,-1,-1,0,none,-1,-1,-1,-1,-1,-1,-1,-1,-1,-1,-1,-1
562,407,task,!!TASK_ALL_WATCH_HOLIDAY_TV,1225,xmas_tasks,0,-1,-1,1,recipes,9105,-1,-1,-1,-1,-1,-1,-1,-1,-1,-1,0.1,-1,-1,-1,-1,-1,-1,-1,-1,-1,-1,1,-1,-1,-1,-1,-1,-1,-1,-1,-1,-1,0,none,-1,-1,-1,-1,-1,-1,-1,-1,-1,-1,-1,-1,0,none,-1,-1,-1,-1,-1,-1,-1,-1,-1,-1,-1,-1
563,404,task,!!TASK_ALL_WATCH_HOLIDAY_TV,1225,xmas_tasks,0,-1,-1,1,recipes,9105,-1,-1,-1,-1,-1,-1,-1,-1,-1,-1,0.1,-1,-1,-1,-1,-1,-1,-1,-1,-1,-1,1,-1,-1,-1,-1,-1,-1,-1,-1,-1,-1,0,none,-1,-1,-1,-1,-1,-1,-1,-1,-1,-1,-1,-1,0,none,-1,-1,-1,-1,-1,-1,-1,-1,-1,-1,-1,-1
564,401,task,!!TASK_ALL_WATCH_HOLIDAY_TV,1225,xmas_tasks,0,-1,-1,1,recipes,9105,-1,-1,-1,-1,-1,-1,-1,-1,-1,-1,0.1,-1,-1,-1,-1,-1,-1,-1,-1,-1,-1,1,-1,-1,-1,-1,-1,-1,-1,-1,-1,-1,0,none,-1,-1,-1,-1,-1,-1,-1,-1,-1,-1,-1,-1,0,none,-1,-1,-1,-1,-1,-1,-1,-1,-1,-1,-1,-1
565,398,task,!!TASK_ALL_WATCH_HOLIDAY_TV,1225,xmas_tasks,0,-1,-1,1,recipes,9105,-1,-1,-1,-1,-1,-1,-1,-1,-1,-1,0.1,-1,-1,-1,-1,-1,-1,-1,-1,-1,-1,1,-1,-1,-1,-1,-1,-1,-1,-1,-1,-1,0,none,-1,-1,-1,-1,-1,-1,-1,-1,-1,-1,-1,-1,0,none,-1,-1,-1,-1,-1,-1,-1,-1,-1,-1,-1,-1
566,395,task,!!TASK_ALL_WATCH_HOLIDAY_TV,1225,xmas_tasks,0,-1,-1,1,recipes,9105,-1,-1,-1,-1,-1,-1,-1,-1,-1,-1,0.1,-1,-1,-1,-1,-1,-1,-1,-1,-1,-1,1,-1,-1,-1,-1,-1,-1,-1,-1,-1,-1,0,none,-1,-1,-1,-1,-1,-1,-1,-1,-1,-1,-1,-1,0,none,-1,-1,-1,-1,-1,-1,-1,-1,-1,-1,-1,-1
567,392,task,!!TASK_ALL_WATCH_HOLIDAY_TV,1225,xmas_tasks,0,-1,-1,1,recipes,9105,-1,-1,-1,-1,-1,-1,-1,-1,-1,-1,0.1,-1,-1,-1,-1,-1,-1,-1,-1,-1,-1,1,-1,-1,-1,-1,-1,-1,-1,-1,-1,-1,0,none,-1,-1,-1,-1,-1,-1,-1,-1,-1,-1,-1,-1,0,none,-1,-1,-1,-1,-1,-1,-1,-1,-1,-1,-1,-1
568,389,task,!!TASK_ALL_WATCH_HOLIDAY_TV,1225,xmas_tasks,0,-1,-1,1,recipes,9105,-1,-1,-1,-1,-1,-1,-1,-1,-1,-1,0.1,-1,-1,-1,-1,-1,-1,-1,-1,-1,-1,1,-1,-1,-1,-1,-1,-1,-1,-1,-1,-1,0,none,-1,-1,-1,-1,-1,-1,-1,-1,-1,-1,-1,-1,0,none,-1,-1,-1,-1,-1,-1,-1,-1,-1,-1,-1,-1
569,386,task,!!TASK_ALL_WATCH_HOLIDAY_TV,1225,xmas_tasks,0,-1,-1,1,recipes,9105,-1,-1,-1,-1,-1,-1,-1,-1,-1,-1,0.1,-1,-1,-1,-1,-1,-1,-1,-1,-1,-1,1,-1,-1,-1,-1,-1,-1,-1,-1,-1,-1,0,none,-1,-1,-1,-1,-1,-1,-1,-1,-1,-1,-1,-1,0,none,-1,-1,-1,-1,-1,-1,-1,-1,-1,-1,-1,-1
570,383,task,!!TASK_ALL_WATCH_HOLIDAY_TV,1225,xmas_tasks,0,-1,-1,1,recipes,9105,-1,-1,-1,-1,-1,-1,-1,-1,-1,-1,0.1,-1,-1,-1,-1,-1,-1,-1,-1,-1,-1,1,-1,-1,-1,-1,-1,-1,-1,-1,-1,-1,0,none,-1,-1,-1,-1,-1,-1,-1,-1,-1,-1,-1,-1,0,none,-1,-1,-1,-1,-1,-1,-1,-1,-1,-1,-1,-1
571,380,task,!!TASK_ALL_WATCH_HOLIDAY_TV,1225,xmas_tasks,0,-1,-1,1,recipes,9105,-1,-1,-1,-1,-1,-1,-1,-1,-1,-1,0.1,-1,-1,-1,-1,-1,-1,-1,-1,-1,-1,1,-1,-1,-1,-1,-1,-1,-1,-1,-1,-1,0,none,-1,-1,-1,-1,-1,-1,-1,-1,-1,-1,-1,-1,0,none,-1,-1,-1,-1,-1,-1,-1,-1,-1,-1,-1,-1
572,377,task,!!TASK_ALL_WATCH_HOLIDAY_TV,1225,xmas_tasks,0,-1,-1,1,recipes,9105,-1,-1,-1,-1,-1,-1,-1,-1,-1,-1,0.1,-1,-1,-1,-1,-1,-1,-1,-1,-1,-1,1,-1,-1,-1,-1,-1,-1,-1,-1,-1,-1,0,none,-1,-1,-1,-1,-1,-1,-1,-1,-1,-1,-1,-1,0,none,-1,-1,-1,-1,-1,-1,-1,-1,-1,-1,-1,-1
573,374,task,!!TASK_ALL_WATCH_HOLIDAY_TV,1225,xmas_tasks,0,-1,-1,1,recipes,9105,-1,-1,-1,-1,-1,-1,-1,-1,-1,-1,0.1,-1,-1,-1,-1,-1,-1,-1,-1,-1,-1,1,-1,-1,-1,-1,-1,-1,-1,-1,-1,-1,0,none,-1,-1,-1,-1,-1,-1,-1,-1,-1,-1,-1,-1,0,none,-1,-1,-1,-1,-1,-1,-1,-1,-1,-1,-1,-1
574,371,task,!!TASK_ALL_WATCH_HOLIDAY_TV,1225,xmas_tasks,0,-1,-1,1,recipes,9105,-1,-1,-1,-1,-1,-1,-1,-1,-1,-1,0.1,-1,-1,-1,-1,-1,-1,-1,-1,-1,-1,1,-1,-1,-1,-1,-1,-1,-1,-1,-1,-1,0,none,-1,-1,-1,-1,-1,-1,-1,-1,-1,-1,-1,-1,0,none,-1,-1,-1,-1,-1,-1,-1,-1,-1,-1,-1,-1
575,368,task,!!TASK_ALL_WATCH_HOLIDAY_TV,1225,xmas_tasks,0,-1,-1,1,recipes,9105,-1,-1,-1,-1,-1,-1,-1,-1,-1,-1,0.1,-1,-1,-1,-1,-1,-1,-1,-1,-1,-1,1,-1,-1,-1,-1,-1,-1,-1,-1,-1,-1,0,none,-1,-1,-1,-1,-1,-1,-1,-1,-1,-1,-1,-1,0,none,-1,-1,-1,-1,-1,-1,-1,-1,-1,-1,-1,-1
576,365,task,!!TASK_ALL_WATCH_HOLIDAY_TV,1225,xmas_tasks,0,-1,-1,1,recipes,9105,-1,-1,-1,-1,-1,-1,-1,-1,-1,-1,0.1,-1,-1,-1,-1,-1,-1,-1,-1,-1,-1,1,-1,-1,-1,-1,-1,-1,-1,-1,-1,-1,0,none,-1,-1,-1,-1,-1,-1,-1,-1,-1,-1,-1,-1,0,none,-1,-1,-1,-1,-1,-1,-1,-1,-1,-1,-1,-1
577,362,task,!!TASK_ALL_WATCH_HOLIDAY_TV,1225,xmas_tasks,0,-1,-1,1,recipes,9105,-1,-1,-1,-1,-1,-1,-1,-1,-1,-1,0.1,-1,-1,-1,-1,-1,-1,-1,-1,-1,-1,1,-1,-1,-1,-1,-1,-1,-1,-1,-1,-1,0,none,-1,-1,-1,-1,-1,-1,-1,-1,-1,-1,-1,-1,0,none,-1,-1,-1,-1,-1,-1,-1,-1,-1,-1,-1,-1
578,359,task,!!TASK_ALL_WATCH_HOLIDAY_TV,1225,xmas_tasks,0,-1,-1,1,recipes,9105,-1,-1,-1,-1,-1,-1,-1,-1,-1,-1,0.1,-1,-1,-1,-1,-1,-1,-1,-1,-1,-1,1,-1,-1,-1,-1,-1,-1,-1,-1,-1,-1,0,none,-1,-1,-1,-1,-1,-1,-1,-1,-1,-1,-1,-1,0,none,-1,-1,-1,-1,-1,-1,-1,-1,-1,-1,-1,-1
579,356,task,!!TASK_ALL_WATCH_HOLIDAY_TV,1225,xmas_tasks,0,-1,-1,1,recipes,9105,-1,-1,-1,-1,-1,-1,-1,-1,-1,-1,0.1,-1,-1,-1,-1,-1,-1,-1,-1,-1,-1,1,-1,-1,-1,-1,-1,-1,-1,-1,-1,-1,0,none,-1,-1,-1,-1,-1,-1,-1,-1,-1,-1,-1,-1,0,none,-1,-1,-1,-1,-1,-1,-1,-1,-1,-1,-1,-1
580,353,task,!!TASK_ALL_WATCH_HOLIDAY_TV,1225,xmas_tasks,0,-1,-1,1,recipes,9105,-1,-1,-1,-1,-1,-1,-1,-1,-1,-1,0.1,-1,-1,-1,-1,-1,-1,-1,-1,-1,-1,1,-1,-1,-1,-1,-1,-1,-1,-1,-1,-1,0,none,-1,-1,-1,-1,-1,-1,-1,-1,-1,-1,-1,-1,0,none,-1,-1,-1,-1,-1,-1,-1,-1,-1,-1,-1,-1
581,350,task,!!TASK_ALL_WATCH_HOLIDAY_TV,1225,xmas_tasks,0,-1,-1,1,recipes,9105,-1,-1,-1,-1,-1,-1,-1,-1,-1,-1,0.1,-1,-1,-1,-1,-1,-1,-1,-1,-1,-1,1,-1,-1,-1,-1,-1,-1,-1,-1,-1,-1,0,none,-1,-1,-1,-1,-1,-1,-1,-1,-1,-1,-1,-1,0,none,-1,-1,-1,-1,-1,-1,-1,-1,-1,-1,-1,-1
582,347,task,!!TASK_ALL_WATCH_HOLIDAY_TV,1225,xmas_tasks,0,-1,-1,1,recipes,9105,-1,-1,-1,-1,-1,-1,-1,-1,-1,-1,0.1,-1,-1,-1,-1,-1,-1,-1,-1,-1,-1,1,-1,-1,-1,-1,-1,-1,-1,-1,-1,-1,0,none,-1,-1,-1,-1,-1,-1,-1,-1,-1,-1,-1,-1,0,none,-1,-1,-1,-1,-1,-1,-1,-1,-1,-1,-1,-1
583,344,task,!!TASK_ALL_WATCH_HOLIDAY_TV,1225,xmas_tasks,0,-1,-1,1,recipes,9105,-1,-1,-1,-1,-1,-1,-1,-1,-1,-1,0.1,-1,-1,-1,-1,-1,-1,-1,-1,-1,-1,1,-1,-1,-1,-1,-1,-1,-1,-1,-1,-1,0,none,-1,-1,-1,-1,-1,-1,-1,-1,-1,-1,-1,-1,0,none,-1,-1,-1,-1,-1,-1,-1,-1,-1,-1,-1,-1
584,341,task,!!TASK_ALL_WATCH_HOLIDAY_TV,1225,xmas_tasks,0,-1,-1,1,recipes,9105,-1,-1,-1,-1,-1,-1,-1,-1,-1,-1,0.1,-1,-1,-1,-1,-1,-1,-1,-1,-1,-1,1,-1,-1,-1,-1,-1,-1,-1,-1,-1,-1,0,none,-1,-1,-1,-1,-1,-1,-1,-1,-1,-1,-1,-1,0,none,-1,-1,-1,-1,-1,-1,-1,-1,-1,-1,-1,-1
585,846,task,!!TASK_ALL_BROWSE_GOODIES,1225,xmas_tasks,0,-1,-1,1,recipes,9119,-1,-1,-1,-1,-1,-1,-1,-1,-1,-1,0.1,-1,-1,-1,-1,-1,-1,-1,-1,-1,-1,1,-1,-1,-1,-1,-1,-1,-1,-1,-1,-1,0,none,-1,-1,-1,-1,-1,-1,-1,-1,-1,-1,-1,-1,0,none,-1,-1,-1,-1,-1,-1,-1,-1,-1,-1,-1,-1
586,430,task,!!TASK_ALL_BROWSE_GOODIES,1225,xmas_tasks,0,-1,-1,1,recipes,9119,-1,-1,-1,-1,-1,-1,-1,-1,-1,-1,0.1,-1,-1,-1,-1,-1,-1,-1,-1,-1,-1,1,-1,-1,-1,-1,-1,-1,-1,-1,-1,-1,0,none,-1,-1,-1,-1,-1,-1,-1,-1,-1,-1,-1,-1,0,none,-1,-1,-1,-1,-1,-1,-1,-1,-1,-1,-1,-1
587,427,task,!!TASK_ALL_BROWSE_GOODIES,1225,xmas_tasks,0,-1,-1,1,recipes,9119,-1,-1,-1,-1,-1,-1,-1,-1,-1,-1,0.1,-1,-1,-1,-1,-1,-1,-1,-1,-1,-1,1,-1,-1,-1,-1,-1,-1,-1,-1,-1,-1,0,none,-1,-1,-1,-1,-1,-1,-1,-1,-1,-1,-1,-1,0,none,-1,-1,-1,-1,-1,-1,-1,-1,-1,-1,-1,-1
588,424,task,!!TASK_ALL_BROWSE_GOODIES,1225,xmas_tasks,0,-1,-1,1,recipes,9119,-1,-1,-1,-1,-1,-1,-1,-1,-1,-1,0.1,-1,-1,-1,-1,-1,-1,-1,-1,-1,-1,1,-1,-1,-1,-1,-1,-1,-1,-1,-1,-1,0,none,-1,-1,-1,-1,-1,-1,-1,-1,-1,-1,-1,-1,0,none,-1,-1,-1,-1,-1,-1,-1,-1,-1,-1,-1,-1
589,421,task,!!TASK_ALL_BROWSE_GOODIES,1225,xmas_tasks,0,-1,-1,1,recipes,9119,-1,-1,-1,-1,-1,-1,-1,-1,-1,-1,0.1,-1,-1,-1,-1,-1,-1,-1,-1,-1,-1,1,-1,-1,-1,-1,-1,-1,-1,-1,-1,-1,0,none,-1,-1,-1,-1,-1,-1,-1,-1,-1,-1,-1,-1,0,none,-1,-1,-1,-1,-1,-1,-1,-1,-1,-1,-1,-1
590,418,task,!!TASK_ALL_BROWSE_GOODIES,1225,xmas_tasks,0,-1,-1,1,recipes,9119,-1,-1,-1,-1,-1,-1,-1,-1,-1,-1,0.1,-1,-1,-1,-1,-1,-1,-1,-1,-1,-1,1,-1,-1,-1,-1,-1,-1,-1,-1,-1,-1,0,none,-1,-1,-1,-1,-1,-1,-1,-1,-1,-1,-1,-1,0,none,-1,-1,-1,-1,-1,-1,-1,-1,-1,-1,-1,-1
591,415,task,!!TASK_ALL_BROWSE_GOODIES,1225,xmas_tasks,0,-1,-1,1,recipes,9119,-1,-1,-1,-1,-1,-1,-1,-1,-1,-1,0.1,-1,-1,-1,-1,-1,-1,-1,-1,-1,-1,1,-1,-1,-1,-1,-1,-1,-1,-1,-1,-1,0,none,-1,-1,-1,-1,-1,-1,-1,-1,-1,-1,-1,-1,0,none,-1,-1,-1,-1,-1,-1,-1,-1,-1,-1,-1,-1
592,412,task,!!TASK_ALL_BROWSE_GOODIES,1225,xmas_tasks,0,-1,-1,1,recipes,9119,-1,-1,-1,-1,-1,-1,-1,-1,-1,-1,0.1,-1,-1,-1,-1,-1,-1,-1,-1,-1,-1,1,-1,-1,-1,-1,-1,-1,-1,-1,-1,-1,0,none,-1,-1,-1,-1,-1,-1,-1,-1,-1,-1,-1,-1,0,none,-1,-1,-1,-1,-1,-1,-1,-1,-1,-1,-1,-1
593,409,task,!!TASK_ALL_BROWSE_GOODIES,1225,xmas_tasks,0,-1,-1,1,recipes,9119,-1,-1,-1,-1,-1,-1,-1,-1,-1,-1,0.1,-1,-1,-1,-1,-1,-1,-1,-1,-1,-1,1,-1,-1,-1,-1,-1,-1,-1,-1,-1,-1,0,none,-1,-1,-1,-1,-1,-1,-1,-1,-1,-1,-1,-1,0,none,-1,-1,-1,-1,-1,-1,-1,-1,-1,-1,-1,-1
594,406,task,!!TASK_ALL_BROWSE_GOODIES,1225,xmas_tasks,0,-1,-1,1,recipes,9119,-1,-1,-1,-1,-1,-1,-1,-1,-1,-1,0.1,-1,-1,-1,-1,-1,-1,-1,-1,-1,-1,1,-1,-1,-1,-1,-1,-1,-1,-1,-1,-1,0,none,-1,-1,-1,-1,-1,-1,-1,-1,-1,-1,-1,-1,0,none,-1,-1,-1,-1,-1,-1,-1,-1,-1,-1,-1,-1
595,403,task,!!TASK_ALL_BROWSE_GOODIES,1225,xmas_tasks,0,-1,-1,1,recipes,9119,-1,-1,-1,-1,-1,-1,-1,-1,-1,-1,0.1,-1,-1,-1,-1,-1,-1,-1,-1,-1,-1,1,-1,-1,-1,-1,-1,-1,-1,-1,-1,-1,0,none,-1,-1,-1,-1,-1,-1,-1,-1,-1,-1,-1,-1,0,none,-1,-1,-1,-1,-1,-1,-1,-1,-1,-1,-1,-1
596,400,task,!!TASK_ALL_BROWSE_GOODIES,1225,xmas_tasks,0,-1,-1,1,recipes,9119,-1,-1,-1,-1,-1,-1,-1,-1,-1,-1,0.1,-1,-1,-1,-1,-1,-1,-1,-1,-1,-1,1,-1,-1,-1,-1,-1,-1,-1,-1,-1,-1,0,none,-1,-1,-1,-1,-1,-1,-1,-1,-1,-1,-1,-1,0,none,-1,-1,-1,-1,-1,-1,-1,-1,-1,-1,-1,-1
597,397,task,!!TASK_ALL_BROWSE_GOODIES,1225,xmas_tasks,0,-1,-1,1,recipes,9119,-1,-1,-1,-1,-1,-1,-1,-1,-1,-1,0.1,-1,-1,-1,-1,-1,-1,-1,-1,-1,-1,1,-1,-1,-1,-1,-1,-1,-1,-1,-1,-1,0,none,-1,-1,-1,-1,-1,-1,-1,-1,-1,-1,-1,-1,0,none,-1,-1,-1,-1,-1,-1,-1,-1,-1,-1,-1,-1
598,394,task,!!TASK_ALL_BROWSE_GOODIES,1225,xmas_tasks,0,-1,-1,1,recipes,9119,-1,-1,-1,-1,-1,-1,-1,-1,-1,-1,0.1,-1,-1,-1,-1,-1,-1,-1,-1,-1,-1,1,-1,-1,-1,-1,-1,-1,-1,-1,-1,-1,0,none,-1,-1,-1,-1,-1,-1,-1,-1,-1,-1,-1,-1,0,none,-1,-1,-1,-1,-1,-1,-1,-1,-1,-1,-1,-1
599,391,task,!!TASK_ALL_BROWSE_GOODIES,1225,xmas_tasks,0,-1,-1,1,recipes,9119,-1,-1,-1,-1,-1,-1,-1,-1,-1,-1,0.1,-1,-1,-1,-1,-1,-1,-1,-1,-1,-1,1,-1,-1,-1,-1,-1,-1,-1,-1,-1,-1,0,none,-1,-1,-1,-1,-1,-1,-1,-1,-1,-1,-1,-1,0,none,-1,-1,-1,-1,-1,-1,-1,-1,-1,-1,-1,-1
600,388,task,!!TASK_ALL_BROWSE_GOODIES,1225,xmas_tasks,0,-1,-1,1,recipes,9119,-1,-1,-1,-1,-1,-1,-1,-1,-1,-1,0.1,-1,-1,-1,-1,-1,-1,-1,-1,-1,-1,1,-1,-1,-1,-1,-1,-1,-1,-1,-1,-1,0,none,-1,-1,-1,-1,-1,-1,-1,-1,-1,-1,-1,-1,0,none,-1,-1,-1,-1,-1,-1,-1,-1,-1,-1,-1,-1
601,385,task,!!TASK_ALL_BROWSE_GOODIES,1225,xmas_tasks,0,-1,-1,1,recipes,9119,-1,-1,-1,-1,-1,-1,-1,-1,-1,-1,0.1,-1,-1,-1,-1,-1,-1,-1,-1,-1,-1,1,-1,-1,-1,-1,-1,-1,-1,-1,-1,-1,0,none,-1,-1,-1,-1,-1,-1,-1,-1,-1,-1,-1,-1,0,none,-1,-1,-1,-1,-1,-1,-1,-1,-1,-1,-1,-1
602,382,task,!!TASK_ALL_BROWSE_GOODIES,1225,xmas_tasks,0,-1,-1,1,recipes,9119,-1,-1,-1,-1,-1,-1,-1,-1,-1,-1,0.1,-1,-1,-1,-1,-1,-1,-1,-1,-1,-1,1,-1,-1,-1,-1,-1,-1,-1,-1,-1,-1,0,none,-1,-1,-1,-1,-1,-1,-1,-1,-1,-1,-1,-1,0,none,-1,-1,-1,-1,-1,-1,-1,-1,-1,-1,-1,-1
603,379,task,!!TASK_ALL_BROWSE_GOODIES,1225,xmas_tasks,0,-1,-1,1,recipes,9119,-1,-1,-1,-1,-1,-1,-1,-1,-1,-1,0.1,-1,-1,-1,-1,-1,-1,-1,-1,-1,-1,1,-1,-1,-1,-1,-1,-1,-1,-1,-1,-1,0,none,-1,-1,-1,-1,-1,-1,-1,-1,-1,-1,-1,-1,0,none,-1,-1,-1,-1,-1,-1,-1,-1,-1,-1,-1,-1
604,376,task,!!TASK_ALL_BROWSE_GOODIES,1225,xmas_tasks,0,-1,-1,1,recipes,9119,-1,-1,-1,-1,-1,-1,-1,-1,-1,-1,0.1,-1,-1,-1,-1,-1,-1,-1,-1,-1,-1,1,-1,-1,-1,-1,-1,-1,-1,-1,-1,-1,0,none,-1,-1,-1,-1,-1,-1,-1,-1,-1,-1,-1,-1,0,none,-1,-1,-1,-1,-1,-1,-1,-1,-1,-1,-1,-1
605,373,task,!!TASK_ALL_BROWSE_GOODIES,1225,xmas_tasks,0,-1,-1,1,recipes,9119,-1,-1,-1,-1,-1,-1,-1,-1,-1,-1,0.1,-1,-1,-1,-1,-1,-1,-1,-1,-1,-1,1,-1,-1,-1,-1,-1,-1,-1,-1,-1,-1,0,none,-1,-1,-1,-1,-1,-1,-1,-1,-1,-1,-1,-1,0,none,-1,-1,-1,-1,-1,-1,-1,-1,-1,-1,-1,-1
606,370,task,!!TASK_ALL_BROWSE_GOODIES,1225,xmas_tasks,0,-1,-1,1,recipes,9119,-1,-1,-1,-1,-1,-1,-1,-1,-1,-1,0.1,-1,-1,-1,-1,-1,-1,-1,-1,-1,-1,1,-1,-1,-1,-1,-1,-1,-1,-1,-1,-1,0,none,-1,-1,-1,-1,-1,-1,-1,-1,-1,-1,-1,-1,0,none,-1,-1,-1,-1,-1,-1,-1,-1,-1,-1,-1,-1
607,367,task,!!TASK_ALL_BROWSE_GOODIES,1225,xmas_tasks,0,-1,-1,1,recipes,9119,-1,-1,-1,-1,-1,-1,-1,-1,-1,-1,0.1,-1,-1,-1,-1,-1,-1,-1,-1,-1,-1,1,-1,-1,-1,-1,-1,-1,-1,-1,-1,-1,0,none,-1,-1,-1,-1,-1,-1,-1,-1,-1,-1,-1,-1,0,none,-1,-1,-1,-1,-1,-1,-1,-1,-1,-1,-1,-1
608,364,task,!!TASK_ALL_BROWSE_GOODIES,1225,xmas_tasks,0,-1,-1,1,recipes,9119,-1,-1,-1,-1,-1,-1,-1,-1,-1,-1,0.1,-1,-1,-1,-1,-1,-1,-1,-1,-1,-1,1,-1,-1,-1,-1,-1,-1,-1,-1,-1,-1,0,none,-1,-1,-1,-1,-1,-1,-1,-1,-1,-1,-1,-1,0,none,-1,-1,-1,-1,-1,-1,-1,-1,-1,-1,-1,-1
609,361,task,!!TASK_ALL_BROWSE_GOODIES,1225,xmas_tasks,0,-1,-1,1,recipes,9119,-1,-1,-1,-1,-1,-1,-1,-1,-1,-1,0.1,-1,-1,-1,-1,-1,-1,-1,-1,-1,-1,1,-1,-1,-1,-1,-1,-1,-1,-1,-1,-1,0,none,-1,-1,-1,-1,-1,-1,-1,-1,-1,-1,-1,-1,0,none,-1,-1,-1,-1,-1,-1,-1,-1,-1,-1,-1,-1
610,358,task,!!TASK_ALL_BROWSE_GOODIES,1225,xmas_tasks,0,-1,-1,1,recipes,9119,-1,-1,-1,-1,-1,-1,-1,-1,-1,-1,0.1,-1,-1,-1,-1,-1,-1,-1,-1,-1,-1,1,-1,-1,-1,-1,-1,-1,-1,-1,-1,-1,0,none,-1,-1,-1,-1,-1,-1,-1,-1,-1,-1,-1,-1,0,none,-1,-1,-1,-1,-1,-1,-1,-1,-1,-1,-1,-1
611,355,task,!!TASK_ALL_BROWSE_GOODIES,1225,xmas_tasks,0,-1,-1,1,recipes,9119,-1,-1,-1,-1,-1,-1,-1,-1,-1,-1,0.1,-1,-1,-1,-1,-1,-1,-1,-1,-1,-1,1,-1,-1,-1,-1,-1,-1,-1,-1,-1,-1,0,none,-1,-1,-1,-1,-1,-1,-1,-1,-1,-1,-1,-1,0,none,-1,-1,-1,-1,-1,-1,-1,-1,-1,-1,-1,-1
612,352,task,!!TASK_ALL_BROWSE_GOODIES,1225,xmas_tasks,0,-1,-1,1,recipes,9119,-1,-1,-1,-1,-1,-1,-1,-1,-1,-1,0.1,-1,-1,-1,-1,-1,-1,-1,-1,-1,-1,1,-1,-1,-1,-1,-1,-1,-1,-1,-1,-1,0,none,-1,-1,-1,-1,-1,-1,-1,-1,-1,-1,-1,-1,0,none,-1,-1,-1,-1,-1,-1,-1,-1,-1,-1,-1,-1
613,349,task,!!TASK_ALL_BROWSE_GOODIES,1225,xmas_tasks,0,-1,-1,1,recipes,9119,-1,-1,-1,-1,-1,-1,-1,-1,-1,-1,0.1,-1,-1,-1,-1,-1,-1,-1,-1,-1,-1,1,-1,-1,-1,-1,-1,-1,-1,-1,-1,-1,0,none,-1,-1,-1,-1,-1,-1,-1,-1,-1,-1,-1,-1,0,none,-1,-1,-1,-1,-1,-1,-1,-1,-1,-1,-1,-1
614,346,task,!!TASK_ALL_BROWSE_GOODIES,1225,xmas_tasks,0,-1,-1,1,recipes,9119,-1,-1,-1,-1,-1,-1,-1,-1,-1,-1,0.1,-1,-1,-1,-1,-1,-1,-1,-1,-1,-1,1,-1,-1,-1,-1,-1,-1,-1,-1,-1,-1,0,none,-1,-1,-1,-1,-1,-1,-1,-1,-1,-1,-1,-1,0,none,-1,-1,-1,-1,-1,-1,-1,-1,-1,-1,-1,-1
615,343,task,!!TASK_ALL_BROWSE_GOODIES,1225,xmas_tasks,0,-1,-1,1,recipes,9119,-1,-1,-1,-1,-1,-1,-1,-1,-1,-1,0.1,-1,-1,-1,-1,-1,-1,-1,-1,-1,-1,1,-1,-1,-1,-1,-1,-1,-1,-1,-1,-1,0,none,-1,-1,-1,-1,-1,-1,-1,-1,-1,-1,-1,-1,0,none,-1,-1,-1,-1,-1,-1,-1,-1,-1,-1,-1,-1
616,340,task,!!TASK_ALL_BROWSE_GOODIES,1225,xmas_tasks,0,-1,-1,1,recipes,9119,-1,-1,-1,-1,-1,-1,-1,-1,-1,-1,0.1,-1,-1,-1,-1,-1,-1,-1,-1,-1,-1,1,-1,-1,-1,-1,-1,-1,-1,-1,-1,-1,0,none,-1,-1,-1,-1,-1,-1,-1,-1,-1,-1,-1,-1,0,none,-1,-1,-1,-1,-1,-1,-1,-1,-1,-1,-1,-1
617,862,task,!!TASK_ALL_FESTIVE_FLORAL,1225,xmas_tasks,0,-1,-1,0.4,resources,3,-1,-1,-1,-1,-1,-1,-1,-1,-1,-1,1,-1,-1,-1,-1,-1,-1,-1,-1,-1,-1,65,-1,-1,-1,-1,-1,-1,-1,-1,-1,-1,0.6,buildings,20068,-1,-1,-1,1,-1,-1,-1,1,-1,-1,-1,0,none,-1,-1,-1,-1,-1,-1,-1,-1,-1,-1,-1,-1
618,855,task,!!TASK_ALL_FESTIVE_FLORAL,1225,xmas_tasks,0,-1,-1,0.4,resources,3,-1,-1,-1,-1,-1,-1,-1,-1,-1,-1,1,-1,-1,-1,-1,-1,-1,-1,-1,-1,-1,65,-1,-1,-1,-1,-1,-1,-1,-1,-1,-1,0.6,buildings,20068,-1,-1,-1,1,-1,-1,-1,1,-1,-1,-1,0,none,-1,-1,-1,-1,-1,-1,-1,-1,-1,-1,-1,-1
619,847,task,!!TASK_ALL_FESTIVE_FLORAL,1225,xmas_tasks,0,-1,-1,0.4,resources,3,-1,-1,-1,-1,-1,-1,-1,-1,-1,-1,1,-1,-1,-1,-1,-1,-1,-1,-1,-1,-1,65,-1,-1,-1,-1,-1,-1,-1,-1,-1,-1,0.6,buildings,20068,-1,-1,-1,1,-1,-1,-1,1,-1,-1,-1,0,none,-1,-1,-1,-1,-1,-1,-1,-1,-1,-1,-1,-1
620,838,task,!!TASK_ALL_FESTIVE_FLORAL,1225,xmas_tasks,0,-1,-1,0.4,resources,3,-1,-1,-1,-1,-1,-1,-1,-1,-1,-1,1,-1,-1,-1,-1,-1,-1,-1,-1,-1,-1,65,-1,-1,-1,-1,-1,-1,-1,-1,-1,-1,0.6,buildings,20068,-1,-1,-1,1,-1,-1,-1,1,-1,-1,-1,0,none,-1,-1,-1,-1,-1,-1,-1,-1,-1,-1,-1,-1
621,831,task,!!TASK_ALL_FESTIVE_FLORAL,1225,xmas_tasks,0,-1,-1,0.4,resources,3,-1,-1,-1,-1,-1,-1,-1,-1,-1,-1,1,-1,-1,-1,-1,-1,-1,-1,-1,-1,-1,65,-1,-1,-1,-1,-1,-1,-1,-1,-1,-1,0.6,buildings,20068,-1,-1,-1,1,-1,-1,-1,1,-1,-1,-1,0,none,-1,-1,-1,-1,-1,-1,-1,-1,-1,-1,-1,-1
622,824,task,!!TASK_ALL_FESTIVE_FLORAL,1225,xmas_tasks,0,-1,-1,0.4,resources,3,-1,-1,-1,-1,-1,-1,-1,-1,-1,-1,1,-1,-1,-1,-1,-1,-1,-1,-1,-1,-1,65,-1,-1,-1,-1,-1,-1,-1,-1,-1,-1,0.6,buildings,20068,-1,-1,-1,1,-1,-1,-1,1,-1,-1,-1,0,none,-1,-1,-1,-1,-1,-1,-1,-1,-1,-1,-1,-1
623,817,task,!!TASK_ALL_FESTIVE_FLORAL,1225,xmas_tasks,0,-1,-1,0.4,resources,3,-1,-1,-1,-1,-1,-1,-1,-1,-1,-1,1,-1,-1,-1,-1,-1,-1,-1,-1,-1,-1,65,-1,-1,-1,-1,-1,-1,-1,-1,-1,-1,0.6,buildings,20068,-1,-1,-1,1,-1,-1,-1,1,-1,-1,-1,0,none,-1,-1,-1,-1,-1,-1,-1,-1,-1,-1,-1,-1
624,810,task,!!TASK_ALL_FESTIVE_FLORAL,1225,xmas_tasks,0,-1,-1,0.4,resources,3,-1,-1,-1,-1,-1,-1,-1,-1,-1,-1,1,-1,-1,-1,-1,-1,-1,-1,-1,-1,-1,65,-1,-1,-1,-1,-1,-1,-1,-1,-1,-1,0.6,buildings,20068,-1,-1,-1,1,-1,-1,-1,1,-1,-1,-1,0,none,-1,-1,-1,-1,-1,-1,-1,-1,-1,-1,-1,-1
625,803,task,!!TASK_ALL_FESTIVE_FLORAL,1225,xmas_tasks,0,-1,-1,0.4,resources,3,-1,-1,-1,-1,-1,-1,-1,-1,-1,-1,1,-1,-1,-1,-1,-1,-1,-1,-1,-1,-1,65,-1,-1,-1,-1,-1,-1,-1,-1,-1,-1,0.6,buildings,20068,-1,-1,-1,1,-1,-1,-1,1,-1,-1,-1,0,none,-1,-1,-1,-1,-1,-1,-1,-1,-1,-1,-1,-1
626,796,task,!!TASK_ALL_FESTIVE_FLORAL,1225,xmas_tasks,0,-1,-1,0.4,resources,3,-1,-1,-1,-1,-1,-1,-1,-1,-1,-1,1,-1,-1,-1,-1,-1,-1,-1,-1,-1,-1,65,-1,-1,-1,-1,-1,-1,-1,-1,-1,-1,0.6,buildings,20068,-1,-1,-1,1,-1,-1,-1,1,-1,-1,-1,0,none,-1,-1,-1,-1,-1,-1,-1,-1,-1,-1,-1,-1
627,789,task,!!TASK_ALL_FESTIVE_FLORAL,1225,xmas_tasks,0,-1,-1,0.4,resources,3,-1,-1,-1,-1,-1,-1,-1,-1,-1,-1,1,-1,-1,-1,-1,-1,-1,-1,-1,-1,-1,65,-1,-1,-1,-1,-1,-1,-1,-1,-1,-1,0.6,buildings,20068,-1,-1,-1,1,-1,-1,-1,1,-1,-1,-1,0,none,-1,-1,-1,-1,-1,-1,-1,-1,-1,-1,-1,-1
628,782,task,!!TASK_ALL_FESTIVE_FLORAL,1225,xmas_tasks,0,-1,-1,0.4,resources,3,-1,-1,-1,-1,-1,-1,-1,-1,-1,-1,1,-1,-1,-1,-1,-1,-1,-1,-1,-1,-1,65,-1,-1,-1,-1,-1,-1,-1,-1,-1,-1,0.6,buildings,20068,-1,-1,-1,1,-1,-1,-1,1,-1,-1,-1,0,none,-1,-1,-1,-1,-1,-1,-1,-1,-1,-1,-1,-1
629,775,task,!!TASK_ALL_FESTIVE_FLORAL,1225,xmas_tasks,0,-1,-1,0.4,resources,3,-1,-1,-1,-1,-1,-1,-1,-1,-1,-1,1,-1,-1,-1,-1,-1,-1,-1,-1,-1,-1,65,-1,-1,-1,-1,-1,-1,-1,-1,-1,-1,0.6,buildings,20068,-1,-1,-1,1,-1,-1,-1,1,-1,-1,-1,0,none,-1,-1,-1,-1,-1,-1,-1,-1,-1,-1,-1,-1
630,768,task,!!TASK_ALL_FESTIVE_FLORAL,1225,xmas_tasks,0,-1,-1,0.4,resources,3,-1,-1,-1,-1,-1,-1,-1,-1,-1,-1,1,-1,-1,-1,-1,-1,-1,-1,-1,-1,-1,65,-1,-1,-1,-1,-1,-1,-1,-1,-1,-1,0.6,buildings,20068,-1,-1,-1,1,-1,-1,-1,1,-1,-1,-1,0,none,-1,-1,-1,-1,-1,-1,-1,-1,-1,-1,-1,-1
631,761,task,!!TASK_ALL_FESTIVE_FLORAL,1225,xmas_tasks,0,-1,-1,0.4,resources,3,-1,-1,-1,-1,-1,-1,-1,-1,-1,-1,1,-1,-1,-1,-1,-1,-1,-1,-1,-1,-1,65,-1,-1,-1,-1,-1,-1,-1,-1,-1,-1,0.6,buildings,20068,-1,-1,-1,1,-1,-1,-1,1,-1,-1,-1,0,none,-1,-1,-1,-1,-1,-1,-1,-1,-1,-1,-1,-1
632,754,task,!!TASK_ALL_FESTIVE_FLORAL,1225,xmas_tasks,0,-1,-1,0.4,resources,3,-1,-1,-1,-1,-1,-1,-1,-1,-1,-1,1,-1,-1,-1,-1,-1,-1,-1,-1,-1,-1,65,-1,-1,-1,-1,-1,-1,-1,-1,-1,-1,0.6,buildings,20068,-1,-1,-1,1,-1,-1,-1,1,-1,-1,-1,0,none,-1,-1,-1,-1,-1,-1,-1,-1,-1,-1,-1,-1
633,747,task,!!TASK_ALL_FESTIVE_FLORAL,1225,xmas_tasks,0,-1,-1,0.4,resources,3,-1,-1,-1,-1,-1,-1,-1,-1,-1,-1,1,-1,-1,-1,-1,-1,-1,-1,-1,-1,-1,65,-1,-1,-1,-1,-1,-1,-1,-1,-1,-1,0.6,buildings,20068,-1,-1,-1,1,-1,-1,-1,1,-1,-1,-1,0,none,-1,-1,-1,-1,-1,-1,-1,-1,-1,-1,-1,-1
634,740,task,!!TASK_ALL_FESTIVE_FLORAL,1225,xmas_tasks,0,-1,-1,0.4,resources,3,-1,-1,-1,-1,-1,-1,-1,-1,-1,-1,1,-1,-1,-1,-1,-1,-1,-1,-1,-1,-1,65,-1,-1,-1,-1,-1,-1,-1,-1,-1,-1,0.6,buildings,20068,-1,-1,-1,1,-1,-1,-1,1,-1,-1,-1,0,none,-1,-1,-1,-1,-1,-1,-1,-1,-1,-1,-1,-1
635,733,task,!!TASK_ALL_FESTIVE_FLORAL,1225,xmas_tasks,0,-1,-1,0.4,resources,3,-1,-1,-1,-1,-1,-1,-1,-1,-1,-1,1,-1,-1,-1,-1,-1,-1,-1,-1,-1,-1,65,-1,-1,-1,-1,-1,-1,-1,-1,-1,-1,0.6,buildings,20068,-1,-1,-1,1,-1,-1,-1,1,-1,-1,-1,0,none,-1,-1,-1,-1,-1,-1,-1,-1,-1,-1,-1,-1
636,726,task,!!TASK_ALL_FESTIVE_FLORAL,1225,xmas_tasks,0,-1,-1,0.4,resources,3,-1,-1,-1,-1,-1,-1,-1,-1,-1,-1,1,-1,-1,-1,-1,-1,-1,-1,-1,-1,-1,65,-1,-1,-1,-1,-1,-1,-1,-1,-1,-1,0.6,buildings,20068,-1,-1,-1,1,-1,-1,-1,1,-1,-1,-1,0,none,-1,-1,-1,-1,-1,-1,-1,-1,-1,-1,-1,-1
637,719,task,!!TASK_ALL_FESTIVE_FLORAL,1225,xmas_tasks,0,-1,-1,0.4,resources,3,-1,-1,-1,-1,-1,-1,-1,-1,-1,-1,1,-1,-1,-1,-1,-1,-1,-1,-1,-1,-1,65,-1,-1,-1,-1,-1,-1,-1,-1,-1,-1,0.6,buildings,20068,-1,-1,-1,1,-1,-1,-1,1,-1,-1,-1,0,none,-1,-1,-1,-1,-1,-1,-1,-1,-1,-1,-1,-1
638,712,task,!!TASK_ALL_FESTIVE_FLORAL,1225,xmas_tasks,0,-1,-1,0.4,resources,3,-1,-1,-1,-1,-1,-1,-1,-1,-1,-1,1,-1,-1,-1,-1,-1,-1,-1,-1,-1,-1,65,-1,-1,-1,-1,-1,-1,-1,-1,-1,-1,0.6,buildings,20068,-1,-1,-1,1,-1,-1,-1,1,-1,-1,-1,0,none,-1,-1,-1,-1,-1,-1,-1,-1,-1,-1,-1,-1
639,705,task,!!TASK_ALL_FESTIVE_FLORAL,1225,xmas_tasks,0,-1,-1,0.4,resources,3,-1,-1,-1,-1,-1,-1,-1,-1,-1,-1,1,-1,-1,-1,-1,-1,-1,-1,-1,-1,-1,65,-1,-1,-1,-1,-1,-1,-1,-1,-1,-1,0.6,buildings,20068,-1,-1,-1,1,-1,-1,-1,1,-1,-1,-1,0,none,-1,-1,-1,-1,-1,-1,-1,-1,-1,-1,-1,-1
640,698,task,!!TASK_ALL_FESTIVE_FLORAL,1225,xmas_tasks,0,-1,-1,0.4,resources,3,-1,-1,-1,-1,-1,-1,-1,-1,-1,-1,1,-1,-1,-1,-1,-1,-1,-1,-1,-1,-1,65,-1,-1,-1,-1,-1,-1,-1,-1,-1,-1,0.6,buildings,20068,-1,-1,-1,1,-1,-1,-1,1,-1,-1,-1,0,none,-1,-1,-1,-1,-1,-1,-1,-1,-1,-1,-1,-1
641,691,task,!!TASK_ALL_FESTIVE_FLORAL,1225,xmas_tasks,0,-1,-1,0.4,resources,3,-1,-1,-1,-1,-1,-1,-1,-1,-1,-1,1,-1,-1,-1,-1,-1,-1,-1,-1,-1,-1,65,-1,-1,-1,-1,-1,-1,-1,-1,-1,-1,0.6,buildings,20068,-1,-1,-1,1,-1,-1,-1,1,-1,-1,-1,0,none,-1,-1,-1,-1,-1,-1,-1,-1,-1,-1,-1,-1
642,684,task,!!TASK_ALL_FESTIVE_FLORAL,1225,xmas_tasks,0,-1,-1,0.4,resources,3,-1,-1,-1,-1,-1,-1,-1,-1,-1,-1,1,-1,-1,-1,-1,-1,-1,-1,-1,-1,-1,65,-1,-1,-1,-1,-1,-1,-1,-1,-1,-1,0.6,buildings,20068,-1,-1,-1,1,-1,-1,-1,1,-1,-1,-1,0,none,-1,-1,-1,-1,-1,-1,-1,-1,-1,-1,-1,-1
643,677,task,!!TASK_ALL_FESTIVE_FLORAL,1225,xmas_tasks,0,-1,-1,0.4,resources,3,-1,-1,-1,-1,-1,-1,-1,-1,-1,-1,1,-1,-1,-1,-1,-1,-1,-1,-1,-1,-1,65,-1,-1,-1,-1,-1,-1,-1,-1,-1,-1,0.6,buildings,20068,-1,-1,-1,1,-1,-1,-1,1,-1,-1,-1,0,none,-1,-1,-1,-1,-1,-1,-1,-1,-1,-1,-1,-1
644,670,task,!!TASK_ALL_FESTIVE_FLORAL,1225,xmas_tasks,0,-1,-1,0.4,resources,3,-1,-1,-1,-1,-1,-1,-1,-1,-1,-1,1,-1,-1,-1,-1,-1,-1,-1,-1,-1,-1,65,-1,-1,-1,-1,-1,-1,-1,-1,-1,-1,0.6,buildings,20068,-1,-1,-1,1,-1,-1,-1,1,-1,-1,-1,0,none,-1,-1,-1,-1,-1,-1,-1,-1,-1,-1,-1,-1
645,663,task,!!TASK_ALL_FESTIVE_FLORAL,1225,xmas_tasks,0,-1,-1,0.4,resources,3,-1,-1,-1,-1,-1,-1,-1,-1,-1,-1,1,-1,-1,-1,-1,-1,-1,-1,-1,-1,-1,65,-1,-1,-1,-1,-1,-1,-1,-1,-1,-1,0.6,buildings,20068,-1,-1,-1,1,-1,-1,-1,1,-1,-1,-1,0,none,-1,-1,-1,-1,-1,-1,-1,-1,-1,-1,-1,-1
646,656,task,!!TASK_ALL_FESTIVE_FLORAL,1225,xmas_tasks,0,-1,-1,0.4,resources,3,-1,-1,-1,-1,-1,-1,-1,-1,-1,-1,1,-1,-1,-1,-1,-1,-1,-1,-1,-1,-1,65,-1,-1,-1,-1,-1,-1,-1,-1,-1,-1,0.6,buildings,20068,-1,-1,-1,1,-1,-1,-1,1,-1,-1,-1,0,none,-1,-1,-1,-1,-1,-1,-1,-1,-1,-1,-1,-1
647,649,task,!!TASK_ALL_FESTIVE_FLORAL,1225,xmas_tasks,0,-1,-1,0.4,resources,3,-1,-1,-1,-1,-1,-1,-1,-1,-1,-1,1,-1,-1,-1,-1,-1,-1,-1,-1,-1,-1,65,-1,-1,-1,-1,-1,-1,-1,-1,-1,-1,0.6,buildings,20068,-1,-1,-1,1,-1,-1,-1,1,-1,-1,-1,0,none,-1,-1,-1,-1,-1,-1,-1,-1,-1,-1,-1,-1
648,642,task,!!TASK_ALL_FESTIVE_FLORAL,1225,xmas_tasks,0,-1,-1,0.4,resources,3,-1,-1,-1,-1,-1,-1,-1,-1,-1,-1,1,-1,-1,-1,-1,-1,-1,-1,-1,-1,-1,65,-1,-1,-1,-1,-1,-1,-1,-1,-1,-1,0.6,buildings,20068,-1,-1,-1,1,-1,-1,-1,1,-1,-1,-1,0,none,-1,-1,-1,-1,-1,-1,-1,-1,-1,-1,-1,-1
649,339,task,!!TASK_PAT_SPREAD SPIRIT,1225,xmas_tasks,0,-1,-1,1,recipes,9203,-1,-1,-1,-1,-1,-1,-1,-1,-1,-1,0.1,-1,-1,-1,-1,-1,-1,-1,-1,-1,-1,1,-1,-1,-1,-1,-1,-1,-1,-1,-1,-1,0,none,-1,-1,-1,-1,-1,-1,-1,-1,-1,-1,-1,-1,0,none,-1,-1,-1,-1,-1,-1,-1,-1,-1,-1,-1,-1
650,856,task,!!TASK_ALL_MORE_BAKED_GOODS,1225,xmas_tasks,0,-1,-1,1,recipes,9104,-1,-1,-1,-1,-1,-1,-1,-1,-1,-1,0.1,-1,-1,-1,-1,-1,-1,-1,-1,-1,-1,1,-1,-1,-1,-1,-1,-1,-1,-1,-1,-1,0,none,-1,-1,-1,-1,-1,-1,-1,-1,-1,-1,-1,-1,0,none,-1,-1,-1,-1,-1,-1,-1,-1,-1,-1,-1,-1
651,848,task,!!TASK_ALL_MORE_BAKED_GOODS,1225,xmas_tasks,0,-1,-1,1,recipes,9104,-1,-1,-1,-1,-1,-1,-1,-1,-1,-1,0.1,-1,-1,-1,-1,-1,-1,-1,-1,-1,-1,1,-1,-1,-1,-1,-1,-1,-1,-1,-1,-1,0,none,-1,-1,-1,-1,-1,-1,-1,-1,-1,-1,-1,-1,0,none,-1,-1,-1,-1,-1,-1,-1,-1,-1,-1,-1,-1
652,839,task,!!TASK_ALL_MORE_BAKED_GOODS,1225,xmas_tasks,0,-1,-1,1,recipes,9104,-1,-1,-1,-1,-1,-1,-1,-1,-1,-1,0.1,-1,-1,-1,-1,-1,-1,-1,-1,-1,-1,1,-1,-1,-1,-1,-1,-1,-1,-1,-1,-1,0,none,-1,-1,-1,-1,-1,-1,-1,-1,-1,-1,-1,-1,0,none,-1,-1,-1,-1,-1,-1,-1,-1,-1,-1,-1,-1
653,832,task,!!TASK_ALL_MORE_BAKED_GOODS,1225,xmas_tasks,0,-1,-1,1,recipes,9104,-1,-1,-1,-1,-1,-1,-1,-1,-1,-1,0.1,-1,-1,-1,-1,-1,-1,-1,-1,-1,-1,1,-1,-1,-1,-1,-1,-1,-1,-1,-1,-1,0,none,-1,-1,-1,-1,-1,-1,-1,-1,-1,-1,-1,-1,0,none,-1,-1,-1,-1,-1,-1,-1,-1,-1,-1,-1,-1
654,825,task,!!TASK_ALL_MORE_BAKED_GOODS,1225,xmas_tasks,0,-1,-1,1,recipes,9104,-1,-1,-1,-1,-1,-1,-1,-1,-1,-1,0.1,-1,-1,-1,-1,-1,-1,-1,-1,-1,-1,1,-1,-1,-1,-1,-1,-1,-1,-1,-1,-1,0,none,-1,-1,-1,-1,-1,-1,-1,-1,-1,-1,-1,-1,0,none,-1,-1,-1,-1,-1,-1,-1,-1,-1,-1,-1,-1
655,818,task,!!TASK_ALL_MORE_BAKED_GOODS,1225,xmas_tasks,0,-1,-1,1,recipes,9104,-1,-1,-1,-1,-1,-1,-1,-1,-1,-1,0.1,-1,-1,-1,-1,-1,-1,-1,-1,-1,-1,1,-1,-1,-1,-1,-1,-1,-1,-1,-1,-1,0,none,-1,-1,-1,-1,-1,-1,-1,-1,-1,-1,-1,-1,0,none,-1,-1,-1,-1,-1,-1,-1,-1,-1,-1,-1,-1
656,811,task,!!TASK_ALL_MORE_BAKED_GOODS,1225,xmas_tasks,0,-1,-1,1,recipes,9104,-1,-1,-1,-1,-1,-1,-1,-1,-1,-1,0.1,-1,-1,-1,-1,-1,-1,-1,-1,-1,-1,1,-1,-1,-1,-1,-1,-1,-1,-1,-1,-1,0,none,-1,-1,-1,-1,-1,-1,-1,-1,-1,-1,-1,-1,0,none,-1,-1,-1,-1,-1,-1,-1,-1,-1,-1,-1,-1
657,804,task,!!TASK_ALL_MORE_BAKED_GOODS,1225,xmas_tasks,0,-1,-1,1,recipes,9104,-1,-1,-1,-1,-1,-1,-1,-1,-1,-1,0.1,-1,-1,-1,-1,-1,-1,-1,-1,-1,-1,1,-1,-1,-1,-1,-1,-1,-1,-1,-1,-1,0,none,-1,-1,-1,-1,-1,-1,-1,-1,-1,-1,-1,-1,0,none,-1,-1,-1,-1,-1,-1,-1,-1,-1,-1,-1,-1
658,797,task,!!TASK_ALL_MORE_BAKED_GOODS,1225,xmas_tasks,0,-1,-1,1,recipes,9104,-1,-1,-1,-1,-1,-1,-1,-1,-1,-1,0.1,-1,-1,-1,-1,-1,-1,-1,-1,-1,-1,1,-1,-1,-1,-1,-1,-1,-1,-1,-1,-1,0,none,-1,-1,-1,-1,-1,-1,-1,-1,-1,-1,-1,-1,0,none,-1,-1,-1,-1,-1,-1,-1,-1,-1,-1,-1,-1
659,790,task,!!TASK_ALL_MORE_BAKED_GOODS,1225,xmas_tasks,0,-1,-1,1,recipes,9104,-1,-1,-1,-1,-1,-1,-1,-1,-1,-1,0.1,-1,-1,-1,-1,-1,-1,-1,-1,-1,-1,1,-1,-1,-1,-1,-1,-1,-1,-1,-1,-1,0,none,-1,-1,-1,-1,-1,-1,-1,-1,-1,-1,-1,-1,0,none,-1,-1,-1,-1,-1,-1,-1,-1,-1,-1,-1,-1
660,783,task,!!TASK_ALL_MORE_BAKED_GOODS,1225,xmas_tasks,0,-1,-1,1,recipes,9104,-1,-1,-1,-1,-1,-1,-1,-1,-1,-1,0.1,-1,-1,-1,-1,-1,-1,-1,-1,-1,-1,1,-1,-1,-1,-1,-1,-1,-1,-1,-1,-1,0,none,-1,-1,-1,-1,-1,-1,-1,-1,-1,-1,-1,-1,0,none,-1,-1,-1,-1,-1,-1,-1,-1,-1,-1,-1,-1
661,776,task,!!TASK_ALL_MORE_BAKED_GOODS,1225,xmas_tasks,0,-1,-1,1,recipes,9104,-1,-1,-1,-1,-1,-1,-1,-1,-1,-1,0.1,-1,-1,-1,-1,-1,-1,-1,-1,-1,-1,1,-1,-1,-1,-1,-1,-1,-1,-1,-1,-1,0,none,-1,-1,-1,-1,-1,-1,-1,-1,-1,-1,-1,-1,0,none,-1,-1,-1,-1,-1,-1,-1,-1,-1,-1,-1,-1
662,769,task,!!TASK_ALL_MORE_BAKED_GOODS,1225,xmas_tasks,0,-1,-1,1,recipes,9104,-1,-1,-1,-1,-1,-1,-1,-1,-1,-1,0.1,-1,-1,-1,-1,-1,-1,-1,-1,-1,-1,1,-1,-1,-1,-1,-1,-1,-1,-1,-1,-1,0,none,-1,-1,-1,-1,-1,-1,-1,-1,-1,-1,-1,-1,0,none,-1,-1,-1,-1,-1,-1,-1,-1,-1,-1,-1,-1
663,762,task,!!TASK_ALL_MORE_BAKED_GOODS,1225,xmas_tasks,0,-1,-1,1,recipes,9104,-1,-1,-1,-1,-1,-1,-1,-1,-1,-1,0.1,-1,-1,-1,-1,-1,-1,-1,-1,-1,-1,1,-1,-1,-1,-1,-1,-1,-1,-1,-1,-1,0,none,-1,-1,-1,-1,-1,-1,-1,-1,-1,-1,-1,-1,0,none,-1,-1,-1,-1,-1,-1,-1,-1,-1,-1,-1,-1
664,755,task,!!TASK_ALL_MORE_BAKED_GOODS,1225,xmas_tasks,0,-1,-1,1,recipes,9104,-1,-1,-1,-1,-1,-1,-1,-1,-1,-1,0.1,-1,-1,-1,-1,-1,-1,-1,-1,-1,-1,1,-1,-1,-1,-1,-1,-1,-1,-1,-1,-1,0,none,-1,-1,-1,-1,-1,-1,-1,-1,-1,-1,-1,-1,0,none,-1,-1,-1,-1,-1,-1,-1,-1,-1,-1,-1,-1
665,748,task,!!TASK_ALL_MORE_BAKED_GOODS,1225,xmas_tasks,0,-1,-1,1,recipes,9104,-1,-1,-1,-1,-1,-1,-1,-1,-1,-1,0.1,-1,-1,-1,-1,-1,-1,-1,-1,-1,-1,1,-1,-1,-1,-1,-1,-1,-1,-1,-1,-1,0,none,-1,-1,-1,-1,-1,-1,-1,-1,-1,-1,-1,-1,0,none,-1,-1,-1,-1,-1,-1,-1,-1,-1,-1,-1,-1
666,741,task,!!TASK_ALL_MORE_BAKED_GOODS,1225,xmas_tasks,0,-1,-1,1,recipes,9104,-1,-1,-1,-1,-1,-1,-1,-1,-1,-1,0.1,-1,-1,-1,-1,-1,-1,-1,-1,-1,-1,1,-1,-1,-1,-1,-1,-1,-1,-1,-1,-1,0,none,-1,-1,-1,-1,-1,-1,-1,-1,-1,-1,-1,-1,0,none,-1,-1,-1,-1,-1,-1,-1,-1,-1,-1,-1,-1
667,734,task,!!TASK_ALL_MORE_BAKED_GOODS,1225,xmas_tasks,0,-1,-1,1,recipes,9104,-1,-1,-1,-1,-1,-1,-1,-1,-1,-1,0.1,-1,-1,-1,-1,-1,-1,-1,-1,-1,-1,1,-1,-1,-1,-1,-1,-1,-1,-1,-1,-1,0,none,-1,-1,-1,-1,-1,-1,-1,-1,-1,-1,-1,-1,0,none,-1,-1,-1,-1,-1,-1,-1,-1,-1,-1,-1,-1
668,727,task,!!TASK_ALL_MORE_BAKED_GOODS,1225,xmas_tasks,0,-1,-1,1,recipes,9104,-1,-1,-1,-1,-1,-1,-1,-1,-1,-1,0.1,-1,-1,-1,-1,-1,-1,-1,-1,-1,-1,1,-1,-1,-1,-1,-1,-1,-1,-1,-1,-1,0,none,-1,-1,-1,-1,-1,-1,-1,-1,-1,-1,-1,-1,0,none,-1,-1,-1,-1,-1,-1,-1,-1,-1,-1,-1,-1
669,720,task,!!TASK_ALL_MORE_BAKED_GOODS,1225,xmas_tasks,0,-1,-1,1,recipes,9104,-1,-1,-1,-1,-1,-1,-1,-1,-1,-1,0.1,-1,-1,-1,-1,-1,-1,-1,-1,-1,-1,1,-1,-1,-1,-1,-1,-1,-1,-1,-1,-1,0,none,-1,-1,-1,-1,-1,-1,-1,-1,-1,-1,-1,-1,0,none,-1,-1,-1,-1,-1,-1,-1,-1,-1,-1,-1,-1
670,713,task,!!TASK_ALL_MORE_BAKED_GOODS,1225,xmas_tasks,0,-1,-1,1,recipes,9104,-1,-1,-1,-1,-1,-1,-1,-1,-1,-1,0.1,-1,-1,-1,-1,-1,-1,-1,-1,-1,-1,1,-1,-1,-1,-1,-1,-1,-1,-1,-1,-1,0,none,-1,-1,-1,-1,-1,-1,-1,-1,-1,-1,-1,-1,0,none,-1,-1,-1,-1,-1,-1,-1,-1,-1,-1,-1,-1
671,706,task,!!TASK_ALL_MORE_BAKED_GOODS,1225,xmas_tasks,0,-1,-1,1,recipes,9104,-1,-1,-1,-1,-1,-1,-1,-1,-1,-1,0.1,-1,-1,-1,-1,-1,-1,-1,-1,-1,-1,1,-1,-1,-1,-1,-1,-1,-1,-1,-1,-1,0,none,-1,-1,-1,-1,-1,-1,-1,-1,-1,-1,-1,-1,0,none,-1,-1,-1,-1,-1,-1,-1,-1,-1,-1,-1,-1
672,699,task,!!TASK_ALL_MORE_BAKED_GOODS,1225,xmas_tasks,0,-1,-1,1,recipes,9104,-1,-1,-1,-1,-1,-1,-1,-1,-1,-1,0.1,-1,-1,-1,-1,-1,-1,-1,-1,-1,-1,1,-1,-1,-1,-1,-1,-1,-1,-1,-1,-1,0,none,-1,-1,-1,-1,-1,-1,-1,-1,-1,-1,-1,-1,0,none,-1,-1,-1,-1,-1,-1,-1,-1,-1,-1,-1,-1
673,692,task,!!TASK_ALL_MORE_BAKED_GOODS,1225,xmas_tasks,0,-1,-1,1,recipes,9104,-1,-1,-1,-1,-1,-1,-1,-1,-1,-1,0.1,-1,-1,-1,-1,-1,-1,-1,-1,-1,-1,1,-1,-1,-1,-1,-1,-1,-1,-1,-1,-1,0,none,-1,-1,-1,-1,-1,-1,-1,-1,-1,-1,-1,-1,0,none,-1,-1,-1,-1,-1,-1,-1,-1,-1,-1,-1,-1
674,685,task,!!TASK_ALL_MORE_BAKED_GOODS,1225,xmas_tasks,0,-1,-1,1,recipes,9104,-1,-1,-1,-1,-1,-1,-1,-1,-1,-1,0.1,-1,-1,-1,-1,-1,-1,-1,-1,-1,-1,1,-1,-1,-1,-1,-1,-1,-1,-1,-1,-1,0,none,-1,-1,-1,-1,-1,-1,-1,-1,-1,-1,-1,-1,0,none,-1,-1,-1,-1,-1,-1,-1,-1,-1,-1,-1,-1
675,678,task,!!TASK_ALL_MORE_BAKED_GOODS,1225,xmas_tasks,0,-1,-1,1,recipes,9104,-1,-1,-1,-1,-1,-1,-1,-1,-1,-1,0.1,-1,-1,-1,-1,-1,-1,-1,-1,-1,-1,1,-1,-1,-1,-1,-1,-1,-1,-1,-1,-1,0,none,-1,-1,-1,-1,-1,-1,-1,-1,-1,-1,-1,-1,0,none,-1,-1,-1,-1,-1,-1,-1,-1,-1,-1,-1,-1
676,671,task,!!TASK_ALL_MORE_BAKED_GOODS,1225,xmas_tasks,0,-1,-1,1,recipes,9104,-1,-1,-1,-1,-1,-1,-1,-1,-1,-1,0.1,-1,-1,-1,-1,-1,-1,-1,-1,-1,-1,1,-1,-1,-1,-1,-1,-1,-1,-1,-1,-1,0,none,-1,-1,-1,-1,-1,-1,-1,-1,-1,-1,-1,-1,0,none,-1,-1,-1,-1,-1,-1,-1,-1,-1,-1,-1,-1
677,664,task,!!TASK_ALL_MORE_BAKED_GOODS,1225,xmas_tasks,0,-1,-1,1,recipes,9104,-1,-1,-1,-1,-1,-1,-1,-1,-1,-1,0.1,-1,-1,-1,-1,-1,-1,-1,-1,-1,-1,1,-1,-1,-1,-1,-1,-1,-1,-1,-1,-1,0,none,-1,-1,-1,-1,-1,-1,-1,-1,-1,-1,-1,-1,0,none,-1,-1,-1,-1,-1,-1,-1,-1,-1,-1,-1,-1
678,657,task,!!TASK_ALL_MORE_BAKED_GOODS,1225,xmas_tasks,0,-1,-1,1,recipes,9104,-1,-1,-1,-1,-1,-1,-1,-1,-1,-1,0.1,-1,-1,-1,-1,-1,-1,-1,-1,-1,-1,1,-1,-1,-1,-1,-1,-1,-1,-1,-1,-1,0,none,-1,-1,-1,-1,-1,-1,-1,-1,-1,-1,-1,-1,0,none,-1,-1,-1,-1,-1,-1,-1,-1,-1,-1,-1,-1
679,650,task,!!TASK_ALL_MORE_BAKED_GOODS,1225,xmas_tasks,0,-1,-1,1,recipes,9104,-1,-1,-1,-1,-1,-1,-1,-1,-1,-1,0.1,-1,-1,-1,-1,-1,-1,-1,-1,-1,-1,1,-1,-1,-1,-1,-1,-1,-1,-1,-1,-1,0,none,-1,-1,-1,-1,-1,-1,-1,-1,-1,-1,-1,-1,0,none,-1,-1,-1,-1,-1,-1,-1,-1,-1,-1,-1,-1
680,643,task,!!TASK_ALL_MORE_BAKED_GOODS,1225,xmas_tasks,0,-1,-1,1,recipes,9104,-1,-1,-1,-1,-1,-1,-1,-1,-1,-1,0.1,-1,-1,-1,-1,-1,-1,-1,-1,-1,-1,1,-1,-1,-1,-1,-1,-1,-1,-1,-1,-1,0,none,-1,-1,-1,-1,-1,-1,-1,-1,-1,-1,-1,-1,0,none,-1,-1,-1,-1,-1,-1,-1,-1,-1,-1,-1,-1
681,636,task,!!TASK_ALL_MORE_BAKED_GOODS,1225,xmas_tasks,0,-1,-1,1,recipes,9104,-1,-1,-1,-1,-1,-1,-1,-1,-1,-1,0.1,-1,-1,-1,-1,-1,-1,-1,-1,-1,-1,1,-1,-1,-1,-1,-1,-1,-1,-1,-1,-1,0,none,-1,-1,-1,-1,-1,-1,-1,-1,-1,-1,-1,-1,0,none,-1,-1,-1,-1,-1,-1,-1,-1,-1,-1,-1,-1
682,857,task,!!TASK_ALL_SHAKE_PRESENTS,1225,xmas_tasks,0,-1,-1,0.4,resources,3,-1,-1,-1,-1,-1,-1,-1,-1,-1,-1,1,-1,-1,-1,-1,-1,-1,-1,-1,-1,-1,70,-1,-1,-1,-1,-1,-1,-1,-1,-1,-1,0.05,resources,2,-1,-1,-1,1,-1,-1,-1,1,-1,-1,-1,0.55,buildings,20103,-1,-1,-1,1,-1,-1,-1,1,-1,-1,-1
683,849,task,!!TASK_ALL_SHAKE_PRESENTS,1225,xmas_tasks,0,-1,-1,0.4,resources,3,-1,-1,-1,-1,-1,-1,-1,-1,-1,-1,1,-1,-1,-1,-1,-1,-1,-1,-1,-1,-1,70,-1,-1,-1,-1,-1,-1,-1,-1,-1,-1,0.05,resources,2,-1,-1,-1,1,-1,-1,-1,1,-1,-1,-1,0.55,buildings,20103,-1,-1,-1,1,-1,-1,-1,1,-1,-1,-1
684,840,task,!!TASK_ALL_SHAKE_PRESENTS,1225,xmas_tasks,0,-1,-1,0.4,resources,3,-1,-1,-1,-1,-1,-1,-1,-1,-1,-1,1,-1,-1,-1,-1,-1,-1,-1,-1,-1,-1,70,-1,-1,-1,-1,-1,-1,-1,-1,-1,-1,0.05,resources,2,-1,-1,-1,1,-1,-1,-1,1,-1,-1,-1,0.55,buildings,20103,-1,-1,-1,1,-1,-1,-1,1,-1,-1,-1
685,833,task,!!TASK_ALL_SHAKE_PRESENTS,1225,xmas_tasks,0,-1,-1,0.4,resources,3,-1,-1,-1,-1,-1,-1,-1,-1,-1,-1,1,-1,-1,-1,-1,-1,-1,-1,-1,-1,-1,70,-1,-1,-1,-1,-1,-1,-1,-1,-1,-1,0.05,resources,2,-1,-1,-1,1,-1,-1,-1,1,-1,-1,-1,0.55,buildings,20103,-1,-1,-1,1,-1,-1,-1,1,-1,-1,-1
686,826,task,!!TASK_ALL_SHAKE_PRESENTS,1225,xmas_tasks,0,-1,-1,0.4,resources,3,-1,-1,-1,-1,-1,-1,-1,-1,-1,-1,1,-1,-1,-1,-1,-1,-1,-1,-1,-1,-1,70,-1,-1,-1,-1,-1,-1,-1,-1,-1,-1,0.05,resources,2,-1,-1,-1,1,-1,-1,-1,1,-1,-1,-1,0.55,buildings,20103,-1,-1,-1,1,-1,-1,-1,1,-1,-1,-1
687,819,task,!!TASK_ALL_SHAKE_PRESENTS,1225,xmas_tasks,0,-1,-1,0.4,resources,3,-1,-1,-1,-1,-1,-1,-1,-1,-1,-1,1,-1,-1,-1,-1,-1,-1,-1,-1,-1,-1,70,-1,-1,-1,-1,-1,-1,-1,-1,-1,-1,0.05,resources,2,-1,-1,-1,1,-1,-1,-1,1,-1,-1,-1,0.55,buildings,20103,-1,-1,-1,1,-1,-1,-1,1,-1,-1,-1
688,812,task,!!TASK_ALL_SHAKE_PRESENTS,1225,xmas_tasks,0,-1,-1,0.4,resources,3,-1,-1,-1,-1,-1,-1,-1,-1,-1,-1,1,-1,-1,-1,-1,-1,-1,-1,-1,-1,-1,70,-1,-1,-1,-1,-1,-1,-1,-1,-1,-1,0.05,resources,2,-1,-1,-1,1,-1,-1,-1,1,-1,-1,-1,0.55,buildings,20103,-1,-1,-1,1,-1,-1,-1,1,-1,-1,-1
689,805,task,!!TASK_ALL_SHAKE_PRESENTS,1225,xmas_tasks,0,-1,-1,0.4,resources,3,-1,-1,-1,-1,-1,-1,-1,-1,-1,-1,1,-1,-1,-1,-1,-1,-1,-1,-1,-1,-1,70,-1,-1,-1,-1,-1,-1,-1,-1,-1,-1,0.05,resources,2,-1,-1,-1,1,-1,-1,-1,1,-1,-1,-1,0.55,buildings,20103,-1,-1,-1,1,-1,-1,-1,1,-1,-1,-1
690,798,task,!!TASK_ALL_SHAKE_PRESENTS,1225,xmas_tasks,0,-1,-1,0.4,resources,3,-1,-1,-1,-1,-1,-1,-1,-1,-1,-1,1,-1,-1,-1,-1,-1,-1,-1,-1,-1,-1,70,-1,-1,-1,-1,-1,-1,-1,-1,-1,-1,0.05,resources,2,-1,-1,-1,1,-1,-1,-1,1,-1,-1,-1,0.55,buildings,20103,-1,-1,-1,1,-1,-1,-1,1,-1,-1,-1
691,791,task,!!TASK_ALL_SHAKE_PRESENTS,1225,xmas_tasks,0,-1,-1,0.4,resources,3,-1,-1,-1,-1,-1,-1,-1,-1,-1,-1,1,-1,-1,-1,-1,-1,-1,-1,-1,-1,-1,70,-1,-1,-1,-1,-1,-1,-1,-1,-1,-1,0.05,resources,2,-1,-1,-1,1,-1,-1,-1,1,-1,-1,-1,0.55,buildings,20103,-1,-1,-1,1,-1,-1,-1,1,-1,-1,-1
692,784,task,!!TASK_ALL_SHAKE_PRESENTS,1225,xmas_tasks,0,-1,-1,0.4,resources,3,-1,-1,-1,-1,-1,-1,-1,-1,-1,-1,1,-1,-1,-1,-1,-1,-1,-1,-1,-1,-1,70,-1,-1,-1,-1,-1,-1,-1,-1,-1,-1,0.05,resources,2,-1,-1,-1,1,-1,-1,-1,1,-1,-1,-1,0.55,buildings,20103,-1,-1,-1,1,-1,-1,-1,1,-1,-1,-1
693,777,task,!!TASK_ALL_SHAKE_PRESENTS,1225,xmas_tasks,0,-1,-1,0.4,resources,3,-1,-1,-1,-1,-1,-1,-1,-1,-1,-1,1,-1,-1,-1,-1,-1,-1,-1,-1,-1,-1,70,-1,-1,-1,-1,-1,-1,-1,-1,-1,-1,0.05,resources,2,-1,-1,-1,1,-1,-1,-1,1,-1,-1,-1,0.55,buildings,20103,-1,-1,-1,1,-1,-1,-1,1,-1,-1,-1
694,770,task,!!TASK_ALL_SHAKE_PRESENTS,1225,xmas_tasks,0,-1,-1,0.4,resources,3,-1,-1,-1,-1,-1,-1,-1,-1,-1,-1,1,-1,-1,-1,-1,-1,-1,-1,-1,-1,-1,70,-1,-1,-1,-1,-1,-1,-1,-1,-1,-1,0.05,resources,2,-1,-1,-1,1,-1,-1,-1,1,-1,-1,-1,0.55,buildings,20103,-1,-1,-1,1,-1,-1,-1,1,-1,-1,-1
695,763,task,!!TASK_ALL_SHAKE_PRESENTS,1225,xmas_tasks,0,-1,-1,0.4,resources,3,-1,-1,-1,-1,-1,-1,-1,-1,-1,-1,1,-1,-1,-1,-1,-1,-1,-1,-1,-1,-1,70,-1,-1,-1,-1,-1,-1,-1,-1,-1,-1,0.05,resources,2,-1,-1,-1,1,-1,-1,-1,1,-1,-1,-1,0.55,buildings,20103,-1,-1,-1,1,-1,-1,-1,1,-1,-1,-1
696,756,task,!!TASK_ALL_SHAKE_PRESENTS,1225,xmas_tasks,0,-1,-1,0.4,resources,3,-1,-1,-1,-1,-1,-1,-1,-1,-1,-1,1,-1,-1,-1,-1,-1,-1,-1,-1,-1,-1,70,-1,-1,-1,-1,-1,-1,-1,-1,-1,-1,0.05,resources,2,-1,-1,-1,1,-1,-1,-1,1,-1,-1,-1,0.55,buildings,20103,-1,-1,-1,1,-1,-1,-1,1,-1,-1,-1
697,749,task,!!TASK_ALL_SHAKE_PRESENTS,1225,xmas_tasks,0,-1,-1,0.4,resources,3,-1,-1,-1,-1,-1,-1,-1,-1,-1,-1,1,-1,-1,-1,-1,-1,-1,-1,-1,-1,-1,70,-1,-1,-1,-1,-1,-1,-1,-1,-1,-1,0.05,resources,2,-1,-1,-1,1,-1,-1,-1,1,-1,-1,-1,0.55,buildings,20103,-1,-1,-1,1,-1,-1,-1,1,-1,-1,-1
698,742,task,!!TASK_ALL_SHAKE_PRESENTS,1225,xmas_tasks,0,-1,-1,0.4,resources,3,-1,-1,-1,-1,-1,-1,-1,-1,-1,-1,1,-1,-1,-1,-1,-1,-1,-1,-1,-1,-1,70,-1,-1,-1,-1,-1,-1,-1,-1,-1,-1,0.05,resources,2,-1,-1,-1,1,-1,-1,-1,1,-1,-1,-1,0.55,buildings,20103,-1,-1,-1,1,-1,-1,-1,1,-1,-1,-1
699,735,task,!!TASK_ALL_SHAKE_PRESENTS,1225,xmas_tasks,0,-1,-1,0.4,resources,3,-1,-1,-1,-1,-1,-1,-1,-1,-1,-1,1,-1,-1,-1,-1,-1,-1,-1,-1,-1,-1,70,-1,-1,-1,-1,-1,-1,-1,-1,-1,-1,0.05,resources,2,-1,-1,-1,1,-1,-1,-1,1,-1,-1,-1,0.55,buildings,20103,-1,-1,-1,1,-1,-1,-1,1,-1,-1,-1
700,728,task,!!TASK_ALL_SHAKE_PRESENTS,1225,xmas_tasks,0,-1,-1,0.4,resources,3,-1,-1,-1,-1,-1,-1,-1,-1,-1,-1,1,-1,-1,-1,-1,-1,-1,-1,-1,-1,-1,70,-1,-1,-1,-1,-1,-1,-1,-1,-1,-1,0.05,resources,2,-1,-1,-1,1,-1,-1,-1,1,-1,-1,-1,0.55,buildings,20103,-1,-1,-1,1,-1,-1,-1,1,-1,-1,-1
701,721,task,!!TASK_ALL_SHAKE_PRESENTS,1225,xmas_tasks,0,-1,-1,0.4,resources,3,-1,-1,-1,-1,-1,-1,-1,-1,-1,-1,1,-1,-1,-1,-1,-1,-1,-1,-1,-1,-1,70,-1,-1,-1,-1,-1,-1,-1,-1,-1,-1,0.05,resources,2,-1,-1,-1,1,-1,-1,-1,1,-1,-1,-1,0.55,buildings,20103,-1,-1,-1,1,-1,-1,-1,1,-1,-1,-1
702,714,task,!!TASK_ALL_SHAKE_PRESENTS,1225,xmas_tasks,0,-1,-1,0.4,resources,3,-1,-1,-1,-1,-1,-1,-1,-1,-1,-1,1,-1,-1,-1,-1,-1,-1,-1,-1,-1,-1,70,-1,-1,-1,-1,-1,-1,-1,-1,-1,-1,0.05,resources,2,-1,-1,-1,1,-1,-1,-1,1,-1,-1,-1,0.55,buildings,20103,-1,-1,-1,1,-1,-1,-1,1,-1,-1,-1
703,707,task,!!TASK_ALL_SHAKE_PRESENTS,1225,xmas_tasks,0,-1,-1,0.4,resources,3,-1,-1,-1,-1,-1,-1,-1,-1,-1,-1,1,-1,-1,-1,-1,-1,-1,-1,-1,-1,-1,70,-1,-1,-1,-1,-1,-1,-1,-1,-1,-1,0.05,resources,2,-1,-1,-1,1,-1,-1,-1,1,-1,-1,-1,0.55,buildings,20103,-1,-1,-1,1,-1,-1,-1,1,-1,-1,-1
704,700,task,!!TASK_ALL_SHAKE_PRESENTS,1225,xmas_tasks,0,-1,-1,0.4,resources,3,-1,-1,-1,-1,-1,-1,-1,-1,-1,-1,1,-1,-1,-1,-1,-1,-1,-1,-1,-1,-1,70,-1,-1,-1,-1,-1,-1,-1,-1,-1,-1,0.05,resources,2,-1,-1,-1,1,-1,-1,-1,1,-1,-1,-1,0.55,buildings,20103,-1,-1,-1,1,-1,-1,-1,1,-1,-1,-1
705,693,task,!!TASK_ALL_SHAKE_PRESENTS,1225,xmas_tasks,0,-1,-1,0.4,resources,3,-1,-1,-1,-1,-1,-1,-1,-1,-1,-1,1,-1,-1,-1,-1,-1,-1,-1,-1,-1,-1,70,-1,-1,-1,-1,-1,-1,-1,-1,-1,-1,0.05,resources,2,-1,-1,-1,1,-1,-1,-1,1,-1,-1,-1,0.55,buildings,20103,-1,-1,-1,1,-1,-1,-1,1,-1,-1,-1
706,686,task,!!TASK_ALL_SHAKE_PRESENTS,1225,xmas_tasks,0,-1,-1,0.4,resources,3,-1,-1,-1,-1,-1,-1,-1,-1,-1,-1,1,-1,-1,-1,-1,-1,-1,-1,-1,-1,-1,70,-1,-1,-1,-1,-1,-1,-1,-1,-1,-1,0.05,resources,2,-1,-1,-1,1,-1,-1,-1,1,-1,-1,-1,0.55,buildings,20103,-1,-1,-1,1,-1,-1,-1,1,-1,-1,-1
707,679,task,!!TASK_ALL_SHAKE_PRESENTS,1225,xmas_tasks,0,-1,-1,0.4,resources,3,-1,-1,-1,-1,-1,-1,-1,-1,-1,-1,1,-1,-1,-1,-1,-1,-1,-1,-1,-1,-1,70,-1,-1,-1,-1,-1,-1,-1,-1,-1,-1,0.05,resources,2,-1,-1,-1,1,-1,-1,-1,1,-1,-1,-1,0.55,buildings,20103,-1,-1,-1,1,-1,-1,-1,1,-1,-1,-1
708,672,task,!!TASK_ALL_SHAKE_PRESENTS,1225,xmas_tasks,0,-1,-1,0.4,resources,3,-1,-1,-1,-1,-1,-1,-1,-1,-1,-1,1,-1,-1,-1,-1,-1,-1,-1,-1,-1,-1,70,-1,-1,-1,-1,-1,-1,-1,-1,-1,-1,0.05,resources,2,-1,-1,-1,1,-1,-1,-1,1,-1,-1,-1,0.55,buildings,20103,-1,-1,-1,1,-1,-1,-1,1,-1,-1,-1
709,665,task,!!TASK_ALL_SHAKE_PRESENTS,1225,xmas_tasks,0,-1,-1,0.4,resources,3,-1,-1,-1,-1,-1,-1,-1,-1,-1,-1,1,-1,-1,-1,-1,-1,-1,-1,-1,-1,-1,70,-1,-1,-1,-1,-1,-1,-1,-1,-1,-1,0.05,resources,2,-1,-1,-1,1,-1,-1,-1,1,-1,-1,-1,0.55,buildings,20103,-1,-1,-1,1,-1,-1,-1,1,-1,-1,-1
710,658,task,!!TASK_ALL_SHAKE_PRESENTS,1225,xmas_tasks,0,-1,-1,0.4,resources,3,-1,-1,-1,-1,-1,-1,-1,-1,-1,-1,1,-1,-1,-1,-1,-1,-1,-1,-1,-1,-1,70,-1,-1,-1,-1,-1,-1,-1,-1,-1,-1,0.05,resources,2,-1,-1,-1,1,-1,-1,-1,1,-1,-1,-1,0.55,buildings,20103,-1,-1,-1,1,-1,-1,-1,1,-1,-1,-1
711,651,task,!!TASK_ALL_SHAKE_PRESENTS,1225,xmas_tasks,0,-1,-1,0.4,resources,3,-1,-1,-1,-1,-1,-1,-1,-1,-1,-1,1,-1,-1,-1,-1,-1,-1,-1,-1,-1,-1,70,-1,-1,-1,-1,-1,-1,-1,-1,-1,-1,0.05,resources,2,-1,-1,-1,1,-1,-1,-1,1,-1,-1,-1,0.55,buildings,20103,-1,-1,-1,1,-1,-1,-1,1,-1,-1,-1
712,644,task,!!TASK_ALL_SHAKE_PRESENTS,1225,xmas_tasks,0,-1,-1,0.4,resources,3,-1,-1,-1,-1,-1,-1,-1,-1,-1,-1,1,-1,-1,-1,-1,-1,-1,-1,-1,-1,-1,70,-1,-1,-1,-1,-1,-1,-1,-1,-1,-1,0.05,resources,2,-1,-1,-1,1,-1,-1,-1,1,-1,-1,-1,0.55,buildings,20103,-1,-1,-1,1,-1,-1,-1,1,-1,-1,-1
713,637,task,!!TASK_ALL_SHAKE_PRESENTS,1225,xmas_tasks,0,-1,-1,0.4,resources,3,-1,-1,-1,-1,-1,-1,-1,-1,-1,-1,1,-1,-1,-1,-1,-1,-1,-1,-1,-1,-1,70,-1,-1,-1,-1,-1,-1,-1,-1,-1,-1,0.05,resources,2,-1,-1,-1,1,-1,-1,-1,1,-1,-1,-1,0.55,buildings,20103,-1,-1,-1,1,-1,-1,-1,1,-1,-1,-1
714,850,task,!!TASK_ALL_ENJOY_TIME_OFF,1225,xmas_tasks,0,-1,-1,1,recipes,9126,-1,-1,-1,-1,-1,-1,-1,-1,-1,-1,0.1,-1,-1,-1,-1,-1,-1,-1,-1,-1,-1,1,-1,-1,-1,-1,-1,-1,-1,-1,-1,-1,0,none,-1,-1,-1,-1,-1,-1,-1,-1,-1,-1,-1,-1,0,none,-1,-1,-1,-1,-1,-1,-1,-1,-1,-1,-1,-1
715,432,task,!!TASK_ALL_ENJOY_TIME_OFF,1225,xmas_tasks,0,-1,-1,1,recipes,9126,-1,-1,-1,-1,-1,-1,-1,-1,-1,-1,0.1,-1,-1,-1,-1,-1,-1,-1,-1,-1,-1,1,-1,-1,-1,-1,-1,-1,-1,-1,-1,-1,0,none,-1,-1,-1,-1,-1,-1,-1,-1,-1,-1,-1,-1,0,none,-1,-1,-1,-1,-1,-1,-1,-1,-1,-1,-1,-1
716,429,task,!!TASK_ALL_ENJOY_TIME_OFF,1225,xmas_tasks,0,-1,-1,1,recipes,9126,-1,-1,-1,-1,-1,-1,-1,-1,-1,-1,0.1,-1,-1,-1,-1,-1,-1,-1,-1,-1,-1,1,-1,-1,-1,-1,-1,-1,-1,-1,-1,-1,0,none,-1,-1,-1,-1,-1,-1,-1,-1,-1,-1,-1,-1,0,none,-1,-1,-1,-1,-1,-1,-1,-1,-1,-1,-1,-1
717,426,task,!!TASK_ALL_ENJOY_TIME_OFF,1225,xmas_tasks,0,-1,-1,1,recipes,9126,-1,-1,-1,-1,-1,-1,-1,-1,-1,-1,0.1,-1,-1,-1,-1,-1,-1,-1,-1,-1,-1,1,-1,-1,-1,-1,-1,-1,-1,-1,-1,-1,0,none,-1,-1,-1,-1,-1,-1,-1,-1,-1,-1,-1,-1,0,none,-1,-1,-1,-1,-1,-1,-1,-1,-1,-1,-1,-1
718,423,task,!!TASK_ALL_ENJOY_TIME_OFF,1225,xmas_tasks,0,-1,-1,1,recipes,9126,-1,-1,-1,-1,-1,-1,-1,-1,-1,-1,0.1,-1,-1,-1,-1,-1,-1,-1,-1,-1,-1,1,-1,-1,-1,-1,-1,-1,-1,-1,-1,-1,0,none,-1,-1,-1,-1,-1,-1,-1,-1,-1,-1,-1,-1,0,none,-1,-1,-1,-1,-1,-1,-1,-1,-1,-1,-1,-1
719,420,task,!!TASK_ALL_ENJOY_TIME_OFF,1225,xmas_tasks,0,-1,-1,1,recipes,9126,-1,-1,-1,-1,-1,-1,-1,-1,-1,-1,0.1,-1,-1,-1,-1,-1,-1,-1,-1,-1,-1,1,-1,-1,-1,-1,-1,-1,-1,-1,-1,-1,0,none,-1,-1,-1,-1,-1,-1,-1,-1,-1,-1,-1,-1,0,none,-1,-1,-1,-1,-1,-1,-1,-1,-1,-1,-1,-1
720,417,task,!!TASK_ALL_ENJOY_TIME_OFF,1225,xmas_tasks,0,-1,-1,1,recipes,9126,-1,-1,-1,-1,-1,-1,-1,-1,-1,-1,0.1,-1,-1,-1,-1,-1,-1,-1,-1,-1,-1,1,-1,-1,-1,-1,-1,-1,-1,-1,-1,-1,0,none,-1,-1,-1,-1,-1,-1,-1,-1,-1,-1,-1,-1,0,none,-1,-1,-1,-1,-1,-1,-1,-1,-1,-1,-1,-1
721,414,task,!!TASK_ALL_ENJOY_TIME_OFF,1225,xmas_tasks,0,-1,-1,1,recipes,9126,-1,-1,-1,-1,-1,-1,-1,-1,-1,-1,0.1,-1,-1,-1,-1,-1,-1,-1,-1,-1,-1,1,-1,-1,-1,-1,-1,-1,-1,-1,-1,-1,0,none,-1,-1,-1,-1,-1,-1,-1,-1,-1,-1,-1,-1,0,none,-1,-1,-1,-1,-1,-1,-1,-1,-1,-1,-1,-1
722,411,task,!!TASK_ALL_ENJOY_TIME_OFF,1225,xmas_tasks,0,-1,-1,1,recipes,9126,-1,-1,-1,-1,-1,-1,-1,-1,-1,-1,0.1,-1,-1,-1,-1,-1,-1,-1,-1,-1,-1,1,-1,-1,-1,-1,-1,-1,-1,-1,-1,-1,0,none,-1,-1,-1,-1,-1,-1,-1,-1,-1,-1,-1,-1,0,none,-1,-1,-1,-1,-1,-1,-1,-1,-1,-1,-1,-1
723,408,task,!!TASK_ALL_ENJOY_TIME_OFF,1225,xmas_tasks,0,-1,-1,1,recipes,9126,-1,-1,-1,-1,-1,-1,-1,-1,-1,-1,0.1,-1,-1,-1,-1,-1,-1,-1,-1,-1,-1,1,-1,-1,-1,-1,-1,-1,-1,-1,-1,-1,0,none,-1,-1,-1,-1,-1,-1,-1,-1,-1,-1,-1,-1,0,none,-1,-1,-1,-1,-1,-1,-1,-1,-1,-1,-1,-1
724,405,task,!!TASK_ALL_ENJOY_TIME_OFF,1225,xmas_tasks,0,-1,-1,1,recipes,9126,-1,-1,-1,-1,-1,-1,-1,-1,-1,-1,0.1,-1,-1,-1,-1,-1,-1,-1,-1,-1,-1,1,-1,-1,-1,-1,-1,-1,-1,-1,-1,-1,0,none,-1,-1,-1,-1,-1,-1,-1,-1,-1,-1,-1,-1,0,none,-1,-1,-1,-1,-1,-1,-1,-1,-1,-1,-1,-1
725,402,task,!!TASK_ALL_ENJOY_TIME_OFF,1225,xmas_tasks,0,-1,-1,1,recipes,9126,-1,-1,-1,-1,-1,-1,-1,-1,-1,-1,0.1,-1,-1,-1,-1,-1,-1,-1,-1,-1,-1,1,-1,-1,-1,-1,-1,-1,-1,-1,-1,-1,0,none,-1,-1,-1,-1,-1,-1,-1,-1,-1,-1,-1,-1,0,none,-1,-1,-1,-1,-1,-1,-1,-1,-1,-1,-1,-1
726,399,task,!!TASK_ALL_ENJOY_TIME_OFF,1225,xmas_tasks,0,-1,-1,1,recipes,9126,-1,-1,-1,-1,-1,-1,-1,-1,-1,-1,0.1,-1,-1,-1,-1,-1,-1,-1,-1,-1,-1,1,-1,-1,-1,-1,-1,-1,-1,-1,-1,-1,0,none,-1,-1,-1,-1,-1,-1,-1,-1,-1,-1,-1,-1,0,none,-1,-1,-1,-1,-1,-1,-1,-1,-1,-1,-1,-1
727,396,task,!!TASK_ALL_ENJOY_TIME_OFF,1225,xmas_tasks,0,-1,-1,1,recipes,9126,-1,-1,-1,-1,-1,-1,-1,-1,-1,-1,0.1,-1,-1,-1,-1,-1,-1,-1,-1,-1,-1,1,-1,-1,-1,-1,-1,-1,-1,-1,-1,-1,0,none,-1,-1,-1,-1,-1,-1,-1,-1,-1,-1,-1,-1,0,none,-1,-1,-1,-1,-1,-1,-1,-1,-1,-1,-1,-1
728,393,task,!!TASK_ALL_ENJOY_TIME_OFF,1225,xmas_tasks,0,-1,-1,1,recipes,9126,-1,-1,-1,-1,-1,-1,-1,-1,-1,-1,0.1,-1,-1,-1,-1,-1,-1,-1,-1,-1,-1,1,-1,-1,-1,-1,-1,-1,-1,-1,-1,-1,0,none,-1,-1,-1,-1,-1,-1,-1,-1,-1,-1,-1,-1,0,none,-1,-1,-1,-1,-1,-1,-1,-1,-1,-1,-1,-1
729,390,task,!!TASK_ALL_ENJOY_TIME_OFF,1225,xmas_tasks,0,-1,-1,1,recipes,9126,-1,-1,-1,-1,-1,-1,-1,-1,-1,-1,0.1,-1,-1,-1,-1,-1,-1,-1,-1,-1,-1,1,-1,-1,-1,-1,-1,-1,-1,-1,-1,-1,0,none,-1,-1,-1,-1,-1,-1,-1,-1,-1,-1,-1,-1,0,none,-1,-1,-1,-1,-1,-1,-1,-1,-1,-1,-1,-1
730,387,task,!!TASK_ALL_ENJOY_TIME_OFF,1225,xmas_tasks,0,-1,-1,1,recipes,9126,-1,-1,-1,-1,-1,-1,-1,-1,-1,-1,0.1,-1,-1,-1,-1,-1,-1,-1,-1,-1,-1,1,-1,-1,-1,-1,-1,-1,-1,-1,-1,-1,0,none,-1,-1,-1,-1,-1,-1,-1,-1,-1,-1,-1,-1,0,none,-1,-1,-1,-1,-1,-1,-1,-1,-1,-1,-1,-1
731,384,task,!!TASK_ALL_ENJOY_TIME_OFF,1225,xmas_tasks,0,-1,-1,1,recipes,9126,-1,-1,-1,-1,-1,-1,-1,-1,-1,-1,0.1,-1,-1,-1,-1,-1,-1,-1,-1,-1,-1,1,-1,-1,-1,-1,-1,-1,-1,-1,-1,-1,0,none,-1,-1,-1,-1,-1,-1,-1,-1,-1,-1,-1,-1,0,none,-1,-1,-1,-1,-1,-1,-1,-1,-1,-1,-1,-1
732,381,task,!!TASK_ALL_ENJOY_TIME_OFF,1225,xmas_tasks,0,-1,-1,1,recipes,9126,-1,-1,-1,-1,-1,-1,-1,-1,-1,-1,0.1,-1,-1,-1,-1,-1,-1,-1,-1,-1,-1,1,-1,-1,-1,-1,-1,-1,-1,-1,-1,-1,0,none,-1,-1,-1,-1,-1,-1,-1,-1,-1,-1,-1,-1,0,none,-1,-1,-1,-1,-1,-1,-1,-1,-1,-1,-1,-1
733,378,task,!!TASK_ALL_ENJOY_TIME_OFF,1225,xmas_tasks,0,-1,-1,1,recipes,9126,-1,-1,-1,-1,-1,-1,-1,-1,-1,-1,0.1,-1,-1,-1,-1,-1,-1,-1,-1,-1,-1,1,-1,-1,-1,-1,-1,-1,-1,-1,-1,-1,0,none,-1,-1,-1,-1,-1,-1,-1,-1,-1,-1,-1,-1,0,none,-1,-1,-1,-1,-1,-1,-1,-1,-1,-1,-1,-1
734,375,task,!!TASK_ALL_ENJOY_TIME_OFF,1225,xmas_tasks,0,-1,-1,1,recipes,9126,-1,-1,-1,-1,-1,-1,-1,-1,-1,-1,0.1,-1,-1,-1,-1,-1,-1,-1,-1,-1,-1,1,-1,-1,-1,-1,-1,-1,-1,-1,-1,-1,0,none,-1,-1,-1,-1,-1,-1,-1,-1,-1,-1,-1,-1,0,none,-1,-1,-1,-1,-1,-1,-1,-1,-1,-1,-1,-1
735,372,task,!!TASK_ALL_ENJOY_TIME_OFF,1225,xmas_tasks,0,-1,-1,1,recipes,9126,-1,-1,-1,-1,-1,-1,-1,-1,-1,-1,0.1,-1,-1,-1,-1,-1,-1,-1,-1,-1,-1,1,-1,-1,-1,-1,-1,-1,-1,-1,-1,-1,0,none,-1,-1,-1,-1,-1,-1,-1,-1,-1,-1,-1,-1,0,none,-1,-1,-1,-1,-1,-1,-1,-1,-1,-1,-1,-1
736,369,task,!!TASK_ALL_ENJOY_TIME_OFF,1225,xmas_tasks,0,-1,-1,1,recipes,9126,-1,-1,-1,-1,-1,-1,-1,-1,-1,-1,0.1,-1,-1,-1,-1,-1,-1,-1,-1,-1,-1,1,-1,-1,-1,-1,-1,-1,-1,-1,-1,-1,0,none,-1,-1,-1,-1,-1,-1,-1,-1,-1,-1,-1,-1,0,none,-1,-1,-1,-1,-1,-1,-1,-1,-1,-1,-1,-1
737,366,task,!!TASK_ALL_ENJOY_TIME_OFF,1225,xmas_tasks,0,-1,-1,1,recipes,9126,-1,-1,-1,-1,-1,-1,-1,-1,-1,-1,0.1,-1,-1,-1,-1,-1,-1,-1,-1,-1,-1,1,-1,-1,-1,-1,-1,-1,-1,-1,-1,-1,0,none,-1,-1,-1,-1,-1,-1,-1,-1,-1,-1,-1,-1,0,none,-1,-1,-1,-1,-1,-1,-1,-1,-1,-1,-1,-1
738,363,task,!!TASK_ALL_ENJOY_TIME_OFF,1225,xmas_tasks,0,-1,-1,1,recipes,9126,-1,-1,-1,-1,-1,-1,-1,-1,-1,-1,0.1,-1,-1,-1,-1,-1,-1,-1,-1,-1,-1,1,-1,-1,-1,-1,-1,-1,-1,-1,-1,-1,0,none,-1,-1,-1,-1,-1,-1,-1,-1,-1,-1,-1,-1,0,none,-1,-1,-1,-1,-1,-1,-1,-1,-1,-1,-1,-1
739,360,task,!!TASK_ALL_ENJOY_TIME_OFF,1225,xmas_tasks,0,-1,-1,1,recipes,9126,-1,-1,-1,-1,-1,-1,-1,-1,-1,-1,0.1,-1,-1,-1,-1,-1,-1,-1,-1,-1,-1,1,-1,-1,-1,-1,-1,-1,-1,-1,-1,-1,0,none,-1,-1,-1,-1,-1,-1,-1,-1,-1,-1,-1,-1,0,none,-1,-1,-1,-1,-1,-1,-1,-1,-1,-1,-1,-1
740,357,task,!!TASK_ALL_ENJOY_TIME_OFF,1225,xmas_tasks,0,-1,-1,1,recipes,9126,-1,-1,-1,-1,-1,-1,-1,-1,-1,-1,0.1,-1,-1,-1,-1,-1,-1,-1,-1,-1,-1,1,-1,-1,-1,-1,-1,-1,-1,-1,-1,-1,0,none,-1,-1,-1,-1,-1,-1,-1,-1,-1,-1,-1,-1,0,none,-1,-1,-1,-1,-1,-1,-1,-1,-1,-1,-1,-1
741,354,task,!!TASK_ALL_ENJOY_TIME_OFF,1225,xmas_tasks,0,-1,-1,1,recipes,9126,-1,-1,-1,-1,-1,-1,-1,-1,-1,-1,0.1,-1,-1,-1,-1,-1,-1,-1,-1,-1,-1,1,-1,-1,-1,-1,-1,-1,-1,-1,-1,-1,0,none,-1,-1,-1,-1,-1,-1,-1,-1,-1,-1,-1,-1,0,none,-1,-1,-1,-1,-1,-1,-1,-1,-1,-1,-1,-1
742,351,task,!!TASK_ALL_ENJOY_TIME_OFF,1225,xmas_tasks,0,-1,-1,1,recipes,9126,-1,-1,-1,-1,-1,-1,-1,-1,-1,-1,0.1,-1,-1,-1,-1,-1,-1,-1,-1,-1,-1,1,-1,-1,-1,-1,-1,-1,-1,-1,-1,-1,0,none,-1,-1,-1,-1,-1,-1,-1,-1,-1,-1,-1,-1,0,none,-1,-1,-1,-1,-1,-1,-1,-1,-1,-1,-1,-1
743,348,task,!!TASK_ALL_ENJOY_TIME_OFF,1225,xmas_tasks,0,-1,-1,1,recipes,9126,-1,-1,-1,-1,-1,-1,-1,-1,-1,-1,0.1,-1,-1,-1,-1,-1,-1,-1,-1,-1,-1,1,-1,-1,-1,-1,-1,-1,-1,-1,-1,-1,0,none,-1,-1,-1,-1,-1,-1,-1,-1,-1,-1,-1,-1,0,none,-1,-1,-1,-1,-1,-1,-1,-1,-1,-1,-1,-1
744,345,task,!!TASK_ALL_ENJOY_TIME_OFF,1225,xmas_tasks,0,-1,-1,1,recipes,9126,-1,-1,-1,-1,-1,-1,-1,-1,-1,-1,0.1,-1,-1,-1,-1,-1,-1,-1,-1,-1,-1,1,-1,-1,-1,-1,-1,-1,-1,-1,-1,-1,0,none,-1,-1,-1,-1,-1,-1,-1,-1,-1,-1,-1,-1,0,none,-1,-1,-1,-1,-1,-1,-1,-1,-1,-1,-1,-1
745,342,task,!!TASK_ALL_ENJOY_TIME_OFF,1225,xmas_tasks,0,-1,-1,1,recipes,9126,-1,-1,-1,-1,-1,-1,-1,-1,-1,-1,0.1,-1,-1,-1,-1,-1,-1,-1,-1,-1,-1,1,-1,-1,-1,-1,-1,-1,-1,-1,-1,-1,0,none,-1,-1,-1,-1,-1,-1,-1,-1,-1,-1,-1,-1,0,none,-1,-1,-1,-1,-1,-1,-1,-1,-1,-1,-1,-1
746,858,task,!!TASK_ALL_SING_OLD_FOLKS,1225,xmas_tasks,0,-1,-1,1,recipes,9125,-1,-1,-1,-1,-1,-1,-1,-1,-1,-1,0.1,-1,-1,-1,-1,-1,-1,-1,-1,-1,-1,1,-1,-1,-1,-1,-1,-1,-1,-1,-1,-1,0,none,-1,-1,-1,-1,-1,-1,-1,-1,-1,-1,-1,-1,0,none,-1,-1,-1,-1,-1,-1,-1,-1,-1,-1,-1,-1
747,851,task,!!TASK_ALL_SING_OLD_FOLKS,1225,xmas_tasks,0,-1,-1,1,recipes,9125,-1,-1,-1,-1,-1,-1,-1,-1,-1,-1,0.1,-1,-1,-1,-1,-1,-1,-1,-1,-1,-1,1,-1,-1,-1,-1,-1,-1,-1,-1,-1,-1,0,none,-1,-1,-1,-1,-1,-1,-1,-1,-1,-1,-1,-1,0,none,-1,-1,-1,-1,-1,-1,-1,-1,-1,-1,-1,-1
748,841,task,!!TASK_ALL_SING_OLD_FOLKS,1225,xmas_tasks,0,-1,-1,1,recipes,9125,-1,-1,-1,-1,-1,-1,-1,-1,-1,-1,0.1,-1,-1,-1,-1,-1,-1,-1,-1,-1,-1,1,-1,-1,-1,-1,-1,-1,-1,-1,-1,-1,0,none,-1,-1,-1,-1,-1,-1,-1,-1,-1,-1,-1,-1,0,none,-1,-1,-1,-1,-1,-1,-1,-1,-1,-1,-1,-1
749,834,task,!!TASK_ALL_SING_OLD_FOLKS,1225,xmas_tasks,0,-1,-1,1,recipes,9125,-1,-1,-1,-1,-1,-1,-1,-1,-1,-1,0.1,-1,-1,-1,-1,-1,-1,-1,-1,-1,-1,1,-1,-1,-1,-1,-1,-1,-1,-1,-1,-1,0,none,-1,-1,-1,-1,-1,-1,-1,-1,-1,-1,-1,-1,0,none,-1,-1,-1,-1,-1,-1,-1,-1,-1,-1,-1,-1
750,827,task,!!TASK_ALL_SING_OLD_FOLKS,1225,xmas_tasks,0,-1,-1,1,recipes,9125,-1,-1,-1,-1,-1,-1,-1,-1,-1,-1,0.1,-1,-1,-1,-1,-1,-1,-1,-1,-1,-1,1,-1,-1,-1,-1,-1,-1,-1,-1,-1,-1,0,none,-1,-1,-1,-1,-1,-1,-1,-1,-1,-1,-1,-1,0,none,-1,-1,-1,-1,-1,-1,-1,-1,-1,-1,-1,-1
751,820,task,!!TASK_ALL_SING_OLD_FOLKS,1225,xmas_tasks,0,-1,-1,1,recipes,9125,-1,-1,-1,-1,-1,-1,-1,-1,-1,-1,0.1,-1,-1,-1,-1,-1,-1,-1,-1,-1,-1,1,-1,-1,-1,-1,-1,-1,-1,-1,-1,-1,0,none,-1,-1,-1,-1,-1,-1,-1,-1,-1,-1,-1,-1,0,none,-1,-1,-1,-1,-1,-1,-1,-1,-1,-1,-1,-1
752,813,task,!!TASK_ALL_SING_OLD_FOLKS,1225,xmas_tasks,0,-1,-1,1,recipes,9125,-1,-1,-1,-1,-1,-1,-1,-1,-1,-1,0.1,-1,-1,-1,-1,-1,-1,-1,-1,-1,-1,1,-1,-1,-1,-1,-1,-1,-1,-1,-1,-1,0,none,-1,-1,-1,-1,-1,-1,-1,-1,-1,-1,-1,-1,0,none,-1,-1,-1,-1,-1,-1,-1,-1,-1,-1,-1,-1
753,806,task,!!TASK_ALL_SING_OLD_FOLKS,1225,xmas_tasks,0,-1,-1,1,recipes,9125,-1,-1,-1,-1,-1,-1,-1,-1,-1,-1,0.1,-1,-1,-1,-1,-1,-1,-1,-1,-1,-1,1,-1,-1,-1,-1,-1,-1,-1,-1,-1,-1,0,none,-1,-1,-1,-1,-1,-1,-1,-1,-1,-1,-1,-1,0,none,-1,-1,-1,-1,-1,-1,-1,-1,-1,-1,-1,-1
754,799,task,!!TASK_ALL_SING_OLD_FOLKS,1225,xmas_tasks,0,-1,-1,1,recipes,9125,-1,-1,-1,-1,-1,-1,-1,-1,-1,-1,0.1,-1,-1,-1,-1,-1,-1,-1,-1,-1,-1,1,-1,-1,-1,-1,-1,-1,-1,-1,-1,-1,0,none,-1,-1,-1,-1,-1,-1,-1,-1,-1,-1,-1,-1,0,none,-1,-1,-1,-1,-1,-1,-1,-1,-1,-1,-1,-1
755,792,task,!!TASK_ALL_SING_OLD_FOLKS,1225,xmas_tasks,0,-1,-1,1,recipes,9125,-1,-1,-1,-1,-1,-1,-1,-1,-1,-1,0.1,-1,-1,-1,-1,-1,-1,-1,-1,-1,-1,1,-1,-1,-1,-1,-1,-1,-1,-1,-1,-1,0,none,-1,-1,-1,-1,-1,-1,-1,-1,-1,-1,-1,-1,0,none,-1,-1,-1,-1,-1,-1,-1,-1,-1,-1,-1,-1
756,785,task,!!TASK_ALL_SING_OLD_FOLKS,1225,xmas_tasks,0,-1,-1,1,recipes,9125,-1,-1,-1,-1,-1,-1,-1,-1,-1,-1,0.1,-1,-1,-1,-1,-1,-1,-1,-1,-1,-1,1,-1,-1,-1,-1,-1,-1,-1,-1,-1,-1,0,none,-1,-1,-1,-1,-1,-1,-1,-1,-1,-1,-1,-1,0,none,-1,-1,-1,-1,-1,-1,-1,-1,-1,-1,-1,-1
757,778,task,!!TASK_ALL_SING_OLD_FOLKS,1225,xmas_tasks,0,-1,-1,1,recipes,9125,-1,-1,-1,-1,-1,-1,-1,-1,-1,-1,0.1,-1,-1,-1,-1,-1,-1,-1,-1,-1,-1,1,-1,-1,-1,-1,-1,-1,-1,-1,-1,-1,0,none,-1,-1,-1,-1,-1,-1,-1,-1,-1,-1,-1,-1,0,none,-1,-1,-1,-1,-1,-1,-1,-1,-1,-1,-1,-1
758,771,task,!!TASK_ALL_SING_OLD_FOLKS,1225,xmas_tasks,0,-1,-1,1,recipes,9125,-1,-1,-1,-1,-1,-1,-1,-1,-1,-1,0.1,-1,-1,-1,-1,-1,-1,-1,-1,-1,-1,1,-1,-1,-1,-1,-1,-1,-1,-1,-1,-1,0,none,-1,-1,-1,-1,-1,-1,-1,-1,-1,-1,-1,-1,0,none,-1,-1,-1,-1,-1,-1,-1,-1,-1,-1,-1,-1
759,764,task,!!TASK_ALL_SING_OLD_FOLKS,1225,xmas_tasks,0,-1,-1,1,recipes,9125,-1,-1,-1,-1,-1,-1,-1,-1,-1,-1,0.1,-1,-1,-1,-1,-1,-1,-1,-1,-1,-1,1,-1,-1,-1,-1,-1,-1,-1,-1,-1,-1,0,none,-1,-1,-1,-1,-1,-1,-1,-1,-1,-1,-1,-1,0,none,-1,-1,-1,-1,-1,-1,-1,-1,-1,-1,-1,-1
760,757,task,!!TASK_ALL_SING_OLD_FOLKS,1225,xmas_tasks,0,-1,-1,1,recipes,9125,-1,-1,-1,-1,-1,-1,-1,-1,-1,-1,0.1,-1,-1,-1,-1,-1,-1,-1,-1,-1,-1,1,-1,-1,-1,-1,-1,-1,-1,-1,-1,-1,0,none,-1,-1,-1,-1,-1,-1,-1,-1,-1,-1,-1,-1,0,none,-1,-1,-1,-1,-1,-1,-1,-1,-1,-1,-1,-1
761,750,task,!!TASK_ALL_SING_OLD_FOLKS,1225,xmas_tasks,0,-1,-1,1,recipes,9125,-1,-1,-1,-1,-1,-1,-1,-1,-1,-1,0.1,-1,-1,-1,-1,-1,-1,-1,-1,-1,-1,1,-1,-1,-1,-1,-1,-1,-1,-1,-1,-1,0,none,-1,-1,-1,-1,-1,-1,-1,-1,-1,-1,-1,-1,0,none,-1,-1,-1,-1,-1,-1,-1,-1,-1,-1,-1,-1
762,743,task,!!TASK_ALL_SING_OLD_FOLKS,1225,xmas_tasks,0,-1,-1,1,recipes,9125,-1,-1,-1,-1,-1,-1,-1,-1,-1,-1,0.1,-1,-1,-1,-1,-1,-1,-1,-1,-1,-1,1,-1,-1,-1,-1,-1,-1,-1,-1,-1,-1,0,none,-1,-1,-1,-1,-1,-1,-1,-1,-1,-1,-1,-1,0,none,-1,-1,-1,-1,-1,-1,-1,-1,-1,-1,-1,-1
763,736,task,!!TASK_ALL_SING_OLD_FOLKS,1225,xmas_tasks,0,-1,-1,1,recipes,9125,-1,-1,-1,-1,-1,-1,-1,-1,-1,-1,0.1,-1,-1,-1,-1,-1,-1,-1,-1,-1,-1,1,-1,-1,-1,-1,-1,-1,-1,-1,-1,-1,0,none,-1,-1,-1,-1,-1,-1,-1,-1,-1,-1,-1,-1,0,none,-1,-1,-1,-1,-1,-1,-1,-1,-1,-1,-1,-1
764,729,task,!!TASK_ALL_SING_OLD_FOLKS,1225,xmas_tasks,0,-1,-1,1,recipes,9125,-1,-1,-1,-1,-1,-1,-1,-1,-1,-1,0.1,-1,-1,-1,-1,-1,-1,-1,-1,-1,-1,1,-1,-1,-1,-1,-1,-1,-1,-1,-1,-1,0,none,-1,-1,-1,-1,-1,-1,-1,-1,-1,-1,-1,-1,0,none,-1,-1,-1,-1,-1,-1,-1,-1,-1,-1,-1,-1
765,722,task,!!TASK_ALL_SING_OLD_FOLKS,1225,xmas_tasks,0,-1,-1,1,recipes,9125,-1,-1,-1,-1,-1,-1,-1,-1,-1,-1,0.1,-1,-1,-1,-1,-1,-1,-1,-1,-1,-1,1,-1,-1,-1,-1,-1,-1,-1,-1,-1,-1,0,none,-1,-1,-1,-1,-1,-1,-1,-1,-1,-1,-1,-1,0,none,-1,-1,-1,-1,-1,-1,-1,-1,-1,-1,-1,-1
766,715,task,!!TASK_ALL_SING_OLD_FOLKS,1225,xmas_tasks,0,-1,-1,1,recipes,9125,-1,-1,-1,-1,-1,-1,-1,-1,-1,-1,0.1,-1,-1,-1,-1,-1,-1,-1,-1,-1,-1,1,-1,-1,-1,-1,-1,-1,-1,-1,-1,-1,0,none,-1,-1,-1,-1,-1,-1,-1,-1,-1,-1,-1,-1,0,none,-1,-1,-1,-1,-1,-1,-1,-1,-1,-1,-1,-1
767,708,task,!!TASK_ALL_SING_OLD_FOLKS,1225,xmas_tasks,0,-1,-1,1,recipes,9125,-1,-1,-1,-1,-1,-1,-1,-1,-1,-1,0.1,-1,-1,-1,-1,-1,-1,-1,-1,-1,-1,1,-1,-1,-1,-1,-1,-1,-1,-1,-1,-1,0,none,-1,-1,-1,-1,-1,-1,-1,-1,-1,-1,-1,-1,0,none,-1,-1,-1,-1,-1,-1,-1,-1,-1,-1,-1,-1
768,701,task,!!TASK_ALL_SING_OLD_FOLKS,1225,xmas_tasks,0,-1,-1,1,recipes,9125,-1,-1,-1,-1,-1,-1,-1,-1,-1,-1,0.1,-1,-1,-1,-1,-1,-1,-1,-1,-1,-1,1,-1,-1,-1,-1,-1,-1,-1,-1,-1,-1,0,none,-1,-1,-1,-1,-1,-1,-1,-1,-1,-1,-1,-1,0,none,-1,-1,-1,-1,-1,-1,-1,-1,-1,-1,-1,-1
769,694,task,!!TASK_ALL_SING_OLD_FOLKS,1225,xmas_tasks,0,-1,-1,1,recipes,9125,-1,-1,-1,-1,-1,-1,-1,-1,-1,-1,0.1,-1,-1,-1,-1,-1,-1,-1,-1,-1,-1,1,-1,-1,-1,-1,-1,-1,-1,-1,-1,-1,0,none,-1,-1,-1,-1,-1,-1,-1,-1,-1,-1,-1,-1,0,none,-1,-1,-1,-1,-1,-1,-1,-1,-1,-1,-1,-1
770,687,task,!!TASK_ALL_SING_OLD_FOLKS,1225,xmas_tasks,0,-1,-1,1,recipes,9125,-1,-1,-1,-1,-1,-1,-1,-1,-1,-1,0.1,-1,-1,-1,-1,-1,-1,-1,-1,-1,-1,1,-1,-1,-1,-1,-1,-1,-1,-1,-1,-1,0,none,-1,-1,-1,-1,-1,-1,-1,-1,-1,-1,-1,-1,0,none,-1,-1,-1,-1,-1,-1,-1,-1,-1,-1,-1,-1
771,680,task,!!TASK_ALL_SING_OLD_FOLKS,1225,xmas_tasks,0,-1,-1,1,recipes,9125,-1,-1,-1,-1,-1,-1,-1,-1,-1,-1,0.1,-1,-1,-1,-1,-1,-1,-1,-1,-1,-1,1,-1,-1,-1,-1,-1,-1,-1,-1,-1,-1,0,none,-1,-1,-1,-1,-1,-1,-1,-1,-1,-1,-1,-1,0,none,-1,-1,-1,-1,-1,-1,-1,-1,-1,-1,-1,-1
772,673,task,!!TASK_ALL_SING_OLD_FOLKS,1225,xmas_tasks,0,-1,-1,1,recipes,9125,-1,-1,-1,-1,-1,-1,-1,-1,-1,-1,0.1,-1,-1,-1,-1,-1,-1,-1,-1,-1,-1,1,-1,-1,-1,-1,-1,-1,-1,-1,-1,-1,0,none,-1,-1,-1,-1,-1,-1,-1,-1,-1,-1,-1,-1,0,none,-1,-1,-1,-1,-1,-1,-1,-1,-1,-1,-1,-1
773,666,task,!!TASK_ALL_SING_OLD_FOLKS,1225,xmas_tasks,0,-1,-1,1,recipes,9125,-1,-1,-1,-1,-1,-1,-1,-1,-1,-1,0.1,-1,-1,-1,-1,-1,-1,-1,-1,-1,-1,1,-1,-1,-1,-1,-1,-1,-1,-1,-1,-1,0,none,-1,-1,-1,-1,-1,-1,-1,-1,-1,-1,-1,-1,0,none,-1,-1,-1,-1,-1,-1,-1,-1,-1,-1,-1,-1
774,659,task,!!TASK_ALL_SING_OLD_FOLKS,1225,xmas_tasks,0,-1,-1,1,recipes,9125,-1,-1,-1,-1,-1,-1,-1,-1,-1,-1,0.1,-1,-1,-1,-1,-1,-1,-1,-1,-1,-1,1,-1,-1,-1,-1,-1,-1,-1,-1,-1,-1,0,none,-1,-1,-1,-1,-1,-1,-1,-1,-1,-1,-1,-1,0,none,-1,-1,-1,-1,-1,-1,-1,-1,-1,-1,-1,-1
775,652,task,!!TASK_ALL_SING_OLD_FOLKS,1225,xmas_tasks,0,-1,-1,1,recipes,9125,-1,-1,-1,-1,-1,-1,-1,-1,-1,-1,0.1,-1,-1,-1,-1,-1,-1,-1,-1,-1,-1,1,-1,-1,-1,-1,-1,-1,-1,-1,-1,-1,0,none,-1,-1,-1,-1,-1,-1,-1,-1,-1,-1,-1,-1,0,none,-1,-1,-1,-1,-1,-1,-1,-1,-1,-1,-1,-1
776,645,task,!!TASK_ALL_SING_OLD_FOLKS,1225,xmas_tasks,0,-1,-1,1,recipes,9125,-1,-1,-1,-1,-1,-1,-1,-1,-1,-1,0.1,-1,-1,-1,-1,-1,-1,-1,-1,-1,-1,1,-1,-1,-1,-1,-1,-1,-1,-1,-1,-1,0,none,-1,-1,-1,-1,-1,-1,-1,-1,-1,-1,-1,-1,0,none,-1,-1,-1,-1,-1,-1,-1,-1,-1,-1,-1,-1
777,638,task,!!TASK_ALL_SING_OLD_FOLKS,1225,xmas_tasks,0,-1,-1,1,recipes,9125,-1,-1,-1,-1,-1,-1,-1,-1,-1,-1,0.1,-1,-1,-1,-1,-1,-1,-1,-1,-1,-1,1,-1,-1,-1,-1,-1,-1,-1,-1,-1,-1,0,none,-1,-1,-1,-1,-1,-1,-1,-1,-1,-1,-1,-1,0,none,-1,-1,-1,-1,-1,-1,-1,-1,-1,-1,-1,-1
778,859,task,!!TASK_ALL_MISTLETOE_WAIT,1225,xmas_tasks,0,-1,-1,0.05,resources,2,-1,-1,-1,-1,-1,-1,-1,-1,-1,-1,1,-1,-1,-1,-1,-1,-1,-1,-1,-1,-1,1,-1,-1,-1,-1,-1,-1,-1,-1,-1,-1,0.95,buildings,20106,20092,-1,-1,0.5,0.5,-1,-1,1,1,-1,-1,0,none,-1,-1,-1,-1,-1,-1,-1,-1,-1,-1,-1,-1
779,852,task,!!TASK_ALL_MISTLETOE_WAIT,1225,xmas_tasks,0,-1,-1,0.05,resources,2,-1,-1,-1,-1,-1,-1,-1,-1,-1,-1,1,-1,-1,-1,-1,-1,-1,-1,-1,-1,-1,1,-1,-1,-1,-1,-1,-1,-1,-1,-1,-1,0.95,buildings,20106,20092,-1,-1,0.5,0.5,-1,-1,1,1,-1,-1,0,none,-1,-1,-1,-1,-1,-1,-1,-1,-1,-1,-1,-1
780,842,task,!!TASK_ALL_MISTLETOE_WAIT,1225,xmas_tasks,0,-1,-1,0.05,resources,2,-1,-1,-1,-1,-1,-1,-1,-1,-1,-1,1,-1,-1,-1,-1,-1,-1,-1,-1,-1,-1,1,-1,-1,-1,-1,-1,-1,-1,-1,-1,-1,0.95,buildings,20106,20092,-1,-1,0.5,0.5,-1,-1,1,1,-1,-1,0,none,-1,-1,-1,-1,-1,-1,-1,-1,-1,-1,-1,-1
781,835,task,!!TASK_ALL_MISTLETOE_WAIT,1225,xmas_tasks,0,-1,-1,0.05,resources,2,-1,-1,-1,-1,-1,-1,-1,-1,-1,-1,1,-1,-1,-1,-1,-1,-1,-1,-1,-1,-1,1,-1,-1,-1,-1,-1,-1,-1,-1,-1,-1,0.95,buildings,20106,20092,-1,-1,0.5,0.5,-1,-1,1,1,-1,-1,0,none,-1,-1,-1,-1,-1,-1,-1,-1,-1,-1,-1,-1
782,828,task,!!TASK_ALL_MISTLETOE_WAIT,1225,xmas_tasks,0,-1,-1,0.05,resources,2,-1,-1,-1,-1,-1,-1,-1,-1,-1,-1,1,-1,-1,-1,-1,-1,-1,-1,-1,-1,-1,1,-1,-1,-1,-1,-1,-1,-1,-1,-1,-1,0.95,buildings,20106,20092,-1,-1,0.5,0.5,-1,-1,1,1,-1,-1,0,none,-1,-1,-1,-1,-1,-1,-1,-1,-1,-1,-1,-1
783,821,task,!!TASK_ALL_MISTLETOE_WAIT,1225,xmas_tasks,0,-1,-1,0.05,resources,2,-1,-1,-1,-1,-1,-1,-1,-1,-1,-1,1,-1,-1,-1,-1,-1,-1,-1,-1,-1,-1,1,-1,-1,-1,-1,-1,-1,-1,-1,-1,-1,0.95,buildings,20106,20092,-1,-1,0.5,0.5,-1,-1,1,1,-1,-1,0,none,-1,-1,-1,-1,-1,-1,-1,-1,-1,-1,-1,-1
784,814,task,!!TASK_ALL_MISTLETOE_WAIT,1225,xmas_tasks,0,-1,-1,0.05,resources,2,-1,-1,-1,-1,-1,-1,-1,-1,-1,-1,1,-1,-1,-1,-1,-1,-1,-1,-1,-1,-1,1,-1,-1,-1,-1,-1,-1,-1,-1,-1,-1,0.95,buildings,20106,20092,-1,-1,0.5,0.5,-1,-1,1,1,-1,-1,0,none,-1,-1,-1,-1,-1,-1,-1,-1,-1,-1,-1,-1
785,807,task,!!TASK_ALL_MISTLETOE_WAIT,1225,xmas_tasks,0,-1,-1,0.05,resources,2,-1,-1,-1,-1,-1,-1,-1,-1,-1,-1,1,-1,-1,-1,-1,-1,-1,-1,-1,-1,-1,1,-1,-1,-1,-1,-1,-1,-1,-1,-1,-1,0.95,buildings,20106,20092,-1,-1,0.5,0.5,-1,-1,1,1,-1,-1,0,none,-1,-1,-1,-1,-1,-1,-1,-1,-1,-1,-1,-1
786,800,task,!!TASK_ALL_MISTLETOE_WAIT,1225,xmas_tasks,0,-1,-1,0.05,resources,2,-1,-1,-1,-1,-1,-1,-1,-1,-1,-1,1,-1,-1,-1,-1,-1,-1,-1,-1,-1,-1,1,-1,-1,-1,-1,-1,-1,-1,-1,-1,-1,0.95,buildings,20106,20092,-1,-1,0.5,0.5,-1,-1,1,1,-1,-1,0,none,-1,-1,-1,-1,-1,-1,-1,-1,-1,-1,-1,-1
787,793,task,!!TASK_ALL_MISTLETOE_WAIT,1225,xmas_tasks,0,-1,-1,0.05,resources,2,-1,-1,-1,-1,-1,-1,-1,-1,-1,-1,1,-1,-1,-1,-1,-1,-1,-1,-1,-1,-1,1,-1,-1,-1,-1,-1,-1,-1,-1,-1,-1,0.95,buildings,20106,20092,-1,-1,0.5,0.5,-1,-1,1,1,-1,-1,0,none,-1,-1,-1,-1,-1,-1,-1,-1,-1,-1,-1,-1
788,786,task,!!TASK_ALL_MISTLETOE_WAIT,1225,xmas_tasks,0,-1,-1,0.05,resources,2,-1,-1,-1,-1,-1,-1,-1,-1,-1,-1,1,-1,-1,-1,-1,-1,-1,-1,-1,-1,-1,1,-1,-1,-1,-1,-1,-1,-1,-1,-1,-1,0.95,buildings,20106,20092,-1,-1,0.5,0.5,-1,-1,1,1,-1,-1,0,none,-1,-1,-1,-1,-1,-1,-1,-1,-1,-1,-1,-1
789,779,task,!!TASK_ALL_MISTLETOE_WAIT,1225,xmas_tasks,0,-1,-1,0.05,resources,2,-1,-1,-1,-1,-1,-1,-1,-1,-1,-1,1,-1,-1,-1,-1,-1,-1,-1,-1,-1,-1,1,-1,-1,-1,-1,-1,-1,-1,-1,-1,-1,0.95,buildings,20106,20092,-1,-1,0.5,0.5,-1,-1,1,1,-1,-1,0,none,-1,-1,-1,-1,-1,-1,-1,-1,-1,-1,-1,-1
790,772,task,!!TASK_ALL_MISTLETOE_WAIT,1225,xmas_tasks,0,-1,-1,0.05,resources,2,-1,-1,-1,-1,-1,-1,-1,-1,-1,-1,1,-1,-1,-1,-1,-1,-1,-1,-1,-1,-1,1,-1,-1,-1,-1,-1,-1,-1,-1,-1,-1,0.95,buildings,20106,20092,-1,-1,0.5,0.5,-1,-1,1,1,-1,-1,0,none,-1,-1,-1,-1,-1,-1,-1,-1,-1,-1,-1,-1
791,765,task,!!TASK_ALL_MISTLETOE_WAIT,1225,xmas_tasks,0,-1,-1,0.05,resources,2,-1,-1,-1,-1,-1,-1,-1,-1,-1,-1,1,-1,-1,-1,-1,-1,-1,-1,-1,-1,-1,1,-1,-1,-1,-1,-1,-1,-1,-1,-1,-1,0.95,buildings,20106,20092,-1,-1,0.5,0.5,-1,-1,1,1,-1,-1,0,none,-1,-1,-1,-1,-1,-1,-1,-1,-1,-1,-1,-1
792,758,task,!!TASK_ALL_MISTLETOE_WAIT,1225,xmas_tasks,0,-1,-1,0.05,resources,2,-1,-1,-1,-1,-1,-1,-1,-1,-1,-1,1,-1,-1,-1,-1,-1,-1,-1,-1,-1,-1,1,-1,-1,-1,-1,-1,-1,-1,-1,-1,-1,0.95,buildings,20106,20092,-1,-1,0.5,0.5,-1,-1,1,1,-1,-1,0,none,-1,-1,-1,-1,-1,-1,-1,-1,-1,-1,-1,-1
793,751,task,!!TASK_ALL_MISTLETOE_WAIT,1225,xmas_tasks,0,-1,-1,0.05,resources,2,-1,-1,-1,-1,-1,-1,-1,-1,-1,-1,1,-1,-1,-1,-1,-1,-1,-1,-1,-1,-1,1,-1,-1,-1,-1,-1,-1,-1,-1,-1,-1,0.95,buildings,20106,20092,-1,-1,0.5,0.5,-1,-1,1,1,-1,-1,0,none,-1,-1,-1,-1,-1,-1,-1,-1,-1,-1,-1,-1
794,744,task,!!TASK_ALL_MISTLETOE_WAIT,1225,xmas_tasks,0,-1,-1,0.05,resources,2,-1,-1,-1,-1,-1,-1,-1,-1,-1,-1,1,-1,-1,-1,-1,-1,-1,-1,-1,-1,-1,1,-1,-1,-1,-1,-1,-1,-1,-1,-1,-1,0.95,buildings,20106,20092,-1,-1,0.5,0.5,-1,-1,1,1,-1,-1,0,none,-1,-1,-1,-1,-1,-1,-1,-1,-1,-1,-1,-1
795,737,task,!!TASK_ALL_MISTLETOE_WAIT,1225,xmas_tasks,0,-1,-1,0.05,resources,2,-1,-1,-1,-1,-1,-1,-1,-1,-1,-1,1,-1,-1,-1,-1,-1,-1,-1,-1,-1,-1,1,-1,-1,-1,-1,-1,-1,-1,-1,-1,-1,0.95,buildings,20106,20092,-1,-1,0.5,0.5,-1,-1,1,1,-1,-1,0,none,-1,-1,-1,-1,-1,-1,-1,-1,-1,-1,-1,-1
796,730,task,!!TASK_ALL_MISTLETOE_WAIT,1225,xmas_tasks,0,-1,-1,0.05,resources,2,-1,-1,-1,-1,-1,-1,-1,-1,-1,-1,1,-1,-1,-1,-1,-1,-1,-1,-1,-1,-1,1,-1,-1,-1,-1,-1,-1,-1,-1,-1,-1,0.95,buildings,20106,20092,-1,-1,0.5,0.5,-1,-1,1,1,-1,-1,0,none,-1,-1,-1,-1,-1,-1,-1,-1,-1,-1,-1,-1
797,723,task,!!TASK_ALL_MISTLETOE_WAIT,1225,xmas_tasks,0,-1,-1,0.05,resources,2,-1,-1,-1,-1,-1,-1,-1,-1,-1,-1,1,-1,-1,-1,-1,-1,-1,-1,-1,-1,-1,1,-1,-1,-1,-1,-1,-1,-1,-1,-1,-1,0.95,buildings,20106,20092,-1,-1,0.5,0.5,-1,-1,1,1,-1,-1,0,none,-1,-1,-1,-1,-1,-1,-1,-1,-1,-1,-1,-1
798,716,task,!!TASK_ALL_MISTLETOE_WAIT,1225,xmas_tasks,0,-1,-1,0.05,resources,2,-1,-1,-1,-1,-1,-1,-1,-1,-1,-1,1,-1,-1,-1,-1,-1,-1,-1,-1,-1,-1,1,-1,-1,-1,-1,-1,-1,-1,-1,-1,-1,0.95,buildings,20106,20092,-1,-1,0.5,0.5,-1,-1,1,1,-1,-1,0,none,-1,-1,-1,-1,-1,-1,-1,-1,-1,-1,-1,-1
799,709,task,!!TASK_ALL_MISTLETOE_WAIT,1225,xmas_tasks,0,-1,-1,0.05,resources,2,-1,-1,-1,-1,-1,-1,-1,-1,-1,-1,1,-1,-1,-1,-1,-1,-1,-1,-1,-1,-1,1,-1,-1,-1,-1,-1,-1,-1,-1,-1,-1,0.95,buildings,20106,20092,-1,-1,0.5,0.5,-1,-1,1,1,-1,-1,0,none,-1,-1,-1,-1,-1,-1,-1,-1,-1,-1,-1,-1
800,702,task,!!TASK_ALL_MISTLETOE_WAIT,1225,xmas_tasks,0,-1,-1,0.05,resources,2,-1,-1,-1,-1,-1,-1,-1,-1,-1,-1,1,-1,-1,-1,-1,-1,-1,-1,-1,-1,-1,1,-1,-1,-1,-1,-1,-1,-1,-1,-1,-1,0.95,buildings,20106,20092,-1,-1,0.5,0.5,-1,-1,1,1,-1,-1,0,none,-1,-1,-1,-1,-1,-1,-1,-1,-1,-1,-1,-1
801,695,task,!!TASK_ALL_MISTLETOE_WAIT,1225,xmas_tasks,0,-1,-1,0.05,resources,2,-1,-1,-1,-1,-1,-1,-1,-1,-1,-1,1,-1,-1,-1,-1,-1,-1,-1,-1,-1,-1,1,-1,-1,-1,-1,-1,-1,-1,-1,-1,-1,0.95,buildings,20106,20092,-1,-1,0.5,0.5,-1,-1,1,1,-1,-1,0,none,-1,-1,-1,-1,-1,-1,-1,-1,-1,-1,-1,-1
802,688,task,!!TASK_ALL_MISTLETOE_WAIT,1225,xmas_tasks,0,-1,-1,0.05,resources,2,-1,-1,-1,-1,-1,-1,-1,-1,-1,-1,1,-1,-1,-1,-1,-1,-1,-1,-1,-1,-1,1,-1,-1,-1,-1,-1,-1,-1,-1,-1,-1,0.95,buildings,20106,20092,-1,-1,0.5,0.5,-1,-1,1,1,-1,-1,0,none,-1,-1,-1,-1,-1,-1,-1,-1,-1,-1,-1,-1
803,681,task,!!TASK_ALL_MISTLETOE_WAIT,1225,xmas_tasks,0,-1,-1,0.05,resources,2,-1,-1,-1,-1,-1,-1,-1,-1,-1,-1,1,-1,-1,-1,-1,-1,-1,-1,-1,-1,-1,1,-1,-1,-1,-1,-1,-1,-1,-1,-1,-1,0.95,buildings,20106,20092,-1,-1,0.5,0.5,-1,-1,1,1,-1,-1,0,none,-1,-1,-1,-1,-1,-1,-1,-1,-1,-1,-1,-1
804,674,task,!!TASK_ALL_MISTLETOE_WAIT,1225,xmas_tasks,0,-1,-1,0.05,resources,2,-1,-1,-1,-1,-1,-1,-1,-1,-1,-1,1,-1,-1,-1,-1,-1,-1,-1,-1,-1,-1,1,-1,-1,-1,-1,-1,-1,-1,-1,-1,-1,0.95,buildings,20106,20092,-1,-1,0.5,0.5,-1,-1,1,1,-1,-1,0,none,-1,-1,-1,-1,-1,-1,-1,-1,-1,-1,-1,-1
805,667,task,!!TASK_ALL_MISTLETOE_WAIT,1225,xmas_tasks,0,-1,-1,0.05,resources,2,-1,-1,-1,-1,-1,-1,-1,-1,-1,-1,1,-1,-1,-1,-1,-1,-1,-1,-1,-1,-1,1,-1,-1,-1,-1,-1,-1,-1,-1,-1,-1,0.95,buildings,20106,20092,-1,-1,0.5,0.5,-1,-1,1,1,-1,-1,0,none,-1,-1,-1,-1,-1,-1,-1,-1,-1,-1,-1,-1
806,660,task,!!TASK_ALL_MISTLETOE_WAIT,1225,xmas_tasks,0,-1,-1,0.05,resources,2,-1,-1,-1,-1,-1,-1,-1,-1,-1,-1,1,-1,-1,-1,-1,-1,-1,-1,-1,-1,-1,1,-1,-1,-1,-1,-1,-1,-1,-1,-1,-1,0.95,buildings,20106,20092,-1,-1,0.5,0.5,-1,-1,1,1,-1,-1,0,none,-1,-1,-1,-1,-1,-1,-1,-1,-1,-1,-1,-1
807,653,task,!!TASK_ALL_MISTLETOE_WAIT,1225,xmas_tasks,0,-1,-1,0.05,resources,2,-1,-1,-1,-1,-1,-1,-1,-1,-1,-1,1,-1,-1,-1,-1,-1,-1,-1,-1,-1,-1,1,-1,-1,-1,-1,-1,-1,-1,-1,-1,-1,0.95,buildings,20106,20092,-1,-1,0.5,0.5,-1,-1,1,1,-1,-1,0,none,-1,-1,-1,-1,-1,-1,-1,-1,-1,-1,-1,-1
808,646,task,!!TASK_ALL_MISTLETOE_WAIT,1225,xmas_tasks,0,-1,-1,0.05,resources,2,-1,-1,-1,-1,-1,-1,-1,-1,-1,-1,1,-1,-1,-1,-1,-1,-1,-1,-1,-1,-1,1,-1,-1,-1,-1,-1,-1,-1,-1,-1,-1,0.95,buildings,20106,20092,-1,-1,0.5,0.5,-1,-1,1,1,-1,-1,0,none,-1,-1,-1,-1,-1,-1,-1,-1,-1,-1,-1,-1
809,639,task,!!TASK_ALL_MISTLETOE_WAIT,1225,xmas_tasks,0,-1,-1,0.05,resources,2,-1,-1,-1,-1,-1,-1,-1,-1,-1,-1,1,-1,-1,-1,-1,-1,-1,-1,-1,-1,-1,1,-1,-1,-1,-1,-1,-1,-1,-1,-1,-1,0.95,buildings,20106,20092,-1,-1,0.5,0.5,-1,-1,1,1,-1,-1,0,none,-1,-1,-1,-1,-1,-1,-1,-1,-1,-1,-1,-1
810,440,task,!!TASK_PAT_ENJOY_COCOA,1225,xmas_tasks,0,-1,-1,1,recipes,9127,-1,-1,-1,-1,-1,-1,-1,-1,-1,-1,0.1,-1,-1,-1,-1,-1,-1,-1,-1,-1,-1,1,-1,-1,-1,-1,-1,-1,-1,-1,-1,-1,0,none,-1,-1,-1,-1,-1,-1,-1,-1,-1,-1,-1,-1,0,none,-1,-1,-1,-1,-1,-1,-1,-1,-1,-1,-1,-1
811,860,task,!!TASK_ALL_XMAS_DONUTS_POLICE,1225,xmas_tasks,0,-1,-1,1,recipes,9103,-1,-1,-1,-1,-1,-1,-1,-1,-1,-1,0.1,-1,-1,-1,-1,-1,-1,-1,-1,-1,-1,1,-1,-1,-1,-1,-1,-1,-1,-1,-1,-1,0,none,-1,-1,-1,-1,-1,-1,-1,-1,-1,-1,-1,-1,0,none,-1,-1,-1,-1,-1,-1,-1,-1,-1,-1,-1,-1
812,853,task,!!TASK_ALL_XMAS_DONUTS_POLICE,1225,xmas_tasks,0,-1,-1,1,recipes,9103,-1,-1,-1,-1,-1,-1,-1,-1,-1,-1,0.1,-1,-1,-1,-1,-1,-1,-1,-1,-1,-1,1,-1,-1,-1,-1,-1,-1,-1,-1,-1,-1,0,none,-1,-1,-1,-1,-1,-1,-1,-1,-1,-1,-1,-1,0,none,-1,-1,-1,-1,-1,-1,-1,-1,-1,-1,-1,-1
813,843,task,!!TASK_ALL_XMAS_DONUTS_POLICE,1225,xmas_tasks,0,-1,-1,1,recipes,9103,-1,-1,-1,-1,-1,-1,-1,-1,-1,-1,0.1,-1,-1,-1,-1,-1,-1,-1,-1,-1,-1,1,-1,-1,-1,-1,-1,-1,-1,-1,-1,-1,0,none,-1,-1,-1,-1,-1,-1,-1,-1,-1,-1,-1,-1,0,none,-1,-1,-1,-1,-1,-1,-1,-1,-1,-1,-1,-1
814,836,task,!!TASK_ALL_XMAS_DONUTS_POLICE,1225,xmas_tasks,0,-1,-1,1,recipes,9103,-1,-1,-1,-1,-1,-1,-1,-1,-1,-1,0.1,-1,-1,-1,-1,-1,-1,-1,-1,-1,-1,1,-1,-1,-1,-1,-1,-1,-1,-1,-1,-1,0,none,-1,-1,-1,-1,-1,-1,-1,-1,-1,-1,-1,-1,0,none,-1,-1,-1,-1,-1,-1,-1,-1,-1,-1,-1,-1
815,829,task,!!TASK_ALL_XMAS_DONUTS_POLICE,1225,xmas_tasks,0,-1,-1,1,recipes,9103,-1,-1,-1,-1,-1,-1,-1,-1,-1,-1,0.1,-1,-1,-1,-1,-1,-1,-1,-1,-1,-1,1,-1,-1,-1,-1,-1,-1,-1,-1,-1,-1,0,none,-1,-1,-1,-1,-1,-1,-1,-1,-1,-1,-1,-1,0,none,-1,-1,-1,-1,-1,-1,-1,-1,-1,-1,-1,-1
816,822,task,!!TASK_ALL_XMAS_DONUTS_POLICE,1225,xmas_tasks,0,-1,-1,1,recipes,9103,-1,-1,-1,-1,-1,-1,-1,-1,-1,-1,0.1,-1,-1,-1,-1,-1,-1,-1,-1,-1,-1,1,-1,-1,-1,-1,-1,-1,-1,-1,-1,-1,0,none,-1,-1,-1,-1,-1,-1,-1,-1,-1,-1,-1,-1,0,none,-1,-1,-1,-1,-1,-1,-1,-1,-1,-1,-1,-1
817,815,task,!!TASK_ALL_XMAS_DONUTS_POLICE,1225,xmas_tasks,0,-1,-1,1,recipes,9103,-1,-1,-1,-1,-1,-1,-1,-1,-1,-1,0.1,-1,-1,-1,-1,-1,-1,-1,-1,-1,-1,1,-1,-1,-1,-1,-1,-1,-1,-1,-1,-1,0,none,-1,-1,-1,-1,-1,-1,-1,-1,-1,-1,-1,-1,0,none,-1,-1,-1,-1,-1,-1,-1,-1,-1,-1,-1,-1
818,808,task,!!TASK_ALL_XMAS_DONUTS_POLICE,1225,xmas_tasks,0,-1,-1,1,recipes,9103,-1,-1,-1,-1,-1,-1,-1,-1,-1,-1,0.1,-1,-1,-1,-1,-1,-1,-1,-1,-1,-1,1,-1,-1,-1,-1,-1,-1,-1,-1,-1,-1,0,none,-1,-1,-1,-1,-1,-1,-1,-1,-1,-1,-1,-1,0,none,-1,-1,-1,-1,-1,-1,-1,-1,-1,-1,-1,-1
819,801,task,!!TASK_ALL_XMAS_DONUTS_POLICE,1225,xmas_tasks,0,-1,-1,1,recipes,9103,-1,-1,-1,-1,-1,-1,-1,-1,-1,-1,0.1,-1,-1,-1,-1,-1,-1,-1,-1,-1,-1,1,-1,-1,-1,-1,-1,-1,-1,-1,-1,-1,0,none,-1,-1,-1,-1,-1,-1,-1,-1,-1,-1,-1,-1,0,none,-1,-1,-1,-1,-1,-1,-1,-1,-1,-1,-1,-1
820,794,task,!!TASK_ALL_XMAS_DONUTS_POLICE,1225,xmas_tasks,0,-1,-1,1,recipes,9103,-1,-1,-1,-1,-1,-1,-1,-1,-1,-1,0.1,-1,-1,-1,-1,-1,-1,-1,-1,-1,-1,1,-1,-1,-1,-1,-1,-1,-1,-1,-1,-1,0,none,-1,-1,-1,-1,-1,-1,-1,-1,-1,-1,-1,-1,0,none,-1,-1,-1,-1,-1,-1,-1,-1,-1,-1,-1,-1
821,787,task,!!TASK_ALL_XMAS_DONUTS_POLICE,1225,xmas_tasks,0,-1,-1,1,recipes,9103,-1,-1,-1,-1,-1,-1,-1,-1,-1,-1,0.1,-1,-1,-1,-1,-1,-1,-1,-1,-1,-1,1,-1,-1,-1,-1,-1,-1,-1,-1,-1,-1,0,none,-1,-1,-1,-1,-1,-1,-1,-1,-1,-1,-1,-1,0,none,-1,-1,-1,-1,-1,-1,-1,-1,-1,-1,-1,-1
822,780,task,!!TASK_ALL_XMAS_DONUTS_POLICE,1225,xmas_tasks,0,-1,-1,1,recipes,9103,-1,-1,-1,-1,-1,-1,-1,-1,-1,-1,0.1,-1,-1,-1,-1,-1,-1,-1,-1,-1,-1,1,-1,-1,-1,-1,-1,-1,-1,-1,-1,-1,0,none,-1,-1,-1,-1,-1,-1,-1,-1,-1,-1,-1,-1,0,none,-1,-1,-1,-1,-1,-1,-1,-1,-1,-1,-1,-1
823,773,task,!!TASK_ALL_XMAS_DONUTS_POLICE,1225,xmas_tasks,0,-1,-1,1,recipes,9103,-1,-1,-1,-1,-1,-1,-1,-1,-1,-1,0.1,-1,-1,-1,-1,-1,-1,-1,-1,-1,-1,1,-1,-1,-1,-1,-1,-1,-1,-1,-1,-1,0,none,-1,-1,-1,-1,-1,-1,-1,-1,-1,-1,-1,-1,0,none,-1,-1,-1,-1,-1,-1,-1,-1,-1,-1,-1,-1
824,766,task,!!TASK_ALL_XMAS_DONUTS_POLICE,1225,xmas_tasks,0,-1,-1,1,recipes,9103,-1,-1,-1,-1,-1,-1,-1,-1,-1,-1,0.1,-1,-1,-1,-1,-1,-1,-1,-1,-1,-1,1,-1,-1,-1,-1,-1,-1,-1,-1,-1,-1,0,none,-1,-1,-1,-1,-1,-1,-1,-1,-1,-1,-1,-1,0,none,-1,-1,-1,-1,-1,-1,-1,-1,-1,-1,-1,-1
825,759,task,!!TASK_ALL_XMAS_DONUTS_POLICE,1225,xmas_tasks,0,-1,-1,1,recipes,9103,-1,-1,-1,-1,-1,-1,-1,-1,-1,-1,0.1,-1,-1,-1,-1,-1,-1,-1,-1,-1,-1,1,-1,-1,-1,-1,-1,-1,-1,-1,-1,-1,0,none,-1,-1,-1,-1,-1,-1,-1,-1,-1,-1,-1,-1,0,none,-1,-1,-1,-1,-1,-1,-1,-1,-1,-1,-1,-1
826,752,task,!!TASK_ALL_XMAS_DONUTS_POLICE,1225,xmas_tasks,0,-1,-1,1,recipes,9103,-1,-1,-1,-1,-1,-1,-1,-1,-1,-1,0.1,-1,-1,-1,-1,-1,-1,-1,-1,-1,-1,1,-1,-1,-1,-1,-1,-1,-1,-1,-1,-1,0,none,-1,-1,-1,-1,-1,-1,-1,-1,-1,-1,-1,-1,0,none,-1,-1,-1,-1,-1,-1,-1,-1,-1,-1,-1,-1
827,745,task,!!TASK_ALL_XMAS_DONUTS_POLICE,1225,xmas_tasks,0,-1,-1,1,recipes,9103,-1,-1,-1,-1,-1,-1,-1,-1,-1,-1,0.1,-1,-1,-1,-1,-1,-1,-1,-1,-1,-1,1,-1,-1,-1,-1,-1,-1,-1,-1,-1,-1,0,none,-1,-1,-1,-1,-1,-1,-1,-1,-1,-1,-1,-1,0,none,-1,-1,-1,-1,-1,-1,-1,-1,-1,-1,-1,-1
828,738,task,!!TASK_ALL_XMAS_DONUTS_POLICE,1225,xmas_tasks,0,-1,-1,1,recipes,9103,-1,-1,-1,-1,-1,-1,-1,-1,-1,-1,0.1,-1,-1,-1,-1,-1,-1,-1,-1,-1,-1,1,-1,-1,-1,-1,-1,-1,-1,-1,-1,-1,0,none,-1,-1,-1,-1,-1,-1,-1,-1,-1,-1,-1,-1,0,none,-1,-1,-1,-1,-1,-1,-1,-1,-1,-1,-1,-1
829,731,task,!!TASK_ALL_XMAS_DONUTS_POLICE,1225,xmas_tasks,0,-1,-1,1,recipes,9103,-1,-1,-1,-1,-1,-1,-1,-1,-1,-1,0.1,-1,-1,-1,-1,-1,-1,-1,-1,-1,-1,1,-1,-1,-1,-1,-1,-1,-1,-1,-1,-1,0,none,-1,-1,-1,-1,-1,-1,-1,-1,-1,-1,-1,-1,0,none,-1,-1,-1,-1,-1,-1,-1,-1,-1,-1,-1,-1
830,724,task,!!TASK_ALL_XMAS_DONUTS_POLICE,1225,xmas_tasks,0,-1,-1,1,recipes,9103,-1,-1,-1,-1,-1,-1,-1,-1,-1,-1,0.1,-1,-1,-1,-1,-1,-1,-1,-1,-1,-1,1,-1,-1,-1,-1,-1,-1,-1,-1,-1,-1,0,none,-1,-1,-1,-1,-1,-1,-1,-1,-1,-1,-1,-1,0,none,-1,-1,-1,-1,-1,-1,-1,-1,-1,-1,-1,-1
831,717,task,!!TASK_ALL_XMAS_DONUTS_POLICE,1225,xmas_tasks,0,-1,-1,1,recipes,9103,-1,-1,-1,-1,-1,-1,-1,-1,-1,-1,0.1,-1,-1,-1,-1,-1,-1,-1,-1,-1,-1,1,-1,-1,-1,-1,-1,-1,-1,-1,-1,-1,0,none,-1,-1,-1,-1,-1,-1,-1,-1,-1,-1,-1,-1,0,none,-1,-1,-1,-1,-1,-1,-1,-1,-1,-1,-1,-1
832,710,task,!!TASK_ALL_XMAS_DONUTS_POLICE,1225,xmas_tasks,0,-1,-1,1,recipes,9103,-1,-1,-1,-1,-1,-1,-1,-1,-1,-1,0.1,-1,-1,-1,-1,-1,-1,-1,-1,-1,-1,1,-1,-1,-1,-1,-1,-1,-1,-1,-1,-1,0,none,-1,-1,-1,-1,-1,-1,-1,-1,-1,-1,-1,-1,0,none,-1,-1,-1,-1,-1,-1,-1,-1,-1,-1,-1,-1
833,703,task,!!TASK_ALL_XMAS_DONUTS_POLICE,1225,xmas_tasks,0,-1,-1,1,recipes,9103,-1,-1,-1,-1,-1,-1,-1,-1,-1,-1,0.1,-1,-1,-1,-1,-1,-1,-1,-1,-1,-1,1,-1,-1,-1,-1,-1,-1,-1,-1,-1,-1,0,none,-1,-1,-1,-1,-1,-1,-1,-1,-1,-1,-1,-1,0,none,-1,-1,-1,-1,-1,-1,-1,-1,-1,-1,-1,-1
834,696,task,!!TASK_ALL_XMAS_DONUTS_POLICE,1225,xmas_tasks,0,-1,-1,1,recipes,9103,-1,-1,-1,-1,-1,-1,-1,-1,-1,-1,0.1,-1,-1,-1,-1,-1,-1,-1,-1,-1,-1,1,-1,-1,-1,-1,-1,-1,-1,-1,-1,-1,0,none,-1,-1,-1,-1,-1,-1,-1,-1,-1,-1,-1,-1,0,none,-1,-1,-1,-1,-1,-1,-1,-1,-1,-1,-1,-1
835,689,task,!!TASK_ALL_XMAS_DONUTS_POLICE,1225,xmas_tasks,0,-1,-1,1,recipes,9103,-1,-1,-1,-1,-1,-1,-1,-1,-1,-1,0.1,-1,-1,-1,-1,-1,-1,-1,-1,-1,-1,1,-1,-1,-1,-1,-1,-1,-1,-1,-1,-1,0,none,-1,-1,-1,-1,-1,-1,-1,-1,-1,-1,-1,-1,0,none,-1,-1,-1,-1,-1,-1,-1,-1,-1,-1,-1,-1
836,682,task,!!TASK_ALL_XMAS_DONUTS_POLICE,1225,xmas_tasks,0,-1,-1,1,recipes,9103,-1,-1,-1,-1,-1,-1,-1,-1,-1,-1,0.1,-1,-1,-1,-1,-1,-1,-1,-1,-1,-1,1,-1,-1,-1,-1,-1,-1,-1,-1,-1,-1,0,none,-1,-1,-1,-1,-1,-1,-1,-1,-1,-1,-1,-1,0,none,-1,-1,-1,-1,-1,-1,-1,-1,-1,-1,-1,-1
837,675,task,!!TASK_ALL_XMAS_DONUTS_POLICE,1225,xmas_tasks,0,-1,-1,1,recipes,9103,-1,-1,-1,-1,-1,-1,-1,-1,-1,-1,0.1,-1,-1,-1,-1,-1,-1,-1,-1,-1,-1,1,-1,-1,-1,-1,-1,-1,-1,-1,-1,-1,0,none,-1,-1,-1,-1,-1,-1,-1,-1,-1,-1,-1,-1,0,none,-1,-1,-1,-1,-1,-1,-1,-1,-1,-1,-1,-1
838,668,task,!!TASK_ALL_XMAS_DONUTS_POLICE,1225,xmas_tasks,0,-1,-1,1,recipes,9103,-1,-1,-1,-1,-1,-1,-1,-1,-1,-1,0.1,-1,-1,-1,-1,-1,-1,-1,-1,-1,-1,1,-1,-1,-1,-1,-1,-1,-1,-1,-1,-1,0,none,-1,-1,-1,-1,-1,-1,-1,-1,-1,-1,-1,-1,0,none,-1,-1,-1,-1,-1,-1,-1,-1,-1,-1,-1,-1
839,661,task,!!TASK_ALL_XMAS_DONUTS_POLICE,1225,xmas_tasks,0,-1,-1,1,recipes,9103,-1,-1,-1,-1,-1,-1,-1,-1,-1,-1,0.1,-1,-1,-1,-1,-1,-1,-1,-1,-1,-1,1,-1,-1,-1,-1,-1,-1,-1,-1,-1,-1,0,none,-1,-1,-1,-1,-1,-1,-1,-1,-1,-1,-1,-1,0,none,-1,-1,-1,-1,-1,-1,-1,-1,-1,-1,-1,-1
840,654,task,!!TASK_ALL_XMAS_DONUTS_POLICE,1225,xmas_tasks,0,-1,-1,1,recipes,9103,-1,-1,-1,-1,-1,-1,-1,-1,-1,-1,0.1,-1,-1,-1,-1,-1,-1,-1,-1,-1,-1,1,-1,-1,-1,-1,-1,-1,-1,-1,-1,-1,0,none,-1,-1,-1,-1,-1,-1,-1,-1,-1,-1,-1,-1,0,none,-1,-1,-1,-1,-1,-1,-1,-1,-1,-1,-1,-1
841,647,task,!!TASK_ALL_XMAS_DONUTS_POLICE,1225,xmas_tasks,0,-1,-1,1,recipes,9103,-1,-1,-1,-1,-1,-1,-1,-1,-1,-1,0.1,-1,-1,-1,-1,-1,-1,-1,-1,-1,-1,1,-1,-1,-1,-1,-1,-1,-1,-1,-1,-1,0,none,-1,-1,-1,-1,-1,-1,-1,-1,-1,-1,-1,-1,0,none,-1,-1,-1,-1,-1,-1,-1,-1,-1,-1,-1,-1
842,640,task,!!TASK_ALL_XMAS_DONUTS_POLICE,1225,xmas_tasks,0,-1,-1,1,recipes,9103,-1,-1,-1,-1,-1,-1,-1,-1,-1,-1,0.1,-1,-1,-1,-1,-1,-1,-1,-1,-1,-1,1,-1,-1,-1,-1,-1,-1,-1,-1,-1,-1,0,none,-1,-1,-1,-1,-1,-1,-1,-1,-1,-1,-1,-1,0,none,-1,-1,-1,-1,-1,-1,-1,-1,-1,-1,-1,-1
843,436,task,!!TASK_SB_ENJOY_COCOA,1225,xmas_tasks,0,-1,-1,0.4,resources,3,-1,-1,-1,-1,-1,-1,-1,-1,-1,-1,1,-1,-1,-1,-1,-1,-1,-1,-1,-1,-1,50,-1,-1,-1,-1,-1,-1,-1,-1,-1,-1,0.6,buildings,20110,-1,-1,-1,1,-1,-1,-1,1,-1,-1,-1,0,none,-1,-1,-1,-1,-1,-1,-1,-1,-1,-1,-1,-1
844,861,task,!!TASK_ALL_KNIT_FIN_MITTENS,1225,xmas_tasks,0,-1,-1,1,recipes,9204,-1,-1,-1,-1,-1,-1,-1,-1,-1,-1,0.1,-1,-1,-1,-1,-1,-1,-1,-1,-1,-1,1,-1,-1,-1,-1,-1,-1,-1,-1,-1,-1,0,none,-1,-1,-1,-1,-1,-1,-1,-1,-1,-1,-1,-1,0,none,-1,-1,-1,-1,-1,-1,-1,-1,-1,-1,-1,-1
845,854,task,!!TASK_ALL_KNIT_FIN_MITTENS,1225,xmas_tasks,0,-1,-1,1,recipes,9204,-1,-1,-1,-1,-1,-1,-1,-1,-1,-1,0.1,-1,-1,-1,-1,-1,-1,-1,-1,-1,-1,1,-1,-1,-1,-1,-1,-1,-1,-1,-1,-1,0,none,-1,-1,-1,-1,-1,-1,-1,-1,-1,-1,-1,-1,0,none,-1,-1,-1,-1,-1,-1,-1,-1,-1,-1,-1,-1
846,844,task,!!TASK_ALL_KNIT_FIN_MITTENS,1225,xmas_tasks,0,-1,-1,1,recipes,9204,-1,-1,-1,-1,-1,-1,-1,-1,-1,-1,0.1,-1,-1,-1,-1,-1,-1,-1,-1,-1,-1,1,-1,-1,-1,-1,-1,-1,-1,-1,-1,-1,0,none,-1,-1,-1,-1,-1,-1,-1,-1,-1,-1,-1,-1,0,none,-1,-1,-1,-1,-1,-1,-1,-1,-1,-1,-1,-1
847,837,task,!!TASK_ALL_KNIT_FIN_MITTENS,1225,xmas_tasks,0,-1,-1,1,recipes,9204,-1,-1,-1,-1,-1,-1,-1,-1,-1,-1,0.1,-1,-1,-1,-1,-1,-1,-1,-1,-1,-1,1,-1,-1,-1,-1,-1,-1,-1,-1,-1,-1,0,none,-1,-1,-1,-1,-1,-1,-1,-1,-1,-1,-1,-1,0,none,-1,-1,-1,-1,-1,-1,-1,-1,-1,-1,-1,-1
848,830,task,!!TASK_ALL_KNIT_FIN_MITTENS,1225,xmas_tasks,0,-1,-1,1,recipes,9204,-1,-1,-1,-1,-1,-1,-1,-1,-1,-1,0.1,-1,-1,-1,-1,-1,-1,-1,-1,-1,-1,1,-1,-1,-1,-1,-1,-1,-1,-1,-1,-1,0,none,-1,-1,-1,-1,-1,-1,-1,-1,-1,-1,-1,-1,0,none,-1,-1,-1,-1,-1,-1,-1,-1,-1,-1,-1,-1
849,823,task,!!TASK_ALL_KNIT_FIN_MITTENS,1225,xmas_tasks,0,-1,-1,1,recipes,9204,-1,-1,-1,-1,-1,-1,-1,-1,-1,-1,0.1,-1,-1,-1,-1,-1,-1,-1,-1,-1,-1,1,-1,-1,-1,-1,-1,-1,-1,-1,-1,-1,0,none,-1,-1,-1,-1,-1,-1,-1,-1,-1,-1,-1,-1,0,none,-1,-1,-1,-1,-1,-1,-1,-1,-1,-1,-1,-1
850,816,task,!!TASK_ALL_KNIT_FIN_MITTENS,1225,xmas_tasks,0,-1,-1,1,recipes,9204,-1,-1,-1,-1,-1,-1,-1,-1,-1,-1,0.1,-1,-1,-1,-1,-1,-1,-1,-1,-1,-1,1,-1,-1,-1,-1,-1,-1,-1,-1,-1,-1,0,none,-1,-1,-1,-1,-1,-1,-1,-1,-1,-1,-1,-1,0,none,-1,-1,-1,-1,-1,-1,-1,-1,-1,-1,-1,-1
851,809,task,!!TASK_ALL_KNIT_FIN_MITTENS,1225,xmas_tasks,0,-1,-1,1,recipes,9204,-1,-1,-1,-1,-1,-1,-1,-1,-1,-1,0.1,-1,-1,-1,-1,-1,-1,-1,-1,-1,-1,1,-1,-1,-1,-1,-1,-1,-1,-1,-1,-1,0,none,-1,-1,-1,-1,-1,-1,-1,-1,-1,-1,-1,-1,0,none,-1,-1,-1,-1,-1,-1,-1,-1,-1,-1,-1,-1
852,802,task,!!TASK_ALL_KNIT_FIN_MITTENS,1225,xmas_tasks,0,-1,-1,1,recipes,9204,-1,-1,-1,-1,-1,-1,-1,-1,-1,-1,0.1,-1,-1,-1,-1,-1,-1,-1,-1,-1,-1,1,-1,-1,-1,-1,-1,-1,-1,-1,-1,-1,0,none,-1,-1,-1,-1,-1,-1,-1,-1,-1,-1,-1,-1,0,none,-1,-1,-1,-1,-1,-1,-1,-1,-1,-1,-1,-1
853,795,task,!!TASK_ALL_KNIT_FIN_MITTENS,1225,xmas_tasks,0,-1,-1,1,recipes,9204,-1,-1,-1,-1,-1,-1,-1,-1,-1,-1,0.1,-1,-1,-1,-1,-1,-1,-1,-1,-1,-1,1,-1,-1,-1,-1,-1,-1,-1,-1,-1,-1,0,none,-1,-1,-1,-1,-1,-1,-1,-1,-1,-1,-1,-1,0,none,-1,-1,-1,-1,-1,-1,-1,-1,-1,-1,-1,-1
854,788,task,!!TASK_ALL_KNIT_FIN_MITTENS,1225,xmas_tasks,0,-1,-1,1,recipes,9204,-1,-1,-1,-1,-1,-1,-1,-1,-1,-1,0.1,-1,-1,-1,-1,-1,-1,-1,-1,-1,-1,1,-1,-1,-1,-1,-1,-1,-1,-1,-1,-1,0,none,-1,-1,-1,-1,-1,-1,-1,-1,-1,-1,-1,-1,0,none,-1,-1,-1,-1,-1,-1,-1,-1,-1,-1,-1,-1
855,781,task,!!TASK_ALL_KNIT_FIN_MITTENS,1225,xmas_tasks,0,-1,-1,1,recipes,9204,-1,-1,-1,-1,-1,-1,-1,-1,-1,-1,0.1,-1,-1,-1,-1,-1,-1,-1,-1,-1,-1,1,-1,-1,-1,-1,-1,-1,-1,-1,-1,-1,0,none,-1,-1,-1,-1,-1,-1,-1,-1,-1,-1,-1,-1,0,none,-1,-1,-1,-1,-1,-1,-1,-1,-1,-1,-1,-1
856,774,task,!!TASK_ALL_KNIT_FIN_MITTENS,1225,xmas_tasks,0,-1,-1,1,recipes,9204,-1,-1,-1,-1,-1,-1,-1,-1,-1,-1,0.1,-1,-1,-1,-1,-1,-1,-1,-1,-1,-1,1,-1,-1,-1,-1,-1,-1,-1,-1,-1,-1,0,none,-1,-1,-1,-1,-1,-1,-1,-1,-1,-1,-1,-1,0,none,-1,-1,-1,-1,-1,-1,-1,-1,-1,-1,-1,-1
857,767,task,!!TASK_ALL_KNIT_FIN_MITTENS,1225,xmas_tasks,0,-1,-1,1,recipes,9204,-1,-1,-1,-1,-1,-1,-1,-1,-1,-1,0.1,-1,-1,-1,-1,-1,-1,-1,-1,-1,-1,1,-1,-1,-1,-1,-1,-1,-1,-1,-1,-1,0,none,-1,-1,-1,-1,-1,-1,-1,-1,-1,-1,-1,-1,0,none,-1,-1,-1,-1,-1,-1,-1,-1,-1,-1,-1,-1
858,760,task,!!TASK_ALL_KNIT_FIN_MITTENS,1225,xmas_tasks,0,-1,-1,1,recipes,9204,-1,-1,-1,-1,-1,-1,-1,-1,-1,-1,0.1,-1,-1,-1,-1,-1,-1,-1,-1,-1,-1,1,-1,-1,-1,-1,-1,-1,-1,-1,-1,-1,0,none,-1,-1,-1,-1,-1,-1,-1,-1,-1,-1,-1,-1,0,none,-1,-1,-1,-1,-1,-1,-1,-1,-1,-1,-1,-1
859,753,task,!!TASK_ALL_KNIT_FIN_MITTENS,1225,xmas_tasks,0,-1,-1,1,recipes,9204,-1,-1,-1,-1,-1,-1,-1,-1,-1,-1,0.1,-1,-1,-1,-1,-1,-1,-1,-1,-1,-1,1,-1,-1,-1,-1,-1,-1,-1,-1,-1,-1,0,none,-1,-1,-1,-1,-1,-1,-1,-1,-1,-1,-1,-1,0,none,-1,-1,-1,-1,-1,-1,-1,-1,-1,-1,-1,-1
860,746,task,!!TASK_ALL_KNIT_FIN_MITTENS,1225,xmas_tasks,0,-1,-1,1,recipes,9204,-1,-1,-1,-1,-1,-1,-1,-1,-1,-1,0.1,-1,-1,-1,-1,-1,-1,-1,-1,-1,-1,1,-1,-1,-1,-1,-1,-1,-1,-1,-1,-1,0,none,-1,-1,-1,-1,-1,-1,-1,-1,-1,-1,-1,-1,0,none,-1,-1,-1,-1,-1,-1,-1,-1,-1,-1,-1,-1
861,739,task,!!TASK_ALL_KNIT_FIN_MITTENS,1225,xmas_tasks,0,-1,-1,1,recipes,9204,-1,-1,-1,-1,-1,-1,-1,-1,-1,-1,0.1,-1,-1,-1,-1,-1,-1,-1,-1,-1,-1,1,-1,-1,-1,-1,-1,-1,-1,-1,-1,-1,0,none,-1,-1,-1,-1,-1,-1,-1,-1,-1,-1,-1,-1,0,none,-1,-1,-1,-1,-1,-1,-1,-1,-1,-1,-1,-1
862,732,task,!!TASK_ALL_KNIT_FIN_MITTENS,1225,xmas_tasks,0,-1,-1,1,recipes,9204,-1,-1,-1,-1,-1,-1,-1,-1,-1,-1,0.1,-1,-1,-1,-1,-1,-1,-1,-1,-1,-1,1,-1,-1,-1,-1,-1,-1,-1,-1,-1,-1,0,none,-1,-1,-1,-1,-1,-1,-1,-1,-1,-1,-1,-1,0,none,-1,-1,-1,-1,-1,-1,-1,-1,-1,-1,-1,-1
863,725,task,!!TASK_ALL_KNIT_FIN_MITTENS,1225,xmas_tasks,0,-1,-1,1,recipes,9204,-1,-1,-1,-1,-1,-1,-1,-1,-1,-1,0.1,-1,-1,-1,-1,-1,-1,-1,-1,-1,-1,1,-1,-1,-1,-1,-1,-1,-1,-1,-1,-1,0,none,-1,-1,-1,-1,-1,-1,-1,-1,-1,-1,-1,-1,0,none,-1,-1,-1,-1,-1,-1,-1,-1,-1,-1,-1,-1
864,718,task,!!TASK_ALL_KNIT_FIN_MITTENS,1225,xmas_tasks,0,-1,-1,1,recipes,9204,-1,-1,-1,-1,-1,-1,-1,-1,-1,-1,0.1,-1,-1,-1,-1,-1,-1,-1,-1,-1,-1,1,-1,-1,-1,-1,-1,-1,-1,-1,-1,-1,0,none,-1,-1,-1,-1,-1,-1,-1,-1,-1,-1,-1,-1,0,none,-1,-1,-1,-1,-1,-1,-1,-1,-1,-1,-1,-1
865,711,task,!!TASK_ALL_KNIT_FIN_MITTENS,1225,xmas_tasks,0,-1,-1,1,recipes,9204,-1,-1,-1,-1,-1,-1,-1,-1,-1,-1,0.1,-1,-1,-1,-1,-1,-1,-1,-1,-1,-1,1,-1,-1,-1,-1,-1,-1,-1,-1,-1,-1,0,none,-1,-1,-1,-1,-1,-1,-1,-1,-1,-1,-1,-1,0,none,-1,-1,-1,-1,-1,-1,-1,-1,-1,-1,-1,-1
866,704,task,!!TASK_ALL_KNIT_FIN_MITTENS,1225,xmas_tasks,0,-1,-1,1,recipes,9204,-1,-1,-1,-1,-1,-1,-1,-1,-1,-1,0.1,-1,-1,-1,-1,-1,-1,-1,-1,-1,-1,1,-1,-1,-1,-1,-1,-1,-1,-1,-1,-1,0,none,-1,-1,-1,-1,-1,-1,-1,-1,-1,-1,-1,-1,0,none,-1,-1,-1,-1,-1,-1,-1,-1,-1,-1,-1,-1
867,697,task,!!TASK_ALL_KNIT_FIN_MITTENS,1225,xmas_tasks,0,-1,-1,1,recipes,9204,-1,-1,-1,-1,-1,-1,-1,-1,-1,-1,0.1,-1,-1,-1,-1,-1,-1,-1,-1,-1,-1,1,-1,-1,-1,-1,-1,-1,-1,-1,-1,-1,0,none,-1,-1,-1,-1,-1,-1,-1,-1,-1,-1,-1,-1,0,none,-1,-1,-1,-1,-1,-1,-1,-1,-1,-1,-1,-1
868,690,task,!!TASK_ALL_KNIT_FIN_MITTENS,1225,xmas_tasks,0,-1,-1,1,recipes,9204,-1,-1,-1,-1,-1,-1,-1,-1,-1,-1,0.1,-1,-1,-1,-1,-1,-1,-1,-1,-1,-1,1,-1,-1,-1,-1,-1,-1,-1,-1,-1,-1,0,none,-1,-1,-1,-1,-1,-1,-1,-1,-1,-1,-1,-1,0,none,-1,-1,-1,-1,-1,-1,-1,-1,-1,-1,-1,-1
869,683,task,!!TASK_ALL_KNIT_FIN_MITTENS,1225,xmas_tasks,0,-1,-1,1,recipes,9204,-1,-1,-1,-1,-1,-1,-1,-1,-1,-1,0.1,-1,-1,-1,-1,-1,-1,-1,-1,-1,-1,1,-1,-1,-1,-1,-1,-1,-1,-1,-1,-1,0,none,-1,-1,-1,-1,-1,-1,-1,-1,-1,-1,-1,-1,0,none,-1,-1,-1,-1,-1,-1,-1,-1,-1,-1,-1,-1
870,676,task,!!TASK_ALL_KNIT_FIN_MITTENS,1225,xmas_tasks,0,-1,-1,1,recipes,9204,-1,-1,-1,-1,-1,-1,-1,-1,-1,-1,0.1,-1,-1,-1,-1,-1,-1,-1,-1,-1,-1,1,-1,-1,-1,-1,-1,-1,-1,-1,-1,-1,0,none,-1,-1,-1,-1,-1,-1,-1,-1,-1,-1,-1,-1,0,none,-1,-1,-1,-1,-1,-1,-1,-1,-1,-1,-1,-1
871,669,task,!!TASK_ALL_KNIT_FIN_MITTENS,1225,xmas_tasks,0,-1,-1,1,recipes,9204,-1,-1,-1,-1,-1,-1,-1,-1,-1,-1,0.1,-1,-1,-1,-1,-1,-1,-1,-1,-1,-1,1,-1,-1,-1,-1,-1,-1,-1,-1,-1,-1,0,none,-1,-1,-1,-1,-1,-1,-1,-1,-1,-1,-1,-1,0,none,-1,-1,-1,-1,-1,-1,-1,-1,-1,-1,-1,-1
872,662,task,!!TASK_ALL_KNIT_FIN_MITTENS,1225,xmas_tasks,0,-1,-1,1,recipes,9204,-1,-1,-1,-1,-1,-1,-1,-1,-1,-1,0.1,-1,-1,-1,-1,-1,-1,-1,-1,-1,-1,1,-1,-1,-1,-1,-1,-1,-1,-1,-1,-1,0,none,-1,-1,-1,-1,-1,-1,-1,-1,-1,-1,-1,-1,0,none,-1,-1,-1,-1,-1,-1,-1,-1,-1,-1,-1,-1
873,655,task,!!TASK_ALL_KNIT_FIN_MITTENS,1225,xmas_tasks,0,-1,-1,1,recipes,9204,-1,-1,-1,-1,-1,-1,-1,-1,-1,-1,0.1,-1,-1,-1,-1,-1,-1,-1,-1,-1,-1,1,-1,-1,-1,-1,-1,-1,-1,-1,-1,-1,0,none,-1,-1,-1,-1,-1,-1,-1,-1,-1,-1,-1,-1,0,none,-1,-1,-1,-1,-1,-1,-1,-1,-1,-1,-1,-1
874,648,task,!!TASK_ALL_KNIT_FIN_MITTENS,1225,xmas_tasks,0,-1,-1,1,recipes,9204,-1,-1,-1,-1,-1,-1,-1,-1,-1,-1,0.1,-1,-1,-1,-1,-1,-1,-1,-1,-1,-1,1,-1,-1,-1,-1,-1,-1,-1,-1,-1,-1,0,none,-1,-1,-1,-1,-1,-1,-1,-1,-1,-1,-1,-1,0,none,-1,-1,-1,-1,-1,-1,-1,-1,-1,-1,-1,-1
875,641,task,!!TASK_ALL_KNIT_FIN_MITTENS,1225,xmas_tasks,0,-1,-1,1,recipes,9204,-1,-1,-1,-1,-1,-1,-1,-1,-1,-1,0.1,-1,-1,-1,-1,-1,-1,-1,-1,-1,-1,1,-1,-1,-1,-1,-1,-1,-1,-1,-1,-1,0,none,-1,-1,-1,-1,-1,-1,-1,-1,-1,-1,-1,-1,0,none,-1,-1,-1,-1,-1,-1,-1,-1,-1,-1,-1,-1
876,868,task,!!TASK_ALL_SNOWBALL_FIGHT,1225,xmas_tasks,0,-1,-1,0.4,resources,3,-1,-1,-1,-1,-1,-1,-1,-1,-1,-1,1,-1,-1,-1,-1,-1,-1,-1,-1,-1,-1,65,-1,-1,-1,-1,-1,-1,-1,-1,-1,-1,0.6,buildings,20093,20107,23001,-1,0.33,0.33,0.34,-1,1,1,1,-1,0,none,-1,-1,-1,-1,-1,-1,-1,-1,-1,-1,-1,-1
877,867,task,!!TASK_ALL_SNOWBALL_FIGHT,1225,xmas_tasks,0,-1,-1,0.4,resources,3,-1,-1,-1,-1,-1,-1,-1,-1,-1,-1,1,-1,-1,-1,-1,-1,-1,-1,-1,-1,-1,65,-1,-1,-1,-1,-1,-1,-1,-1,-1,-1,0.6,buildings,20093,20107,23001,-1,0.33,0.33,0.34,-1,1,1,1,-1,0,none,-1,-1,-1,-1,-1,-1,-1,-1,-1,-1,-1,-1
878,866,task,!!TASK_ALL_SNOWBALL_FIGHT,1225,xmas_tasks,0,-1,-1,0.4,resources,3,-1,-1,-1,-1,-1,-1,-1,-1,-1,-1,1,-1,-1,-1,-1,-1,-1,-1,-1,-1,-1,65,-1,-1,-1,-1,-1,-1,-1,-1,-1,-1,0.6,buildings,20093,20107,23001,-1,0.33,0.33,0.34,-1,1,1,1,-1,0,none,-1,-1,-1,-1,-1,-1,-1,-1,-1,-1,-1,-1
879,865,task,!!TASK_ALL_SNOWBALL_FIGHT,1225,xmas_tasks,0,-1,-1,0.4,resources,3,-1,-1,-1,-1,-1,-1,-1,-1,-1,-1,1,-1,-1,-1,-1,-1,-1,-1,-1,-1,-1,65,-1,-1,-1,-1,-1,-1,-1,-1,-1,-1,0.6,buildings,20093,20107,23001,-1,0.33,0.33,0.34,-1,1,1,1,-1,0,none,-1,-1,-1,-1,-1,-1,-1,-1,-1,-1,-1,-1
880,864,task,!!TASK_ALL_SNOWBALL_FIGHT,1225,xmas_tasks,0,-1,-1,0.4,resources,3,-1,-1,-1,-1,-1,-1,-1,-1,-1,-1,1,-1,-1,-1,-1,-1,-1,-1,-1,-1,-1,65,-1,-1,-1,-1,-1,-1,-1,-1,-1,-1,0.6,buildings,20093,20107,23001,-1,0.33,0.33,0.34,-1,1,1,1,-1,0,none,-1,-1,-1,-1,-1,-1,-1,-1,-1,-1,-1,-1
881,863,task,!!TASK_ALL_SNOWBALL_FIGHT,1225,xmas_tasks,0,-1,-1,0.4,resources,3,-1,-1,-1,-1,-1,-1,-1,-1,-1,-1,1,-1,-1,-1,-1,-1,-1,-1,-1,-1,-1,65,-1,-1,-1,-1,-1,-1,-1,-1,-1,-1,0.6,buildings,20093,20107,23001,-1,0.33,0.33,0.34,-1,1,1,1,-1,0,none,-1,-1,-1,-1,-1,-1,-1,-1,-1,-1,-1,-1
882,886,task,!!TASK_ALL_SNOWBALL_FIGHT_WEEK_2,1225,xmas_tasks,0,-1,-1,0.4,resources,3,-1,-1,-1,-1,-1,-1,-1,-1,-1,-1,1,-1,-1,-1,-1,-1,-1,-1,-1,-1,-1,65,-1,-1,-1,-1,-1,-1,-1,-1,-1,-1,0.6,buildings,20094,23002,23011,23012,0.25,0.25,0.25,0.25,1,1,1,1,0,none,-1,-1,-1,-1,-1,-1,-1,-1,-1,-1,-1,-1
883,890,task,!!TASK_ALL_SNOWBALL_FIGHT_WEEK_2,1225,xmas_tasks,0,-1,-1,0.4,resources,3,-1,-1,-1,-1,-1,-1,-1,-1,-1,-1,1,-1,-1,-1,-1,-1,-1,-1,-1,-1,-1,65,-1,-1,-1,-1,-1,-1,-1,-1,-1,-1,0.6,buildings,20094,23002,23011,23012,0.25,0.25,0.25,0.25,1,1,1,1,0,none,-1,-1,-1,-1,-1,-1,-1,-1,-1,-1,-1,-1
884,894,task,!!TASK_ALL_SNOWBALL_FIGHT_WEEK_2,1225,xmas_tasks,0,-1,-1,0.4,resources,3,-1,-1,-1,-1,-1,-1,-1,-1,-1,-1,1,-1,-1,-1,-1,-1,-1,-1,-1,-1,-1,65,-1,-1,-1,-1,-1,-1,-1,-1,-1,-1,0.6,buildings,20094,23002,23011,23012,0.25,0.25,0.25,0.25,1,1,1,1,0,none,-1,-1,-1,-1,-1,-1,-1,-1,-1,-1,-1,-1
885,898,task,!!TASK_ALL_SNOWBALL_FIGHT_WEEK_2,1225,xmas_tasks,0,-1,-1,0.4,resources,3,-1,-1,-1,-1,-1,-1,-1,-1,-1,-1,1,-1,-1,-1,-1,-1,-1,-1,-1,-1,-1,65,-1,-1,-1,-1,-1,-1,-1,-1,-1,-1,0.6,buildings,20094,23002,23011,23012,0.25,0.25,0.25,0.25,1,1,1,1,0,none,-1,-1,-1,-1,-1,-1,-1,-1,-1,-1,-1,-1
886,902,task,!!TASK_ALL_SNOWBALL_FIGHT_WEEK_2,1225,xmas_tasks,0,-1,-1,0.4,resources,3,-1,-1,-1,-1,-1,-1,-1,-1,-1,-1,1,-1,-1,-1,-1,-1,-1,-1,-1,-1,-1,65,-1,-1,-1,-1,-1,-1,-1,-1,-1,-1,0.6,buildings,20094,23002,23011,23012,0.25,0.25,0.25,0.25,1,1,1,1,0,none,-1,-1,-1,-1,-1,-1,-1,-1,-1,-1,-1,-1
887,906,task,!!TASK_ALL_SNOWBALL_FIGHT_WEEK_2,1225,xmas_tasks,0,-1,-1,0.4,resources,3,-1,-1,-1,-1,-1,-1,-1,-1,-1,-1,1,-1,-1,-1,-1,-1,-1,-1,-1,-1,-1,65,-1,-1,-1,-1,-1,-1,-1,-1,-1,-1,0.6,buildings,20094,23002,23011,23012,0.25,0.25,0.25,0.25,1,1,1,1,0,none,-1,-1,-1,-1,-1,-1,-1,-1,-1,-1,-1,-1
888,887,task,!!TASK_ALL_SNOWBALL_FIGHT_WEEK_3,1225,xmas_tasks,0,-1,-1,0.4,resources,3,-1,-1,-1,-1,-1,-1,-1,-1,-1,-1,1,-1,-1,-1,-1,-1,-1,-1,-1,-1,-1,65,-1,-1,-1,-1,-1,-1,-1,-1,-1,-1,0.6,buildings,20095,20082,20003,-1,0.33,0.33,0.34,-1,1,1,1,-1,0,none,-1,-1,-1,-1,-1,-1,-1,-1,-1,-1,-1,-1
889,891,task,!!TASK_ALL_SNOWBALL_FIGHT_WEEK_3,1225,xmas_tasks,0,-1,-1,0.4,resources,3,-1,-1,-1,-1,-1,-1,-1,-1,-1,-1,1,-1,-1,-1,-1,-1,-1,-1,-1,-1,-1,65,-1,-1,-1,-1,-1,-1,-1,-1,-1,-1,0.6,buildings,20095,20082,20003,-1,0.33,0.33,0.34,-1,1,1,1,-1,0,none,-1,-1,-1,-1,-1,-1,-1,-1,-1,-1,-1,-1
890,895,task,!!TASK_ALL_SNOWBALL_FIGHT_WEEK_3,1225,xmas_tasks,0,-1,-1,0.4,resources,3,-1,-1,-1,-1,-1,-1,-1,-1,-1,-1,1,-1,-1,-1,-1,-1,-1,-1,-1,-1,-1,65,-1,-1,-1,-1,-1,-1,-1,-1,-1,-1,0.6,buildings,20095,20082,20003,-1,0.33,0.33,0.34,-1,1,1,1,-1,0,none,-1,-1,-1,-1,-1,-1,-1,-1,-1,-1,-1,-1
891,899,task,!!TASK_ALL_SNOWBALL_FIGHT_WEEK_3,1225,xmas_tasks,0,-1,-1,0.4,resources,3,-1,-1,-1,-1,-1,-1,-1,-1,-1,-1,1,-1,-1,-1,-1,-1,-1,-1,-1,-1,-1,65,-1,-1,-1,-1,-1,-1,-1,-1,-1,-1,0.6,buildings,20095,20082,20003,-1,0.33,0.33,0.34,-1,1,1,1,-1,0,none,-1,-1,-1,-1,-1,-1,-1,-1,-1,-1,-1,-1
892,903,task,!!TASK_ALL_SNOWBALL_FIGHT_WEEK_3,1225,xmas_tasks,0,-1,-1,0.4,resources,3,-1,-1,-1,-1,-1,-1,-1,-1,-1,-1,1,-1,-1,-1,-1,-1,-1,-1,-1,-1,-1,65,-1,-1,-1,-1,-1,-1,-1,-1,-1,-1,0.6,buildings,20095,20082,20003,-1,0.33,0.33,0.34,-1,1,1,1,-1,0,none,-1,-1,-1,-1,-1,-1,-1,-1,-1,-1,-1,-1
893,907,task,!!TASK_ALL_SNOWBALL_FIGHT_WEEK_3,1225,xmas_tasks,0,-1,-1,0.4,resources,3,-1,-1,-1,-1,-1,-1,-1,-1,-1,-1,1,-1,-1,-1,-1,-1,-1,-1,-1,-1,-1,65,-1,-1,-1,-1,-1,-1,-1,-1,-1,-1,0.6,buildings,20095,20082,20003,-1,0.33,0.33,0.34,-1,1,1,1,-1,0,none,-1,-1,-1,-1,-1,-1,-1,-1,-1,-1,-1,-1
894,888,task,!!TASK_ALL_SNOWBALL_FIGHT_WEEK_4,1225,xmas_tasks,0,-1,-1,0.4,resources,3,-1,-1,-1,-1,-1,-1,-1,-1,-1,-1,1,-1,-1,-1,-1,-1,-1,-1,-1,-1,-1,65,-1,-1,-1,-1,-1,-1,-1,-1,-1,-1,0.6,buildings,20096,20076,23004,-1,0.33,0.33,0.34,-1,1,1,1,-1,0,none,-1,-1,-1,-1,-1,-1,-1,-1,-1,-1,-1,-1
895,892,task,!!TASK_ALL_SNOWBALL_FIGHT_WEEK_4,1225,xmas_tasks,0,-1,-1,0.4,resources,3,-1,-1,-1,-1,-1,-1,-1,-1,-1,-1,1,-1,-1,-1,-1,-1,-1,-1,-1,-1,-1,65,-1,-1,-1,-1,-1,-1,-1,-1,-1,-1,0.6,buildings,20096,20076,23004,-1,0.33,0.33,0.34,-1,1,1,1,-1,0,none,-1,-1,-1,-1,-1,-1,-1,-1,-1,-1,-1,-1
896,896,task,!!TASK_ALL_SNOWBALL_FIGHT_WEEK_4,1225,xmas_tasks,0,-1,-1,0.4,resources,3,-1,-1,-1,-1,-1,-1,-1,-1,-1,-1,1,-1,-1,-1,-1,-1,-1,-1,-1,-1,-1,65,-1,-1,-1,-1,-1,-1,-1,-1,-1,-1,0.6,buildings,20096,20076,23004,-1,0.33,0.33,0.34,-1,1,1,1,-1,0,none,-1,-1,-1,-1,-1,-1,-1,-1,-1,-1,-1,-1
897,900,task,!!TASK_ALL_SNOWBALL_FIGHT_WEEK_4,1225,xmas_tasks,0,-1,-1,0.4,resources,3,-1,-1,-1,-1,-1,-1,-1,-1,-1,-1,1,-1,-1,-1,-1,-1,-1,-1,-1,-1,-1,65,-1,-1,-1,-1,-1,-1,-1,-1,-1,-1,0.6,buildings,20096,20076,23004,-1,0.33,0.33,0.34,-1,1,1,1,-1,0,none,-1,-1,-1,-1,-1,-1,-1,-1,-1,-1,-1,-1
898,904,task,!!TASK_ALL_SNOWBALL_FIGHT_WEEK_4,1225,xmas_tasks,0,-1,-1,0.4,resources,3,-1,-1,-1,-1,-1,-1,-1,-1,-1,-1,1,-1,-1,-1,-1,-1,-1,-1,-1,-1,-1,65,-1,-1,-1,-1,-1,-1,-1,-1,-1,-1,0.6,buildings,20096,20076,23004,-1,0.33,0.33,0.34,-1,1,1,1,-1,0,none,-1,-1,-1,-1,-1,-1,-1,-1,-1,-1,-1,-1
899,908,task,!!TASK_ALL_SNOWBALL_FIGHT_WEEK_4,1225,xmas_tasks,0,-1,-1,0.4,resources,3,-1,-1,-1,-1,-1,-1,-1,-1,-1,-1,1,-1,-1,-1,-1,-1,-1,-1,-1,-1,-1,65,-1,-1,-1,-1,-1,-1,-1,-1,-1,-1,0.6,buildings,20096,20076,23004,-1,0.33,0.33,0.34,-1,1,1,1,-1,0,none,-1,-1,-1,-1,-1,-1,-1,-1,-1,-1,-1,-1
900,889,task,!!TASK_ALL_SNOWBALL_FIGHT_WEEK_5,1225,xmas_tasks,0,-1,-1,0.4,resources,3,-1,-1,-1,-1,-1,-1,-1,-1,-1,-1,1,-1,-1,-1,-1,-1,-1,-1,-1,-1,-1,65,-1,-1,-1,-1,-1,-1,-1,-1,-1,-1,0.6,buildings,20097,23005,-1,-1,0.5,0.5,-1,-1,1,1,-1,-1,0,none,-1,-1,-1,-1,-1,-1,-1,-1,-1,-1,-1,-1
901,893,task,!!TASK_ALL_SNOWBALL_FIGHT_WEEK_5,1225,xmas_tasks,0,-1,-1,0.4,resources,3,-1,-1,-1,-1,-1,-1,-1,-1,-1,-1,1,-1,-1,-1,-1,-1,-1,-1,-1,-1,-1,65,-1,-1,-1,-1,-1,-1,-1,-1,-1,-1,0.6,buildings,20097,23005,-1,-1,0.5,0.5,-1,-1,1,1,-1,-1,0,none,-1,-1,-1,-1,-1,-1,-1,-1,-1,-1,-1,-1
902,897,task,!!TASK_ALL_SNOWBALL_FIGHT_WEEK_5,1225,xmas_tasks,0,-1,-1,0.4,resources,3,-1,-1,-1,-1,-1,-1,-1,-1,-1,-1,1,-1,-1,-1,-1,-1,-1,-1,-1,-1,-1,65,-1,-1,-1,-1,-1,-1,-1,-1,-1,-1,0.6,buildings,20097,23005,-1,-1,0.5,0.5,-1,-1,1,1,-1,-1,0,none,-1,-1,-1,-1,-1,-1,-1,-1,-1,-1,-1,-1
903,901,task,!!TASK_ALL_SNOWBALL_FIGHT_WEEK_5,1225,xmas_tasks,0,-1,-1,0.4,resources,3,-1,-1,-1,-1,-1,-1,-1,-1,-1,-1,1,-1,-1,-1,-1,-1,-1,-1,-1,-1,-1,65,-1,-1,-1,-1,-1,-1,-1,-1,-1,-1,0.6,buildings,20097,23005,-1,-1,0.5,0.5,-1,-1,1,1,-1,-1,0,none,-1,-1,-1,-1,-1,-1,-1,-1,-1,-1,-1,-1
904,905,task,!!TASK_ALL_SNOWBALL_FIGHT_WEEK_5,1225,xmas_tasks,0,-1,-1,0.4,resources,3,-1,-1,-1,-1,-1,-1,-1,-1,-1,-1,1,-1,-1,-1,-1,-1,-1,-1,-1,-1,-1,65,-1,-1,-1,-1,-1,-1,-1,-1,-1,-1,0.6,buildings,20097,23005,-1,-1,0.5,0.5,-1,-1,1,1,-1,-1,0,none,-1,-1,-1,-1,-1,-1,-1,-1,-1,-1,-1,-1
905,909,task,!!TASK_ALL_SNOWBALL_FIGHT_WEEK_5,1225,xmas_tasks,0,-1,-1,0.4,resources,3,-1,-1,-1,-1,-1,-1,-1,-1,-1,-1,1,-1,-1,-1,-1,-1,-1,-1,-1,-1,-1,65,-1,-1,-1,-1,-1,-1,-1,-1,-1,-1,0.6,buildings,20097,23005,-1,-1,0.5,0.5,-1,-1,1,1,-1,-1,0,none,-1,-1,-1,-1,-1,-1,-1,-1,-1,-1,-1,-1
