i:ID,i:DID,s:Type,s:Character Icon,s:Icon,s:Portrait,s:Note,s:Text,s:Title,s:Heading,s:Body,s:Effect,i:Reward XP,i:Reward Gold,s:Voiceover,i:Special Rewards,s:Special Reward Type 1,s:Special Reward Type 2,i:Special Reward DID 1,i:Special Reward DID 2,i:Special Reward Amount 1,i:Special Reward Amount 2
empty,empty,empty,empty,empty,empty,empty,empty,empty,empty,empty,empty,empty,empty,empty,empty,empty,empty,empty,empty,empty,empty
1,2,character,spongebob_happy.png,n/a,n/a,Once the Bakery is finished we'll be able to make Buns and other Baked Goods!,!!TUTORIAL_ID2_TEXT1,n/a,n/a,n/a,n/a,-1,-1,n/a,2,n/a,n/a,-1,-1,-1,-1
2,3,character,mrkrabsportrait_moneygrubbing.png,n/a,n/a,It smells like a moneymaker to me but let's see how it tastes.,!!TUTORIAL_ID3_TEXT1,n/a,n/a,n/a,n/a,-1,-1,MK_SniffSniff,-1,n/a,n/a,-1,-1,-1,-1
3,3,quest_start,n/a,KrabbyPatty.png,n/a,n/a,n/a,!!TUTORIAL_TITLE_FEED_KRABS,n/a,n/a,n/a,-1,-1,n/a,-1,n/a,n/a,-1,-1,-1,-1
4,4,quest_complete,n/a,KrabbyPatty.png,n/a,n/a,n/a,!!TUTORIAL_TITLE_FEED_KRABS,n/a,n/a,n/a,-1,-1,n/a,-1,n/a,n/a,-1,-1,-1,-1
5,4,character,mrkrabsportrait_moneygrubbing.png,n/a,n/a,Delicious! ||That was the finest fast foodmanship I've ever seen Mr. Squarepants. ||Welcome aboard!,!!TUTORIAL_ID28_TEXT1,n/a,n/a,n/a,n/a,-1,-1,MK_Congratulations,-1,n/a,n/a,-1,-1,-1,-1
6,4,character,spongebob_happy.png,n/a,n/a,Gary my dream has come true! ||Isn't this the greatest place in the sea?,!!TUTORIAL_ID28_TEXT2,n/a,n/a,n/a,n/a,-1,-1,n/a,-1,n/a,n/a,-1,-1,-1,-1
7,4,character,Gary_Neutral.png,n/a,n/a,Meow.,!!TUTORIAL_ID28_TEXT3,n/a,n/a,n/a,n/a,-1,-1,GaryMeow_Normal,-1,n/a,n/a,-1,-1,-1,-1
8,4,character,spongebob_happy.png,n/a,n/a,This is the BEST DAY EVER!,!!TUTORIAL_ID28_TEXT4,n/a,n/a,n/a,n/a,-1,-1,SB_YesBestDayEver,-1,n/a,n/a,-1,-1,-1,-1
9,5,character,spongebob_happy.png,n/a,n/a,People are loving the Krusty Krab and want to move here to be close to the smell!||Let's build some houses for our new residents!,!!TUTORIAL_ID5_TEXT1,n/a,n/a,n/a,n/a,-1,-1,n/a,-1,n/a,n/a,-1,-1,-1,-1
10,5,character,mrkrabsportrait_moneygrubbing.png,n/a,n/a,I like the sound of that! ||More paying customers! ||Keep that grill hot SpongeBob!,!!TUTORIAL_ID5_TEXT2,n/a,n/a,n/a,n/a,-1,-1,MK_Chaching,-1,n/a,n/a,-1,-1,-1,-1
11,5,quest_start,n/a,FishHouse1.png,n/a,n/a,n/a,!!TUTORIAL_TITLE_BUILD_HOME,n/a,n/a,n/a,-1,-1,n/a,-1,n/a,n/a,-1,-1,-1,-1
12,6,quest_complete,n/a,FishHouse1.png,n/a,n/a,n/a,!!TUTORIAL_TITLE_BUILD_HOME,n/a,n/a,n/a,-1,-1,n/a,-1,n/a,n/a,-1,-1,-1,-1
13,8,quest_complete,n/a,KrabbyPatty.png,n/a,n/a,n/a,!!TUTORIAL_TITLE_CRAFT_KRABBYPATTY,n/a,n/a,n/a,-1,-1,n/a,-1,n/a,n/a,-1,-1,-1,-1
14,10,quest_complete,n/a,SeedShop.png,n/a,n/a,n/a,!!QUEST_PLANT_LETTUCE,n/a,n/a,n/a,-1,-1,n/a,-1,n/a,n/a,-1,-1,-1,-1
15,11,character,CookCitizen_Happy.png,n/a,n/a,The Bakery is open for business!,!!TUTORIAL_ID11_TEXT1,n/a,n/a,n/a,n/a,-1,-1,n/a,-1,n/a,n/a,-1,-1,-1,-1
16,11,character,CookCitizen_Exhuberant.png,n/a,n/a,You gotta try a bun fresh out of the oven it will melt in your mouth!,!!TUTORIAL_ID11_TEXT2,n/a,n/a,n/a,n/a,-1,-1,n/a,-1,n/a,n/a,-1,-1,-1,-1
17,11,quest_start,n/a,Bun.png,n/a,n/a,n/a,!!QUEST_CRAFT_BUN,n/a,n/a,n/a,-1,-1,n/a,-1,n/a,n/a,-1,-1,-1,-1
18,12,quest_complete,n/a,Bun.png,n/a,n/a,n/a,!!QUEST_CRAFT_BUN,n/a,n/a,n/a,-1,-1,n/a,-1,n/a,n/a,-1,-1,-1,-1
19,13,character,mrkrabsportrait_moneygrubbing,n/a,n/a,Now for the real secret: ||Me own special recipe! ||Put a Patty on the grill and we'll be almost done!,!!TUTORIAL_ID13_TEXT1,n/a,n/a,n/a,n/a,-1,-1,n/a,-1,n/a,n/a,-1,-1,-1,-1
20,13,character,spongebob_happy.png,n/a,n/a,I won't let you down sir!,!!TUTORIAL_ID13_TEXT2,n/a,n/a,n/a,n/a,-1,-1,n/a,-1,n/a,n/a,-1,-1,-1,-1
21,13,quest_start,n/a,KrustyKrab.png,n/a,n/a,n/a,!!QUEST_CRAFT_PATTY,n/a,n/a,n/a,-1,-1,n/a,-1,n/a,n/a,-1,-1,-1,-1
22,14,quest_complete,n/a,KrustyKrab.png,n/a,n/a,n/a,!!QUEST_CRAFT_PATTY,n/a,n/a,n/a,-1,-1,n/a,-1,n/a,n/a,-1,-1,-1,-1
23,15,character,mrkrabsportrait_moneygrubbing,n/a,n/a,Listen to that patty sizzle! ||As soon as it's done give 'er a TAP!,!!TUTORIAL_ID15_TEXT1,n/a,n/a,n/a,n/a,-1,-1,n/a,-1,n/a,n/a,-1,-1,-1,-1
24,15,quest_start,n/a,KrustyKrab.png,n/a,n/a,n/a,!!QUEST_COLLECT_PATTY,n/a,n/a,n/a,-1,-1,n/a,-1,n/a,n/a,-1,-1,-1,-1
25,16,quest_complete,n/a,KrustyKrab.png,n/a,n/a,n/a,!!QUEST_COLLECT_PATTY,n/a,n/a,n/a,-1,-1,n/a,-1,n/a,n/a,-1,-1,-1,-1
26,17,character,spongebob_quizzical.png,n/a,n/a,So...ummm...where is everybody?,!!TUTORIAL_ID17_TEXT1,n/a,n/a,n/a,n/a,-1,-1,n/a,-1,n/a,n/a,-1,-1,-1,-1
27,17,character,MrKrabsPortrait_Whaddayamean.png,n/a,n/a,Oh uh well...||It's just a slow day. ||We need to attract more customers!,!!TUTORIAL_ID17_TEXT2,n/a,n/a,n/a,n/a,-1,-1,n/a,-1,n/a,n/a,-1,-1,-1,-1
28,17,character,spongebob_happy.png,n/a,n/a,OK sounds good. ||When do I start? ||I'm ready!,!!TUTORIAL_ID17_TEXT3,n/a,n/a,n/a,n/a,-1,-1,SB_ImReady_1,-1,n/a,n/a,-1,-1,-1,-1
29,17,character,mrkrabsportrait_stern,n/a,n/a,I'll give you a crack at makin' me famous Krabby Patty and if you have what it takes you'll be on the Krusty crew!,!!TUTORIAL_ID17_TEXT4,n/a,n/a,n/a,n/a,-1,-1,n/a,-1,n/a,n/a,-1,-1,-1,-1
30,17,character,spongebob_happy.png,n/a,n/a,Aye aye captain!,!!TUTORIAL_ID17_TEXT5,n/a,n/a,n/a,n/a,-1,-1,n/a,-1,n/a,n/a,-1,-1,-1,-1
31,17,character,mrkrabsportrait_stern,n/a,n/a,Let's start first with the fixins.,!!TUTORIAL_ID17_TEXT6,n/a,n/a,n/a,n/a,-1,-1,n/a,-1,n/a,n/a,-1,-1,-1,-1
32,17,quest_start,n/a,SeedShop.png,n/a,n/a,n/a,!!QUEST_PLANT_LETTUCE,n/a,n/a,n/a,-1,-1,n/a,-1,n/a,n/a,-1,-1,-1,-1
33,18,character,spongebob_happy.png,n/a,n/a,Hey Mr. Krabs can I make a Krabby Patty now?,!!TUTORIAL_ID18_TEXT1,n/a,n/a,n/a,n/a,-1,-1,n/a,-1,n/a,n/a,-1,-1,-1,-1
34,18,character,MrKrabsPortrait_Whaddayamean.png,n/a,n/a,Not so fast laddie. ||You have to learn how to walk before you can scuttle.,!!TUTORIAL_ID18_TEXT2,n/a,n/a,n/a,n/a,-1,-1,n/a,-1,n/a,n/a,-1,-1,-1,-1
35,18,character,mrkrabsportrait_stern,n/a,n/a,We'll start you off with the Pipsqueak Patty. ||And if you don't burn the place down...||Just don't burn the place down.,!!TUTORIAL_ID18_TEXT3,n/a,n/a,n/a,n/a,-1,-1,n/a,-1,n/a,n/a,-1,-1,-1,-1
36,18,quest_start,n/a,PipsqueakPatty.png,n/a,n/a,n/a,!!QUEST_CRAFT_PP,n/a,n/a,n/a,-1,-1,n/a,-1,n/a,n/a,-1,-1,-1,-1
37,19,quest_complete,n/a,PipsqueakPatty.png,n/a,n/a,n/a,!!QUEST_CRAFT_PP,n/a,n/a,n/a,-1,-1,n/a,-1,n/a,n/a,-1,-1,-1,-1
38,20,character,realtorportrait_happy.png,n/a,n/a,DING DONG!,!!TUTORIAL_ID40_TEXT1,n/a,n/a,n/a,n/a,-1,-1,Doorbell,-1,n/a,n/a,-1,-1,-1,-1
39,20,character,spongebob_quizzical.png,n/a,n/a,Where did you come from?!,!!TUTORIAL_ID40_TEXT2,n/a,n/a,n/a,n/a,-1,-1,n/a,-1,n/a,n/a,-1,-1,-1,-1
40,20,character,realtorportrait_happy.png,n/a,n/a,I'm Ding Dong from Bikini Bottom Realty. ||Word is quickly spreading about Bikini Bottom.,!!TUTORIAL_ID40_TEXT3,n/a,n/a,n/a,n/a,-1,-1,n/a,-1,n/a,n/a,-1,-1,-1,-1
41,20,character,spongebob_happy.png,n/a,n/a,I do what I can.,!!TUTORIAL_ID40_TEXT4,n/a,n/a,n/a,n/a,-1,-1,n/a,-1,n/a,n/a,-1,-1,-1,-1
42,20,character,realtorportrait_happy.png,n/a,n/a,Well it's getting crowded here and we need more space for new friends!,!!TUTORIAL_ID40_TEXT5,n/a,n/a,n/a,n/a,-1,-1,n/a,-1,n/a,n/a,-1,-1,-1,-1
43,20,character,mrkrabsportrait_moneygrubbing,n/a,n/a,And new customers!,!!TUTORIAL_ID40_TEXT6,n/a,n/a,n/a,n/a,-1,-1,n/a,-1,n/a,n/a,-1,-1,-1,-1
44,20,quest_start,n/a,RealtySign.png,n/a,n/a,n/a,!!TUTORIAL_TITLE_EXPAND,n/a,n/a,n/a,-1,-1,n/a,-1,n/a,n/a,-1,-1,-1,-1
45,21,character,mrkrabsportrait_moneygrubbing,n/a,n/a,Now SpongeBob fast food burgers aren't complete without those little ketchup packets. ||Let's make one.,!!TUTORIAL_ID21_TEXT1,n/a,n/a,n/a,n/a,-1,-1,n/a,-1,n/a,n/a,-1,-1,-1,-1
46,21,quest_start,n/a,KetchupPacket.png,n/a,n/a,n/a,!!QUEST_CRAFT_KETCHUP,n/a,n/a,n/a,-1,-1,n/a,-1,n/a,n/a,-1,-1,-1,-1
47,22,quest_complete,n/a,KetchupPacket.png,n/a,n/a,n/a,!!QUEST_CRAFT_KETCHUP,n/a,n/a,n/a,-1,-1,n/a,-1,n/a,n/a,-1,-1,-1,-1
48,23,character,mrkrabsportrait_moneygrubbing,n/a,n/a,Hey SpongeBob why don't you go check on the veggies.,!!TUTORIAL_ID23_TEXT1,n/a,n/a,n/a,n/a,-1,-1,n/a,-1,n/a,n/a,-1,-1,-1,-1
49,23,quest_start,n/a,Tomato_Ready.png,n/a,n/a,n/a,!!QUEST_COLLECT_GARDEN,n/a,n/a,n/a,-1,-1,n/a,-1,n/a,n/a,-1,-1,-1,-1
50,24,quest_complete,n/a,Tomato_Ready.png,n/a,n/a,n/a,!!QUEST_COLLECT_GARDEN,n/a,n/a,n/a,-1,-1,n/a,-1,n/a,n/a,-1,-1,-1,-1
51,25,character,mrkrabsportrait_moneygrubbing,n/a,n/a,Hey SpongeBob I think the Pipsqueak Patty is ready. ||Hurry! I think I hear Barnacleboy coming!,!!TUTORIAL_ID23_TEXT1,n/a,n/a,n/a,n/a,-1,-1,n/a,-1,n/a,n/a,-1,-1,-1,-1
52,25,quest_start,n/a,PipsqueakPatty.png,n/a,n/a,n/a,!!QUEST_CRAFT_COLLECT_PP,n/a,n/a,n/a,-1,-1,n/a,-1,n/a,n/a,-1,-1,-1,-1
53,26,quest_complete,n/a,PipsqueakPatty.png,n/a,n/a,n/a,!!QUEST_CRAFT_COLLECT_PP,n/a,n/a,n/a,-1,-1,n/a,-1,n/a,n/a,-1,-1,-1,-1
54,28,quest_complete,n/a,RealtySign.png,n/a,n/a,n/a,!!TUTORIAL_TITLE_EXPAND,n/a,n/a,n/a,-1,-1,n/a,-1,n/a,n/a,-1,-1,-1,-1
55,30,character,spongebob_happy.png,n/a,n/a,Ahh...Bikini Bottom! ||It's everything I dreamed it would be!,!!TUTORIAL_ID30_TEXT1,n/a,n/a,n/a,n/a,-1,-1,n/a,-1,n/a,n/a,-1,-1,-1,-1
56,30,character,spongebob_happy.png,n/a,n/a,And there it is...||The finest eating establishment ever established for eating... ||The Krusty Krab!,!!TUTORIAL_ID30_TEXT2,n/a,n/a,n/a,n/a,-1,-1,SB_KrustyKrab,-1,n/a,n/a,-1,-1,-1,-1
57,30,character,Portrait_SpongeBob.png,n/a,n/a,I've been training my whole life for the day I could join the Krusty crew!,!!TUTORIAL_ID30_TEXT3,n/a,n/a,n/a,n/a,-1,-1,n/a,-1,n/a,n/a,-1,-1,-1,-1
58,30,character,mrkrabsportrait_moneygrubbing,n/a,n/a,Well here ya are boy. ||It's me the Krusty Krab proprietor and resident money man Eugene H. Krabs.,!!TUTORIAL_ID30_TEXT4,n/a,n/a,n/a,n/a,-1,-1,MK_AhoyBucko,-1,n/a,n/a,-1,-1,-1,-1
59,30,character,mrkrabsportrait_stern,n/a,n/a,First things first me boy: find a place to live then we'll get to work!,!!TUTORIAL_ID30_TEXT5,n/a,n/a,n/a,n/a,-1,-1,n/a,-1,n/a,n/a,-1,-1,-1,-1
60,30,character,spongebob_happy.png,n/a,n/a,Sir yes sir!,!!TUTORIAL_ID30_TEXT6,n/a,n/a,n/a,n/a,-1,-1,SB_SirYesSir,-1,n/a,n/a,-1,-1,-1,-1
61,30,quest_start,n/a,SpongebobPortrait.png,n/a,n/a,n/a,!!TUTORIAL_TITLE_MOVEIN,n/a,n/a,n/a,-1,-1,SB_LetsBuildPineapple,-1,n/a,n/a,-1,-1,-1,-1
62,31,quest_complete,n/a,SpongebobPortrait.png,n/a,n/a,n/a,!!TUTORIAL_TITLE_MOVEIN,n/a,n/a,n/a,-1,-1,n/a,-1,n/a,n/a,-1,-1,-1,-1
63,32,character,mrkrabsportrait_stern,n/a,n/a,You seem to be getting your sea legs but do ye have what it takes to make a Krabby Patty? ||To work at the Krusty Krab?,!!TUTORIAL_ID23_TEXT1,n/a,n/a,n/a,n/a,-1,-1,n/a,-1,n/a,n/a,-1,-1,-1,-1
64,32,character,MrKrabsPortrait_Whaddayamean.png,n/a,n/a,A good chef knows how to manage their time efficiently. ||Let's plant an ONION now since that will take the longest.,!!TUTORIAL_ID23_TEXT1,n/a,n/a,n/a,n/a,-1,-1,n/a,-1,n/a,n/a,-1,-1,-1,-1
65,32,quest_start,n/a,onion.png,n/a,n/a,n/a,!!QUEST_ONION,n/a,n/a,n/a,-1,-1,n/a,-1,n/a,n/a,-1,-1,-1,-1
66,33,quest_complete,n/a,onion.png,n/a,n/a,n/a,!!QUEST_ONION,n/a,n/a,n/a,-1,-1,n/a,-1,n/a,n/a,-1,-1,-1,-1
67,34,character,mrkrabsportrait_stern,n/a,n/a,The last step is to put it all together. ||Get in the kitchen and finish me Krabby Patty boy!,!!TUTORIAL_ID19_TEXT1,n/a,n/a,n/a,n/a,-1,-1,MK_PattiesNeedFlipping,-1,n/a,n/a,-1,-1,-1,-1
68,34,character,spongebob_happy,n/a,n/a,Oh boy my very first Krabby Patty!,!!TUTORIAL_ID19_TEXT2,n/a,n/a,n/a,n/a,-1,-1,n/a,-1,n/a,n/a,-1,-1,-1,-1
69,34,quest_start,n/a,KrabbyPatty.png,n/a,n/a,n/a,!!TUTORIAL_TITLE_CRAFT_KRABBYPATTY,n/a,n/a,n/a,-1,-1,n/a,-1,n/a,n/a,-1,-1,-1,-1
70,35,character,spongebob_happy,n/a,n/a,Let's place a wood bench to add some small town charm!,!!TUTORIAL_ID35_TEXT1,n/a,n/a,n/a,n/a,-1,-1,SB_OneHorseTown,-1,n/a,n/a,-1,-1,-1,-1
71,35,quest_start,n/a,Bench_brown.png,n/a,n/a,n/a,!!TUTORIAL_TITLE_BENCH,n/a,n/a,n/a,-1,-1,n/a,-1,n/a,n/a,-1,-1,-1,-1
72,36,quest_complete,n/a,Bench_brown.png,n/a,n/a,n/a,!!TUTORIAL_TITLE_BENCH,n/a,n/a,n/a,-1,-1,n/a,-1,n/a,n/a,-1,-1,-1,-1
73,37,character,mrkrabsportrait_stern,n/a,n/a,SpongeBob! ||We're gonna need a supplier for warm toasty buns! ||Time to build a bakery!,!!TUTORIAL_ID37_TEXT1,n/a,n/a,n/a,n/a,-1,-1,n/a,-1,n/a,n/a,-1,-1,-1,-1
74,37,quest_start,n/a,Icon_Bakery.png,n/a,n/a,n/a,!!TUTORIAL_TITLE_BUILD_BAKERY,n/a,n/a,n/a,-1,-1,n/a,-1,n/a,n/a,-1,-1,-1,-1
75,38,quest_complete,n/a,Icon_Bakery.png,n/a,n/a,n/a,!!TUTORIAL_TITLE_BUILD_BAKERY,n/a,n/a,n/a,-1,-1,n/a,-1,n/a,n/a,-1,-1,-1,-1
76,39,character,mrkrabsportrait_stern,n/a,n/a,Let's give that Pipsqueak Patty a taste. ||If it's up to snuff I'll give you a shot to earn the title FRY COOK!,!!TUTORIAL_ID39_TEXT1,n/a,n/a,n/a,n/a,-1,-1,n/a,-1,n/a,n/a,-1,-1,-1,-1
77,39,quest_start,n/a,PipsqueakPatty.png,n/a,n/a,n/a,!!QUEST_FEED_KRABS_PP,n/a,n/a,n/a,-1,-1,n/a,-1,n/a,n/a,-1,-1,-1,-1
78,40,quest_complete,n/a,PipsqueakPatty.png,n/a,n/a,n/a,!!QUEST_FEED_KRABS_PP,n/a,n/a,n/a,-1,-1,n/a,-1,n/a,n/a,-1,-1,-1,-1
79,41,character,spongebob_happy.png,n/a,n/a,Hey look!! ||We got a SPECIAL REWARD for feeding Mr. Krabs what he was WISHING for. ||Let's give that treasure chest a TAP!,!!TUTORIAL_ID41_TEXT1,n/a,n/a,n/a,n/a,-1,-1,n/a,-1,n/a,n/a,-1,-1,-1,-1
80,41,character,mrkrabsportrait_stern,n/a,n/a,And then the final challenge begins! ||Whaddaya say lad are ye good enough to be the Krusty Krab's next top FRY COOK?,!!TUTORIAL_ID41_TEXT2,n/a,n/a,n/a,n/a,-1,-1,n/a,-1,n/a,n/a,-1,-1,-1,-1
81,41,quest_start,n/a,TreasureChest_Closed.png,n/a,n/a,n/a,!!QUEST_COLLECT_REWARD,n/a,n/a,n/a,-1,-1,n/a,-1,n/a,n/a,-1,-1,-1,-1
82,42,quest_complete,n/a,TreasureChest_Closed.png,n/a,n/a,n/a,!!QUEST_COLLECT_REWARD,n/a,n/a,n/a,-1,-1,n/a,-1,n/a,n/a,-1,-1,-1,-1
83,43,character,spongebob_happy.png,n/a,n/a,Look at all those fresh veggies just waiting to be tapped! ||Let's go buddy it's as easy as one two three!,!!TUTORIAL_ID43_TEXT1,n/a,n/a,n/a,n/a,-1,-1,n/a,-1,n/a,n/a,-1,-1,-1,-1
84,43,quest_start,n/a,Ready_Lettuce.png,n/a,n/a,n/a,!!QUEST_COLLECT_GARDEN,n/a,n/a,n/a,-1,-1,n/a,-1,n/a,n/a,-1,-1,-1,-1
85,44,quest_complete,n/a,Ready_Lettuce.png,n/a,n/a,n/a,!!QUEST_COLLECT_GARDEN,n/a,n/a,n/a,-1,-1,n/a,-1,n/a,n/a,-1,-1,-1,-1
86,46,quest_complete,n/a,Lettuce_FullGrown.png,n/a,n/a,n/a,!!TUTORIAL_TITLE_BUILD_GARDEN,n/a,n/a,n/a,-1,-1,n/a,-1,n/a,n/a,-1,-1,-1,-1
87,48,character,mrkrabsportrait_moneygrubbing,n/a,n/a,Great job! ||But we be needin' more fixins for the Krabby Patties.,!!TUTORIAL_ID39_TEXT1,n/a,n/a,n/a,n/a,-1,-1,n/a,-1,n/a,n/a,-1,-1,-1,-1
88,48,character,spongebob_happy.png,n/a,n/a,Nothing would make me happier! ||Lettuce get started... ||Hahahahaha!,!!TUTORIAL_ID39_TEXT2,n/a,n/a,n/a,n/a,-1,-1,SB_Laugh,-1,n/a,n/a,-1,-1,-1,-1
89,48,character,mrkrabsportrait_stern,n/a,n/a,...,!!TUTORIAL_ID39_TEXT3,n/a,n/a,n/a,n/a,-1,-1,n/a,-1,n/a,n/a,-1,-1,-1,-1
90,48,quest_start,n/a,Ready_Lettuce.png,n/a,n/a,n/a,!!QUEST_LETTUCE_2,n/a,n/a,n/a,-1,-1,n/a,-1,n/a,n/a,-1,-1,-1,-1
91,49,character,mrkrabsportrait_moneygrubbing,n/a,n/a,Good work lad! ||Keep planting crops to make me money uh I mean to make ingredients for those mouth-watering Krabby Patties!,!!TUTORIAL_ID20_TEXT1,n/a,n/a,n/a,n/a,-1,-1,MK_KrustyKrabEmployee,-1,n/a,n/a,-1,-1,-1,-1
92,49,quest_complete,n/a,Ready_Lettuce.png,n/a,n/a,n/a,!!QUEST_LETTUCE_2,n/a,n/a,n/a,-1,-1,n/a,-1,n/a,n/a,-1,-1,-1,-1
93,50,character,mrkrabsportrait_moneygrubbing,n/a,n/a,Are ye ready lad? ||This is your moment SpongeBob do me proud!,!!TUTORIAL_ID50_TEXT1,n/a,n/a,n/a,n/a,-1,-1,n/a,-1,n/a,n/a,-1,-1,-1,-1
94,50,character,spongebob_happy.png,n/a,n/a,Mr. Krabs with mighty spatula in hand... ||I will brave grease fires and borderline health code violations to become your new FRY COOK!,!!TUTORIAL_ID50_TEXT2,n/a,n/a,n/a,n/a,-1,-1,n/a,-1,n/a,n/a,-1,-1,-1,-1
95,50,character,mrkrabsportrait_moneygrubbing,n/a,n/a,We need another PATTY to start... ||But fast food burgers aren't complete without those little KETCHUP packets so let's make one of those as well.,!!TUTORIAL_ID21_TEXT1,n/a,n/a,n/a,n/a,-1,-1,n/a,-1,n/a,n/a,-1,-1,-1,-1
96,50,quest_start,n/a,KrustyKrab.png,n/a,n/a,n/a,!!QUEST_CRAFT_PATTY_N_KETCHUP,n/a,n/a,n/a,-1,-1,n/a,-1,n/a,n/a,-1,-1,-1,-1
97,51,quest_complete,n/a,KrustyKrab.png,n/a,n/a,n/a,!!QUEST_CRAFT_PATTY_N_KETCHUP,n/a,n/a,n/a,-1,-1,n/a,-1,n/a,n/a,-1,-1,-1,-1
98,53,character,spongebob_happy.png,n/a,n/a,Wow! ||It's absolutely everything I ever dreamed it would be!,!!TUTORIAL_ID23_TEXT1,n/a,n/a,n/a,n/a,-1,-1,n/a,-1,n/a,n/a,-1,-1,-1,-1
99,53,character,spongebob_happy.png,n/a,n/a,The Krabby Patty is my one true love.,!!TUTORIAL_ID23_TEXT2,n/a,n/a,n/a,n/a,-1,-1,SB_KrabbyPattyTrueLove,-1,n/a,n/a,-1,-1,-1,-1
100,53,quest_start,n/a,KrabbyPatty.png,n/a,n/a,n/a,!!TUTORIAL_TITLE_FEED_SPONGEBOB,n/a,n/a,n/a,-1,-1,n/a,-1,n/a,n/a,-1,-1,-1,-1
101,54,quest_complete,n/a,KrabbyPatty.png,n/a,n/a,n/a,!!TUTORIAL_TITLE_FEED_SPONGEBOB,n/a,n/a,n/a,-1,-1,n/a,-1,n/a,n/a,-1,-1,-1,-1
102,55,character,MrKrabsPortrait_Whaddayamean.png,n/a,n/a,SpongeBob!!! Do I smell smoke? ||Better tend to that patty I spent good money for that!,!!TUTORIAL_ID55_TEXT1,n/a,n/a,n/a,n/a,-1,-1,n/a,-1,n/a,n/a,-1,-1,-1,-1
103,55,character,mrkrabsportrait_stern.png,n/a,n/a,Actually I got it on sale but it's the principle!,!!TUTORIAL_ID55_TEXT2,n/a,n/a,n/a,n/a,-1,-1,n/a,-1,n/a,n/a,-1,-1,-1,-1
104,55,quest_start,n/a,Patty.png,n/a,n/a,n/a,!!QUEST_COLLECT_PATTY,n/a,n/a,n/a,-1,-1,n/a,-1,n/a,n/a,-1,-1,-1,-1
105,56,quest_complete,n/a,Patty.png,n/a,n/a,n/a,!!QUEST_COLLECT_PATTY,n/a,n/a,n/a,-1,-1,n/a,-1,n/a,n/a,-1,-1,-1,-1
106,57,quest_start,n/a,onion.png,n/a,n/a,n/a,!!QUEST_COLLECT_ONION,n/a,n/a,n/a,-1,-1,n/a,-1,n/a,n/a,-1,-1,-1,-1
107,58,quest_complete,n/a,onion.png,n/a,n/a,n/a,!!QUEST_COLLECT_ONION,n/a,n/a,n/a,-1,-1,n/a,-1,n/a,n/a,-1,-1,-1,-1
108,59,quest_start,n/a,Ready_Tomato.png,n/a,n/a,n/a,!!QUEST_TOMATO_2,n/a,n/a,n/a,-1,-1,n/a,-1,n/a,n/a,-1,-1,-1,-1
109,60,quest_complete,n/a,Ready_Tomato.png,n/a,n/a,n/a,!!QUEST_TOMATO_2,n/a,n/a,n/a,-1,-1,n/a,-1,n/a,n/a,-1,-1,-1,-1
110,61,character,MrKrabsPortrait_Whaddayamean.png,n/a,n/a,Alrighty let's start you off with something that's practically fail-proof...,!!TUTORIAL_ID61_TEXT1,n/a,n/a,n/a,n/a,-1,-1,n/a,-1,n/a,n/a,-1,-1,-1,-1
111,61,character,mrkrabsportrait_stern.png,n/a,n/a,I say practically because I had my cousin try out for the job and...||It's a long story just make me a salad boy!,!!TUTORIAL_ID61_TEXT2,n/a,n/a,n/a,n/a,-1,-1,n/a,-1,n/a,n/a,-1,-1,-1,-1
112,61,quest_start,n/a,Salad.png,n/a,n/a,n/a,!!QUEST_CRAFT_SALAD,n/a,n/a,n/a,-1,-1,n/a,-1,n/a,n/a,-1,-1,-1,-1
113,62,quest_complete,n/a,Salad.png,n/a,n/a,n/a,!!QUEST_CRAFT_SALAD,n/a,n/a,n/a,-1,-1,n/a,-1,n/a,n/a,-1,-1,-1,-1
114,63,character,MrKrabsPortrait_Whaddayamean.png,n/a,n/a,SpongeBob!! ||I don't have all day! ||Here take this...,!!TUTORIAL_ID63_TEXT1,n/a,n/a,n/a,n/a,-1,-1,n/a,-1,n/a,n/a,-1,-1,-1,-1
115,63,character,IconJellyfishJelly.png,n/a,n/a,Use this to instantly finish the Krabby Patty.,!!TUTORIAL_ID63_TEXT2,n/a,n/a,n/a,n/a,-1,-1,n/a,-1,n/a,n/a,-1,-1,-1,-1
116,64,quest_complete,n/a,KrabbyPatty.png,n/a,n/a,n/a,!!TUTORIAL_TITLE_CRAFT_KRABBYPATTY,n/a,n/a,n/a,-1,-1,n/a,-1,n/a,n/a,-1,-1,-1,-1
117,65,quest_start,n/a,TreasureChest_Closed.png,n/a,n/a,n/a,!!QUEST_COLLECT_REWARD,n/a,n/a,n/a,-1,-1,n/a,-1,n/a,n/a,-1,-1,-1,-1
118,66,quest_complete,n/a,TreasureChest_Closed.png,n/a,n/a,n/a,!!QUEST_COLLECT_REWARD,n/a,n/a,n/a,-1,-1,n/a,-1,n/a,n/a,-1,-1,-1,-1
119,67,quest_start,n/a,Patty.png,n/a,n/a,n/a,!!QUEST_COLLECT_PATTY_2,n/a,n/a,n/a,-1,-1,n/a,-1,n/a,n/a,-1,-1,-1,-1
120,68,quest_complete,n/a,Patty.png,n/a,n/a,n/a,!!QUEST_COLLECT_PATTY_2,n/a,n/a,n/a,-1,-1,n/a,-1,n/a,n/a,-1,-1,-1,-1
121,69,character,mrkrabsportrait_moneygrubbing.png,n/a,n/a,Time for a er surprise inspection! ||Have to make sure your cooking is up to Krusty Krab standards!,!!TUTORIAL_ID32_TEXT1,n/a,n/a,n/a,n/a,-1,-1,n/a,-1,n/a,n/a,-1,-1,-1,-1
122,69,quest_start,n/a,KrabbyPatty.png,n/a,n/a,n/a,!!QUEST_CRAFT_COLLECT_KRABBYPATTY,n/a,n/a,n/a,-1,-1,n/a,-1,n/a,n/a,-1,-1,-1,-1
123,70,quest_complete,n/a,KrabbyPatty.png,n/a,n/a,n/a,!!QUEST_CRAFT_COLLECT_KRABBYPATTY,n/a,n/a,n/a,-1,-1,n/a,-1,n/a,n/a,-1,-1,-1,-1
124,72,quest_start,n/a,PineTree_green.png,n/a,n/a,n/a,!!TUTORIAL_TITLE_TREES,n/a,n/a,n/a,-1,-1,n/a,-1,n/a,n/a,-1,-1,-1,-1
125,73,quest_complete,n/a,PineTree_green.png,n/a,n/a,n/a,!!TUTORIAL_TITLE_TREES,n/a,n/a,n/a,-1,-1,n/a,-1,n/a,n/a,-1,-1,-1,-1
126,74,character,realtorportrait_happy.png,n/a,n/a,Way to go! ||But we need to clean that stuff up so there will be even more room to build!,!!TUTORIAL_ID25_TEXT1,n/a,n/a,n/a,n/a,-1,-1,n/a,-1,n/a,n/a,-1,-1,-1,-1
127,74,quest_start,n/a,Plant3_Medium.png,n/a,n/a,n/a,!!QUEST_DEBRIS,n/a,n/a,n/a,-1,-1,n/a,-1,n/a,n/a,-1,-1,-1,-1
128,75,character,IconJellyfishJelly.png,n/a,n/a,Mr. Krabs! Look what I found under that seaweed it's a jar of extremely rare Jellyfish Jelly!,!!TUTORIAL_ID9_TEXT1,n/a,n/a,n/a,n/a,-1,-1,SB_MrKrabsMrKrabs,-1,n/a,n/a,-1,-1,-1,-1
129,75,character,mrkrabsportrait_moneygrubbing.png,n/a,n/a,Rare you say? Then it must be valuable!,!!TUTORIAL_ID9_TEXT2,n/a,n/a,n/a,n/a,-1,-1,n/a,-1,n/a,n/a,-1,-1,-1,-1
130,75,character,mrkrabsportrait_moneygrubbing.png,n/a,n/a,Jellyfish Jelly is used to speed things up and buy special items.,!!TUTORIAL_ID9_TEXT3,n/a,n/a,n/a,n/a,-1,-1,n/a,-1,n/a,n/a,-1,-1,-1,-1
131,75,quest_complete,n/a,Plant3_Medium.png,n/a,n/a,n/a,!!QUEST_DEBRIS,n/a,n/a,n/a,-1,-1,n/a,-1,n/a,n/a,-1,-1,-1,-1
132,76,quest_start,n/a,KrabbyPatty.png,n/a,n/a,n/a,!!QUEST_CRAFT_COLLECT_KRABBYPATTY,n/a,n/a,n/a,-1,-1,n/a,-1,n/a,n/a,-1,-1,-1,-1
133,77,quest_complete,n/a,KrabbyPatty.png,n/a,n/a,n/a,!!QUEST_CRAFT_COLLECT_KRABBYPATTY,n/a,n/a,n/a,-1,-1,n/a,-1,n/a,n/a,-1,-1,-1,-1
134,78,quest_start,n/a,KetchupPacket.png,n/a,n/a,n/a,!!QUEST_COLLECT_KETCHUP_2,n/a,n/a,n/a,-1,-1,n/a,-1,n/a,n/a,-1,-1,-1,-1
135,79,quest_complete,n/a,KetchupPacket.png,n/a,n/a,n/a,!!QUEST_COLLECT_KETCHUP_2,n/a,n/a,n/a,-1,-1,n/a,-1,n/a,n/a,-1,-1,-1,-1
136,80,quest_start,n/a,Ready_Tomato.png,n/a,n/a,n/a,!!QUEST_COLLECT_TOMATOES_4,n/a,n/a,n/a,-1,-1,n/a,-1,n/a,n/a,-1,-1,-1,-1
137,81,quest_complete,n/a,Ready_Tomato.png,n/a,n/a,n/a,!!QUEST_COLLECT_TOMATOES_4,n/a,n/a,n/a,-1,-1,n/a,-1,n/a,n/a,-1,-1,-1,-1
138,82,quest_start,n/a,KrustyKrab.png,n/a,n/a,n/a,!!QUEST_COLLECT_SALAD,n/a,n/a,n/a,-1,-1,n/a,-1,n/a,n/a,-1,-1,-1,-1
139,83,quest_complete,n/a,KrustyKrab.png,n/a,n/a,n/a,!!QUEST_COLLECT_SALAD,n/a,n/a,n/a,-1,-1,n/a,-1,n/a,n/a,-1,-1,-1,-1
140,84,quest_start,n/a,onion.png,n/a,n/a,n/a,!!TUTORIAL_TITLE_CRAFT_COLLECT_ONION,n/a,n/a,n/a,-1,-1,n/a,-1,n/a,n/a,-1,-1,-1,-1
141,85,quest_complete,n/a,onion.png,n/a,n/a,n/a,!!TUTORIAL_TITLE_CRAFT_COLLECT_ONION,n/a,n/a,n/a,-1,-1,n/a,-1,n/a,n/a,-1,-1,-1,-1
142,86,quest_start,n/a,KrustyKrab.png,n/a,n/a,n/a,!!QUEST_COLLECT_PATTY_KETCHUP,n/a,n/a,n/a,-1,-1,n/a,-1,n/a,n/a,-1,-1,-1,-1
143,87,quest_complete,n/a,KrustyKrab.png,n/a,n/a,n/a,!!QUEST_COLLECT_PATTY_KETCHUP,n/a,n/a,n/a,-1,-1,n/a,-1,n/a,n/a,-1,-1,-1,-1
144,88,quest_start,n/a,Ready_Lettuce.png,n/a,n/a,n/a,!!QUEST_LETTUCE_3,n/a,n/a,n/a,-1,-1,n/a,-1,n/a,n/a,-1,-1,-1,-1
145,89,quest_complete,n/a,Ready_Lettuce.png,n/a,n/a,n/a,!!QUEST_LETTUCE_3,n/a,n/a,n/a,-1,-1,n/a,-1,n/a,n/a,-1,-1,-1,-1
146,90,quest_start,n/a,Salad.png,n/a,n/a,n/a,!!QUEST_FEED_SPONGEBOB_SALAD,n/a,n/a,n/a,-1,-1,n/a,-1,n/a,n/a,-1,-1,-1,-1
147,91,quest_complete,n/a,Salad.png,n/a,n/a,n/a,!!QUEST_FEED_SPONGEBOB_SALAD,n/a,n/a,n/a,-1,-1,n/a,-1,n/a,n/a,-1,-1,-1,-1
148,92,quest_start,n/a,KrabbyPatty.png,n/a,n/a,n/a,!!QUEST_CRAFT_KRABBYPATTY,n/a,n/a,n/a,-1,-1,n/a,-1,n/a,n/a,-1,-1,-1,-1
149,93,quest_complete,n/a,KrabbyPatty.png,n/a,n/a,n/a,!!QUEST_CRAFT_KRABBYPATTY,n/a,n/a,n/a,-1,-1,n/a,-1,n/a,n/a,-1,-1,-1,-1
150,94,quest_start,n/a,KrabbyPatty.png,n/a,n/a,n/a,!!TUTORIAL_TITLE_COLLECT_KRABBYPATTY,n/a,n/a,n/a,-1,-1,n/a,-1,n/a,n/a,-1,-1,-1,-1
151,95,quest_complete,n/a,KrabbyPatty.png,n/a,n/a,n/a,!!TUTORIAL_TITLE_COLLECT_KRABBYPATTY,n/a,n/a,n/a,-1,-1,n/a,-1,n/a,n/a,-1,-1,-1,-1
152,96,character,spongebob_happy.png,n/a,n/a,Hey! We should buy a Land Expansion so we'll have more room to build stuff!,!!TUTORIAL_ID96_TEXT1,n/a,n/a,n/a,n/a,-1,-1,n/a,-1,n/a,n/a,-1,-1,-1,-1
153,96,quest_start,n/a,RealtySign.png,n/a,n/a,n/a,!!TUTORIAL_TITLE_EXPAND,n/a,n/a,n/a,-1,-1,n/a,-1,n/a,n/a,-1,-1,-1,-1
154,97,quest_complete,n/a,RealtySign.png,n/a,n/a,n/a,!!TUTORIAL_TITLE_EXPAND,n/a,n/a,n/a,-1,-1,n/a,-1,n/a,n/a,-1,-1,-1,-1
155,98,character,spongebob_happy.png,n/a,n/a,Way to go buddy! ||Look at all that extra space. ||Now let's use a shovel to dig up some of that seaweed!,!!TUTORIAL_ID98_TEXT1,n/a,n/a,n/a,n/a,-1,-1,n/a,-1,n/a,n/a,-1,-1,-1,-1
156,98,quest_start,n/a,Plant3_Medium.png,n/a,n/a,n/a,!!QUEST_DEBRIS,n/a,n/a,n/a,-1,-1,n/a,-1,n/a,n/a,-1,-1,-1,-1
157,99,quest_complete,n/a,Plant3_Medium.png,n/a,n/a,n/a,!!QUEST_DEBRIS,n/a,n/a,n/a,-1,-1,n/a,-1,n/a,n/a,-1,-1,-1,-1
158,100,character,spongebob_happy.png,n/a,n/a,People are loving the Krusty Krab and want to move here to be close to the smell!||Let's build some houses for our new residents!,!!TUTORIAL_ID5_TEXT1,n/a,n/a,n/a,n/a,-1,-1,n/a,-1,n/a,n/a,-1,-1,-1,-1
159,100,character,mrkrabsportrait_moneygrubbing.png,n/a,n/a,I like the sound of that! ||More paying customers! ||Keep that grill hot SpongeBob!,!!TUTORIAL_ID5_TEXT2,n/a,n/a,n/a,n/a,-1,-1,MK_Chaching,-1,n/a,n/a,-1,-1,-1,-1
160,100,quest_start,n/a,FishHouse1.png,n/a,n/a,n/a,!!TUTORIAL_TITLE_BUILD_3_HOUSES,n/a,n/a,n/a,-1,-1,n/a,-1,n/a,n/a,-1,-1,-1,-1
161,101,quest_complete,n/a,FishHouse1.png,n/a,n/a,n/a,!!TUTORIAL_TITLE_BUILD_3_HOUSES,n/a,n/a,n/a,-1,-1,n/a,-1,n/a,n/a,-1,-1,-1,-1
162,130,character,spongebob_happy.png,n/a,n/a,Hey Mr. Krabs that new salad looks delicious. ||I'd love to try it!,!!TUTORIAL_ID130_TEXT1,n/a,n/a,n/a,n/a,-1,-1,n/a,-1,n/a,n/a,-1,-1,-1,-1
163,130,character,mrkrabsportrait_stern,n/a,n/a,You're right it does look mighty tasty lad. ||You can have Toast!,!!TUTORIAL_ID130_TEXT2,n/a,n/a,n/a,n/a,-1,-1,n/a,-1,n/a,n/a,-1,-1,-1,-1
164,130,quest_start,n/a,Toast.png,n/a,n/a,n/a,!!QUEST_FEED_SPONGEBOB_TOAST,n/a,n/a,n/a,-1,-1,n/a,-1,n/a,n/a,-1,-1,-1,-1
165,131,character,Portrait_SpongeBob.png,n/a,n/a,Giving a hungry person something to eat will always get you a reward...,!!TUTORIAL_ID131_TEXT1,n/a,n/a,n/a,n/a,-1,-1,n/a,-1,n/a,n/a,-1,-1,-1,-1
166,131,character,spongebob_happy.png,n/a,n/a,But you will get a better prize including SPECIAL ITEMS if you give them what they WISH for.,!!TUTORIAL_ID131_TEXT2,n/a,n/a,n/a,n/a,-1,-1,n/a,-1,n/a,n/a,-1,-1,-1,-1
167,131,quest_complete,n/a,Toast.png,n/a,n/a,n/a,!!QUEST_FEED_SPONGEBOB_TOAST,n/a,n/a,n/a,-1,-1,n/a,-1,n/a,n/a,-1,-1,-1,-1
168,161,quest_start,n/a,CaesarSalad.png,n/a,n/a,n/a,!!QUEST_CRAFT_SEASIRSALAD,n/a,n/a,n/a,-1,-1,n/a,-1,n/a,n/a,-1,-1,-1,-1
169,162,quest_complete,n/a,CaesarSalad.png,n/a,n/a,n/a,!!QUEST_CRAFT_SEASIRSALAD,n/a,n/a,n/a,-1,-1,n/a,-1,n/a,n/a,-1,-1,-1,-1
170,200,quest_start,n/a,KrabbyPatty.png,n/a,n/a,n/a,!!QUEST_CRAFT_KRABBYPATTY_2,n/a,n/a,n/a,-1,-1,n/a,-1,n/a,n/a,-1,-1,-1,-1
171,201,quest_complete,n/a,KrabbyPatty.png,n/a,n/a,n/a,!!QUEST_CRAFT_KRABBYPATTY_2,n/a,n/a,n/a,-1,-1,n/a,-1,n/a,n/a,-1,-1,-1,-1
172,202,character,mrkrabsportrait_stern.png,n/a,n/a,Well a Krabby Patty ain't complete without a ripe juicy tomato!,!!TUTORIAL_ID27_TEXT1,n/a,n/a,n/a,n/a,-1,-1,MK_YoureGoodAtThis,-1,n/a,n/a,-1,-1,-1,-1
173,202,quest_start,n/a,Ready_Tomato.png,n/a,n/a,n/a,!!QUEST_TOMATO_2,n/a,n/a,n/a,-1,-1,n/a,-1,n/a,n/a,-1,-1,-1,-1
174,203,quest_complete,n/a,Ready_Tomato.png,n/a,n/a,n/a,!!QUEST_TOMATO_2,n/a,n/a,n/a,-1,-1,n/a,-1,n/a,n/a,-1,-1,-1,-1
175,204,character,mrkrabsportrait_moneygrubbing.png,n/a,n/a,SpongeBob! ||You have to try this Toast! ||This will be the best thing since sliced... um eh what was it now?,!!TUTORIAL_ID204_TEXT1,n/a,n/a,n/a,n/a,-1,-1,n/a,-1,n/a,n/a,-1,-1,-1,-1
176,204,quest_start,n/a,Toast.png,n/a,n/a,n/a,!!QUEST_FEED_SPONGEBOB_TOAST,n/a,n/a,n/a,-1,-1,n/a,-1,n/a,n/a,-1,-1,-1,-1
177,205,quest_complete,n/a,Toast.png,n/a,n/a,n/a,!!QUEST_FEED_SPONGEBOB_TOAST,n/a,n/a,n/a,-1,-1,n/a,-1,n/a,n/a,-1,-1,-1,-1
178,206,character,spongebob_happy.png,n/a,n/a,The place is coming along great Mr. Krabs! ||But the outside is looking a little bare.,!!TUTORIAL_ID206_TEXT1,n/a,n/a,n/a,n/a,-1,-1,n/a,-1,n/a,n/a,-1,-1,-1,-1
179,206,character,mrkrabsportrait_moneygrubbing.png,n/a,n/a,You're right lad. ||Why don't you place some flowers out front. ||Just don't spend too much!,!!TUTORIAL_ID206_TEXT2,n/a,n/a,n/a,n/a,-1,-1,n/a,-1,n/a,n/a,-1,-1,-1,-1
180,206,quest_start,n/a,Flowers_white.png,n/a,n/a,n/a,!!QUEST_WHITEFLOWER_1,n/a,n/a,n/a,-1,-1,n/a,-1,n/a,n/a,-1,-1,-1,-1
181,207,quest_complete,n/a,Flowers_white.png,n/a,n/a,n/a,!!QUEST_WHITEFLOWER_1,n/a,n/a,n/a,-1,-1,n/a,-1,n/a,n/a,-1,-1,-1,-1
182,208,quest_start,n/a,Icon_Bakery.png,n/a,n/a,n/a,!!TUTORIAL_TITLE_BUILD_BAKERY,n/a,n/a,n/a,-1,-1,n/a,-1,n/a,n/a,-1,-1,-1,-1
183,209,quest_complete,n/a,Icon_Bakery.png,n/a,n/a,n/a,!!TUTORIAL_TITLE_BUILD_BAKERY,n/a,n/a,n/a,-1,-1,n/a,-1,n/a,n/a,-1,-1,-1,-1
184,210,quest_start,n/a,KrustyKrab.png,n/a,n/a,n/a,!!QUEST_FEED_CITIZEN1,n/a,n/a,n/a,-1,-1,n/a,-1,n/a,n/a,-1,-1,-1,-1
185,211,quest_complete,n/a,KrustyKrab.png,n/a,n/a,n/a,!!QUEST_FEED_CITIZEN1,n/a,n/a,n/a,-1,-1,n/a,-1,n/a,n/a,-1,-1,-1,-1
186,212,quest_start,n/a,Lettuce_FullGrown.png,n/a,n/a,n/a,!!TUTORIAL_TITLE_BUILD_GARDEN,n/a,n/a,n/a,-1,-1,n/a,-1,n/a,n/a,-1,-1,-1,-1
187,213,quest_complete,n/a,Lettuce_FullGrown.png,n/a,n/a,n/a,!!TUTORIAL_TITLE_BUILD_GARDEN,n/a,n/a,n/a,-1,-1,n/a,-1,n/a,n/a,-1,-1,-1,-1
188,214,quest_start,n/a,Salad.png,n/a,n/a,n/a,!!QUEST_CRAFT_COLLECT_SALAD,n/a,n/a,n/a,-1,-1,n/a,-1,n/a,n/a,-1,-1,-1,-1
189,215,quest_complete,n/a,Salad.png,n/a,n/a,n/a,!!QUEST_CRAFT_COLLECT_SALAD,n/a,n/a,n/a,-1,-1,n/a,-1,n/a,n/a,-1,-1,-1,-1
190,216,character,mrkrabsportrait_stern.png,n/a,n/a,We need more fixin's for our Krabby Patties!,!!TUTORIAL_ID29_TEXT1,n/a,n/a,n/a,n/a,-1,-1,n/a,-1,n/a,n/a,-1,-1,-1,-1
191,216,quest_start,n/a,Ready_Lettuce.png,n/a,n/a,n/a,!!QUEST_LETTUCE_4,n/a,n/a,n/a,-1,-1,n/a,-1,n/a,n/a,-1,-1,-1,-1
192,217,quest_complete,n/a,Ready_Lettuce.png,n/a,n/a,n/a,!!QUEST_LETTUCE_4,n/a,n/a,n/a,-1,-1,n/a,-1,n/a,n/a,-1,-1,-1,-1
193,218,character,mrkrabsportrait_moneygrubbing.png,n/a,n/a,We have a 3-top of nice old ladies who all ordered House Salads. |Take good care of them SpongeBob.,!!TUTORIAL_ID240_TEXT1,n/a,n/a,n/a,n/a,-1,-1,n/a,-1,n/a,n/a,-1,-1,-1,-1
194,218,character,spongebob_happy.png,n/a,n/a,Aw gee Mr. Krabs I didn't know you were such a softy!,!!TUTORIAL_ID240_TEXT2,n/a,n/a,n/a,n/a,-1,-1,n/a,-1,n/a,n/a,-1,-1,-1,-1
195,218,character,mrkrabsportrait_stern.png,n/a,n/a,By take care of them I mean take their money and shuffle them off!,!!TUTORIAL_ID240_TEXT3,n/a,n/a,n/a,n/a,-1,-1,n/a,-1,n/a,n/a,-1,-1,-1,-1
196,218,quest_start,n/a,Salad.png,n/a,n/a,n/a,!!QUEST_CRAFT_COLLECT_SALAD_3,n/a,n/a,n/a,-1,-1,n/a,-1,n/a,n/a,-1,-1,-1,-1
197,219,quest_complete,n/a,Salad.png,n/a,n/a,n/a,!!QUEST_CRAFT_COLLECT_SALAD_3,n/a,n/a,n/a,-1,-1,n/a,-1,n/a,n/a,-1,-1,-1,-1
198,220,character,mrkrabsportrait_stern.png,n/a,n/a,Toast?! ||We can't serve customers toast they come here expecting quality food SpongeBob.,!!TUTORIAL_ID220_TEXT1,n/a,n/a,n/a,n/a,-1,-1,n/a,-1,n/a,n/a,-1,-1,-1,-1
199,220,character,Portrait_SpongeBob.png,n/a,n/a,It was really cheap.,!!TUTORIAL_ID220_TEXT2,n/a,n/a,n/a,n/a,-1,-1,n/a,-1,n/a,n/a,-1,-1,-1,-1
200,220,character,mrkrabsportrait_moneygrubbing.png,n/a,n/a,Toast for everyone!,!!TUTORIAL_ID220_TEXT3,n/a,n/a,n/a,n/a,-1,-1,n/a,-1,n/a,n/a,-1,-1,-1,-1
201,220,quest_start,n/a,Toast.png,n/a,n/a,n/a,!!QUEST_FEED_KRABS_TOAST,n/a,n/a,n/a,-1,-1,n/a,-1,n/a,n/a,-1,-1,-1,-1
202,221,quest_complete,n/a,Toast.png,n/a,n/a,n/a,!!QUEST_FEED_KRABS_TOAST,n/a,n/a,n/a,-1,-1,n/a,-1,n/a,n/a,-1,-1,-1,-1
203,222,character,mrkrabsportrait_stern.png,n/a,n/a,SpongeBob! ||I'm not paying you to stand around get us more fixin's for the Krabby Patties!,!!TUTORIAL_ID7_TEXT1,n/a,n/a,n/a,n/a,-1,-1,n/a,-1,n/a,n/a,-1,-1,-1,-1
204,222,quest_start,n/a,onion.png,n/a,n/a,n/a,!!QUEST_COLLECT_ONION_2,n/a,n/a,n/a,-1,-1,n/a,-1,n/a,n/a,-1,-1,-1,-1
205,223,quest_complete,n/a,onion.png,n/a,n/a,n/a,!!QUEST_COLLECT_ONION_2,n/a,n/a,n/a,-1,-1,n/a,-1,n/a,n/a,-1,-1,-1,-1
206,224,quest_start,n/a,SeedShop.png,n/a,n/a,n/a,!!QUEST_GROW_COLLECT,n/a,n/a,n/a,-1,-1,n/a,-1,n/a,n/a,-1,-1,-1,-1
207,225,quest_complete,n/a,SeedShop.png,n/a,n/a,n/a,!!QUEST_GROW_COLLECT,n/a,n/a,n/a,-1,-1,n/a,-1,n/a,n/a,-1,-1,-1,-1
208,226,character,mrkrabsportrait_stern.png,n/a,n/a,Hey SpongeBob those fixins should be ready by now.,!!TUTORIAL_ID36_TEXT1,n/a,n/a,n/a,n/a,-1,-1,n/a,-1,n/a,n/a,-1,-1,-1,-1
209,226,quest_start,n/a,SeedShop.png,n/a,n/a,n/a,!!QUEST_COLLECT_INGREDIENT,n/a,n/a,n/a,-1,-1,n/a,-1,n/a,n/a,-1,-1,-1,-1
210,227,quest_complete,n/a,SeedShop.png,n/a,n/a,n/a,!!QUEST_COLLECT_INGREDIENT,n/a,n/a,n/a,-1,-1,n/a,-1,n/a,n/a,-1,-1,-1,-1
211,228,character,mrkrabsportrait_moneygrubbing.png,n/a,n/a,Speaking of which yours should be ready by now!,!!TUTORIAL_ID34_TEXT1,n/a,n/a,n/a,n/a,-1,-1,n/a,-1,n/a,n/a,-1,-1,-1,-1
212,228,quest_start,n/a,KrabbyPatty.png,n/a,n/a,n/a,!!QUEST_CRAFT_COLLECT,n/a,n/a,n/a,-1,-1,n/a,-1,n/a,n/a,-1,-1,-1,-1
213,228,character,spongebob_happy,n/a,n/a,When a food item appears TAP to collect it.,!!TUTORIAL_ID34_TEXT2,n/a,n/a,n/a,n/a,-1,-1,SB_OrderUp,-1,n/a,n/a,-1,-1,-1,-1
214,229,quest_complete,n/a,KrabbyPatty.png,n/a,n/a,n/a,!!QUEST_CRAFT_COLLECT,n/a,n/a,n/a,-1,-1,n/a,-1,n/a,n/a,-1,-1,-1,-1
215,230,quest_start,n/a,KrabbyPatty.png,n/a,n/a,n/a,!!QUEST_CRAFT_COLLECT,n/a,n/a,n/a,-1,-1,n/a,-1,n/a,n/a,-1,-1,-1,-1
216,231,quest_complete,n/a,KrabbyPatty.png,n/a,n/a,n/a,!!QUEST_CRAFT_COLLECT,n/a,n/a,n/a,-1,-1,n/a,-1,n/a,n/a,-1,-1,-1,-1
217,232,character,spongebob_happy.png,n/a,n/a,Mr. Krabs wants more cheap food to sell at the Krusty Krab.||I wonder what goodies we can get from the Bakery?,!!TUTORIAL_ID232_TEXT1,n/a,n/a,n/a,n/a,-1,-1,n/a,-1,n/a,n/a,-1,-1,-1,-1
218,232,character,CookCitizen_Exhuberant.png,n/a,n/a,I have goodies that'll go BOOM on your tastebuds! ||Ready... Set... ||TOAST!,!!TUTORIAL_ID232_TEXT2,n/a,n/a,n/a,n/a,-1,-1,n/a,-1,n/a,n/a,-1,-1,-1,-1
219,232,quest_start,n/a,Toast.png,n/a,n/a,n/a,!!QUEST_CRAFT_TOAST,n/a,n/a,n/a,-1,-1,n/a,-1,n/a,n/a,-1,-1,-1,-1
220,233,quest_complete,n/a,Toast.png,n/a,n/a,n/a,!!QUEST_CRAFT_TOAST,n/a,n/a,n/a,-1,-1,n/a,-1,n/a,n/a,-1,-1,-1,-1
221,234,character,mrkrabsportrait_moneygrubbing.png,n/a,n/a,You can get new recipes by feeding people what they WISH for!,!!TUTORIAL_ID234_TEXT1,n/a,n/a,n/a,n/a,-1,-1,n/a,-1,n/a,n/a,-1,-1,-1,-1
222,234,character,spongebob_happy.png,n/a,n/a,I can't wait to make this new recipe. ||Let's get started!,!!TUTORIAL_ID234_TEXT2,n/a,n/a,n/a,n/a,-1,-1,SB_CantWaitMakeNewRecipe,-1,n/a,n/a,-1,-1,-1,-1
223,234,quest_start,n/a,Crutons.png,n/a,n/a,n/a,!!QUEST_CRAFT_CROUTONS,n/a,n/a,n/a,-1,-1,n/a,-1,n/a,n/a,-1,-1,-1,-1
224,235,quest_complete,n/a,Crutons.png,n/a,n/a,n/a,!!QUEST_CRAFT_CROUTONS,n/a,n/a,n/a,-1,-1,n/a,-1,n/a,n/a,-1,-1,-1,-1
225,236,character,spongebob_happy.png,n/a,n/a,Hey look!! ||We got a SPECIAL REWARD for feeding Mr. Krabs what he was WISHING for. ||Let's give that treasure chest a TAP!,!!TUTORIAL_ID236_TEXT1,n/a,n/a,n/a,n/a,-1,-1,n/a,-1,n/a,n/a,-1,-1,-1,-1
226,236,quest_start,n/a,TreasureChest_Closed.png,n/a,n/a,n/a,!!QUEST_COLLECT_REWARD,n/a,n/a,n/a,-1,-1,n/a,-1,n/a,n/a,-1,-1,-1,-1
227,237,quest_complete,n/a,TreasureChest_Closed.png,n/a,n/a,n/a,!!QUEST_COLLECT_REWARD,n/a,n/a,n/a,-1,-1,n/a,-1,n/a,n/a,-1,-1,-1,-1
228,238,character,mrkrabsportrait_stern.png,n/a,n/a,SpongeBob! ||I can't hear that sweet jingle of money in me pockets! |Pay up!,!!TUTORIAL_ID238_TEXT1,n/a,n/a,n/a,n/a,-1,-1,n/a,-1,n/a,n/a,-1,-1,-1,-1
229,238,quest_start,n/a,PineappleHouse.png,n/a,n/a,n/a,!!QUEST_COLLECT_RENT_SPONGEBOB,n/a,n/a,n/a,-1,-1,n/a,-1,n/a,n/a,-1,-1,-1,-1
230,239,quest_complete,n/a,PineappleHouse.png,n/a,n/a,n/a,!!QUEST_COLLECT_RENT_SPONGEBOB,n/a,n/a,n/a,-1,-1,n/a,-1,n/a,n/a,-1,-1,-1,-1
231,240,quest_start,n/a,Salad.png,n/a,n/a,n/a,!!QUEST_COLLECT_SALAD,n/a,n/a,n/a,-1,-1,n/a,-1,n/a,n/a,-1,-1,-1,-1
232,241,quest_complete,n/a,Salad.png,n/a,n/a,n/a,!!QUEST_COLLECT_SALAD,n/a,n/a,n/a,-1,-1,n/a,-1,n/a,n/a,-1,-1,-1,-1
233,242,character,spongebob_happy.png,n/a,n/a,There's a line outside the door Mr. Krabs! ||They look like healthy salad-eating folks.,!!TUTORIAL_ID242_TEXT1,n/a,n/a,n/a,n/a,-1,-1,n/a,-1,n/a,n/a,-1,-1,-1,-1
234,242,character,mrkrabsportrait_stern.png,n/a,n/a,Great Barrier Reef! ||Go plant us a bunch of veggies before they leave and go to that Kelpshake place I've been hearing about!,!!TUTORIAL_ID242_TEXT2,n/a,n/a,n/a,n/a,-1,-1,n/a,-1,n/a,n/a,-1,-1,-1,-1
235,242,quest_start,n/a,SeedShop.png,n/a,n/a,n/a,!!QUEST_LETTUCE_2,n/a,n/a,n/a,-1,-1,n/a,-1,n/a,n/a,-1,-1,-1,-1
236,243,quest_complete,n/a,SeedShop.png,n/a,n/a,n/a,!!QUEST_LETTUCE_2,n/a,n/a,n/a,-1,-1,n/a,-1,n/a,n/a,-1,-1,-1,-1
237,244,character,mrkrabsportrait_moneygrubbing.png,n/a,n/a,Word about the Krabby Patty is getting around! ||We have a family of four who drove in from Rock Bottom.,!!TUTORIAL_ID244_TEXT1,n/a,n/a,n/a,n/a,-1,-1,n/a,-1,n/a,n/a,-1,-1,-1,-1
238,244,character,spongebob_happy.png,n/a,n/a,Four tasty treats for the tourists coming up!,!!TUTORIAL_ID244_TEXT2,n/a,n/a,n/a,n/a,-1,-1,n/a,-1,n/a,n/a,-1,-1,-1,-1
239,244,quest_start,n/a,KrabbyPatty.png,n/a,n/a,n/a,!!QUEST_COLLECT_KRABBYPATTY_4,n/a,n/a,n/a,-1,-1,n/a,-1,n/a,n/a,-1,-1,-1,-1
240,245,quest_complete,n/a,KrabbyPatty.png,n/a,n/a,n/a,!!QUEST_COLLECT_KRABBYPATTY_4,n/a,n/a,n/a,-1,-1,n/a,-1,n/a,n/a,-1,-1,-1,-1
241,246,character,spongebob_quizzical.png,n/a,n/a,How you holding up Mr. Krabs?,!!TUTORIAL_ID246_TEXT1,n/a,n/a,n/a,n/a,-1,-1,n/a,-1,n/a,n/a,-1,-1,-1,-1
242,246,character,mrkrabsportrait_stern.png,n/a,n/a,I'm tuckered out me boy! ||All this managing isn't easy the constant yelling and pointing. ||Can ye get me something to eat laddie?,!!TUTORIAL_ID246_TEXT2,n/a,n/a,n/a,n/a,-1,-1,n/a,-1,n/a,n/a,-1,-1,-1,-1
243,246,quest_start,n/a,KrustyKrab.png,n/a,n/a,n/a,!!QUEST_FEED_KRABS_1,n/a,n/a,n/a,-1,-1,n/a,-1,n/a,n/a,-1,-1,-1,-1
244,247,quest_complete,n/a,KrustyKrab.png,n/a,n/a,n/a,!!QUEST_FEED_KRABS_1,n/a,n/a,n/a,-1,-1,n/a,-1,n/a,n/a,-1,-1,-1,-1
245,248,quest_start,n/a,Ready_Tomato.png,n/a,n/a,n/a,!!QUEST_COLLECT_TOMATOES,n/a,n/a,n/a,-1,-1,n/a,-1,n/a,n/a,-1,-1,-1,-1
246,249,quest_complete,n/a,Ready_Tomato.png,n/a,n/a,n/a,!!QUEST_COLLECT_TOMATOES,n/a,n/a,n/a,-1,-1,n/a,-1,n/a,n/a,-1,-1,-1,-1
247,250,character,Portrait_SpongeBob.png,n/a,n/a,Hey Mr. Krabs all this cooking has got my stomach rumbling. ||Can I get something to eat?,!!TUTORIAL_ID250_TEXT1,n/a,n/a,n/a,n/a,-1,-1,n/a,-1,n/a,n/a,-1,-1,-1,-1
248,250,character,mrkrabsportrait_stern.png,n/a,n/a,You know the drill. ||Just drop a bunch of coins on the ground when you're done.,!!TUTORIAL_ID250_TEXT2,n/a,n/a,n/a,n/a,-1,-1,n/a,-1,n/a,n/a,-1,-1,-1,-1
249,250,quest_start,n/a,KrustyKrab.png,n/a,n/a,n/a,!!QUEST_FEED_SPONGEBOB_1,n/a,n/a,n/a,-1,-1,n/a,-1,n/a,n/a,-1,-1,-1,-1
250,251,quest_complete,n/a,KrustyKrab.png,n/a,n/a,n/a,!!QUEST_FEED_SPONGEBOB_1,n/a,n/a,n/a,-1,-1,n/a,-1,n/a,n/a,-1,-1,-1,-1
251,252,character,mrkrabsportrait_stern.png,n/a,n/a,Keep making toast lad! ||Stop messing with those fancy croutons nobody ever wants a salad anyway.,!!TUTORIAL_ID252_TEXT1,n/a,n/a,n/a,n/a,-1,-1,n/a,-1,n/a,n/a,-1,-1,-1,-1
252,252,quest_start,n/a,Toast.png,n/a,n/a,n/a,!!QUEST_COLLECT_TOAST_20,n/a,n/a,n/a,-1,-1,n/a,-1,n/a,n/a,-1,-1,-1,-1
253,253,quest_complete,n/a,Toast.png,n/a,n/a,n/a,!!QUEST_COLLECT_TOAST_20,n/a,n/a,n/a,-1,-1,n/a,-1,n/a,n/a,-1,-1,-1,-1
254,254,quest_start,n/a,onion.png,n/a,n/a,n/a,!!QUEST_COLLECT_ONION_2,n/a,n/a,n/a,-1,-1,n/a,-1,n/a,n/a,-1,-1,-1,-1
255,255,quest_complete,n/a,onion.png,n/a,n/a,n/a,!!QUEST_COLLECT_ONION_2,n/a,n/a,n/a,-1,-1,n/a,-1,n/a,n/a,-1,-1,-1,-1
256,256,quest_start,n/a,Ready_Tomato.png,n/a,n/a,n/a,!!QUEST_COLLECT_TOMATO_16,n/a,n/a,n/a,-1,-1,n/a,-1,n/a,n/a,-1,-1,-1,-1
257,257,quest_complete,n/a,Ready_Tomato.png,n/a,n/a,n/a,!!QUEST_COLLECT_TOMATO_16,n/a,n/a,n/a,-1,-1,n/a,-1,n/a,n/a,-1,-1,-1,-1
258,258,quest_start,n/a,Ready_Tomato.png,n/a,n/a,n/a,!!QUEST_TOMATO_4,n/a,n/a,n/a,-1,-1,n/a,-1,n/a,n/a,-1,-1,-1,-1
259,259,quest_complete,n/a,Ready_Tomato.png,n/a,n/a,n/a,!!QUEST_TOMATO_4,n/a,n/a,n/a,-1,-1,n/a,-1,n/a,n/a,-1,-1,-1,-1
260,260,quest_start,n/a,Ready_Tomato.png,n/a,n/a,n/a,!!QUEST_COLLECT_TOMATOES_8,n/a,n/a,n/a,-1,-1,n/a,-1,n/a,n/a,-1,-1,-1,-1
261,261,quest_complete,n/a,Ready_Tomato.png,n/a,n/a,n/a,!!QUEST_COLLECT_TOMATOES_8,n/a,n/a,n/a,-1,-1,n/a,-1,n/a,n/a,-1,-1,-1,-1
262,262,quest_start,n/a,PineappleHouse.png,n/a,n/a,n/a,!!QUEST_COLLECT_RENT_SPONGEBOB_5,n/a,n/a,n/a,-1,-1,n/a,-1,n/a,n/a,-1,-1,-1,-1
263,263,quest_complete,n/a,PineappleHouse.png,n/a,n/a,n/a,!!QUEST_COLLECT_RENT_SPONGEBOB_5,n/a,n/a,n/a,-1,-1,n/a,-1,n/a,n/a,-1,-1,-1,-1
264,400,character,realtorportrait_happy.png,n/a,n/a,It's hard to have things like afternoon detention and Chemistry mishaps without a High School.  ||Let's build one!,!!TUTORIAL_ID400_TEXT1,n/a,n/a,n/a,n/a,-1,-1,n/a,-1,n/a,n/a,-1,-1,-1,-1
265,400,quest_start,n/a,HighSchool.png,n/a,n/a,n/a,!!QUEST_BUILD_HIGHSCHOOL,n/a,n/a,n/a,-1,-1,n/a,-1,n/a,n/a,-1,-1,-1,-1
266,401,quest_complete,n/a,HighSchool.png,n/a,n/a,n/a,!!QUEST_BUILD_HIGHSCHOOL,n/a,n/a,n/a,-1,-1,n/a,-1,n/a,n/a,-1,-1,-1,-1
267,402,character,realtorportrait_happy.png,n/a,n/a,Hi this is Bikini Bottom Realty calling with some great news! ||Barg' N-Mart has agreed to open a new location in your town!,!!TUTORIAL_ID21_TEXT1,n/a,n/a,n/a,n/a,-1,-1,n/a,-1,n/a,n/a,-1,-1,-1,-1
268,402,character,realtorportrait_happy.png,n/a,n/a,Soon you will have hordes of unsightly people shopping for swimwear!,!!TUTORIAL_ID21_TEXT2,n/a,n/a,n/a,n/a,-1,-1,n/a,-1,n/a,n/a,-1,-1,-1,-1
269,402,quest_start,n/a,BargNMart.png,n/a,n/a,n/a,!!QUEST_BUILD_BARGNMART,n/a,n/a,n/a,-1,-1,n/a,-1,n/a,n/a,-1,-1,-1,-1
270,403,quest_complete,n/a,BargNMart.png,n/a,n/a,n/a,!!QUEST_BUILD_BARGNMART,n/a,n/a,n/a,-1,-1,n/a,-1,n/a,n/a,-1,-1,-1,-1
271,404,character,realtorportrait_happy.png,n/a,n/a,The Tattletale Strangler is on the loose. ||We need to build a police station ASAP!,!!TUTORIAL_ID404_TEXT1,n/a,n/a,n/a,n/a,-1,-1,n/a,-1,n/a,n/a,-1,-1,-1,-1
272,404,quest_start,n/a,PoliceFishPortrait.png,n/a,n/a,n/a,!!QUEST_BUILD_POLICESTATION,n/a,n/a,n/a,-1,-1,n/a,-1,n/a,n/a,-1,-1,-1,-1
273,405,quest_complete,n/a,PoliceFishPortrait.png,n/a,n/a,n/a,!!QUEST_BUILD_POLICESTATION,n/a,n/a,n/a,-1,-1,n/a,-1,n/a,n/a,-1,-1,-1,-1
274,406,character,realtorportrait_happy.png,n/a,n/a,There has been a recent epidemic of 'Boo Boo's' and 'Owie's' in Bikini Bottom. ||We should build a Hospital stat!,!!TUTORIAL_ID406_TEXT1,n/a,n/a,n/a,n/a,-1,-1,n/a,-1,n/a,n/a,-1,-1,-1,-1
275,406,quest_start,n/a,MermaidManPortrait.png,n/a,n/a,n/a,!!QUEST_BUILD_HOSPITAL,n/a,n/a,n/a,-1,-1,n/a,-1,n/a,n/a,-1,-1,-1,-1
276,407,quest_complete,n/a,MermaidManPortrait.png,n/a,n/a,n/a,!!QUEST_BUILD_HOSPITAL,n/a,n/a,n/a,-1,-1,n/a,-1,n/a,n/a,-1,-1,-1,-1
277,408,character,realtorportrait_happy.png,n/a,n/a,I got a call from a restaurateur looking to set up shop in Bikini Bottom. ||He sounded like a big fellow.,!!TUTORIAL_ID408_TEXT1,n/a,n/a,n/a,n/a,-1,-1,n/a,-1,n/a,n/a,-1,-1,-1,-1
278,408,quest_start,n/a,PlanktonPortrait.png,n/a,n/a,n/a,!!QUEST_BUILD_CHUMBUCKET,n/a,n/a,n/a,-1,-1,n/a,-1,n/a,n/a,-1,-1,-1,-1
279,409,quest_complete,n/a,PlanktonPortrait.png,n/a,n/a,n/a,!!QUEST_BUILD_CHUMBUCKET,n/a,n/a,n/a,-1,-1,n/a,-1,n/a,n/a,-1,-1,-1,-1
280,410,character,realtorportrait_happy.png,n/a,n/a,It's time to get some culture in Bikini Bottom! ||This museum will house King Neptune's Golden Spatula! ||Let's build the Fry Cook Museum!,!!TUTORIAL_ID410_TEXT1,n/a,n/a,n/a,n/a,-1,-1,n/a,-1,n/a,n/a,-1,-1,-1,-1
281,410,quest_start,n/a,KingNeptunePortrait.png,n/a,n/a,n/a,!!QUEST_BUILD_FRYCOOKMUSEUM,n/a,n/a,n/a,-1,-1,n/a,-1,n/a,n/a,-1,-1,-1,-1
282,411,quest_complete,n/a,KingNeptunePortrait.png,n/a,n/a,n/a,!!QUEST_BUILD_FRYCOOKMUSEUM,n/a,n/a,n/a,-1,-1,n/a,-1,n/a,n/a,-1,-1,-1,-1
283,412,character,realtorportrait_happy.png,n/a,n/a,It's time to get in shape! ||Come on you couch potato let's build a Gym!,!!TUTORIAL_ID412_TEXT1,n/a,n/a,n/a,n/a,-1,-1,n/a,-1,n/a,n/a,-1,-1,-1,-1
284,412,quest_start,n/a,LarrytheLobsterPortrait.png,n/a,n/a,n/a,!!QUEST_BUILD_GYM,n/a,n/a,n/a,-1,-1,n/a,-1,n/a,n/a,-1,-1,-1,-1
285,413,quest_complete,n/a,LarrytheLobsterPortrait.png,n/a,n/a,n/a,!!QUEST_BUILD_GYM,n/a,n/a,n/a,-1,-1,n/a,-1,n/a,n/a,-1,-1,-1,-1
286,414,character,realtorportrait_happy.png,n/a,n/a,We need a place to lock up criminal masterminds like Man Ray!  ||Let's build a Jail!,!!TUTORIAL_ID414_TEXT1,n/a,n/a,n/a,n/a,-1,-1,n/a,-1,n/a,n/a,-1,-1,-1,-1
287,414,quest_start,n/a,ManRayPortrait.png,n/a,n/a,n/a,!!QUEST_BUILD_JAIL,n/a,n/a,n/a,-1,-1,n/a,-1,n/a,n/a,-1,-1,-1,-1
288,415,quest_complete,n/a,ManRayPortrait.png,n/a,n/a,n/a,!!QUEST_BUILD_JAIL,n/a,n/a,n/a,-1,-1,n/a,-1,n/a,n/a,-1,-1,-1,-1
289,416,character,realtorportrait_happy.png,n/a,n/a,It's time for the Biannual Jellyfish Convention! ||The Jellyspotters want to build their stand right here in Bikini Bottom!,!!TUTORIAL_ID416_TEXT1,n/a,n/a,n/a,n/a,-1,-1,n/a,-1,n/a,n/a,-1,-1,-1,-1
290,416,quest_start,n/a,JellySpottersStand.png,n/a,n/a,n/a,!!QUEST_BUILD_JELLYSPOTTERS,n/a,n/a,n/a,-1,-1,n/a,-1,n/a,n/a,-1,-1,-1,-1
291,417,quest_complete,n/a,JellySpottersStand.png,n/a,n/a,n/a,!!QUEST_BUILD_JELLYSPOTTERS,n/a,n/a,n/a,-1,-1,n/a,-1,n/a,n/a,-1,-1,-1,-1
292,418,character,mrkrabsportrait_moneygrubbing.png,n/a,n/a,Me precious angel wants to live in Bikini Bottom. ||Build my house so Pearl can move in!,!!TUTORIAL_ID418_TEXT1,n/a,n/a,n/a,n/a,-1,-1,n/a,-1,n/a,n/a,-1,-1,-1,-1
293,418,quest_start,n/a,PearlKrabsPortrait.png,n/a,n/a,n/a,!!QUEST_BUILD_MRKRABSHOUSE,n/a,n/a,n/a,-1,-1,n/a,-1,n/a,n/a,-1,-1,-1,-1
294,419,quest_complete,n/a,PearlKrabsPortrait.png,n/a,n/a,n/a,!!QUEST_BUILD_MRKRABSHOUSE,n/a,n/a,n/a,-1,-1,n/a,-1,n/a,n/a,-1,-1,-1,-1
295,420,character,realtorportrait_happy.png,n/a,n/a,I just got a call from a Driver's Education teacher looking to move somewhere quiet. ||Let's build Mrs. Puff's House!,!!TUTORIAL_ID420_TEXT1,n/a,n/a,n/a,n/a,-1,-1,n/a,-1,n/a,n/a,-1,-1,-1,-1
296,420,quest_start,n/a,MrsPuffPortrait.png,n/a,n/a,n/a,!!QUEST_BUILD_MRSPUFFSHOUSE,n/a,n/a,n/a,-1,-1,n/a,-1,n/a,n/a,-1,-1,-1,-1
297,421,quest_complete,n/a,MrsPuffPortrait.png,n/a,n/a,n/a,!!QUEST_BUILD_MRSPUFFSHOUSE,n/a,n/a,n/a,-1,-1,n/a,-1,n/a,n/a,-1,-1,-1,-1
298,422,character,realtorportrait_happy.png,n/a,n/a,I got an unusual request from a pink starfish. ||He wants us to build him a rock. ||Why do I always get the strange ones?,!!TUTORIAL_ID422_TEXT1,n/a,n/a,n/a,n/a,-1,-1,n/a,-1,n/a,n/a,-1,-1,-1,-1
299,422,quest_start,n/a,PatrickPortrait.png,n/a,n/a,n/a,!!QUEST_BUILD_PATRICKSROCK,n/a,n/a,n/a,-1,-1,n/a,-1,n/a,n/a,-1,-1,-1,-1
300,423,quest_complete,n/a,PatrickPortrait.png,n/a,n/a,n/a,!!QUEST_BUILD_PATRICKSROCK,n/a,n/a,n/a,-1,-1,n/a,-1,n/a,n/a,-1,-1,-1,-1
301,424,character,realtorportrait_happy.png,n/a,n/a,Okay try to not flip out! ||Gene Scallop wants to build a Movie Theater here!,!!TUTORIAL_ID424_TEXT1,n/a,n/a,n/a,n/a,-1,-1,n/a,-1,n/a,n/a,-1,-1,-1,-1
302,424,character,realtorportrait_happy.png,n/a,n/a,Let's build the Reef Cinema! ||Then Bikini Bottom will get its first celebrity!,!!TUTORIAL_ID424_TEXT2,n/a,n/a,n/a,n/a,-1,-1,n/a,-1,n/a,n/a,-1,-1,-1,-1
303,424,quest_start,n/a,GeneScallopsPortrait.png,n/a,n/a,n/a,!!QUEST_BUILD_REEF,n/a,n/a,n/a,-1,-1,n/a,-1,n/a,n/a,-1,-1,-1,-1
304,425,quest_complete,n/a,GeneScallopsPortrait.png,n/a,n/a,n/a,!!QUEST_BUILD_REEF,n/a,n/a,n/a,-1,-1,n/a,-1,n/a,n/a,-1,-1,-1,-1
305,484,character,spongebob_happy.png,n/a,n/a,Bikini Bottom doesn't have a Barg'N-Mart!,!!TUTORIAL_ID484_TEXT1,n/a,n/a,n/a,n/a,-1,-1,n/a,-1,n/a,n/a,-1,-1,-1,-1
306,484,quest_start,n/a,BargNMart_Portrait.png,n/a,n/a,n/a,!!QUEST_BUILD_BARGNMART,n/a,n/a,n/a,-1,-1,n/a,-1,n/a,n/a,-1,-1,-1,-1
307,485,quest_complete,n/a,BargNMart_Portrait.png,n/a,n/a,n/a,!!QUEST_BUILD_BARGNMART,n/a,n/a,n/a,-1,-1,n/a,-1,n/a,n/a,-1,-1,-1,-1
308,486,character,spongebob_quizzical.png,n/a,n/a,Most of this stuff in the Barg'N-Mart isn't fit to eat...unless you're a ghost...||I wonder if there are any around…,!!TUTORIAL_ID486_TEXT1,n/a,n/a,n/a,n/a,-1,-1,n/a,-1,n/a,n/a,-1,-1,-1,-1
309,486,quest_start,n/a,RustysRibEye_Portrait.png,n/a,n/a,n/a,!!QUEST_BUILD_RUSTYSRIBEYE,n/a,n/a,n/a,-1,-1,n/a,-1,n/a,n/a,-1,-1,-1,-1
310,487,quest_complete,n/a,RustysRibEye_Portrait.png,n/a,n/a,n/a,!!QUEST_BUILD_RUSTYSRIBEYE,n/a,n/a,n/a,-1,-1,n/a,-1,n/a,n/a,-1,-1,-1,-1
311,488,character,spongebob_happy.png,n/a,n/a,With all this unappetizing Barg'N-Mart stuff Bikini Bottom feels… unbalanced… tasteless...||Let's spice things up!,!!TUTORIAL_ID488_TEXT1,n/a,n/a,n/a,n/a,-1,-1,n/a,-1,n/a,n/a,-1,-1,-1,-1
312,488,quest_start,n/a,SpiceShackSnowy_Portrait.png,n/a,n/a,n/a,!!QUEST_BUILD_SPICESHACK,n/a,n/a,n/a,-1,-1,n/a,-1,n/a,n/a,-1,-1,-1,-1
313,489,quest_complete,n/a,SpiceShackSnowy_Portrait.png,n/a,n/a,n/a,!!QUEST_BUILD_SPICESHACK,n/a,n/a,n/a,-1,-1,n/a,-1,n/a,n/a,-1,-1,-1,-1
314,490,character,spongebob_quizzical.png,n/a,n/a,Now what should we do with all this sugar and spice and everything nice?,!!TUTORIAL_ID490_TEXT1,n/a,n/a,n/a,n/a,-1,-1,n/a,-1,n/a,n/a,-1,-1,-1,-1
315,490,character,spongebob_happy.png,n/a,n/a,I know!,!!TUTORIAL_ID490_TEXT2,n/a,n/a,n/a,n/a,-1,-1,n/a,-1,n/a,n/a,-1,-1,-1,-1
316,490,quest_start,n/a,TreatShop_Portrait.png,n/a,n/a,n/a,!!QUEST_BUILD_TREATSHOP,n/a,n/a,n/a,-1,-1,n/a,-1,n/a,n/a,-1,-1,-1,-1
317,491,quest_complete,n/a,TreatShop_Portrait.png,n/a,n/a,n/a,!!QUEST_BUILD_TREATSHOP,n/a,n/a,n/a,-1,-1,n/a,-1,n/a,n/a,-1,-1,-1,-1
318,426,character,realtorportrait_happy.png,n/a,n/a,Bikini Bottom is looking way too respectable!||Let's build the Salty Spitoon!,!!TUTORIAL_ID426_TEXT1,n/a,n/a,n/a,n/a,-1,-1,n/a,-1,n/a,n/a,-1,-1,-1,-1
319,426,quest_start,n/a,RegPortrait.png,n/a,n/a,n/a,!!QUEST_BUILD_SALTYSPITOON,n/a,n/a,n/a,-1,-1,n/a,-1,n/a,n/a,-1,-1,-1,-1
320,427,quest_complete,n/a,RegPortrait.png,n/a,n/a,n/a,!!QUEST_BUILD_SALTYSPITOON,n/a,n/a,n/a,-1,-1,n/a,-1,n/a,n/a,-1,-1,-1,-1
321,428,character,realtorportrait_happy.png,n/a,n/a,I got contacted by a retired superhero looking for a building to act as a front for their underground headquarters.,!!TUTORIAL_ID428_TEXT1,n/a,n/a,n/a,n/a,-1,-1,n/a,-1,n/a,n/a,-1,-1,-1,-1
322,428,character,realtorportrait_happy.png,n/a,n/a,You'd think they would want to keep that secret but the guy on the phone kept mumbling something about meatloaf.,!!TUTORIAL_ID428_TEXT2,n/a,n/a,n/a,n/a,-1,-1,n/a,-1,n/a,n/a,-1,-1,-1,-1
323,428,quest_start,n/a,BarnacleBoyPortrait.png,n/a,n/a,n/a,!!QUEST_BUILD_SHADYSHOALS,n/a,n/a,n/a,-1,-1,n/a,-1,n/a,n/a,-1,-1,-1,-1
324,429,quest_complete,n/a,BarnacleBoyPortrait.png,n/a,n/a,n/a,!!QUEST_BUILD_SHADYSHOALS,n/a,n/a,n/a,-1,-1,n/a,-1,n/a,n/a,-1,-1,-1,-1
325,430,character,realtorportrait_happy.png,n/a,n/a,Hello Mr. Tentacles this is Bikini Bottom Realty calling. ||And do I have a place for you!,!!TUTORIAL_ID430_TEXT1,n/a,n/a,n/a,n/a,-1,-1,Telephone_Ring,-1,n/a,n/a,-1,-1,-1,-1
326,430,character,Portrait_Squidward.png,n/a,n/a,Perfect. ||Nothing but peace and quiet without any annoying neighbors.,!!TUTORIAL_ID430_TEXT2,n/a,n/a,n/a,n/a,-1,-1,Squidward_ThatIsSoSoPerfect,-1,n/a,n/a,-1,-1,-1,-1
327,430,quest_start,n/a,SquidwardPortrait.png,n/a,n/a,n/a,!!QUEST_BUILD_SQUIDWARDSHOUSE,n/a,n/a,n/a,-1,-1,n/a,-1,n/a,n/a,-1,-1,-1,-1
328,431,quest_complete,n/a,SquidwardPortrait.png,n/a,n/a,n/a,!!QUEST_BUILD_SQUIDWARDSHOUSE,n/a,n/a,n/a,-1,-1,n/a,-1,n/a,n/a,-1,-1,-1,-1
329,432,character,realtorportrait_happy.png,n/a,n/a,Yes Mr. Fancyson we do have a house twice as awesome as Squidward's.,!!TUTORIAL_ID432_TEXT1,n/a,n/a,n/a,n/a,-1,-1,n/a,-1,n/a,n/a,-1,-1,-1,-1
330,432,character,realtorportrait_happy.png,n/a,n/a,Perfect. ||And you say it's a high visibility building that showcases my best qualities; success and wealth?,!!TUTORIAL_ID432_TEXT2,n/a,n/a,n/a,n/a,-1,-1,n/a,-1,n/a,n/a,-1,-1,-1,-1
331,432,character,realtorportrait_happy.png,n/a,n/a,There is no doubt Squidward and everyone else in Bikini Bottom will see it no matter where it's built.,!!TUTORIAL_ID432_TEXT3,n/a,n/a,n/a,n/a,-1,-1,n/a,-1,n/a,n/a,-1,-1,-1,-1
332,432,character,realtorportrait_happy.png,n/a,n/a,Fabulous! ||Where do I sign?,!!TUTORIAL_ID432_TEXT4,n/a,n/a,n/a,n/a,-1,-1,n/a,-1,n/a,n/a,-1,-1,-1,-1
333,432,quest_start,n/a,SquilliamPortrait.png,n/a,n/a,n/a,!!QUEST_BUILD_SQUILLIAMSHOUSE,n/a,n/a,n/a,-1,-1,n/a,-1,n/a,n/a,-1,-1,-1,-1
334,433,quest_complete,n/a,SquilliamPortrait.png,n/a,n/a,n/a,!!QUEST_BUILD_SQUILLIAMSHOUSE,n/a,n/a,n/a,-1,-1,n/a,-1,n/a,n/a,-1,-1,-1,-1
335,434,character,mrkrabsportrait_stern.png,n/a,n/a,SpongeBob! ||There is buried treasure to be found!,!!TUTORIAL_ID434_TEXT1,n/a,n/a,n/a,n/a,-1,-1,n/a,-1,n/a,n/a,-1,-1,-1,-1
336,434,quest_start,n/a,TreasureMapStand.png,n/a,n/a,n/a,!!QUEST_BUILD_TREASUREMAPS,n/a,n/a,n/a,-1,-1,n/a,-1,n/a,n/a,-1,-1,-1,-1
337,435,quest_complete,n/a,TreasureMapStand.png,n/a,n/a,n/a,!!QUEST_BUILD_TREASUREMAPS,n/a,n/a,n/a,-1,-1,n/a,-1,n/a,n/a,-1,-1,-1,-1
338,436,character,realtorportrait_happy.png,n/a,n/a,This dome is made of the strongest polyurethane and has the cleanest air available at the bottom of the sea.,!!TUTORIAL_ID436_TEXT1,n/a,n/a,n/a,n/a,-1,-1,n/a,-1,n/a,n/a,-1,-1,-1,-1
339,436,character,realtorportrait_happy.png,n/a,n/a,Well isn't that the bees knees!  ||It'll be perfect to set up shop and work on my experiments!,!!TUTORIAL_ID436_TEXT2,n/a,n/a,n/a,n/a,-1,-1,n/a,-1,n/a,n/a,-1,-1,-1,-1
340,436,quest_start,n/a,SandyPortrait.png,n/a,n/a,n/a,!!QUEST_BUILD_TREEDOME,n/a,n/a,n/a,-1,-1,n/a,-1,n/a,n/a,-1,-1,-1,-1
341,437,quest_complete,n/a,SandyPortrait.png,n/a,n/a,n/a,!!QUEST_BUILD_TREEDOME,n/a,n/a,n/a,-1,-1,n/a,-1,n/a,n/a,-1,-1,-1,-1
342,438,character,realtorportrait_happy.png,n/a,n/a,The high school kids don't have a place to loiter and spend all their allowance.,!!TUTORIAL_ID438_TEXT1,n/a,n/a,n/a,n/a,-1,-1,n/a,-1,n/a,n/a,-1,-1,-1,-1
343,438,character,realtorportrait_happy.png,n/a,n/a,They're doing their homework instead! ||We need to build the Weenie Hut Jr. to encourage wasting time with friends like normal high school students!,!!TUTORIAL_ID438_TEXT2,n/a,n/a,n/a,n/a,-1,-1,n/a,-1,n/a,n/a,-1,-1,-1,-1
344,438,quest_start,n/a,WeenieHutJunior.png,n/a,n/a,n/a,!!QUEST_BUILD_WEENIEHUTJR,n/a,n/a,n/a,-1,-1,n/a,-1,n/a,n/a,-1,-1,-1,-1
345,439,quest_complete,n/a,WeenieHutJunior.png,n/a,n/a,n/a,!!QUEST_BUILD_WEENIEHUTJR,n/a,n/a,n/a,-1,-1,n/a,-1,n/a,n/a,-1,-1,-1,-1
346,440,quest_start,n/a,Ready_Tomato.png,n/a,n/a,n/a,!!QUEST_COLLECT_TOMATOES,n/a,n/a,n/a,-1,-1,n/a,-1,n/a,n/a,-1,-1,-1,-1
347,441,quest_complete,n/a,Ready_Tomato.png,n/a,n/a,n/a,!!QUEST_COLLECT_TOMATOES,n/a,n/a,n/a,-1,-1,n/a,-1,n/a,n/a,-1,-1,-1,-1
348,442,character,spongebob_happy.png,n/a,n/a,Let's place a new Garden Plot. ||Then we'll be able to grow more things at once!,!!TUTORIAL_ID442_TEXT1,n/a,n/a,n/a,n/a,-1,-1,n/a,-1,n/a,n/a,-1,-1,-1,-1
349,442,quest_start,n/a,GardenPlot_Blank.png,n/a,n/a,n/a,!!QUEST_BUILD_GARDEN,n/a,n/a,n/a,-1,-1,n/a,-1,n/a,n/a,-1,-1,-1,-1
350,443,quest_complete,n/a,GardenPlot_Blank.png,n/a,n/a,n/a,!!QUEST_BUILD_GARDEN,n/a,n/a,n/a,-1,-1,n/a,-1,n/a,n/a,-1,-1,-1,-1
351,444,quest_start,n/a,Ready_Lettuce.png,n/a,n/a,n/a,!!QUEST_COLLECT_LETTUCE_6,n/a,n/a,n/a,-1,-1,n/a,-1,n/a,n/a,-1,-1,-1,-1
352,445,quest_complete,n/a,Ready_Lettuce.png,n/a,n/a,n/a,!!QUEST_COLLECT_LETTUCE_6,n/a,n/a,n/a,-1,-1,n/a,-1,n/a,n/a,-1,-1,-1,-1
353,446,quest_start,n/a,BananaTree.png,n/a,n/a,n/a,!!QUEST_GROW_TREE_BANANA,n/a,n/a,n/a,-1,-1,n/a,-1,n/a,n/a,-1,-1,-1,-1
354,447,quest_complete,n/a,BananaTree.png,n/a,n/a,n/a,!!QUEST_GROW_TREE_BANANA,n/a,n/a,n/a,-1,-1,n/a,-1,n/a,n/a,-1,-1,-1,-1
355,448,quest_start,n/a,Ready_Lettuce.png,n/a,n/a,n/a,!!QUEST_COLLECT_LETTUCE,n/a,n/a,n/a,-1,-1,n/a,-1,n/a,n/a,-1,-1,-1,-1
356,449,quest_complete,n/a,Ready_Lettuce.png,n/a,n/a,n/a,!!QUEST_COLLECT_LETTUCE,n/a,n/a,n/a,-1,-1,n/a,-1,n/a,n/a,-1,-1,-1,-1
357,450,quest_start,n/a,OrangeTree.png,n/a,n/a,n/a,!!QUEST_GROW_TREE_ORANGE,n/a,n/a,n/a,-1,-1,n/a,-1,n/a,n/a,-1,-1,-1,-1
358,451,quest_complete,n/a,OrangeTree.png,n/a,n/a,n/a,!!QUEST_GROW_TREE_ORANGE,n/a,n/a,n/a,-1,-1,n/a,-1,n/a,n/a,-1,-1,-1,-1
359,452,quest_start,n/a,AppleTree.png,n/a,n/a,n/a,!!QUEST_GROW_TREE_APPLE,n/a,n/a,n/a,-1,-1,n/a,-1,n/a,n/a,-1,-1,-1,-1
360,453,quest_complete,n/a,AppleTree.png,n/a,n/a,n/a,!!QUEST_GROW_TREE_APPLE,n/a,n/a,n/a,-1,-1,n/a,-1,n/a,n/a,-1,-1,-1,-1
361,454,quest_start,n/a,CherryTree.png,n/a,n/a,n/a,!!QUEST_GROW_TREE_CHERRY,n/a,n/a,n/a,-1,-1,n/a,-1,n/a,n/a,-1,-1,-1,-1
362,455,quest_complete,n/a,CherryTree.png,n/a,n/a,n/a,!!QUEST_GROW_TREE_CHERRY,n/a,n/a,n/a,-1,-1,n/a,-1,n/a,n/a,-1,-1,-1,-1
363,456,quest_start,n/a,CoconutTree.png,n/a,n/a,n/a,!!QUEST_GROW_TREE_COCONUT,n/a,n/a,n/a,-1,-1,n/a,-1,n/a,n/a,-1,-1,-1,-1
364,457,quest_complete,n/a,CoconutTree.png,n/a,n/a,n/a,!!QUEST_GROW_TREE_COCONUT,n/a,n/a,n/a,-1,-1,n/a,-1,n/a,n/a,-1,-1,-1,-1
365,458,quest_start,n/a,LemonTree.png,n/a,n/a,n/a,!!QUEST_GROW_TREE_LEMON,n/a,n/a,n/a,-1,-1,n/a,-1,n/a,n/a,-1,-1,-1,-1
366,459,quest_complete,n/a,LemonTree.png,n/a,n/a,n/a,!!QUEST_GROW_TREE_LEMON,n/a,n/a,n/a,-1,-1,n/a,-1,n/a,n/a,-1,-1,-1,-1
367,460,quest_start,n/a,LimeTree.png,n/a,n/a,n/a,!!QUEST_GROW_TREE_LIME,n/a,n/a,n/a,-1,-1,n/a,-1,n/a,n/a,-1,-1,-1,-1
368,461,quest_complete,n/a,LimeTree.png,n/a,n/a,n/a,!!QUEST_GROW_TREE_LIME,n/a,n/a,n/a,-1,-1,n/a,-1,n/a,n/a,-1,-1,-1,-1
369,462,quest_start,n/a,PeachTree.png,n/a,n/a,n/a,!!QUEST_GROW_TREE_PEACH,n/a,n/a,n/a,-1,-1,n/a,-1,n/a,n/a,-1,-1,-1,-1
370,463,quest_complete,n/a,PeachTree.png,n/a,n/a,n/a,!!QUEST_GROW_TREE_PEACH,n/a,n/a,n/a,-1,-1,n/a,-1,n/a,n/a,-1,-1,-1,-1
371,464,quest_start,n/a,GardenPlot_Blank.png,n/a,n/a,n/a,!!QUEST_BUILD_GARDEN,n/a,n/a,n/a,-1,-1,n/a,-1,n/a,n/a,-1,-1,-1,-1
372,465,quest_complete,n/a,GardenPlot_Blank.png,n/a,n/a,n/a,!!QUEST_BUILD_GARDEN,n/a,n/a,n/a,-1,-1,n/a,-1,n/a,n/a,-1,-1,-1,-1
373,466,character,spongebob_happy.png,n/a,n/a,Hey look my BFF has come to visit! ||What brings you to Bikini Bottom Patrick?,!!TUTORIAL_ID466_TEXT1,n/a,n/a,n/a,n/a,-1,-1,n/a,-1,n/a,n/a,-1,-1,-1,-1
374,466,character,Portrait_Patrick_Tired.png,n/a,n/a,I've spent all day looking for my house SpongeBob. ||I think someone took it.,!!TUTORIAL_ID466_TEXT2,n/a,n/a,n/a,n/a,-1,-1,n/a,-1,n/a,n/a,-1,-1,-1,-1
375,466,character,Portrait_SpongeBob.png,n/a,n/a,Hmmm. Well maybe we can build you a house here. ||I think we have some extra rocks lying around.,!!TUTORIAL_ID466_TEXT3,n/a,n/a,n/a,n/a,-1,-1,n/a,-1,n/a,n/a,-1,-1,-1,-1
376,466,character,Portrait_Patrick.png,n/a,n/a,PERFECT!!!,!!TUTORIAL_ID466_TEXT4,n/a,n/a,n/a,n/a,-1,-1,n/a,-1,n/a,n/a,-1,-1,-1,-1
377,466,quest_start,n/a,PatrickPortrait.png,n/a,n/a,n/a,!!QUEST_BUILD_PATRICKSROCK,n/a,n/a,n/a,-1,-1,n/a,-1,n/a,n/a,-1,-1,-1,-1
378,467,quest_complete,n/a,PatrickPortrait.png,n/a,n/a,n/a,!!QUEST_BUILD_PATRICKSROCK,n/a,n/a,n/a,-1,-1,n/a,-1,n/a,n/a,-1,-1,-1,-1
379,468,character,spongebob_happy.png,n/a,n/a,It's hard to have things like afternoon detention and Chemistry mishaps without a High School.  ||Let's build one!,!!TUTORIAL_ID400_TEXT1,n/a,n/a,n/a,n/a,-1,-1,n/a,-1,n/a,n/a,-1,-1,-1,-1
380,468,quest_start,n/a,HighSchool.png,n/a,n/a,n/a,!!QUEST_BUILD_HIGHSCHOOL,n/a,n/a,n/a,-1,-1,n/a,-1,n/a,n/a,-1,-1,-1,-1
381,469,quest_complete,n/a,HighSchool.png,n/a,n/a,n/a,!!QUEST_BUILD_HIGHSCHOOL,n/a,n/a,n/a,-1,-1,n/a,-1,n/a,n/a,-1,-1,-1,-1
382,470,character,spongebob_happy.png,n/a,n/a,We need a place to lock up criminal masterminds like Man Ray!  ||Let's build a Jail!,!!TUTORIAL_ID414_TEXT1,n/a,n/a,n/a,n/a,-1,-1,n/a,-1,n/a,n/a,-1,-1,-1,-1
383,470,quest_start,n/a,ManRayPortrait.png,n/a,n/a,n/a,!!QUEST_BUILD_JAIL,n/a,n/a,n/a,-1,-1,n/a,-1,n/a,n/a,-1,-1,-1,-1
384,471,quest_complete,n/a,ManRayPortrait.png,n/a,n/a,n/a,!!QUEST_BUILD_JAIL,n/a,n/a,n/a,-1,-1,n/a,-1,n/a,n/a,-1,-1,-1,-1
385,472,character,spongebob_happy.png,n/a,n/a,It's time for the Biannual Jellyfish Convention! ||The Jellyspotters want to build their stand right here in Bikini Bottom!,!!TUTORIAL_ID416_TEXT1,n/a,n/a,n/a,n/a,-1,-1,n/a,-1,n/a,n/a,-1,-1,-1,-1
386,472,quest_start,n/a,JellySpottersStand.png,n/a,n/a,n/a,!!QUEST_BUILD_JELLYSPOTTERS,n/a,n/a,n/a,-1,-1,n/a,-1,n/a,n/a,-1,-1,-1,-1
387,473,quest_complete,n/a,JellySpottersStand.png,n/a,n/a,n/a,!!QUEST_BUILD_JELLYSPOTTERS,n/a,n/a,n/a,-1,-1,n/a,-1,n/a,n/a,-1,-1,-1,-1
388,474,character,spongebob_happy.png,n/a,n/a,The Tattletale Strangler is on the loose. ||We need to build a police station ASAP!,!!TUTORIAL_ID404_TEXT1,n/a,n/a,n/a,n/a,-1,-1,n/a,-1,n/a,n/a,-1,-1,-1,-1
389,474,quest_start,n/a,PoliceFishPortrait.png,n/a,n/a,n/a,!!QUEST_BUILD_POLICESTATION,n/a,n/a,n/a,-1,-1,n/a,-1,n/a,n/a,-1,-1,-1,-1
390,475,quest_complete,n/a,PoliceFishPortrait.png,n/a,n/a,n/a,!!QUEST_BUILD_POLICESTATION,n/a,n/a,n/a,-1,-1,n/a,-1,n/a,n/a,-1,-1,-1,-1
391,476,character,Portrait_SpongeBob.png,n/a,n/a,Okay try to not flip out! ||Gene Scallop wants to build a Movie Theater here!,!!TUTORIAL_ID424_TEXT1,n/a,n/a,n/a,n/a,-1,-1,n/a,-1,n/a,n/a,-1,-1,-1,-1
392,476,character,spongebob_happy.png,n/a,n/a,Let's build the Reef Cinema! ||Then Bikini Bottom will get its first celebrity!,!!TUTORIAL_ID424_TEXT2,n/a,n/a,n/a,n/a,-1,-1,n/a,-1,n/a,n/a,-1,-1,-1,-1
393,476,quest_start,n/a,GeneScallopsPortrait.png,n/a,n/a,n/a,!!QUEST_BUILD_REEF,n/a,n/a,n/a,-1,-1,n/a,-1,n/a,n/a,-1,-1,-1,-1
394,477,quest_complete,n/a,GeneScallopsPortrait.png,n/a,n/a,n/a,!!QUEST_BUILD_REEF,n/a,n/a,n/a,-1,-1,n/a,-1,n/a,n/a,-1,-1,-1,-1
395,478,character,spongebob_happy.png,n/a,n/a,Bikini Bottom is looking way too respectable!||Let's build the Salty Spitoon!,!!TUTORIAL_ID426_TEXT1,n/a,n/a,n/a,n/a,-1,-1,n/a,-1,n/a,n/a,-1,-1,-1,-1
396,478,quest_start,n/a,RegPortrait.png,n/a,n/a,n/a,!!QUEST_BUILD_SALTYSPITOON,n/a,n/a,n/a,-1,-1,n/a,-1,n/a,n/a,-1,-1,-1,-1
397,479,quest_complete,n/a,RegPortrait.png,n/a,n/a,n/a,!!QUEST_BUILD_SALTYSPITOON,n/a,n/a,n/a,-1,-1,n/a,-1,n/a,n/a,-1,-1,-1,-1
398,480,character,spongebob_happy.png,n/a,n/a,One of my favorite superheroes is looking for a retirement home with a secret underground lair. ||Let's build Shady Shoals!,!!TUTORIAL_ID480_TEXT1,n/a,n/a,n/a,n/a,-1,-1,n/a,-1,n/a,n/a,-1,-1,-1,-1
399,480,character,Portrait_SpongeBob.png,n/a,n/a,That reminds me I better get started on those life-size krabby patty mannequins of Mermaidman and Barnacleboy to enter in that contest.,!!TUTORIAL_ID480_TEXT2,n/a,n/a,n/a,n/a,-1,-1,n/a,-1,n/a,n/a,-1,-1,-1,-1
400,480,quest_start,n/a,BarnacleBoyPortrait.png,n/a,n/a,n/a,!!QUEST_BUILD_SHADYSHOALS,n/a,n/a,n/a,-1,-1,n/a,-1,n/a,n/a,-1,-1,-1,-1
401,481,quest_complete,n/a,BarnacleBoyPortrait.png,n/a,n/a,n/a,!!QUEST_BUILD_SHADYSHOALS,n/a,n/a,n/a,-1,-1,n/a,-1,n/a,n/a,-1,-1,-1,-1
402,482,character,Portrait_Squidward.png,n/a,n/a,Ahhh this place is brimming with culture and quiet. ||Nothing but peace and quiet without any annoying neighbors.,!!TUTORIAL_ID482_TEXT1,n/a,n/a,n/a,n/a,-1,-1,Squidward_ThatIsSoSoPerfect,-1,n/a,n/a,-1,-1,-1,-1
403,482,quest_start,n/a,SquidwardPortrait.png,n/a,n/a,n/a,!!QUEST_BUILD_SQUIDWARDSHOUSE,n/a,n/a,n/a,-1,-1,n/a,-1,n/a,n/a,-1,-1,-1,-1
404,483,quest_complete,n/a,SquidwardPortrait.png,n/a,n/a,n/a,!!QUEST_BUILD_SQUIDWARDSHOUSE,n/a,n/a,n/a,-1,-1,n/a,-1,n/a,n/a,-1,-1,-1,-1
405,639,character,MrKrabsPortrait_Whaddayamean.png,n/a,n/a,Your Krabby Patty ||should be ready now!,!!TUTORIAL_ID639_TEXT1,n/a,n/a,n/a,n/a,-1,-1,n/a,-1,n/a,n/a,-1,-1,-1,-1
406,649,quest_complete,n/a,KrabbyPatty.png,n/a,n/a,n/a,!!TUTORIAL_TITLE_CRAFT_KRABBYPATTY,n/a,n/a,n/a,-1,-1,n/a,-1,n/a,n/a,-1,-1,-1,-1
407,749,character,realtorportrait_happy.png,n/a,n/a,OK now this place is looking like totally awesome. ||But what the town really needs some more people!,!!TUTORIAL_ID749_TEXT1,n/a,n/a,n/a,n/a,-1,-1,n/a,-1,n/a,n/a,-1,-1,-1,-1
408,749,character,realtorportrait_happy.png,n/a,n/a,Build a couple of houses for new Bikini Bottomites!,!!TUTORIAL_ID749_TEXT2,n/a,n/a,n/a,n/a,-1,-1,n/a,-1,n/a,n/a,-1,-1,-1,-1
409,749,quest_start,n/a,FishHouse1.png,n/a,n/a,n/a,!!TUTORIAL_TITLE_BUILD_3_HOUSES,n/a,n/a,n/a,-1,-1,n/a,-1,n/a,n/a,-1,-1,-1,-1
410,750,quest_complete,n/a,FishHouse1.png,n/a,n/a,n/a,!!TUTORIAL_TITLE_BUILD_3_HOUSES,n/a,n/a,n/a,-1,-1,n/a,-1,n/a,n/a,-1,-1,-1,-1
411,999,character,spongebob_happy,n/a,n/a,Test character Screen.,n/a,n/a,n/a,n/a,n/a,-1,-1,n/a,-1,n/a,n/a,-1,-1,-1,-1
412,1000,quest_start,n/a,WeenieHutJunior.png,n/a,n/a,n/a,Random quest start,n/a,n/a,n/a,-1,-1,n/a,-1,n/a,n/a,-1,-1,-1,-1
413,1001,quest_complete,n/a,WeenieHutJunior.png,n/a,n/a,n/a,Random quest end,n/a,n/a,n/a,-1,-1,n/a,-1,n/a,n/a,-1,-1,-1,-1
414,1002,quest_start,n/a,JuiceBar.png,n/a,n/a,n/a,!!QUEST_BUILD_JUICEBAR,n/a,n/a,n/a,-1,-1,n/a,-1,n/a,n/a,-1,-1,-1,-1
415,1003,quest_complete,n/a,JuiceBar.png,n/a,n/a,n/a,!!QUEST_BUILD_JUICEBAR,n/a,n/a,n/a,-1,-1,n/a,-1,n/a,n/a,-1,-1,-1,-1
416,1004,character,mrkrabsportrait_stern.png,n/a,n/a,SpongeBob these folks are waiting for their food and I'm waiting for their money!,!!TUTORIAL_ID1004_TEXT1,n/a,n/a,n/a,n/a,-1,-1,n/a,-1,n/a,n/a,-1,-1,-1,-1
417,1004,character,MrKrabsPortrait_Whaddayamean.png,n/a,n/a,Try firing up one of those rusty back burners I'm sure they work just fine!,!!TUTORIAL_ID1004_TEXT2,n/a,n/a,n/a,n/a,-1,-1,n/a,-1,n/a,n/a,-1,-1,-1,-1
418,1004,quest_start,n/a,KrustyKrab.png,n/a,n/a,n/a,!!QUEST_PURCHASE_PRODUCTION_SLOT,n/a,n/a,n/a,-1,-1,n/a,-1,n/a,n/a,-1,-1,-1,-1
419,1005,quest_complete,n/a,KrustyKrab.png,n/a,n/a,n/a,!!QUEST_PURCHASE_PRODUCTION_SLOT,n/a,n/a,n/a,-1,-1,n/a,-1,n/a,n/a,-1,-1,-1,-1
420,1006,quest_start,n/a,BananaTree.png,n/a,n/a,n/a,!!QUEST_COLLECT_BANANA,n/a,n/a,n/a,-1,-1,n/a,-1,n/a,n/a,-1,-1,-1,-1
421,1007,quest_complete,n/a,BananaTree.png,n/a,n/a,n/a,!!QUEST_COLLECT_BANANA,n/a,n/a,n/a,-1,-1,n/a,-1,n/a,n/a,-1,-1,-1,-1
422,1008,quest_start,n/a,Banana.png,n/a,n/a,n/a,!!QUEST_FEED_SPONGEBOB_BANANA,n/a,n/a,n/a,-1,-1,n/a,-1,n/a,n/a,-1,-1,-1,-1
423,1009,quest_complete,n/a,Banana.png,n/a,n/a,n/a,!!QUEST_FEED_SPONGEBOB_BANANA,n/a,n/a,n/a,-1,-1,n/a,-1,n/a,n/a,-1,-1,-1,-1
424,1010,quest_start,n/a,IceCreamStore_Portrait.png,n/a,n/a,n/a,!!QUEST_BUILD_ICECREAMSHOP,n/a,n/a,n/a,-1,-1,n/a,-1,n/a,n/a,-1,-1,-1,-1
425,1011,quest_complete,n/a,IceCreamStore_Portrait.png,n/a,n/a,n/a,!!QUEST_BUILD_ICECREAMSHOP,n/a,n/a,n/a,-1,-1,n/a,-1,n/a,n/a,-1,-1,-1,-1
426,1013,character,mrkrabsportrait_moneygrubbing,n/a,n/a,Now for the real secret: ||Me own special recipe! ||Put a Patty on the grill and we'll be almost done!,!!TUTORIAL_ID13_TEXT1,n/a,n/a,n/a,n/a,-1,-1,n/a,-1,n/a,n/a,-1,-1,-1,-1
427,1013,character,spongebob_happy.png,n/a,n/a,I won't let you down sir!,!!TUTORIAL_ID13_TEXT2,n/a,n/a,n/a,n/a,-1,-1,n/a,-1,n/a,n/a,-1,-1,-1,-1
428,1013,quest_start,n/a,KrustyKrab.png,n/a,n/a,n/a,!!QUEST_CRAFT_PATTY,n/a,n/a,n/a,-1,-1,n/a,-1,n/a,n/a,-1,-1,-1,-1
429,1014,quest_complete,n/a,KrustyKrab.png,n/a,n/a,n/a,!!QUEST_CRAFT_PATTY,n/a,n/a,n/a,-1,-1,n/a,-1,n/a,n/a,-1,-1,-1,-1
430,1015,quest_start,n/a,FlowerShop_Portrait.png,n/a,n/a,n/a,!!QUEST_BUILD_FLOWERSHOP,n/a,n/a,n/a,-1,-1,n/a,-1,n/a,n/a,-1,-1,-1,-1
431,1016,quest_complete,n/a,FlowerShop_Portrait.png,n/a,n/a,n/a,!!QUEST_BUILD_FLOWERSHOP,n/a,n/a,n/a,-1,-1,n/a,-1,n/a,n/a,-1,-1,-1,-1
432,1017,quest_start,n/a,PerfumeShop_Portrait.png,n/a,n/a,n/a,!!QUEST_BUILD_PERFUMESHOP,n/a,n/a,n/a,-1,-1,n/a,-1,n/a,n/a,-1,-1,-1,-1
433,1018,quest_complete,n/a,PerfumeShop_Portrait.png,n/a,n/a,n/a,!!QUEST_BUILD_PERFUMESHOP,n/a,n/a,n/a,-1,-1,n/a,-1,n/a,n/a,-1,-1,-1,-1
434,1019,quest_start,n/a,TreasureChest_Closed.png,n/a,n/a,n/a,!!QUEST_COLLECT_REWARD,n/a,n/a,n/a,-1,-1,n/a,-1,n/a,n/a,-1,-1,-1,-1
435,1020,quest_complete,n/a,TreasureChest_Closed.png,n/a,n/a,n/a,!!QUEST_COLLECT_REWARD,n/a,n/a,n/a,-1,-1,n/a,-1,n/a,n/a,-1,-1,-1,-1
436,1021,quest_start,n/a,IconMoney_1.png,n/a,n/a,n/a,!!QUEST_COLLECT_RENT,n/a,n/a,n/a,-1,-1,n/a,-1,n/a,n/a,-1,-1,-1,-1
437,1022,quest_complete,n/a,IconMoney_1.png,n/a,n/a,n/a,!!QUEST_COLLECT_RENT,n/a,n/a,n/a,-1,-1,n/a,-1,n/a,n/a,-1,-1,-1,-1
438,1023,quest_start,n/a,PirateBootyShip.png,n/a,n/a,n/a,!!PIRATESBOOTY_PLACESHIP,n/a,n/a,n/a,-1,-1,n/a,-1,n/a,n/a,-1,-1,-1,-1
439,1024,quest_complete,n/a,PirateBootyShip.png,n/a,n/a,n/a,!!PIRATESBOOTY_PLACESHIP,n/a,n/a,n/a,-1,-1,n/a,-1,n/a,n/a,-1,-1,-1,-1
440,1025,quest_start,n/a,PirateBootyShip.png,n/a,n/a,n/a,!!PIRATESBOOTY_COLLECTBONUS,n/a,n/a,n/a,-1,-1,n/a,-1,n/a,n/a,-1,-1,-1,-1
441,1026,booty_quest_complete,n/a,PiratesBootyLogo.png,n/a,n/a,n/a,!!PIRATESBOOTY_CONGRATS,n/a,n/a,n/a,-1,-1,n/a,-1,n/a,n/a,-1,-1,-1,-1
442,1027,quest_start,n/a,GoldenSpatula.png,n/a,n/a,n/a,!!GOLDENSPATULA_PLACE,n/a,n/a,n/a,-1,-1,n/a,-1,n/a,n/a,-1,-1,-1,-1
443,1028,quest_complete,n/a,GoldenSpatula.png,n/a,n/a,n/a,!!GOLDENSPATULA_PLACE,n/a,n/a,n/a,-1,-1,n/a,-1,n/a,n/a,-1,-1,-1,-1
444,2000,character,mrkrabsportrait_stern,n/a,n/a,SpongeBob! ||Help this old fella and be quick about it! ||He looks like he’s about to kick the bucket!,!!QUEST_ID2000_TEXT1,n/a,n/a,n/a,n/a,-1,-1,n/a,-1,n/a,n/a,-1,-1,-1,-1
445,2000,character,Portrait_HillBilly_Excited.png,n/a,n/a,I’ll have me a Rusty on Rye please.,!!QUEST_ID2000_TEXT2,n/a,n/a,n/a,n/a,-1,-1,OMJ_RustyonRyePlease,-1,n/a,n/a,-1,-1,-1,-1
446,2000,character,spongebob_quizzical.png,n/a,n/a,What the barnacle is a Rusty on Rye?,!!QUEST_ID2000_TEXT3,n/a,n/a,n/a,n/a,-1,-1,OMJ_TreataCustomer,-1,n/a,n/a,-1,-1,-1,-1
447,2000,character,mrkrabsportrait_stern,n/a,n/a,That sandwich was made at a place that stood here long before the Krusty Krab. ||A place called Rusty’s Rib Eye.,!!QUEST_ID2000_TEXT4,n/a,n/a,n/a,n/a,-1,-1,n/a,-1,n/a,n/a,-1,-1,-1,-1
448,2000,character,mrkrabsportrait_moneygrubbing,n/a,n/a,You ain’t getting that recipe unless you’re versed in talking to the unliving!,!!QUEST_ID2000_TEXT5,n/a,n/a,n/a,n/a,-1,-1,n/a,-1,n/a,n/a,-1,-1,-1,-1
449,2000,character,Portrait_HillBilly.png,n/a,n/a,Well then I’m gonna park myself in this town until you can make me a Rusty on Rye!,!!QUEST_ID2000_TEXT6,n/a,n/a,n/a,n/a,-1,-1,n/a,-1,n/a,n/a,-1,-1,-1,-1
450,2000,quest_start,n/a,GoldenSpatula.png,n/a,n/a,n/a,PLACEHOLDER,n/a,n/a,n/a,-1,-1,n/a,-1,n/a,n/a,-1,-1,-1,-1
451,2001,quest_complete,n/a,GoldenSpatula.png,n/a,n/a,n/a,PLACEHOLDER,n/a,n/a,n/a,-1,-1,n/a,-1,n/a,n/a,-1,-1,-1,-1
452,2002,quest_line_start,n/a,n/a,Portrait_SpongeBob_SacredText.png,n/a,n/a,n/a,!!EPISODE_TITLE_SPOOKY_SANDWICH,!!EPISODE_TITLE_SPOOKY_SANDWICH_BODY,n/a,100,-1,n/a,-1,resources,buildings,51,20067,10,1
453,2002,character,Portrait_FortuneTeller.png,n/a,n/a,Did I hear you need to speak with the unliving? ||That may be something I can help you with. ||Fetch me these items and then we may begin!,!!QUEST_ID2002_TEXT1,n/a,n/a,n/a,n/a,-1,-1,n/a,-1,n/a,n/a,-1,-1,-1,-1
454,2002,character,Portrait_SpongeBob_SacredText.png,n/a,n/a,Hmmm. We need to go shopping at the Barg' N-Mart for these ingredients… ||Which would be easier if there was a Barg' N-Mart.,!!QUEST_ID2002_TEXT2,n/a,n/a,n/a,n/a,-1,-1,n/a,-1,n/a,n/a,-1,-1,-1,-1
455,2002,quest_start,n/a,GoldenSpatula.png,n/a,n/a,n/a,PLACEHOLDER,n/a,n/a,n/a,-1,-1,n/a,-1,n/a,n/a,-1,-1,-1,-1
456,2003,quest_complete,n/a,GoldenSpatula.png,n/a,n/a,n/a,PLACEHOLDER,n/a,n/a,n/a,-1,-1,n/a,-1,n/a,n/a,-1,-1,-1,-1
457,2004,character,Portrait_SpongeBob_SacredText.png,n/a,n/a,Hey um mystery lady? ||If I'm going to go shopping for you can I at least know who you are?,!!QUEST_ID2004_TEXT1,n/a,n/a,n/a,n/a,-1,-1,n/a,-1,n/a,n/a,-1,-1,-1,-1
458,2004,character,Portrait_FortuneTeller_Excited.png,n/a,n/a,I am the Fortune Teller. ||I am here in Bikini Bottom for this Halloween update er SEASON! ||And you are SpongeBob.,!!QUEST_ID2004_TEXT2,n/a,n/a,n/a,n/a,-1,-1,n/a,-1,n/a,n/a,-1,-1,-1,-1
459,2004,character,Portrait_SpongeBob_SacredText.png,n/a,n/a,Whoa! ||Did your crystal ball tell you that?,!!QUEST_ID2004_TEXT3,n/a,n/a,n/a,n/a,-1,-1,n/a,-1,n/a,n/a,-1,-1,-1,-1
460,2004,character,Portrait_FortuneTeller.png,n/a,n/a,No it's on your name tag. ||Now hurry with those ingredients there is a full moon tonight!,!!QUEST_ID2004_TEXT4,n/a,n/a,n/a,n/a,-1,-1,n/a,-1,n/a,n/a,-1,-1,-1,-1
461,2004,quest_start,n/a,GoldenSpatula.png,n/a,n/a,n/a,PLACEHOLDER,n/a,n/a,n/a,-1,-1,n/a,-1,n/a,n/a,-1,-1,-1,-1
462,2005,quest_complete,n/a,GoldenSpatula.png,n/a,n/a,n/a,PLACEHOLDER,n/a,n/a,n/a,-1,-1,n/a,-1,n/a,n/a,-1,-1,-1,-1
463,2005,character,Portrait_SpongeBob_SacredText.png,n/a,n/a,Ahh the Barg' N-Mart Bikini Bottom's first megastore.,!!QUEST_ID2005_TEXT1,n/a,n/a,n/a,n/a,-1,-1,n/a,-1,n/a,n/a,-1,-1,-1,-1
464,2006,character,Portrait_FortuneTeller_Excited.png,n/a,n/a,Now we are ready to begin the Séance! ||Mix those ingredients together to make the summoning salve!,!!QUEST_ID2006_TEXT1,n/a,n/a,n/a,n/a,-1,-1,n/a,-1,n/a,n/a,-1,-1,-1,-1
465,2006,character,Portrait_SpongeBob_SacredText.png,n/a,n/a,Mustard? ||Who would've thought this simple condiment could be such a strong metaphysical conductor!,!!QUEST_ID2006_TEXT2,n/a,n/a,n/a,n/a,-1,-1,n/a,-1,n/a,n/a,-1,-1,-1,-1
466,2006,quest_start,n/a,GoldenSpatula.png,n/a,n/a,n/a,PLACEHOLDER,n/a,n/a,n/a,-1,-1,n/a,-1,n/a,n/a,-1,-1,-1,-1
467,2007,quest_complete,n/a,GoldenSpatula.png,n/a,n/a,n/a,PLACEHOLDER,n/a,n/a,n/a,-1,-1,n/a,-1,n/a,n/a,-1,-1,-1,-1
468,2008,character,Portrait_SpongeBob_SacredText.png,n/a,n/a,As consort to the spirit world I now commence this séance.,!!QUEST_ID2008_TEXT1,n/a,n/a,n/a,n/a,-1,-1,n/a,-1,n/a,n/a,-1,-1,-1,-1
469,2008,character,Portrait_SpongeBob_SacredText.png,n/a,n/a,By the power of this sacred text and yellow mustard I hereby summon the spirit of Rusty's Rib Eye!,!!QUEST_ID2008_TEXT2,n/a,n/a,n/a,n/a,-1,-1,n/a,-1,n/a,n/a,-1,-1,-1,-1
470,2008,quest_start,n/a,GoldenSpatula.png,n/a,n/a,n/a,PLACEHOLDER,n/a,n/a,n/a,-1,-1,n/a,-1,n/a,n/a,-1,-1,-1,-1
471,2009,quest_complete,n/a,GoldenSpatula.png,n/a,n/a,n/a,PLACEHOLDER,n/a,n/a,n/a,-1,-1,n/a,-1,n/a,n/a,-1,-1,-1,-1
472,2010,character,Portrait_SpongeBob_SacredText.png,n/a,n/a,Hey! I didn’t summon you guys!,!!QUEST_ID2010_TEXT1,n/a,n/a,n/a,n/a,-1,-1,n/a,-1,n/a,n/a,-1,-1,-1,-1
473,2010,character,Portrait_EvilCasperGhost_Angry.png,n/a,n/a,No summoning Rusty's Rib Eye did. ||With that you’ve conjured up some spirited appetites!,!!QUEST_ID2010_TEXT2,n/a,n/a,n/a,n/a,-1,-1,n/a,-1,n/a,n/a,-1,-1,-1,-1
474,2010,character,Portrait_SpongeBob_SacredText.png,n/a,n/a,You must be Rusty Rickets! ||How about spilling the beans on the old Rusty on Rye Recipe.,!!QUEST_ID2010_TEXT3,n/a,n/a,n/a,n/a,-1,-1,n/a,-1,n/a,n/a,-1,-1,-1,-1
475,2010,character,Portrait_RustyRickets.png,n/a,n/a,Flip flip flip! ||Fa la la!,!!QUEST_ID2010_TEXT4,n/a,n/a,n/a,n/a,-1,-1,n/a,-1,n/a,n/a,-1,-1,-1,-1
476,2010,character,Portrait_SpongeBob_SacredText.png,n/a,n/a,Well that was just…gibberish. ||How about showing me how to make one.,!!QUEST_ID2010_TEXT5,n/a,n/a,n/a,n/a,-1,-1,n/a,-1,n/a,n/a,-1,-1,-1,-1
477,2010,character,RustyOnRye.png,n/a,n/a,Driftwood Shellac and spackle? ||That certainly sounds…fortifying. ||Hey I know where to get those items!,!!QUEST_ID2010_TEXT6,n/a,n/a,n/a,n/a,-1,-1,n/a,-1,n/a,n/a,-1,-1,-1,-1
478,2010,quest_start,n/a,GoldenSpatula.png,n/a,n/a,n/a,PLACEHOLDER,n/a,n/a,n/a,-1,-1,n/a,-1,n/a,n/a,-1,-1,-1,-1
479,2011,quest_complete,n/a,GoldenSpatula.png,n/a,n/a,n/a,PLACEHOLDER,n/a,n/a,n/a,-1,-1,n/a,-1,n/a,n/a,-1,-1,-1,-1
480,2012,character,Portrait_SpongeBob_SacredText.png,n/a,n/a,Alright let's make this bad boy!,!!QUEST_ID2012_TEXT1,n/a,n/a,n/a,n/a,-1,-1,n/a,-1,n/a,n/a,-1,-1,-1,-1
481,2012,quest_start,n/a,GoldenSpatula.png,n/a,n/a,n/a,PLACEHOLDER,n/a,n/a,n/a,-1,-1,n/a,-1,n/a,n/a,-1,-1,-1,-1
482,2013,quest_complete,n/a,GoldenSpatula.png,n/a,n/a,n/a,PLACEHOLDER,n/a,n/a,n/a,-1,-1,n/a,-1,n/a,n/a,-1,-1,-1,-1
483,2014,quest_line_start,n/a,n/a,spongebob_happy.png,n/a,n/a,n/a,!!EPISODE_TITLE_PESKY_POLTERGEISTS,!!EPISODE_TITLE_PESKY_POLTERGEISTS_BODY,n/a,100,-1,n/a,-1,resources,buildings,51,9041,150,1
484,2014,character,Portrait_EvilCasperGhost_Angry.png,n/a,n/a,That Rusty on Rye you made for Old Man Jenkins smelled absolutely grotesque!! ||You must make me one at once!,!!QUEST_ID202014_TEXT1,n/a,n/a,n/a,n/a,-1,-1,n/a,-1,n/a,n/a,-1,-1,-1,-1
485,2014,character,spongebob_happy.png,n/a,n/a,Boy these are some demanding ghosts! ||We're gonna need more supplies.,!!QUEST_ID202014_TEXT2,n/a,n/a,n/a,n/a,-1,-1,n/a,-1,n/a,n/a,-1,-1,-1,-1
486,2014,quest_start,n/a,GoldenSpatula.png,n/a,n/a,n/a,PLACEHOLDER,n/a,n/a,n/a,-1,-1,n/a,-1,n/a,n/a,-1,-1,-1,-1
487,2015,quest_complete,n/a,GoldenSpatula.png,n/a,n/a,n/a,PLACEHOLDER,n/a,n/a,n/a,-1,-1,n/a,-1,n/a,n/a,-1,-1,-1,-1
488,2015,character,spongebob_happy.png,n/a,n/a,Ewww! Ectoplasm! ||Hey maybe this stuff is like Jellyfish Jelly for ghosts!,!!QUEST_ID2015_TEXT1,n/a,n/a,n/a,n/a,-1,-1,n/a,-1,n/a,n/a,-1,-1,-1,-1
489,2016,character,spongebob_happy.png,n/a,n/a,Hey Old Man Jenkins dropped a new recipe!,!!QUEST_ID2016_TEXT1,n/a,n/a,n/a,n/a,-1,-1,n/a,-1,n/a,n/a,-1,-1,-1,-1
490,2016,character,mrkrabsportrait_moneygrubbing,n/a,n/a,You know the drill SpongeBob! ||Throw it on the menu!,!!QUEST_ID2016_TEXT2,n/a,n/a,n/a,n/a,-1,-1,n/a,-1,n/a,n/a,-1,-1,-1,-1
491,2016,character,spongebob_quizzical.png,n/a,n/a,It's made with driftwood and industrial-strength solvents and adhesives!,!!QUEST_ID2016_TEXT3,n/a,n/a,n/a,n/a,-1,-1,n/a,-1,n/a,n/a,-1,-1,-1,-1
492,2016,character,mrkrabsportrait_stern,n/a,n/a,Eh second thought that sounds like a Rusty's Rib Eye sort of recipe.,!!QUEST_ID2016_TEXT4,n/a,n/a,n/a,n/a,-1,-1,n/a,-1,n/a,n/a,-1,-1,-1,-1
493,2016,character,Portrait_RustyRickets.png,n/a,n/a,Flabba foo!,!!QUEST_ID2016_TEXT5,n/a,n/a,n/a,n/a,-1,-1,n/a,-1,n/a,n/a,-1,-1,-1,-1
494,2016,quest_start,n/a,GoldenSpatula.png,n/a,n/a,n/a,PLACEHOLDER,n/a,n/a,n/a,-1,-1,n/a,-1,n/a,n/a,-1,-1,-1,-1
495,2017,quest_complete,n/a,GoldenSpatula.png,n/a,n/a,n/a,PLACEHOLDER,n/a,n/a,n/a,-1,-1,n/a,-1,n/a,n/a,-1,-1,-1,-1
496,2017,character,spongebob_happy.png,n/a,n/a,Hmmm. This sauce certainly looks... ||Terrifying. ||What on earth can I make with this?,!!QUEST_ID2017_TEXT1,n/a,n/a,n/a,n/a,-1,-1,n/a,-1,n/a,n/a,-1,-1,-1,-1
497,2017,character,Portrait_EvilCasperGhost_Angry.png,n/a,n/a,What on Earth probably nothing. ||But my ghost friends may have some new recipes and that sauce will definitely hit the spot!,!!QUEST_ID2017_TEXT2,n/a,n/a,n/a,n/a,-1,-1,n/a,-1,n/a,n/a,-1,-1,-1,-1
498,2018,quest_start,n/a,GoldenSpatula.png,n/a,n/a,n/a,PLACEHOLDER,n/a,n/a,n/a,-1,-1,n/a,-1,n/a,n/a,-1,-1,-1,-1
499,2019,quest_complete,n/a,GoldenSpatula.png,n/a,n/a,n/a,PLACEHOLDER,n/a,n/a,n/a,-1,-1,n/a,-1,n/a,n/a,-1,-1,-1,-1
500,2020,character,Portrait_EvilCasperGhost_Angry.png,n/a,n/a,This place isn't looking scary enough. ||Hey 'Big Face' make this town scary or we'll haunt you while you cook!,!!QUEST_ID2020_TEXT1,n/a,n/a,n/a,n/a,-1,-1,n/a,-1,n/a,n/a,-1,-1,-1,-1
501,2020,character,spongebob_happy.png,n/a,n/a,Right away your ghoulishness!,!!QUEST_ID2020_TEXT2,n/a,n/a,n/a,n/a,-1,-1,n/a,-1,n/a,n/a,-1,-1,-1,-1
502,2020,quest_start,n/a,GoldenSpatula.png,n/a,n/a,n/a,PLACEHOLDER,n/a,n/a,n/a,-1,-1,n/a,-1,n/a,n/a,-1,-1,-1,-1
503,2021,quest_complete,n/a,GoldenSpatula.png,n/a,n/a,n/a,PLACEHOLDER,n/a,n/a,n/a,-1,-1,n/a,-1,n/a,n/a,-1,-1,-1,-1
504,2021,character,Portrait_EvilCasperGhost_Angry.png,n/a,n/a,You call that scary? ||That couldn’t even scare Old Man Jenkins and everything scares him. ||You've got to do better than that 'Big Face!',!!QUEST_ID2021_TEXT1,n/a,n/a,n/a,n/a,-1,-1,n/a,-1,n/a,n/a,-1,-1,-1,-1
505,2022,character,spongebob_happy.png,n/a,n/a,Boy these ghosts are serious about their scary. ||Well I can be scary too! ||That's why they call me SpongeBob Scarepants!,!!QUEST_ID2022_TEXT1,n/a,n/a,n/a,n/a,-1,-1,n/a,-1,n/a,n/a,-1,-1,-1,-1
506,2022,character,mrkrabsportrait_moneygrubbing,n/a,n/a,No we don't. ||You know darn well what we call you SpongeBob Scaredypants!,!!QUEST_ID2022_TEXT2,n/a,n/a,n/a,n/a,-1,-1,n/a,-1,n/a,n/a,-1,-1,-1,-1
507,2022,quest_start,n/a,GoldenSpatula.png,n/a,n/a,n/a,PLACEHOLDER,n/a,n/a,n/a,-1,-1,n/a,-1,n/a,n/a,-1,-1,-1,-1
508,2023,quest_complete,n/a,GoldenSpatula.png,n/a,n/a,n/a,PLACEHOLDER,n/a,n/a,n/a,-1,-1,n/a,-1,n/a,n/a,-1,-1,-1,-1
509,2024,character,Portrait_EvilCasperGhost_Angry.png,n/a,n/a,Not bad but this would barely get a gasp out of the living. ||Why don't you add a haunted house for some real screams!,!!QUEST_ID2024_TEXT1,n/a,n/a,n/a,n/a,-1,-1,n/a,-1,n/a,n/a,-1,-1,-1,-1
510,2024,quest_start,n/a,GoldenSpatula.png,n/a,n/a,n/a,PLACEHOLDER,n/a,n/a,n/a,-1,-1,n/a,-1,n/a,n/a,-1,-1,-1,-1
511,2025,quest_complete,n/a,GoldenSpatula.png,n/a,n/a,n/a,PLACEHOLDER,n/a,n/a,n/a,-1,-1,n/a,-1,n/a,n/a,-1,-1,-1,-1
512,2026,character,Portrait_FortuneTeller.png,n/a,n/a,Hello again SpongeBob. ||How did the Séance go?,!!QUEST_ID2026_TEXT1,n/a,n/a,n/a,n/a,-1,-1,n/a,-1,n/a,n/a,-1,-1,-1,-1
513,2026,character,Portrait_SpongeBob.png,n/a,n/a,It worked a little too well I'm afraid. ||All these ghosts are here now and they're pretty demanding!,!!QUEST_ID2026_TEXT2,n/a,n/a,n/a,n/a,-1,-1,n/a,-1,n/a,n/a,-1,-1,-1,-1
514,2026,character,Portrait_EvilCasperGhost_Angry.png,n/a,n/a,One haunted house that's all we asked for. ||Would it kill you to build the house of a tricycle-riding masked psychopath? ||It just might. Mwahahaha!,!!QUEST_ID2026_TEXT3,n/a,n/a,n/a,n/a,-1,-1,n/a,-1,n/a,n/a,-1,-1,-1,-1
515,2026,quest_start,n/a,GoldenSpatula.png,n/a,n/a,n/a,PLACEHOLDER,n/a,n/a,n/a,-1,-1,n/a,-1,n/a,n/a,-1,-1,-1,-1
516,2027,quest_complete,n/a,GoldenSpatula.png,n/a,n/a,n/a,PLACEHOLDER,n/a,n/a,n/a,-1,-1,n/a,-1,n/a,n/a,-1,-1,-1,-1
517,2028,character,Portrait_EvilCasperGhost_Angry.png,n/a,n/a,Rusty had a doctor's appointment and needs you to take over in the kitchen. ||And be quick about it we're hungry 'Big Face!',!!QUEST_ID2028_TEXT1,n/a,n/a,n/a,n/a,-1,-1,n/a,-1,n/a,n/a,-1,-1,-1,-1
518,2028,character,spongebob_quizzical.png,n/a,n/a,My name is SpongeBob Scared– I mean Squarepants! ||A doctor's appointment? He's not alive why would he need a doctor?,!!QUEST_ID2028_TEXT2,n/a,n/a,n/a,n/a,-1,-1,n/a,-1,n/a,n/a,-1,-1,-1,-1
519,2028,character,Portrait_EvilCasperGhost_Angry.png,n/a,n/a,It’s a Witch Doctor.,!!QUEST_ID2028_TEXT3,n/a,n/a,n/a,n/a,-1,-1,n/a,-1,n/a,n/a,-1,-1,-1,-1
520,2028,quest_start,n/a,GoldenSpatula.png,n/a,n/a,n/a,PLACEHOLDER,n/a,n/a,n/a,-1,-1,n/a,-1,n/a,n/a,-1,-1,-1,-1
521,2029,quest_complete,n/a,GoldenSpatula.png,n/a,n/a,n/a,PLACEHOLDER,n/a,n/a,n/a,-1,-1,n/a,-1,n/a,n/a,-1,-1,-1,-1
522,2030,character,Portrait_FortuneTeller_Excited.png,n/a,n/a,These ghosts are so rude! ||One of them just called me Ma'am. ||Do I look old enough to be called Ma'am?,!!QUEST_ID2030_TEXT1,n/a,n/a,n/a,n/a,-1,-1,n/a,-1,n/a,n/a,-1,-1,-1,-1
523,2030,character,Portrait_SpongeBob.png,n/a,n/a,I'd say Madam at best. ||What can we do to get rid of these pesky poltergeists?,!!QUEST_ID2030_TEXT2,n/a,n/a,n/a,n/a,-1,-1,n/a,-1,n/a,n/a,-1,-1,-1,-1
524,2030,character,Portrait_FortuneTeller.png,n/a,n/a,Help me set up shop in Bikini Bottom and then those ghosts will be toast.,!!QUEST_ID2030_TEXT3,n/a,n/a,n/a,n/a,-1,-1,n/a,-1,n/a,n/a,-1,-1,-1,-1
525,2030,quest_start,n/a,GoldenSpatula.png,n/a,n/a,n/a,PLACEHOLDER,n/a,n/a,n/a,-1,-1,n/a,-1,n/a,n/a,-1,-1,-1,-1
526,2031,quest_complete,n/a,GoldenSpatula.png,n/a,n/a,n/a,PLACEHOLDER,n/a,n/a,n/a,-1,-1,n/a,-1,n/a,n/a,-1,-1,-1,-1
527,2031,character,spongebob_quizzical.png,n/a,n/a,I can't seem to get the ghosts to leave!,!!QUEST_ID2031_TEXT1,n/a,n/a,n/a,n/a,-1,-1,n/a,-1,n/a,n/a,-1,-1,-1,-1
528,2031,character,Portrait_FortuneTeller.png,n/a,n/a,Do not give up SpongeBob continue feeding them everyday. ||That Ectoplasm is very valuable you know.,!!QUEST_ID2031_TEXT2,n/a,n/a,n/a,n/a,-1,-1,n/a,-1,n/a,n/a,-1,-1,-1,-1
529,2031,character,spongebob_happy.png,n/a,n/a,I live to serve Bikini Bottom and its citizens but these ghosts are another story... ||They're not so easy to please!,!!QUEST_ID2031_TEXT3,n/a,n/a,n/a,n/a,-1,-1,n/a,-1,n/a,n/a,-1,-1,-1,-1
530,2031,character,Portrait_FortuneTeller_Excited.png,n/a,n/a,Just keep them content. ||I have spent much time consulting my crystal ball and I have foreseen that at the end of the haunting season your luck will change!,!!QUEST_ID2031_TEXT4,n/a,n/a,n/a,n/a,-1,-1,n/a,-1,n/a,n/a,-1,-1,-1,-1
531,2031,quest_line_complete,n/a,n/a,spongebob_happy.png,n/a,n/a,n/a,!!EPISODE_TITLE_PESKY_POLTERGEISTS,!!EPISODE_TITLE_PESKY_POLTERGEISTS_BODY,n/a,100,-1,n/a,-1,resources,buildings,51,9041,150,1
532,2032,character,Portrait_FortuneTeller_Excited.png,n/a,n/a,Something has to be done about those ghosts SpongeBob! ||One of them is using my crystal ball down at the bowling alley!,!!QUEST_ID2032_TEXT1,n/a,n/a,n/a,n/a,-1,-1,n/a,-1,n/a,n/a,-1,-1,-1,-1
533,2032,character,spongebob_happy.png,n/a,n/a,Well we summoned them with Mustard! ||So what can we use to banish them… ||Oh no way it can't be that easy!,!!QUEST_ID2032_TEXT2,n/a,n/a,n/a,n/a,-1,-1,n/a,-1,n/a,n/a,-1,-1,-1,-1
534,2032,character,Portrait_FortuneTeller.png,n/a,n/a,Sometimes the answer is right under your nose. ||Well done SpongeBob!,!!QUEST_ID2032_TEXT3,n/a,n/a,n/a,n/a,-1,-1,n/a,-1,n/a,n/a,-1,-1,-1,-1
535,2032,quest_start,n/a,GoldenSpatula.png,n/a,n/a,n/a,PLACEHOLDER,n/a,n/a,n/a,-1,-1,n/a,-1,n/a,n/a,-1,-1,-1,-1
536,2033,quest_complete,n/a,GoldenSpatula.png,n/a,n/a,n/a,PLACEHOLDER,n/a,n/a,n/a,-1,-1,n/a,-1,n/a,n/a,-1,-1,-1,-1
537,2033,character,Portrait_FortuneTeller.png,n/a,n/a,The ghosts are still here! ||We must have missed something. ||Say what is the expiration date on that Ketchup?,!!QUEST_ID2033_TEXT1,n/a,n/a,n/a,n/a,-1,-1,n/a,-1,n/a,n/a,-1,-1,-1,-1
538,2033,character,spongebob_quizzical.png,n/a,n/a,It says November 1st of this year! ||Boy Mr. Krabs needs to buy some new ketchup.,!!QUEST_ID2033_TEXT2,n/a,n/a,n/a,n/a,-1,-1,n/a,-1,n/a,n/a,-1,-1,-1,-1
539,2033,character,Portrait_FortuneTeller_Excited.png,n/a,n/a,That is the missing piece to the puzzle SpongeBob. ||When that ketchup expires so will these ghosts!,!!QUEST_ID2033_TEXT3,n/a,n/a,n/a,n/a,-1,-1,n/a,-1,n/a,n/a,-1,-1,-1,-1
540,2033,quest_line_complete,n/a,n/a,spongebob_happy.png,n/a,n/a,n/a,!!QUESTLINE_COMPLETE_HEADING,!!QUESTLINE_COMPLETE_BODY,n/a,100,-1,n/a,-1,resources,buildings,51,9041,10,1
541,2034,quest_start,n/a,GoldenSpatula.png,n/a,n/a,n/a,PLACEHOLDER,n/a,n/a,n/a,-1,-1,n/a,-1,n/a,n/a,-1,-1,-1,-1
542,2035,quest_complete,n/a,GoldenSpatula.png,n/a,n/a,n/a,PLACEHOLDER,n/a,n/a,n/a,-1,-1,n/a,-1,n/a,n/a,-1,-1,-1,-1
543,2036,quest_start,n/a,GoldenSpatula.png,n/a,n/a,n/a,PLACEHOLDER,n/a,n/a,n/a,-1,-1,n/a,-1,n/a,n/a,-1,-1,-1,-1
544,2037,quest_complete,n/a,GoldenSpatula.png,n/a,n/a,n/a,PLACEHOLDER,n/a,n/a,n/a,-1,-1,n/a,-1,n/a,n/a,-1,-1,-1,-1
545,2038,quest_start,n/a,GoldenSpatula.png,n/a,n/a,n/a,PLACEHOLDER,n/a,n/a,n/a,-1,-1,n/a,-1,n/a,n/a,-1,-1,-1,-1
546,2039,quest_complete,n/a,GoldenSpatula.png,n/a,n/a,n/a,PLACEHOLDER,n/a,n/a,n/a,-1,-1,n/a,-1,n/a,n/a,-1,-1,-1,-1
547,2040,quest_start,n/a,GoldenSpatula.png,n/a,n/a,n/a,PLACEHOLDER,n/a,n/a,n/a,-1,-1,n/a,-1,n/a,n/a,-1,-1,-1,-1
548,2041,quest_complete,n/a,GoldenSpatula.png,n/a,n/a,n/a,PLACEHOLDER,n/a,n/a,n/a,-1,-1,n/a,-1,n/a,n/a,-1,-1,-1,-1
549,2042,quest_start,n/a,GoldenSpatula.png,n/a,n/a,n/a,PLACEHOLDER,n/a,n/a,n/a,-1,-1,n/a,-1,n/a,n/a,-1,-1,-1,-1
550,2043,quest_complete,n/a,GoldenSpatula.png,n/a,n/a,n/a,PLACEHOLDER,n/a,n/a,n/a,-1,-1,n/a,-1,n/a,n/a,-1,-1,-1,-1
551,2044,character,PortraitSlasherMcGee.png,n/a,n/a,(Growl) (Grunt) (Grunt),!!QUEST_ID2044_TEXT1,n/a,n/a,n/a,n/a,-1,-1,n/a,-1,n/a,n/a,-1,-1,-1,-1
552,2044,character,spongebob_quizzical.png,n/a,n/a,What's that Slasher? ||You were in jail recently for Jaywalking and only worked on your upper body?,!!QUEST_ID2044_TEXT2,n/a,n/a,n/a,n/a,-1,-1,n/a,-1,n/a,n/a,-1,-1,-1,-1
553,2044,character,PortraitSlasherMcGee.png,n/a,n/a,(Grunt) (Growl) ||(Growl) (Growl) (Grunt),!!QUEST_ID2044_TEXT3,n/a,n/a,n/a,n/a,-1,-1,n/a,-1,n/a,n/a,-1,-1,-1,-1
554,2044,character,spongebob_happy.png,n/a,n/a,And you need protein and carbs for energy to work on your legs? ||Why not try some Krabby Patties!,!!QUEST_ID2044_TEXT4,n/a,n/a,n/a,n/a,-1,-1,n/a,-1,n/a,n/a,-1,-1,-1,-1
555,2044,quest_start,n/a,GoldenSpatula.png,n/a,n/a,n/a,PLACEHOLDER,n/a,n/a,n/a,-1,-1,n/a,-1,n/a,n/a,-1,-1,-1,-1
556,2045,quest_complete,n/a,GoldenSpatula.png,n/a,n/a,n/a,PLACEHOLDER,n/a,n/a,n/a,-1,-1,n/a,-1,n/a,n/a,-1,-1,-1,-1
557,2046,character,PortraitSlasherMcGee.png,n/a,n/a,(Grunt) (Growl) (Grunt),!!QUEST_ID2046_TEXT1,n/a,n/a,n/a,n/a,-1,-1,n/a,-1,n/a,n/a,-1,-1,-1,-1
558,2046,character,spongebob_quizzical.png,n/a,n/a,What's that Slasher? ||You want us to place a Clock Tower in town?,!!QUEST_ID2046_TEXT2,n/a,n/a,n/a,n/a,-1,-1,n/a,-1,n/a,n/a,-1,-1,-1,-1
559,2046,character,PortraitSlasherMcGee.png,n/a,n/a,(Growl) (Grunt) ||(Grunt) (Grunt) (Growl),!!QUEST_ID2046_TEXT3,n/a,n/a,n/a,n/a,-1,-1,n/a,-1,n/a,n/a,-1,-1,-1,-1
560,2046,character,spongebob_happy.png,n/a,n/a,So you can get home in time to watch 'Bottom Feeding' with Gene Scallop? ||I think we can do that for ya Slasher ol' pal!,!!QUEST_ID2046_TEXT4,n/a,n/a,n/a,n/a,-1,-1,n/a,-1,n/a,n/a,-1,-1,-1,-1
561,2046,quest_start,n/a,GoldenSpatula.png,n/a,n/a,n/a,PLACEHOLDER,n/a,n/a,n/a,-1,-1,n/a,-1,n/a,n/a,-1,-1,-1,-1
562,2047,quest_complete,n/a,GoldenSpatula.png,n/a,n/a,n/a,PLACEHOLDER,n/a,n/a,n/a,-1,-1,n/a,-1,n/a,n/a,-1,-1,-1,-1
563,2048,character,Portrait_HillBilly_Excited.png,n/a,n/a,You can make the Rusty on Rye? ||Well what you waitin' for I got a mighty hankering for one or two… ||Heck why don’t you make me five!,!!QUEST_ID2048_TEXT1,n/a,n/a,n/a,n/a,-1,-1,n/a,-1,n/a,n/a,-1,-1,-1,-1
564,2048,quest_start,n/a,GoldenSpatula.png,n/a,n/a,n/a,PLACEHOLDER,n/a,n/a,n/a,-1,-1,n/a,-1,n/a,n/a,-1,-1,-1,-1
565,2049,quest_complete,n/a,GoldenSpatula.png,n/a,n/a,n/a,PLACEHOLDER,n/a,n/a,n/a,-1,-1,n/a,-1,n/a,n/a,-1,-1,-1,-1
566,2050,character,Portrait_HillBilly_Excited.png,n/a,n/a,Hmmm. My place is lacking that special somethin'! ||Something to really make this place home… ||I got it!,!!QUEST_ID2050_TEXT1,n/a,n/a,n/a,n/a,-1,-1,n/a,-1,n/a,n/a,-1,-1,-1,-1
567,2050,quest_start,n/a,GoldenSpatula.png,n/a,n/a,n/a,PLACEHOLDER,n/a,n/a,n/a,-1,-1,n/a,-1,n/a,n/a,-1,-1,-1,-1
568,2051,quest_complete,n/a,GoldenSpatula.png,n/a,n/a,n/a,PLACEHOLDER,n/a,n/a,n/a,-1,-1,n/a,-1,n/a,n/a,-1,-1,-1,-1
569,2052,character,Portrait_HillBilly_Excited.png,n/a,n/a,It's almost there just one more thing and my home will be complete! ||Somethin' classy! ||Hello beautiful where have you been all my life?,!!QUEST_ID2052_TEXT1,n/a,n/a,n/a,n/a,-1,-1,n/a,-1,n/a,n/a,-1,-1,-1,-1
570,2052,quest_start,n/a,GoldenSpatula.png,n/a,n/a,n/a,PLACEHOLDER,n/a,n/a,n/a,-1,-1,n/a,-1,n/a,n/a,-1,-1,-1,-1
571,2053,quest_complete,n/a,GoldenSpatula.png,n/a,n/a,n/a,PLACEHOLDER,n/a,n/a,n/a,-1,-1,n/a,-1,n/a,n/a,-1,-1,-1,-1
572,2054,character,Portrait_AnglerFish.png,n/a,n/a,Now that I'm moved in let's decorate my yard to pay homage to some of the greatest horror movies of all time.,!!QUEST_ID2054_TEXT1,n/a,n/a,n/a,n/a,-1,-1,n/a,-1,n/a,n/a,-1,-1,-1,-1
573,2054,character,spongebob_happy.png,n/a,n/a,Real comedian this guy.,!!QUEST_ID2054_TEXT2,n/a,n/a,n/a,n/a,-1,-1,n/a,-1,n/a,n/a,-1,-1,-1,-1
574,2054,quest_start,n/a,GeneScallopsPortrait.png,n/a,n/a,n/a,!!QUEST_BUILD_REEF,n/a,n/a,n/a,-1,-1,n/a,-1,n/a,n/a,-1,-1,-1,-1
575,2055,quest_complete,n/a,GoldenSpatula.png,n/a,n/a,n/a,PLACEHOLDER,n/a,n/a,n/a,-1,-1,n/a,-1,n/a,n/a,-1,-1,-1,-1
576,2056,character,Portrait_AnglerFish.png,n/a,n/a,Yes those are splendid. ||Next let's add a prop that tells the tale of horror on the high seas.,!!QUEST_ID2056_TEXT1,n/a,n/a,n/a,n/a,-1,-1,n/a,-1,n/a,n/a,-1,-1,-1,-1
577,2056,character,spongebob_happy.png,n/a,n/a,Where does he come up with this stuff?,!!QUEST_ID2056_TEXT2,n/a,n/a,n/a,n/a,-1,-1,n/a,-1,n/a,n/a,-1,-1,-1,-1
578,2056,quest_start,n/a,GoldenSpatula.png,n/a,n/a,n/a,PLACEHOLDER,n/a,n/a,n/a,-1,-1,n/a,-1,n/a,n/a,-1,-1,-1,-1
579,2057,quest_complete,n/a,GoldenSpatula.png,n/a,n/a,n/a,PLACEHOLDER,n/a,n/a,n/a,-1,-1,n/a,-1,n/a,n/a,-1,-1,-1,-1
580,2058,character,Portrait_AnglerFish.png,n/a,n/a,Marvelous! ||Finally we shall add a Witch's Cauldron as seen in last year's sleeper hit 'The Brining.',!!QUEST_ID2058_TEXT1,n/a,n/a,n/a,n/a,-1,-1,n/a,-1,n/a,n/a,-1,-1,-1,-1
581,2058,quest_start,n/a,GoldenSpatula.png,n/a,n/a,n/a,PLACEHOLDER,n/a,n/a,n/a,-1,-1,n/a,-1,n/a,n/a,-1,-1,-1,-1
582,2059,quest_complete,n/a,GoldenSpatula.png,n/a,n/a,n/a,PLACEHOLDER,n/a,n/a,n/a,-1,-1,n/a,-1,n/a,n/a,-1,-1,-1,-1
583,2060,quest_start,n/a,GoldenSpatula.png,n/a,n/a,n/a,PLACEHOLDER,n/a,n/a,n/a,-1,-1,n/a,-1,n/a,n/a,-1,-1,-1,-1
584,2061,quest_complete,n/a,GoldenSpatula.png,n/a,n/a,n/a,PLACEHOLDER,n/a,n/a,n/a,-1,-1,n/a,-1,n/a,n/a,-1,-1,-1,-1
585,2062,character,Portrait_HillBilly_Excited.png,n/a,n/a,I see you learned how to make the Rusty on Rye! ||Well what you waitin' for I got a mighty hankering for one! ||Well what you waitin' for I got a mighty hankering for one!,!!QUEST_ID2062_TEXT1,n/a,n/a,n/a,n/a,-1,-1,OMJ_Chewing,-1,n/a,n/a,-1,-1,-1,-1
586,2062,quest_start,n/a,GoldenSpatula.png,n/a,n/a,n/a,PLACEHOLDER,n/a,n/a,n/a,-1,-1,n/a,-1,n/a,n/a,-1,-1,-1,-1
587,2063,quest_complete,n/a,GoldenSpatula.png,n/a,n/a,n/a,PLACEHOLDER,n/a,n/a,n/a,-1,-1,n/a,-1,n/a,n/a,-1,-1,-1,-1
588,2063,character,Portrait_HillBilly_Excited.png,n/a,n/a,That there's the best dang sandwich I've ever tasted! ||Great job there little yellow fella!,!!QUEST_ID2063_TEXT1,n/a,n/a,n/a,n/a,-1,-1,n/a,-1,n/a,n/a,-1,-1,-1,-1
589,2063,quest_line_complete,n/a,n/a,Portrait_SpongeBob_SacredText.png,n/a,n/a,n/a,!!QUESTLINE_COMPLETE_HEADING,!!QUESTLINE_COMPLETE_BODY,n/a,100,-1,n/a,-1,resources,buildings,51,20067,10,1
590,2064,character,Patchy_Excited_Origin.png,n/a,n/a,Hey kids arrr ye ready for the Holidays?||Gather 'round so ole Patchy can tell ye a happy story 'bout the time when Bikini Bottom had the perfect Christmas--,!!QUEST_ID2064_TEXT1,n/a,n/a,n/a,n/a,-1,-1,n/a,-1,n/a,n/a,-1,-1,-1,-1
591,2064,character,Potty_Bored_Origin.png,n/a,n/a,SQUAWK!|Boring! Boooring!|Put us to sleep! Put us to sleep!,!!QUEST_ID2064_TEXT2,n/a,n/a,n/a,n/a,-1,-1,n/a,-1,n/a,n/a,-1,-1,-1,-1
592,2064,character,Patchy_Neutral_Origin.png,n/a,n/a,Sometimes I'd like to put ye to sleep ye pesky pin-feathered parrot!,!!QUEST_ID2064_TEXT3,n/a,n/a,n/a,n/a,-1,-1,n/a,-1,n/a,n/a,-1,-1,-1,-1
593,2064,character,Potty_Excited_Origin.png,n/a,n/a,SQUAWK!||Give us mystery!||Give us excitement!!||Give us rampaging renagade robots!!!,!!QUEST_ID2064_TEXT4,n/a,n/a,n/a,n/a,-1,-1,n/a,-1,n/a,n/a,-1,-1,-1,-1
594,2064,character,Patchy_Excited_Origin.png,n/a,n/a,HOLD ON me fine feathered fanatical fan-bird!||If it's excitement ye want I'll tell ye of the time when Santa couldn't keep up…,!!QUEST_ID2064_TEXT5,n/a,n/a,n/a,n/a,-1,-1,n/a,-1,n/a,n/a,-1,-1,-1,-1
595,2064,character,Santa_Neutral_Origin.png,n/a,n/a,I won't be able to make enough presents this year at the North Pole SpongeBob.||I need help or Christmas will be ruined!,!!QUEST_ID2064_TEXT6,n/a,n/a,n/a,n/a,-1,-1,n/a,-1,n/a,n/a,-1,-1,-1,-1
596,2064,character,spongebob_quizzical.png,n/a,n/a,Oh no!,!!QUEST_ID2064_TEXT7,n/a,n/a,n/a,n/a,-1,-1,n/a,-1,n/a,n/a,-1,-1,-1,-1
597,2064,character,Santa_Neutral_Origin.png,n/a,n/a,I need to set up more toy factories or there won't be enough presents for all the kids on Christmas!,!!QUEST_ID2064_TEXT8,n/a,n/a,n/a,n/a,-1,-1,n/a,-1,n/a,n/a,-1,-1,-1,-1
598,2064,character,spongebob_happy.png,n/a,n/a,More toy factories?||Where? Here?!||Can we have one here?!||Please please can we can we PLEASE PLEASE?!,!!QUEST_ID2064_TEXT9,n/a,n/a,n/a,n/a,-1,-1,n/a,-1,n/a,n/a,-1,-1,-1,-1
599,2064,character,Santa_Neutral_Origin.png,n/a,n/a,I don't know SpongeBob...||Hosting one of Santa's Toy Factories and an elf battalion is a big responsibility…,!!QUEST_ID2064_TEXT10,n/a,n/a,n/a,n/a,-1,-1,n/a,-1,n/a,n/a,-1,-1,-1,-1
600,2064,character,spongebob_happy.png,n/a,n/a,Please please please?!||I promise to feed them and take care of them!||Pretty-please?,!!QUEST_ID2064_TEXT11,n/a,n/a,n/a,n/a,-1,-1,n/a,-1,n/a,n/a,-1,-1,-1,-1
601,2064,character,Santa_Neutral_Origin.png,n/a,n/a,Okay SpongeBob if you promise to be a good host and take care of everything.||Build an apartment complex where the elves can live and then we'll see.,!!QUEST_ID2064_TEXT12,n/a,n/a,n/a,n/a,-1,-1,n/a,-1,n/a,n/a,-1,-1,-1,-1
602,2064,character,spongebob_happy.png,n/a,n/a,I will Santa you'll see!||You won't be sorry! You won't be sorry at all!,!!QUEST_ID2064_TEXT13,n/a,n/a,n/a,n/a,-1,-1,n/a,-1,n/a,n/a,-1,-1,-1,-1
603,2064,quest_line_start,n/a,n/a,spongebob_happy.png,n/a,n/a,n/a,!!EPISODE_TITLE_DONT_MAKE_SANTA_SORRY,!!EPISODE_BODY_DONT_MAKE_SANTA_SORRY,character_MultiQuestStartChristmas,25,25,n/a,-1,n/a,buildings,-1,20075,-1,1
604,2064,quest_start,n/a,GoldenSpatula.png,n/a,n/a,n/a,PLACEHOLDER,n/a,n/a,character_MultiQuestStartChristmas,-1,-1,n/a,-1,n/a,n/a,-1,-1,-1,-1
605,2065,quest_complete,n/a,GoldenSpatula.png,n/a,n/a,n/a,PLACEHOLDER,n/a,n/a,character_MultiQuestCompleteChristmas,-1,-1,n/a,-1,n/a,n/a,-1,-1,-1,-1
606,2066,character,Stan_Dialog_Origin.png,n/a,n/a,You must be SpongeBob.||My name's Stan and I just moved into the apartments you built and I'm none too happy about it!,!!QUEST_ID2066_TEXT1,n/a,n/a,n/a,n/a,-1,-1,n/a,-1,n/a,n/a,-1,-1,-1,-1
607,2066,character,spongebob_quizzical.png,n/a,n/a,What's wrong with it Stan?||I decorated it and everything!,!!QUEST_ID2066_TEXT2,n/a,n/a,n/a,n/a,-1,-1,n/a,-1,n/a,n/a,-1,-1,-1,-1
608,2066,character,Stan_Dialog_Origin.png,n/a,n/a,What? Oh well it's gawdy as all get out...||But what I mean is I'm going to be the foreman of this new factory but I was supposed to retire this year!,!!QUEST_ID2066_TEXT3,n/a,n/a,n/a,n/a,-1,-1,n/a,-1,n/a,n/a,-1,-1,-1,-1
609,2066,character,spongebob_quizzical.png,n/a,n/a,Santa's elves get to retire?||How long have you been an elf?,!!QUEST_ID2066_TEXT4,n/a,n/a,n/a,n/a,-1,-1,n/a,-1,n/a,n/a,-1,-1,-1,-1
610,2066,character,Stan_Dialog_Origin.png,n/a,n/a,Well let's just say it's been a while.||But don't distract me! If I have to do this one more time I'm going to do it right!,!!QUEST_ID2066_TEXT5,n/a,n/a,n/a,n/a,-1,-1,n/a,-1,n/a,n/a,-1,-1,-1,-1
611,2066,character,Stan_Dialog_Origin.png,n/a,n/a, Let's clear us some space so we can build this toy factory!||I picked out the perfect spot for it SpongeBob.,!!QUEST_ID2066_TEXT6,n/a,n/a,n/a,n/a,-1,-1,n/a,-1,n/a,n/a,-1,-1,-1,-1
612,2066,character,Stan_Dialog_Origin.png,n/a,n/a,But first clear off all the obstacles.||There are weeds...SEA weeds no less...all over it!,!!QUEST_ID2066_TEXT7,n/a,n/a,n/a,n/a,-1,-1,n/a,-1,n/a,n/a,-1,-1,-1,-1
613,2066,character,spongebob_determined.png,n/a,n/a,Your wish is my command Stan!,!!QUEST_ID2066_TEXT8,n/a,n/a,n/a,n/a,-1,-1,n/a,-1,n/a,n/a,-1,-1,-1,-1
614,2066,quest_start,n/a,GoldenSpatula.png,n/a,n/a,n/a,PLACEHOLDER,n/a,n/a,character_MultiQuestStartChristmas,-1,-1,n/a,-1,n/a,n/a,-1,-1,-1,-1
615,2067,quest_complete,n/a,GoldenSpatula.png,n/a,n/a,n/a,PLACEHOLDER,n/a,n/a,character_MultiQuestCompleteChristmas,-1,-1,n/a,-1,n/a,n/a,-1,-1,-1,-1
616,2068,character,Stan_Dialog_Origin.png,n/a,n/a,That'll do SpongeBob.||I'll call Santa and tell him--,!!QUEST_ID2068_TEXT1,n/a,n/a,n/a,n/a,-1,-1,n/a,-1,n/a,n/a,-1,-1,-1,-1
617,2068,character,Fran_Dialog_Origin.png,n/a,n/a,Not so fast old timer!||We need more than a place to sleep and a place to work!,!!QUEST_ID2068_TEXT2,n/a,n/a,n/a,n/a,-1,-1,n/a,-1,n/a,n/a,-1,-1,-1,-1
618,2068,character,Stan_Dialog_Origin.png,n/a,n/a,Oh boy here we go...||Elves these days they're a soft bunch.,!!QUEST_ID2068_TEXT3,n/a,n/a,n/a,n/a,-1,-1,n/a,-1,n/a,n/a,-1,-1,-1,-1
619,2068,character,Fran_Dialog_Origin.png,n/a,n/a,I'm Fran the duly elected elf representative for Bikini Bottom.,!!QUEST_ID2068_TEXT4,n/a,n/a,n/a,n/a,-1,-1,n/a,-1,n/a,n/a,-1,-1,-1,-1
620,2068,character,spongebob_quizzical.png,n/a,n/a,...,!!QUEST_ID2068_TEXT5,n/a,n/a,n/a,n/a,-1,-1,n/a,-1,n/a,n/a,-1,-1,-1,-1
621,2068,character,Fran_Dialog_Origin.png,n/a,n/a,We elves need to blow off steam and take our meals somewhere.||Build us a Milk & Cookies Cafe and THEN we can tell Santa we're ready to work.,!!QUEST_ID2068_TEXT6,n/a,n/a,n/a,n/a,-1,-1,n/a,-1,n/a,n/a,-1,-1,-1,-1
622,2068,character,spongebob_determined.png,n/a,n/a,Your wish is my command Fran!,!!QUEST_ID2068_TEXT7,n/a,n/a,n/a,n/a,-1,-1,n/a,-1,n/a,n/a,-1,-1,-1,-1
623,2068,quest_start,n/a,GoldenSpatula.png,n/a,n/a,n/a,PLACEHOLDER,n/a,n/a,character_MultiQuestStartChristmas,-1,-1,n/a,-1,n/a,n/a,-1,-1,-1,-1
624,2069,quest_complete,n/a,GoldenSpatula.png,n/a,n/a,n/a,PLACEHOLDER,n/a,n/a,character_MultiQuestCompleteChristmas,-1,-1,n/a,-1,n/a,n/a,-1,-1,-1,-1
625,2069,quest_line_complete,n/a,n/a,spongebob_happy.png,n/a,n/a,n/a,!!QUESTLINE_COMPLETE_HEADING,!!QUESTLINE_COMPLETE_BODY,character_MultiQuestCompleteChristmas,25,25,n/a,-1,n/a,buildings,-1,20075,-1,1
626,2070,character,Fran_Dialog_Origin.png,n/a,n/a,Cafe...CHECK!||Cookies...CHECK!||Milk...CHECK!,!!QUEST_ID2070_TEXT1,n/a,n/a,n/a,n/a,-1,-1,n/a,-1,n/a,n/a,-1,-1,-1,-1
627,2070,character,Stan_Dialog_Origin.png,n/a,n/a,Okay here's where things stand SpongeBob.||Santa has been informed of your progress and he's...not sorry he trusted you with this.,!!QUEST_ID2070_TEXT2,n/a,n/a,n/a,n/a,-1,-1,n/a,-1,n/a,n/a,-1,-1,-1,-1
628,2070,character,spongebob_happy.png,n/a,n/a,Woohoo!,!!QUEST_ID2070_TEXT3,n/a,n/a,n/a,n/a,-1,-1,n/a,-1,n/a,n/a,-1,-1,-1,-1
629,2070,character,Stan_Dialog_Origin.png,n/a,n/a,Yeah okay congratulations etc.||Fran if everyone's moved in it's time to get to work!,!!QUEST_ID2070_TEXT4,n/a,n/a,n/a,n/a,-1,-1,n/a,-1,n/a,n/a,-1,-1,-1,-1
630,2070,character,spongebob_happy.png,n/a,n/a,Getting to work...that reminds me!||I can really make these elves happy and productive if I give them my favorite holiday treat: Grandma SquarePants Snickerdoodles!,!!QUEST_ID2070_TEXT5,n/a,n/a,n/a,n/a,-1,-1,n/a,-1,n/a,n/a,-1,-1,-1,-1
631,2070,character,Fran_Dialog_Origin.png,n/a,n/a,Sounds delicious I want one already!||And you're right you'll need to do a lot more than build that Cafe to keep us all happy and productive!,!!QUEST_ID2070_TEXT6,n/a,n/a,n/a,n/a,-1,-1,n/a,-1,n/a,n/a,-1,-1,-1,-1
632,2070,character,spongebob_quizzical.png,n/a,n/a,Wait...||Grandma uses cinnamon in her Snickerdoodles! Where the heck can I get that?||This might be harder than I thought...,!!QUEST_ID2070_TEXT7,n/a,n/a,n/a,n/a,-1,-1,n/a,-1,n/a,n/a,-1,-1,-1,-1
633,2070,quest_line_start,n/a,n/a,spongebob_happy.png,n/a,n/a,n/a,!!EPISODE_TITLE_HAPPY_ELVES,!!EPISODE_BODY_HAPPY_ELVES,character_MultiQuestStartChristmas,25,-1,n/a,-1,resources,buildings,52,20081,15,1
634,2070,quest_start,n/a,GoldenSpatula.png,n/a,n/a,n/a,PLACEHOLDER,n/a,n/a,character_MultiQuestStartChristmas,-1,-1,n/a,-1,n/a,n/a,-1,-1,-1,-1
635,2071,quest_complete,n/a,GoldenSpatula.png,n/a,n/a,n/a,PLACEHOLDER,n/a,n/a,character_MultiQuestCompleteChristmas,-1,-1,n/a,-1,n/a,n/a,-1,-1,-1,-1
636,2072,character,spongebob_happy.png,n/a,n/a,Great now I can get cinnamon!||Grandma SquarePants' Snickerdoodles coming right up!,!!QUEST_ID2072_TEXT1,n/a,n/a,n/a,n/a,-1,-1,n/a,-1,n/a,n/a,-1,-1,-1,-1
637,2072,quest_start,n/a,GoldenSpatula.png,n/a,n/a,n/a,PLACEHOLDER,n/a,n/a,character_MultiQuestStartChristmas,-1,-1,n/a,-1,n/a,n/a,-1,-1,-1,-1
638,2073,quest_complete,n/a,GoldenSpatula.png,n/a,n/a,n/a,PLACEHOLDER,n/a,n/a,character_MultiQuestCompleteChristmas,-1,-1,n/a,-1,n/a,n/a,-1,-1,-1,-1
639,2074,character,spongebob_happy.png,n/a,n/a,Ahhh...delicious snickerdoodles!||Almost as good as Grandma's!,!!QUEST_ID2074_TEXT1,n/a,n/a,n/a,n/a,-1,-1,n/a,-1,n/a,n/a,-1,-1,-1,-1
640,2074,quest_start,n/a,GoldenSpatula.png,n/a,n/a,n/a,PLACEHOLDER,n/a,n/a,character_MultiQuestStartChristmas,-1,-1,n/a,-1,n/a,n/a,-1,-1,-1,-1
641,2075,quest_complete,n/a,GoldenSpatula.png,n/a,n/a,n/a,PLACEHOLDER,n/a,n/a,character_MultiQuestCompleteChristmas,-1,-1,SB_HappyHolidays,-1,n/a,n/a,-1,-1,-1,-1
642,2076,character,spongebob_happy.png,n/a,n/a,Whoa! Give an elf what they wish for and get special Christmas Coins from the North Pole?,!!QUEST_ID2076_TEXT1,n/a,n/a,n/a,n/a,-1,-1,n/a,-1,n/a,n/a,-1,-1,-1,-1
643,2076,quest_start,n/a,Poinsettia_Portrait.png,n/a,n/a,n/a,!!QUEST_BUY_POINSETTIA,n/a,n/a,character_SimpleQuestStartChristmas,-1,-1,n/a,-1,n/a,n/a,-1,-1,-1,-1
644,2077,quest_complete,n/a,Poinsettia_Portrait.png,n/a,n/a,n/a,!!QUEST_BUY_POINSETTIA,n/a,n/a,character_SimpleQuestCompleteChristmas,-1,-1,n/a,-1,n/a,n/a,-1,-1,-1,-1
645,2078,character,mrkrabsportrait_stern.png,n/a,n/a,Hey you're not just giving your new Snickerdoodles to those elves are you?||We like treats too you know.,!!QUEST_ID2078_TEXT1,n/a,n/a,n/a,n/a,-1,-1,n/a,-1,n/a,n/a,-1,-1,-1,-1
646,2078,quest_start,n/a,GoldenSpatula.png,n/a,n/a,n/a,PLACEHOLDER,n/a,n/a,character_MultiQuestStartChristmas,-1,-1,n/a,-1,n/a,n/a,-1,-1,-1,-1
647,2079,quest_complete,n/a,GoldenSpatula.png,n/a,n/a,n/a,PLACEHOLDER,n/a,n/a,character_MultiQuestCompleteChristmas,-1,-1,SB_SendFriendsGifts,-1,n/a,n/a,-1,-1,-1,-1
648,2080,character,spongebob_happy.png,n/a,n/a,Wow that cheered him right up...Holiday Cheer is literally coming out his ears!||What should I do with this... Holiday Cheer?||Maybe I'll find a use for it later...,!!QUEST_ID2080_TEXT1,n/a,n/a,n/a,n/a,-1,-1,n/a,-1,n/a,n/a,-1,-1,-1,-1
649,2080,character,Fran_Dialog_Origin.png,n/a,n/a,Hey how about roasting us some chestnuts?||It's not home without chestnuts roasting on an open fire!,!!QUEST_ID2080_TEXT2,n/a,n/a,n/a,n/a,-1,-1,n/a,-1,n/a,n/a,-1,-1,-1,-1
650,2080,character,spongebob_quizzical.png,n/a,n/a,I'll get right on that Fran...||Except...||What's a chestnut?,!!QUEST_ID2080_TEXT3,n/a,n/a,n/a,n/a,-1,-1,n/a,-1,n/a,n/a,-1,-1,-1,-1
651,2080,character,Fran_Dialog_Origin.png,n/a,n/a,It's a NUT obviously.||They grows on trees... chestnut trees... then you roast them... on an open fire...||Or do I need to spell it out for you?,!!QUEST_ID2080_TEXT4,n/a,n/a,n/a,n/a,-1,-1,n/a,-1,n/a,n/a,-1,-1,-1,-1
652,2080,quest_start,n/a,GoldenSpatula.png,n/a,n/a,n/a,PLACEHOLDER,n/a,n/a,character_MultiQuestStartChristmas,-1,-1,n/a,-1,n/a,n/a,-1,-1,-1,-1
653,2081,quest_complete,n/a,GoldenSpatula.png,n/a,n/a,n/a,PLACEHOLDER,n/a,n/a,character_MultiQuestCompleteChristmas,-1,-1,n/a,-1,n/a,n/a,-1,-1,-1,-1
654,2080999,character,spongebob_happy.png,n/a,n/a,Mr Krabs!||The elves want chestnuts and they've got to be roasted on an open fire so I was wondering...,!!QUEST_ID2080999_TEXT1,n/a,n/a,n/a,n/a,-1,-1,n/a,-1,n/a,n/a,-1,-1,-1,-1
655,2080999,character,mrkrabsportrait_stern.png,n/a,n/a,Do you think I want to make pincers full o' cash selling Roast Chestnuts to elves all season long?,!!QUEST_ID2080999_TEXT2,n/a,n/a,n/a,n/a,-1,-1,n/a,-1,n/a,n/a,-1,-1,-1,-1
656,2080999,character,mrkrabsportrait_moneygrubbing.png,n/a,n/a,Of course I do!||Fire up the stove!,!!QUEST_ID2080999_TEXT3,n/a,n/a,n/a,n/a,-1,-1,n/a,-1,n/a,n/a,-1,-1,-1,-1
657,2080999,quest_start,n/a,GoldenSpatula.png,n/a,n/a,n/a,PLACEHOLDER,n/a,n/a,character_MultiQuestStartChristmas,-1,-1,n/a,-1,n/a,n/a,-1,-1,-1,-1
658,2081999,quest_complete,n/a,GoldenSpatula.png,n/a,n/a,n/a,PLACEHOLDER,n/a,n/a,character_MultiQuestCompleteChristmas,-1,-1,n/a,-1,n/a,n/a,-1,-1,-1,-1
659,2081999,character,Fran_Dialog_Origin.png,n/a,n/a,That's a good start but it'll take more than your folksy homespun recipes to keep everyone happy.||Keep giving treats and maybe the elves will give you some of their own favorite recipes.,!!QUEST_ID2082_TEXT1,n/a,n/a,n/a,n/a,-1,-1,n/a,-1,n/a,n/a,-1,-1,-1,-1
660,2081999,quest_line_complete,n/a,n/a,spongebob_happy.png,n/a,n/a,n/a,!!QUESTLINE_COMPLETE_HEADING,!!QUESTLINE_COMPLETE_BODY,character_MultiQuestCompleteChristmas,25,-1,n/a,-1,resources,buildings,52,20081,15,1
661,2082,character,Portrait_Green_Male_Average_Happy.png,n/a,n/a,Hey SpongeBob what about us?||How about some of this famous fruitcake I've been hearing about?,!!QUEST_ID2082_TEXT2,n/a,n/a,n/a,n/a,-1,-1,n/a,-1,n/a,n/a,-1,-1,-1,-1
662,2082,character,spongebob_quizzical.png,n/a,n/a,Well I don't know how to make fruitcake but I know how to make Snickerdoodles!,!!QUEST_ID2082_TEXT3,n/a,n/a,n/a,n/a,-1,-1,n/a,-1,n/a,n/a,-1,-1,-1,-1
663,2082,quest_line_start,n/a,n/a,spongebob_happy.png,n/a,n/a,n/a,!!EPISODE_TITLE_FRUITCAKE_MYSTERY,!!EPISODE_BODY_FRUITCAKE_MYSTERY,character_MultiQuestStartChristmas,25,-1,n/a,-1,resources,buildings,52,20085,15,1
664,2082,quest_start,n/a,sb_item_snickerdoodle.png,n/a,n/a,n/a,!!QUEST_FEED_5_SNICKERDOODLES,n/a,n/a,character_SimpleQuestStartChristmas,-1,-1,n/a,-1,n/a,n/a,-1,-1,-1,-1
665,2083,quest_complete,n/a,sb_item_snickerdoodle.png,n/a,n/a,n/a,!!QUEST_FEED_5_SNICKERDOODLES,n/a,n/a,character_SimpleQuestCompleteChristmas,-1,-1,SB_MerryChristmas,-1,n/a,n/a,-1,-1,-1,-1
666,2084,character,Portrait_Green_Male_Average_Happy.png,n/a,n/a,So only elves get your fruitcake huh SpongeBob?||What about the rest of us?,!!QUEST_ID2084_TEXT1,n/a,n/a,n/a,n/a,-1,-1,n/a,-1,n/a,n/a,-1,-1,-1,-1
667,2084,character,spongebob_quizzical.png,n/a,n/a,Sorry but I don't have any fruitcake...I don't even know how--,!!QUEST_ID2084_TEXT2,n/a,n/a,n/a,n/a,-1,-1,n/a,-1,n/a,n/a,-1,-1,-1,-1
668,2084,character,Portrait_ChristmasElf_Jerky.png,n/a,n/a,Get out of my way you big... yellow... sponge!||If you don't have any fruitcake today then you're no good to me!,!!QUEST_ID2084_TEXT3,n/a,n/a,n/a,n/a,-1,-1,n/a,-1,n/a,n/a,-1,-1,-1,-1
669,2084,character,spongebob_quizzical.png,n/a,n/a,Gee that wasn't very nice...||Holiday stress can sure turn folks into jerks sometimes...||Hmmm...I think I have just the thing to Cheer up the jerks that lurk among us!,!!QUEST_ID2084_TEXT4,n/a,n/a,n/a,n/a,-1,-1,n/a,-1,n/a,n/a,-1,-1,-1,-1
670,2084,quest_start,n/a,HolidayCheer_Origin.png,n/a,n/a,n/a,!!QUEST_FEED_HOLIDAY_CHEER,n/a,n/a,character_SimpleQuestStartChristmas,-1,-1,n/a,-1,n/a,n/a,-1,-1,-1,-1
671,2085,quest_complete,n/a,HolidayCheer_Origin.png,n/a,n/a,n/a,!!QUEST_FEED_HOLIDAY_CHEER,n/a,n/a,character_SimpleQuestCompleteChristmas,-1,-1,n/a,-1,n/a,n/a,-1,-1,-1,-1
672,2086,character,spongebob_jerktonium.png,n/a,n/a,Look at that!||Give an elf some Holiday Cheer and his jerky feelings come out as this jaggy lump...,!!QUEST_ID2086_TEXT1,n/a,n/a,n/a,n/a,-1,-1,n/a,-1,n/a,n/a,-1,-1,-1,-1
673,2086,character,spongebob_happy.png,n/a,n/a,...and now it's gone!||Well now I know how to turn frowns upside-down!||Get Holiday Cheer from my neighbors and give it to all the stressed jerky elves!,!!QUEST_ID2086_TEXT2,n/a,n/a,n/a,n/a,-1,-1,n/a,-1,n/a,n/a,-1,-1,-1,-1
674,2086,quest_start,n/a,HolidayCheer_Origin.png,n/a,n/a,n/a,!!QUEST_FEED_5_HOLIDAY_CHEER,n/a,n/a,character_SimpleQuestStartChristmas,-1,-1,n/a,-1,n/a,n/a,-1,-1,-1,-1
675,2087,quest_complete,n/a,HolidayCheer_Origin.png,n/a,n/a,n/a,!!QUEST_FEED_5_HOLIDAY_CHEER,n/a,n/a,character_SimpleQuestCompleteChristmas,-1,-1,n/a,-1,n/a,n/a,-1,-1,-1,-1
676,2088,character,spongebob_quizzical.png,n/a,n/a,Boy making toys must be really stressful!||I make the elves happy with holiday cheer but then as soon as I turn my back they become jerks again!,!!QUEST_ID2088_TEXT1,n/a,n/a,n/a,n/a,-1,-1,n/a,-1,n/a,n/a,-1,-1,-1,-1
677,2088,character,spongebob_determined.png,n/a,n/a, I'm going to need to get lots more Cheer from my friends to keep the factory running smoothly for Santa.||Here's one now...he'll be full of cheer!,!!QUEST_ID2088_TEXT2,n/a,n/a,n/a,n/a,-1,-1,n/a,-1,n/a,n/a,-1,-1,-1,-1
678,2088,character,Portrait_Judy_Mad.png,n/a,n/a,Hey Spongebob What gives?!||How come only elves get your holiday fruitcake and your old pals don't?||It's not fair!,!!QUEST_ID2088_TEXT3,n/a,n/a,n/a,n/a,-1,-1,n/a,-1,n/a,n/a,-1,-1,-1,-1
679,2088,character,spongebob_quizzical.png,n/a,n/a,Geez I...um...I guess I'm really going to have to track down that fruitcake recipe.||What's your second choice?,!!QUEST_ID2088_TEXT4,n/a,n/a,n/a,n/a,-1,-1,n/a,-1,n/a,n/a,-1,-1,-1,-1
680,2088,character,Portrait_Judy_Mad.png,n/a,n/a,I guess I could chew on Peanut Brittle and pretend it was fruitcake.||Here's my great-third-cousin-twice-removed's aunt-in-law's neice's recipe...that she cut out of a magazine.,!!QUEST_ID2088_TEXT5,n/a,n/a,n/a,n/a,-1,-1,n/a,-1,n/a,n/a,-1,-1,-1,-1
681,2088,character,spongebob_happy.png,n/a,n/a,Oh boy I know Mr. Krabs won't let me make this at the Krusty Krab...||It's time to go big or go home... and I'm not going home!,!!QUEST_ID2088_TEXT6,n/a,n/a,n/a,n/a,-1,-1,n/a,-1,n/a,n/a,-1,-1,-1,-1
682,2088,quest_start,n/a,BananaTree.png,n/a,n/a,n/a,PLACEHOLDER,n/a,n/a,character_MultiQuestStartChristmas,-1,-1,n/a,-1,n/a,n/a,-1,-1,-1,-1
683,2089,quest_complete,n/a,BananaTree.png,n/a,n/a,n/a,PLACEHOLDER,n/a,n/a,character_MultiQuestCompleteChristmas,-1,-1,n/a,-1,n/a,n/a,-1,-1,-1,-1
684,2090,character,spongebob_determined.png,n/a,n/a,Let's see here... sugar salt peanuts...sounds easy.||Sugar and salt I can get right at the Treat Shop but I'll have to grow peanuts at the Seed Store.,!!QUEST_ID2090_TEXT1,n/a,n/a,n/a,n/a,-1,-1,n/a,-1,n/a,n/a,-1,-1,-1,-1
685,2090,quest_start,n/a,BananaTree.png,n/a,n/a,n/a,PLACEHOLDER,n/a,n/a,character_MultiQuestStartChristmas,-1,-1,n/a,-1,n/a,n/a,-1,-1,-1,-1
686,2091,quest_complete,n/a,BananaTree.png,n/a,n/a,n/a,PLACEHOLDER,n/a,n/a,character_MultiQuestCompleteChristmas,-1,-1,SB_SendFriendsGifts,-1,n/a,n/a,-1,-1,-1,-1
687,2092,character,spongebob_happy.png,n/a,n/a,Holiday treats can't be beat!||If I keep feeding everyone Holiday Treats I can learn all their Holiday recipes!,!!QUEST_ID2092_TEXT1,n/a,n/a,n/a,n/a,-1,-1,n/a,-1,n/a,n/a,-1,-1,-1,-1
688,2092,quest_start,n/a,BananaTree.png,n/a,n/a,n/a,PLACEHOLDER,n/a,n/a,character_MultiQuestStartChristmas,-1,-1,n/a,-1,n/a,n/a,-1,-1,-1,-1
689,2093,quest_complete,n/a,BananaTree.png,n/a,n/a,n/a,PLACEHOLDER,n/a,n/a,character_MultiQuestCompleteChristmas,-1,-1,n/a,-1,n/a,n/a,-1,-1,-1,-1
690,2092111,quest_start,n/a,sb_item_cranberry_bush.png,n/a,n/a,n/a,!!QUEST_GROW_CRANBERRY_BUSH,n/a,n/a,character_SimpleQuestStartChristmas,-1,-1,n/a,-1,n/a,n/a,-1,-1,-1,-1
691,2093111,quest_complete,n/a,sb_item_cranberry_bush.png,n/a,n/a,n/a,!!QUEST_GROW_CRANBERRY_BUSH,n/a,n/a,character_SimpleQuestCompleteChristmas,-1,-1,n/a,-1,n/a,n/a,-1,-1,-1,-1
692,2094,character,Portrait_Bill_Mad.png,n/a,n/a,SpongeBob stop saying you don't know how to make fruitcake!||I SAW YOU giving some to an elf and those little jerks won't share! Give us some too!,!!QUEST_ID2094_TEXT1,n/a,n/a,n/a,n/a,-1,-1,n/a,-1,n/a,n/a,-1,-1,-1,-1
693,2094,character,Portrait_Spongebob_Mad.png,n/a,n/a,I'M NOT MAKING ANY FRUITCAKE!||I have to get to the bottom of this!||Fran have you had any fruitcake?,!!QUEST_ID2094_TEXT2,n/a,n/a,n/a,n/a,-1,-1,n/a,-1,n/a,n/a,-1,-1,-1,-1
694,2094,character,Fran_Dialog_Origin.png,n/a,n/a,Of course I have you gave me some yourself.,!!QUEST_ID2094_TEXT3,n/a,n/a,n/a,n/a,-1,-1,n/a,-1,n/a,n/a,-1,-1,-1,-1
695,2094,character,Portrait_Bill_Mad.png,n/a,n/a,Ha see you yellow-bellied two-faced liar!,!!QUEST_ID2094_TEXT4,n/a,n/a,n/a,n/a,-1,-1,n/a,-1,n/a,n/a,-1,-1,-1,-1
696,2094,character,Portrait_Spongebob_Mad.png,n/a,n/a,I didn't!||It must have been somebody else!,!!QUEST_ID2094_TEXT5,n/a,n/a,n/a,n/a,-1,-1,n/a,-1,n/a,n/a,-1,-1,-1,-1
697,2094,character,Fran_Dialog_Origin.png,n/a,n/a,Of course it was you all big and square and...shiny!||Do you have any more?,!!QUEST_ID2094_TEXT6,n/a,n/a,n/a,n/a,-1,-1,n/a,-1,n/a,n/a,-1,-1,-1,-1
698,2094,character,spongebob_quizzical.png,n/a,n/a,I was shiny?!||That doesn't sound like me...,!!QUEST_ID2094_TEXT7,n/a,n/a,n/a,n/a,-1,-1,n/a,-1,n/a,n/a,-1,-1,-1,-1
699,2094,character,Fran_Dialog_Origin.png,n/a,n/a,Hey shouldn't you be decking the halls some more?||It's beginning to look a lot like...NOT Christmas!||Elves will get homesick fast without more decorations!,!!QUEST_ID2094_TEXT8,n/a,n/a,n/a,n/a,-1,-1,n/a,-1,n/a,n/a,-1,-1,-1,-1
700,2094,character,Portrait_Spongebob_Mad.png,n/a,n/a,But what about my impostor?,!!QUEST_ID2094_TEXT9,n/a,n/a,n/a,n/a,-1,-1,n/a,-1,n/a,n/a,-1,-1,-1,-1
701,2094,character,Fran_Dialog_Origin.png,n/a,n/a,You don't want me to send a note home to Santa Claus do you?,!!QUEST_ID2094_TEXT10,n/a,n/a,n/a,n/a,-1,-1,n/a,-1,n/a,n/a,-1,-1,-1,-1
702,2094,character,Portrait_SpongeBob.png,n/a,n/a,No ma'am...,!!QUEST_ID2094_TEXT11,n/a,n/a,n/a,n/a,-1,-1,n/a,-1,n/a,n/a,-1,-1,-1,-1
703,2094,quest_start,n/a,BananaTree.png,n/a,n/a,n/a,PLACEHOLDER,n/a,n/a,character_MultiQuestStartChristmas,-1,-1,n/a,-1,n/a,n/a,-1,-1,-1,-1
704,2095,quest_complete,n/a,BananaTree.png,n/a,n/a,n/a,PLACEHOLDER,n/a,n/a,character_MultiQuestCompleteChristmas,-1,-1,SB_LookingFestive,-1,n/a,n/a,-1,-1,-1,-1
705,2096,character,spongebob_quizzical.png,n/a,n/a,That's better!||At least I think so...who can tell when the elves are so jerky?||And all the Bottomites are mad at me too.,!!QUEST_ID2096_TEXT1,n/a,n/a,n/a,n/a,-1,-1,n/a,-1,n/a,n/a,-1,-1,-1,-1
706,2096,character,Portrait_SpongeBob.png,n/a,n/a,I'll have to keep cheering up the elves to keep the factory going but I really need to find this impostor...,!!QUEST_ID2096_TEXT2,n/a,n/a,n/a,n/a,-1,-1,n/a,-1,n/a,n/a,-1,-1,-1,-1
707,2096,character,spongebob_quizzical.png,n/a,n/a,Wait a minute...there I am over there giving fruitcake to an elf!||And I'm...I mean he's...shiny!||I'm not shiny...that can't be me!,!!QUEST_ID2096_TEXT3,n/a,n/a,n/a,n/a,-1,-1,n/a,-1,n/a,n/a,-1,-1,-1,-1
708,2096,character,spongebob_happy.png,n/a,n/a,Hey you over there excuse me...,!!QUEST_ID2096_TEXT4,n/a,n/a,n/a,n/a,-1,-1,n/a,-1,n/a,n/a,-1,-1,-1,-1
709,2096,quest_start,n/a,MechaSpongeBob_Origin_NotElectric.png,n/a,n/a,n/a,!!QUEST_TAP_MECH_SPONGEBOB,n/a,n/a,character_SimpleQuestStartChristmas,-1,-1,n/a,-1,n/a,n/a,-1,-1,-1,-1
710,2097,quest_complete,n/a,MechaSpongeBob_Origin_NotElectric.png,n/a,n/a,n/a,!!QUEST_TAP_MECH_SPONGEBOB,n/a,n/a,character_SimpleQuestStartChristmas,-1,-1,SB_SnowballFight,-1,n/a,n/a,-1,-1,-1,-1
711,2098,character,Portrait_Spongebob_Mad.png,n/a,n/a,Come back here you... you... you big Phony SquarePants!,!!QUEST_ID2098_TEXT1,n/a,n/a,n/a,n/a,-1,-1,n/a,-1,n/a,n/a,-1,-1,-1,-1
712,2098,character,spongebob_quizzical.png,n/a,n/a,Hmmm...he dropped a piece of paper...||It's a list of things TO DO...||With just one thing on it: Give Fruitcake to Elves.,!!QUEST_ID2098_TEXT2,n/a,n/a,n/a,n/a,-1,-1,n/a,-1,n/a,n/a,-1,-1,-1,-1
713,2098,character,spongebob_quizzical.png,n/a,n/a,My friends are right that IS unfair only giving fruitcake to the elves...||Why would I do that?,!!QUEST_ID2098_TEXT3,n/a,n/a,n/a,n/a,-1,-1,n/a,-1,n/a,n/a,-1,-1,-1,-1
714,2098,character,Portrait_Spongebob_Mad.png,n/a,n/a,Wait a minute...||I'm NOT doing that...it's not me!||Who is that guy?!?,!!QUEST_ID2098_TEXT4,n/a,n/a,n/a,n/a,-1,-1,n/a,-1,n/a,n/a,-1,-1,-1,-1
715,2098,character,Stan_Dialog_Origin.png,n/a,n/a,Hey SpongeBob!||If you could take a break from your little existential crisis we have important things to do!,!!QUEST_ID2098_TEXT5,n/a,n/a,n/a,n/a,-1,-1,n/a,-1,n/a,n/a,-1,-1,-1,-1
716,2098,character,Portrait_Spongebob_Mad.png,n/a,n/a,What do you need now?||I've given you guys everything you could possibly want!,!!QUEST_ID2098_TEXT6,n/a,n/a,n/a,n/a,-1,-1,n/a,-1,n/a,n/a,-1,-1,-1,-1
717,2098,character,Stan_Dialog_Origin.png,n/a,n/a,Oh really?||Well son the factory is almost full of finished toys...how are we going to get them up to the North Pole?,!!QUEST_ID2098_TEXT7,n/a,n/a,n/a,n/a,-1,-1,n/a,-1,n/a,n/a,-1,-1,-1,-1
718,2098,character,spongebob_quizzical.png,n/a,n/a,Ummm...put stamps on everything and mail it all?,!!QUEST_ID2098_TEXT8,n/a,n/a,n/a,n/a,-1,-1,n/a,-1,n/a,n/a,-1,-1,-1,-1
719,2098,character,Stan_Dialog_Origin.png,n/a,n/a,You're a genius SpongeBob!||And we should just do that every Christmas Day too!||I'll tell Santa to sell the sleigh and I know a few reindeer who will be glad to pack it in!,!!QUEST_ID2098_TEXT9,n/a,n/a,n/a,n/a,-1,-1,n/a,-1,n/a,n/a,-1,-1,-1,-1
720,2098,character,spongebob_quizzical.png,n/a,n/a,...,!!QUEST_ID2098_TEXT10,n/a,n/a,n/a,n/a,-1,-1,n/a,-1,n/a,n/a,-1,-1,-1,-1
721,2098,character,Stan_Dialog_Origin.png,n/a,n/a,Are we done making jokes now?||The North Pole will send a transport to pick up the inventory soon but it will need a place to dock.,!!QUEST_ID2098_TEXT11,n/a,n/a,n/a,n/a,-1,-1,n/a,-1,n/a,n/a,-1,-1,-1,-1
722,2098,character,Portrait_SpongeBob.png,n/a,n/a,An elf-helper's work is never done...,!!QUEST_ID2098_TEXT12,n/a,n/a,n/a,n/a,-1,-1,n/a,-1,n/a,n/a,-1,-1,-1,-1
723,2098,quest_start,n/a,ToyFactory_portrait.png,n/a,n/a,n/a,PLACEHOLDER,n/a,n/a,character_MultiQuestStartChristmas,-1,-1,n/a,-1,n/a,n/a,-1,-1,-1,-1
724,2099,quest_complete,n/a,ToyFactory_Portrait.png,n/a,n/a,n/a,PLACEHOLDER,n/a,n/a,character_MultiQuestCompleteChristmas,-1,-1,n/a,-1,n/a,n/a,-1,-1,-1,-1
725,2100,character,spongebob_happy.png,n/a,n/a,Finished!||Isn't it the best underwater loading dock you ever saw?||When does Santa get here?,!!QUEST_ID2100_TEXT1,n/a,n/a,n/a,n/a,-1,-1,n/a,-1,n/a,n/a,-1,-1,-1,-1
726,2100,character,Stan_Dialog_Origin.png,n/a,n/a,Ha if Santa did the grunt work himself he wouldn't need us!,!!QUEST_ID2100_TEXT2,n/a,n/a,n/a,n/a,-1,-1,n/a,-1,n/a,n/a,-1,-1,-1,-1
727,2100,character,Portrait_SpongeBob.png,n/a,n/a,Boy I don't think Stan likes me very much.||It's that impostor running around and making me look like a jerk!,!!QUEST_ID2100_TEXT3,n/a,n/a,n/a,n/a,-1,-1,n/a,-1,n/a,n/a,-1,-1,-1,-1
728,2100,character,Portrait_Spongebob_Mad.png,n/a,n/a,Wait there he is again!||Now just wait one minute you big shiny phony!,!!QUEST_ID2100_TEXT4,n/a,n/a,n/a,n/a,-1,-1,n/a,-1,n/a,n/a,-1,-1,-1,-1
729,2100,quest_start,n/a,MechaSpongeBob_Origin_NotElectric.png,n/a,n/a,n/a,!!QUEST_TAP_MECH_SPONGEBOB,n/a,n/a,character_SimpleQuestStartChristmas,-1,-1,n/a,-1,n/a,n/a,-1,-1,-1,-1
730,2101,quest_complete,n/a,MechaSpongeBob_Origin_NotElectric.png,n/a,n/a,n/a,!!QUEST_TAP_MECH_SPONGEBOB,n/a,n/a,character_SimpleQuestCompleteChristmas,-1,-1,SB_SnowballFight,-1,n/a,n/a,-1,-1,-1,-1
731,2102,character,spongebob_quizzical.png,n/a,n/a,He ran away again...no wonder everyone thinks he's a jerk... thinks I'M a jerk!||He dropped something else this time...||It's...fruitcake?!,!!QUEST_ID2102_TEXT1,n/a,n/a,n/a,n/a,-1,-1,n/a,-1,n/a,n/a,-1,-1,-1,-1
732,2102,character,spongebob_jerktonium.png,n/a,n/a,Inside the fruitcake is the jerkiness that comes out when I cheer up the elves!||That dastardly doppelganger is poisoning the elves with this...this...Jerktonium stuff!,!!QUEST_ID2102_TEXT2,n/a,n/a,n/a,n/a,-1,-1,n/a,-1,n/a,n/a,-1,-1,-1,-1
733,2102,character,spongebob_happy.png,n/a,n/a,Stan! Fran!||I have something important to show you!,!!QUEST_ID2102_TEXT3,n/a,n/a,n/a,n/a,-1,-1,n/a,-1,n/a,n/a,-1,-1,-1,-1
734,2102,character,Stan_Dialog_Origin.png,n/a,n/a,Seriously SpongeBob... haven't you done enough being a jerk to everyone?||First it's 'Have some delicious fruitcake...' and then it's 'What fruitcake?' and 'Let's replace Santa with the Post Office!',!!QUEST_ID2102_TEXT4,n/a,n/a,n/a,n/a,-1,-1,n/a,-1,n/a,n/a,-1,-1,-1,-1
735,2102,character,Fran_Dialog_Origin.png,n/a,n/a,What?||What about the Post Office??,!!QUEST_ID2102_TEXT5,n/a,n/a,n/a,n/a,-1,-1,n/a,-1,n/a,n/a,-1,-1,-1,-1
736,2102,character,Portrait_Spongebob_Mad.png,n/a,n/a,Nevermind that!||Some jerk is pretending to be me and giving you fruitcake but it's poisoned with this Jerktonium stuff that turns you guys into jerks!,!!QUEST_ID2102_TEXT6,n/a,n/a,n/a,n/a,-1,-1,n/a,-1,n/a,n/a,-1,-1,-1,-1
737,2102,character,Fran_Dialog_Origin.png,n/a,n/a,Oh so WE'RE the jerks now is that it? I thought this was Bikini Bottom the friendliest place under the sea?||Jerk-tonium?? Come on Stan we don't have time for this nonsense.,!!QUEST_ID2102_TEXT7,n/a,n/a,n/a,n/a,-1,-1,n/a,-1,n/a,n/a,-1,-1,-1,-1
738,2102,character,Stan_Dialog_Origin.png,n/a,n/a,For once I agree with you Fran...let's go.||And SpongeBob the next time you see your 'impostor' friend tell him we want more of that delicious fruitcake.,!!QUEST_ID2102_TEXT8,n/a,n/a,n/a,n/a,-1,-1,n/a,-1,n/a,n/a,-1,-1,-1,-1
739,2102,character,spongebob_determined.png,n/a,n/a,They won't listen to me!||I need to catch that impostor and stop him myself!||But how...?,!!QUEST_ID2102_TEXT9,n/a,n/a,n/a,n/a,-1,-1,n/a,-1,n/a,n/a,-1,-1,-1,-1
740,2102,character,spongebob_happy.png,n/a,n/a,I know!||A Life-Sized Hug-Me-Tight Elf Doll will do it for me!,!!QUEST_ID2102_TEXT10,n/a,n/a,n/a,n/a,-1,-1,n/a,-1,n/a,n/a,-1,-1,-1,-1
741,2102,character,spongebob_happy.png,n/a,n/a,My shiny imposter looks for elves to give fruitcake to and when he finds THIS elf it'll grab on tight!||It won't hold him forever but maybe just long enough for me to get him...,!!QUEST_ID2102_TEXT11,n/a,n/a,n/a,n/a,-1,-1,n/a,-1,n/a,n/a,-1,-1,-1,-1
742,2102,quest_start,n/a,MechaSpongebobTrap_Portrait.png,n/a,n/a,n/a,PLACEHOLDER,n/a,n/a,character_MultiQuestStartChristmas,-1,-1,n/a,-1,n/a,n/a,-1,-1,-1,-1
743,2103,quest_complete,n/a,MechaSpongeBobPortrait.png,n/a,n/a,n/a,PLACEHOLDER,n/a,n/a,character_MultiQuestCompleteChristmas,-1,-1,n/a,-1,n/a,n/a,-1,-1,-1,-1
744,2103,character,spongebob_happy.png,n/a,n/a,I got him! The shiny impostor!||Er I mean the Life-Sized Hug-Me-Tight Elf Doll got em!,!!QUEST_ID2102_TEXT12,n/a,n/a,n/a,n/a,-1,-1,n/a,-1,n/a,n/a,-1,-1,-1,-1
745,2103,character,MechaSpongeBob_Dialog_Origin.png,n/a,n/a,bzzZZzzTt... Happy-BZZzzzZ! Holidays! BzzZZzzt Have some fruitcake...BzzZZzztt!,!!QUEST_ID2102_TEXT13,n/a,n/a,n/a,n/a,-1,-1,n/a,-1,n/a,n/a,-1,-1,-1,-1
746,2103,character,spongebob_happy.png,n/a,n/a,Hey!||My impostor is a rampaging renegade robot!,!!QUEST_ID2102_TEXT14,n/a,n/a,n/a,n/a,-1,-1,n/a,-1,n/a,n/a,-1,-1,-1,-1
747,2103,character,Potty_Excited_Origin.png,n/a,n/a,SQUAWK!||Rampaging renagade robots!!!,!!QUEST_ID2102_TEXT15,n/a,n/a,n/a,n/a,-1,-1,n/a,-1,n/a,n/a,-1,-1,-1,-1
748,2103,character,Patchy_Excited_Origin.png,n/a,n/a,HOLD ON ye impatient parrot! The story's not over!||The electronics of the Elf Doll short-circuited the SpongeBob Robot and knocked the Jerktonium fruitcake right out of him!,!!QUEST_ID2102_TEXT16,n/a,n/a,n/a,n/a,-1,-1,n/a,-1,n/a,n/a,-1,-1,-1,-1
749,2103,character,Fran_Dialog_Origin.png,n/a,n/a,Hey there he is...can we have some more fruitcake?||Wait there ARE two of you... exactly alike!,!!QUEST_ID2102_TEXT17,n/a,n/a,n/a,n/a,-1,-1,n/a,-1,n/a,n/a,-1,-1,-1,-1
750,2103,character,Portrait_Spongebob_Mad.png,n/a,n/a,Whaaa...?||He's a robot!||I'm yellow and he's... he's... he's all metal-y...||We look nothing alike!,!!QUEST_ID2102_TEXT18,n/a,n/a,n/a,n/a,-1,-1,n/a,-1,n/a,n/a,-1,-1,-1,-1
751,2103,character,Stan_Dialog_Origin.png,n/a,n/a,Cool your jets SpongeBob and show some sensitivity...||Don't you know elves are colorblind?,!!QUEST_ID2102_TEXT19,n/a,n/a,n/a,n/a,-1,-1,n/a,-1,n/a,n/a,-1,-1,-1,-1
752,2103,character,spongebob_quizzical.png,n/a,n/a,Um...no?,!!QUEST_ID2102_TEXT20,n/a,n/a,n/a,n/a,-1,-1,n/a,-1,n/a,n/a,-1,-1,-1,-1
753,2103,character,Stan_Dialog_Origin.png,n/a,n/a,How else did you explain why Christmas colors are red and green?||Now let's take this naughty robot to the factory and dismantle it before--,!!QUEST_ID2102_TEXT21,n/a,n/a,n/a,n/a,-1,-1,n/a,-1,n/a,n/a,-1,-1,-1,-1
754,2103,character,spongebob_quizzical.png,n/a,n/a,Wait the Hug-Me-Tight Elf Doll squeezed all the Jerktonium right out of him!||He's not naughty anymore!||Can't we forgive him?     ,!!QUEST_ID2102_TEXT22,n/a,n/a,n/a,n/a,-1,-1,n/a,-1,n/a,n/a,-1,-1,-1,-1
755,2103,character,Fran_Dialog_Origin.png,n/a,n/a,Of course we can! But can you forgive us SpongeBob?||For not believing you when you were doing so much to make us happy and not homesick?,!!QUEST_ID2102_TEXT23,n/a,n/a,n/a,n/a,-1,-1,n/a,-1,n/a,n/a,-1,-1,-1,-1
756,2103,character,spongebob_happy.png,n/a,n/a,Shucks Fran I don't even know HOW to hold a grudge!,!!QUEST_ID2102_TEXT24,n/a,n/a,n/a,n/a,-1,-1,n/a,-1,n/a,n/a,-1,-1,-1,-1
757,2103,character,Stan_Dialog_Origin.png,n/a,n/a,Great... terrific... everybody forgives everybody... Happy Holidays and all that...||Now everybody back to work!||There's still plenty of toys to be made to save Christmas!,!!QUEST_ID2102_TEXT25,n/a,n/a,n/a,n/a,-1,-1,n/a,-1,n/a,n/a,-1,-1,-1,-1
758,2103,quest_line_complete,n/a,n/a,spongebob_happy.png,n/a,n/a,n/a,!!QUESTLINE_COMPLETE_HEADING,!!QUESTLINE_COMPLETE_BODY,character_MultiQuestCompleteChristmas,25,-1,n/a,-1,resources,buildings,52,20085,15,1
759,2104,character,Santa_Origin.png,n/a,n/a,Ho ho ho SpongeBob!||What a pleasant surprise... I really rolled the dice on this one but you did it you actually helped save Christmas!,!!QUEST_ID2102_TEXT26,n/a,n/a,n/a,n/a,-1,-1,n/a,-1,n/a,n/a,-1,-1,-1,-1
760,2104,character,spongebob_happy.png,n/a,n/a,Glad I could help Santa!||You know you can always count on me...||...to make all your holidays... happ-eee!,!!QUEST_ID2102_TEXT27,n/a,n/a,n/a,n/a,-1,-1,n/a,-1,n/a,n/a,-1,-1,-1,-1
761,2104,character,Santa_Neutral_Origin.png,n/a,n/a,Yes well okay SpongeBob...||We finished expanding our factories up north so it's time to go home.||Let's round everyone up and go.,!!QUEST_ID2102_TEXT28,n/a,n/a,n/a,n/a,-1,-1,n/a,-1,n/a,n/a,-1,-1,-1,-1
762,2104,character,Patchy_Excited_Origin.png,n/a,n/a,And there ye have it the time SpongeBob saved Christmas!||Stan the Elf Foreman even decided to stay on and retire in Bikini Bottom.,!!QUEST_ID2102_TEXT29,n/a,n/a,n/a,n/a,-1,-1,n/a,-1,n/a,n/a,-1,-1,-1,-1
763,2104,character,Potty_Excited_Origin.png,n/a,n/a,SQUAWK!||Because SpongeBob decorated everything to look like the North Pole?,!!QUEST_ID2102_TEXT30,n/a,n/a,n/a,n/a,-1,-1,n/a,-1,n/a,n/a,-1,-1,-1,-1
764,2104,character,Patchy_Excited_Origin.png,n/a,n/a,Aye well mostly because he didn't want to pack up all his stuff again.||But there ye have it all wrapped up nicely I'd say.,!!QUEST_ID2102_TEXT31,n/a,n/a,n/a,n/a,-1,-1,n/a,-1,n/a,n/a,-1,-1,-1,-1
765,2104,character,Potty_Excited_Origin.png,n/a,n/a,SQUAWK! Wrong! Wrong!||Who built the impostor?||Who baked the fruitcake?||SQUAWK! Story holes! Story holes!,!!QUEST_ID2102_TEXT32,n/a,n/a,n/a,n/a,-1,-1,n/a,-1,n/a,n/a,-1,-1,-1,-1
766,2104,character,Patchy_Excited_Origin.png,n/a,n/a,Aw what does it matter Potty!||SpongeBob saved Christmas and that's what counts!,!!QUEST_ID2102_TEXT33,n/a,n/a,n/a,n/a,-1,-1,n/a,-1,n/a,n/a,-1,-1,-1,-1
767,2104,character,Patchy_Excited_Origin.png,n/a,n/a,Besides only a real small-minded feller who smells like a bucket o' chum would try to sabotage one of Santa's toy factories and cause such a ruckus at Christmas time!,!!QUEST_ID2102_TEXT34,n/a,n/a,n/a,n/a,-1,-1,n/a,-1,n/a,n/a,-1,-1,-1,-1
768,2104,character,Patchy_Excited_Origin.png,n/a,n/a,And who cares about a little guy like that?,!!QUEST_ID2102_TEXT35,n/a,n/a,n/a,n/a,-1,-1,n/a,-1,n/a,n/a,-1,-1,-1,-1
769,2104,character,Potty_Excited_Origin.png,n/a,n/a,We do! We do!||Give us a hint! Give us a hint!,!!QUEST_ID2102_TEXT36,n/a,n/a,n/a,n/a,-1,-1,n/a,-1,n/a,n/a,-1,-1,-1,-1
770,2104,character,Patchy_Neutral_Origin.png,n/a,n/a,I just did you barmy bird-brain!||Now give it a rest story's over!||Time for everything to get back to normal!,!!QUEST_ID2102_TEXT37,n/a,n/a,n/a,n/a,-1,-1,n/a,-1,n/a,n/a,-1,-1,-1,-1
771,2105,character,Patchy_Neutral_Origin.png,n/a,n/a,Hey kids! Looks like you ran out of time this Holiday...||Come back next year to hear the story of how SpongeBob saved Christmas and why there's an Elf named Stan living in Bikini Bottom now...,!!QUEST_ID2102_TEXT38,n/a,n/a,n/a,n/a,-1,-1,n/a,-1,n/a,n/a,-1,-1,-1,-1
772,2200,character,spongebob_quizzical.png,n/a,n/a,Hey has anyone noticed there's a gigantic Goo Lagoon north of Bikini Bottom now?,!!QUEST_ID2200_TEXT1,n/a,n/a,n/a,n/a,-1,-1,n/a,-1,n/a,n/a,-1,-1,-1,-1
773,2200,character,realtorportrait_happy.png,n/a,n/a,It's always been there. You're just noticing it now?,!!QUEST_ID2200_TEXT2,n/a,n/a,n/a,n/a,-1,-1,n/a,-1,n/a,n/a,-1,-1,-1,-1
774,2200,character,spongebob_determined.png,n/a,n/a,No!||I was just wondering if YOU knew it was there.,!!QUEST_ID2200_TEXT3,n/a,n/a,n/a,n/a,-1,-1,n/a,-1,n/a,n/a,-1,-1,-1,-1
775,2200,character,spongebob_quizzical.png,n/a,n/a,So...do you know if there's a beach boardwalk there?||With a big Glove World Theme Park and a Valentine's Day Carnival?,!!QUEST_ID2200_TEXT4,n/a,n/a,n/a,n/a,-1,-1,n/a,-1,n/a,n/a,-1,-1,-1,-1
776,2200,character,realtorportrait_happy.png,n/a,n/a,Uh…no there's none of that other stuff there.,!!QUEST_ID2200_TEXT5,n/a,n/a,n/a,n/a,-1,-1,n/a,-1,n/a,n/a,-1,-1,-1,-1
777,2200,character,spongebob_determined.png,n/a,n/a,You mean there's none of that other stuff there... YET!,!!QUEST_ID2200_TEXT6,n/a,n/a,n/a,n/a,-1,-1,n/a,-1,n/a,n/a,-1,-1,-1,-1
778,2200,character,spongebob_determined.png,n/a,n/a,We can build it together!||Using Valentine's Day Power!||The Power of Love!,!!QUEST_ID2200_TEXT7,n/a,n/a,n/a,n/a,-1,-1,n/a,-1,n/a,n/a,-1,-1,-1,-1
779,2200,quest_line_start,n/a,n/a,spongebob_happy.png,n/a,n/a,n/a,!!EPISODE_TITLE_ALL_YOU_NEED,!!EPISODE_BODY_ALL_YOU_NEED,character_MultiQuestStartChristmas,25,-1,n/a,-1,resources,buildings,53,20204,15,1
780,2200,character,realtorportrait_happy.png,n/a,n/a,Hold your seahorses SpongeBob.||Before any theme parks or carnivals get built first you need a place to put it all.,!!QUEST_ID2200_TEXT8,n/a,n/a,n/a,n/a,-1,-1,n/a,-1,n/a,n/a,-1,-1,-1,-1
781,2200,quest_start,n/a,GooLagoonPortrait.png,n/a,n/a,n/a,!!QUEST_BUY_GOO_PROPERTY_1,n/a,n/a,character_SimpleQuestStartChristmas,-1,-1,n/a,-1,n/a,n/a,-1,-1,-1,-1
782,2201,quest_complete,n/a,GooLagoonPortrait.png,n/a,n/a,n/a,!!QUEST_BUY_GOO_PROPERTY_1,n/a,n/a,character_SimpleQuestCompleteChristmas,-1,-1,n/a,-1,n/a,n/a,-1,-1,-1,-1
783,2203,character,spongebob_happy.png,n/a,n/a,This is the perfect spot for a Glove World Ticket Booth...||...like the one I have in my suitcase and finally get to use!,!!QUEST_ID2203_TEXT1,n/a,n/a,n/a,n/a,-1,-1,n/a,-1,n/a,n/a,-1,-1,-1,-1
784,2203,character,spongebob_happy.png,n/a,n/a,It's time to start building Glove World together!,!!QUEST_ID2203_TEXT2,n/a,n/a,n/a,n/a,-1,-1,n/a,-1,n/a,n/a,-1,-1,-1,-1
785,2203,character,spongebob_happy.png,n/a,n/a,It's going to take a lot of Heart and that means winning the Hearts of my neighbors with Valentine's Day Gifts!,!!QUEST_ID2203_TEXT3,n/a,n/a,n/a,n/a,-1,-1,n/a,-1,n/a,n/a,-1,-1,-1,-1
786,2203,character,mrkrabsportrait_stern.png,n/a,n/a,Do you really think it's that easy SpongeBob?,!!QUEST_ID2203_TEXT4,n/a,n/a,n/a,n/a,-1,-1,n/a,-1,n/a,n/a,-1,-1,-1,-1
787,2203,character,spongebob_determined.png,n/a,n/a,You'll see Mr. Krabs.||I'll start with a Valentine's Day favorite...making Chocolates in the Treat Shop!,!!QUEST_ID2203_TEXT5,n/a,n/a,n/a,n/a,-1,-1,n/a,-1,n/a,n/a,-1,-1,-1,-1
788,2203,quest_start,n/a,valentines_Chocolates.png,n/a,n/a,n/a,!!character_BODY_ID2203_TEXT1,n/a,n/a,character_MultiQuestStartChristmas,-1,-1,n/a,-1,n/a,n/a,-1,-1,-1,-1
789,2204,quest_complete,n/a,valentines_Chocolates.png,n/a,n/a,n/a,!!character_BODY_ID2203_TEXT1,n/a,n/a,character_MultiQuestCompleteChristmas,-1,-1,n/a,-1,n/a,n/a,-1,-1,-1,-1
790,2204,character,spongebob_happy.png,n/a,n/a,See you can win the Hearts of everyone when you give them the Valentine's Treats they wish for!,!!QUEST_ID2203_TEXT6,n/a,n/a,n/a,n/a,-1,-1,n/a,-1,n/a,n/a,-1,-1,-1,-1
791,2204,character,spongebob_happy.png,n/a,n/a,The more Hearts we all earn the bigger Glove World can be!,!!QUEST_ID2203_TEXT7,n/a,n/a,n/a,n/a,-1,-1,n/a,-1,n/a,n/a,-1,-1,-1,-1
792,2204,quest_line_complete,n/a,n/a,spongebob_happy.png,n/a,n/a,n/a,!!QUESTLINE_COMPLETE_HEADING,!!QUESTLINE_COMPLETE_BODY,character_MultiQuestCompleteChristmas,25,-1,n/a,-1,resources,buildings,53,20204,15,1
793,40000,character,spongebob_happy.png,n/a,n/a,Ahh...Bikini Bottom it's everything I dreamed it would be! ||Let me just drop of my stuff... ||Uh Gary where's my house?,!!TUTORIAL_ID40000_TEXT1,n/a,n/a,n/a,n/a,-1,-1,SB_ItsBeautiful,-1,n/a,n/a,-1,-1,-1,-1
794,40000,character,Gary_Neutral.png,n/a,n/a,Meow.,!!TUTORIAL_ID40000_TEXT2,n/a,n/a,n/a,n/a,-1,-1,GaryMeow_Normal,-1,n/a,n/a,-1,-1,-1,-1
795,40000,quest_start,n/a,SpongebobPortrait.png,n/a,n/a,n/a,!!TUTORIAL_TITLE_MOVEIN,n/a,n/a,n/a,-1,-1,SB_LetsBuildPineapple,-1,n/a,n/a,-1,-1,-1,-1
796,40001,quest_complete,n/a,SpongebobPortrait.png,n/a,n/a,n/a,!!TUTORIAL_TITLE_MOVEIN,n/a,n/a,n/a,-1,-1,n/a,-1,n/a,n/a,-1,-1,-1,-1
797,40002,character,spongebob_happy.png,n/a,n/a,There's the finest eating establishment ever established for eating... ||The Krusty Krab!,!!TUTORIAL_ID40002_TEXT1,n/a,n/a,n/a,n/a,-1,-1,SB_KrustyKrab,-1,n/a,n/a,-1,-1,-1,-1
798,40002,character,mrkrabsportrait_moneygrubbing,n/a,n/a,I'm Eugene H. Krabs sole proprietor of the Krusty Krab. ||You look ready for work! ||How about you go plant some lettuce?!,!!TUTORIAL_ID40002_TEXT2,n/a,n/a,n/a,n/a,-1,-1,MK_AhoyBucko,-1,n/a,n/a,-1,-1,-1,-1
799,40002,quest_start,n/a,SeedShop.png,n/a,n/a,n/a,!!QUEST_PLANT_LETTUCE,n/a,n/a,n/a,-1,-1,n/a,-1,n/a,n/a,-1,-1,-1,-1
800,40003,quest_complete,n/a,SeedShop.png,n/a,n/a,n/a,!!QUEST_PLANT_LETTUCE,n/a,n/a,n/a,-1,-1,n/a,-1,n/a,n/a,-1,-1,-1,-1
801,40004,character,mrkrabsportrait_stern.png,n/a,n/a,A Krabby Patty ain't complete without a ripe juicy tomato! ||Let's plant some!,!!TUTORIAL_ID40004_TEXT1,n/a,n/a,n/a,n/a,-1,-1,n/a,-1,n/a,n/a,-1,-1,-1,-1
802,40004,quest_start,n/a,Ready_Tomato.png,n/a,n/a,n/a,!!QUEST_TOMATO_2,n/a,n/a,n/a,-1,-1,n/a,-1,n/a,n/a,-1,-1,-1,-1
803,40005,quest_complete,n/a,Ready_Tomato.png,n/a,n/a,n/a,!!QUEST_TOMATO_2,n/a,n/a,n/a,-1,-1,n/a,-1,n/a,n/a,-1,-1,-1,-1
804,40006,character,mrkrabsportrait_moneygrubbing,n/a,n/a,Not bad for a sponge in dress slacks! ||Now let's see how you are behind the grill!,!!TUTORIAL_ID40006_TEXT1,n/a,n/a,n/a,n/a,-1,-1,MK_YoureGoodAtThis,-1,n/a,n/a,-1,-1,-1,-1
805,40006,quest_start,n/a,KrustyKrab.png,n/a,n/a,n/a,!!QUEST_CRAFT_PATTY,n/a,n/a,n/a,-1,-1,n/a,-1,n/a,n/a,-1,-1,-1,-1
806,40007,quest_complete,n/a,KrustyKrab.png,n/a,n/a,n/a,!!QUEST_CRAFT_PATTY,n/a,n/a,n/a,-1,-1,n/a,-1,n/a,n/a,-1,-1,-1,-1
807,40008,character,mrkrabsportrait_stern.png,n/a,n/a,Hey those fixins should be ready by now.,!!TUTORIAL_ID40008_TEXT1,n/a,n/a,n/a,n/a,-1,-1,n/a,-1,n/a,n/a,-1,-1,-1,-1
808,40008,quest_start,n/a,SeedShop.png,n/a,n/a,n/a,!!QUEST_COLLECT_INGREDIENTS,n/a,n/a,n/a,-1,-1,n/a,-1,n/a,n/a,-1,-1,-1,-1
809,40009,quest_complete,n/a,SeedShop.png,n/a,n/a,n/a,!!QUEST_COLLECT_INGREDIENTS,n/a,n/a,n/a,-1,-1,n/a,-1,n/a,n/a,-1,-1,-1,-1
810,40010,character,mrkrabsportrait_moneygrubbing,n/a,n/a,Listen to that patty sizzle! ||As soon as it's done give 'er a TAP!,!!TUTORIAL_ID40010_TEXT1,n/a,n/a,n/a,n/a,-1,-1,GrillSizzle,-1,n/a,n/a,-1,-1,-1,-1
811,40010,quest_start,n/a,KrustyKrab.png,n/a,n/a,n/a,!!QUEST_COLLECT_PATTY,n/a,n/a,n/a,-1,-1,n/a,-1,n/a,n/a,-1,-1,-1,-1
812,40011,quest_complete,n/a,KrustyKrab.png,n/a,n/a,n/a,!!QUEST_COLLECT_PATTY,n/a,n/a,n/a,-1,-1,n/a,-1,n/a,n/a,-1,-1,-1,-1
813,40012,character,MrKrabsPortrait_Whaddayamean.png,n/a,n/a,Time to make a complete dish! ||Something easy that won't burn the place down. ||How about a salad?,!!TUTORIAL_ID40012_TEXT1,n/a,n/a,n/a,n/a,-1,-1,MK_KrustyKrabEmployee,-1,n/a,n/a,-1,-1,-1,-1
814,40012,quest_start,n/a,Salad.png,n/a,n/a,n/a,!!QUEST_CRAFT_SALAD,n/a,n/a,n/a,-1,-1,n/a,-1,n/a,n/a,-1,-1,-1,-1
815,40013,quest_complete,n/a,Salad.png,n/a,n/a,n/a,!!QUEST_CRAFT_SALAD,n/a,n/a,n/a,-1,-1,n/a,-1,n/a,n/a,-1,-1,-1,-1
816,40014,quest_start,n/a,KrustyKrab.png,n/a,n/a,n/a,!!QUEST_COLLECT_SALAD,n/a,n/a,n/a,-1,-1,n/a,-1,n/a,n/a,-1,-1,-1,-1
817,40015,quest_complete,n/a,KrustyKrab.png,n/a,n/a,n/a,!!QUEST_COLLECT_SALAD,n/a,n/a,n/a,-1,-1,n/a,-1,n/a,n/a,-1,-1,-1,-1
818,40016,character,MrKrabsPortrait_Whaddayamean.png,n/a,n/a,You're almost there SpongeBob! ||Time to gather the other ingredients we need for the Krabby Patty.,!!TUTORIAL_ID40016_TEXT1,n/a,n/a,n/a,n/a,-1,-1,MK_KrustyKrabEmployee,-1,n/a,n/a,-1,-1,-1,-1
819,40016,character,Portrait_SpongeBob.png,n/a,n/a,Mr. Krabs with mighty spatula in hand... ||I will brave grease fires and borderline health code violations to become your new FRY COOK!,!!TUTORIAL_ID40016_TEXT2,n/a,n/a,n/a,n/a,-1,-1,SB_LetsDoThis,-1,n/a,n/a,-1,-1,-1,-1
820,40016,quest_start,n/a,KrustyKrab.png,n/a,n/a,n/a,!!QUEST_CRAFT_KETCHUP,n/a,n/a,n/a,-1,-1,n/a,-1,n/a,n/a,-1,-1,-1,-1
821,40017,quest_complete,n/a,KrustyKrab.png,n/a,n/a,n/a,!!QUEST_CRAFT_KETCHUP,n/a,n/a,n/a,-1,-1,n/a,-1,n/a,n/a,-1,-1,-1,-1
822,40018,quest_start,n/a,onion.png,n/a,n/a,n/a,!!TUTORIAL_TITLE_CRAFT_COLLECT_ONION,n/a,n/a,n/a,-1,-1,n/a,-1,n/a,n/a,-1,-1,-1,-1
823,40020,quest_complete,n/a,onion.png,n/a,n/a,n/a,!!TUTORIAL_TITLE_CRAFT_COLLECT_ONION,n/a,n/a,n/a,-1,-1,n/a,-1,n/a,n/a,-1,-1,-1,-1
824,40022,quest_start,n/a,KrustyKrab.png,n/a,n/a,n/a,!!QUEST_COLLECT_KETCHUP,n/a,n/a,n/a,-1,-1,n/a,-1,n/a,n/a,-1,-1,-1,-1
825,40023,quest_complete,n/a,KrustyKrab.png,n/a,n/a,n/a,!!QUEST_COLLECT_KETCHUP,n/a,n/a,n/a,-1,-1,n/a,-1,n/a,n/a,-1,-1,-1,-1
826,40024,character,mrkrabsportrait_stern,n/a,n/a,This is it laddie! ||The final test to be my NEW FRY COOK!! ||Are you ready?,!!TUTORIAL_ID40024_TEXT1,n/a,n/a,n/a,n/a,-1,-1,MK_AreYouReady,-1,n/a,n/a,-1,-1,-1,-1
827,40024,character,Portrait_SpongeBob.png,n/a,n/a,The Krabby Patty is my one true love. ||Mr. Krabs I've been training my whole life for the day I could join the Krusty crew!,!!TUTORIAL_ID40024_TEXT2,n/a,n/a,n/a,n/a,-1,-1,SB_KrabbyPattyTrueLove,-1,n/a,n/a,-1,-1,-1,-1
828,40024,character,spongebob_happy.png,n/a,n/a,I'M READY!!!,!!TUTORIAL_ID40024_TEXT3,n/a,n/a,n/a,n/a,-1,-1,SB_ImReady_3,-1,n/a,n/a,-1,-1,-1,-1
829,40024,quest_start,n/a,KrabbyPatty.png,n/a,n/a,n/a,!!QUEST_CRAFT_KRABBYPATTY,n/a,n/a,n/a,-1,-1,n/a,-1,n/a,n/a,-1,-1,-1,-1
830,40025,quest_complete,n/a,KrabbyPatty.png,n/a,n/a,n/a,!!QUEST_CRAFT_KRABBYPATTY,n/a,n/a,n/a,-1,-1,n/a,-1,n/a,n/a,-1,-1,-1,-1
831,40026,character,Portrait_Green_Male_Average_Happy.png,n/a,n/a,What is that amazing smell?! ||It smells like pure happiness...and grease. ||I can't explain it but I must move here!,!!TUTORIAL_ID40026_TEXT1,n/a,n/a,n/a,n/a,-1,-1,n/a,-1,n/a,n/a,-1,-1,-1,-1
832,40026,quest_start,n/a,FishHome1_Blue_Portrait.png,n/a,n/a,n/a,!!TUTORIAL_TITLE_BUILD_HOUSE_REV,n/a,n/a,n/a,-1,-1,n/a,-1,n/a,n/a,-1,-1,-1,-1
833,40027,quest_complete,n/a,FishHome1_Blue_Portrait.png,n/a,n/a,n/a,!!TUTORIAL_TITLE_BUILD_HOUSE_REV,n/a,n/a,n/a,-1,-1,n/a,-1,n/a,n/a,-1,-1,-1,-1
834,40028,quest_start,n/a,KrabbyPatty.png,n/a,n/a,n/a,!!TUTORIAL_TITLE_COLLECT_KRABBYPATTY,n/a,n/a,n/a,-1,-1,n/a,-1,n/a,n/a,-1,-1,-1,-1
835,40029,quest_complete,n/a,KrabbyPatty.png,n/a,n/a,n/a,!!TUTORIAL_TITLE_COLLECT_KRABBYPATTY,n/a,n/a,n/a,-1,-1,n/a,-1,n/a,n/a,-1,-1,-1,-1
836,40032,character,mrkrabsportrait_moneygrubbing.png,n/a,n/a,It smells like a moneymaker to me but let's see how it tastes. ||Give it to that green fella over there!,!!TUTORIAL_ID40032_TEXT1,n/a,n/a,n/a,n/a,-1,-1,MK_SniffSniff,-1,n/a,n/a,-1,-1,-1,-1
837,40032,quest_start,n/a,KrabbyPatty.png,n/a,n/a,n/a,!!TUTORIAL_TITLE_FEED_BOTTOMITE,n/a,n/a,n/a,-1,-1,n/a,-1,n/a,n/a,-1,-1,-1,-1
838,40033,quest_complete,n/a,KrabbyPatty.png,n/a,n/a,n/a,!!TUTORIAL_TITLE_FEED_BOTTOMITE,n/a,n/a,n/a,-1,-1,n/a,-1,n/a,n/a,-1,-1,-1,-1
839,40033,character,Portrait_Green_Male_Average_Happy.png,n/a,n/a,It tastes even better than it smells!||What's this place called again?,!!TUTORIAL_ID40033_TEXT1,n/a,n/a,n/a,n/a,-1,-1,n/a,-1,n/a,n/a,-1,-1,-1,-1
840,40033,character,mrkrabsportrait_moneygrubbing.png,n/a,n/a,It's me Krusty Krab! ||And you've just had a Krabby Patty freshly prepared by... ||er what's your name boy?,!!TUTORIAL_ID40033_TEXT2,n/a,n/a,n/a,n/a,-1,-1,MK_MeKrustyKrab,-1,n/a,n/a,-1,-1,-1,-1
841,40033,character,spongebob_happy.png,n/a,n/a,SpongeBob Squarepants at your service!!,!!TUTORIAL_ID40033_TEXT3,n/a,n/a,n/a,n/a,-1,-1,SB_SpongeBobService,-1,n/a,n/a,-1,-1,-1,-1
842,40033,character,mrkrabsportrait_moneygrubbing.png,n/a,n/a,CONGRATULATIONS!! ||SpongeBob Squarepants my new FRY COOK!!,!!TUTORIAL_ID40033_TEXT4,n/a,n/a,n/a,n/a,-1,-1,MK_Congratulations,-1,n/a,n/a,-1,-1,-1,-1
843,40033,character,spongebob_happy.png,n/a,n/a,YES!!! ||This is the BEST DAY EVER!,!!TUTORIAL_ID40033_TEXT5,n/a,n/a,n/a,n/a,-1,-1,SB_YesBestDayEver,-1,n/a,n/a,-1,-1,-1,-1
844,40034,character,spongebob_happy.png,n/a,n/a,There's the finest eating establishment ever established for eating... ||The Krusty Krab!,!!TUTORIAL_ID40034_TEXT1,n/a,n/a,n/a,n/a,-1,-1,SB_KrustyKrab,-1,n/a,n/a,-1,-1,-1,-1
845,40034,character,spongebob_happy.png,n/a,n/a,Is that a HELP WANTED sign out front?! ||Time to get that dream job!,!!TUTORIAL_ID40034_TEXT2,n/a,n/a,n/a,n/a,-1,-1,SB_Gasp,-1,n/a,n/a,-1,-1,-1,-1
846,40036,character,Portrait_Green_Male_Average_Happy.png,n/a,n/a,I love this place!||It's in the middle of nowhere so I can eat my burger in peace and quiet…,!!TUTORIAL_ID40036_TEXT1,n/a,n/a,n/a,n/a,-1,-1,n/a,-1,n/a,n/a,-1,-1,-1,-1
847,40036,character,Portrait_Bill_VeryHappy.png,n/a,n/a,So is this is where the delicious trail of greasy goodness is coming from?,!!TUTORIAL_ID40036_TEXT2,n/a,n/a,n/a,n/a,-1,-1,MK_Chaching,-1,n/a,n/a,-1,-1,-1,-1
848,40036,character,Portrait_Dave_Disappointed.png,n/a,n/a,Aw man this place is already going to the anchovies...,!!TUTORIAL_ID40036_TEXT3,n/a,n/a,n/a,n/a,-1,-1,n/a,-1,n/a,n/a,-1,-1,-1,-1
849,40036,character,mrkrabsportrait_moneygrubbing.png,n/a,n/a,It is indeed my hungry sir!||Welcome to the world famous Krusty Krab!,!!TUTORIAL_ID40036_TEXT4,n/a,n/a,n/a,n/a,-1,-1,n/a,-1,n/a,n/a,-1,-1,-1,-1
850,40036,character,Portrait_Bill_VeryHappy.png,n/a,n/a,Never heard of it. But I'd move here if it meant I could swim in this gourmet grease all day long.||In fact I'm going to!,!!TUTORIAL_ID40036_TEXT5,n/a,n/a,n/a,n/a,-1,-1,n/a,-1,n/a,n/a,-1,-1,-1,-1
851,40036,quest_start,n/a,FishHome2_Green_Portrait.png,n/a,n/a,n/a,!!TUTORIAL_TITLE_BUILD_GREEN_HOUSE_REV,n/a,n/a,n/a,-1,-1,n/a,-1,n/a,n/a,-1,-1,-1,-1
852,40037,quest_complete,n/a,FishHome2_Green_Portrait.png,n/a,n/a,n/a,!!TUTORIAL_TITLE_BUILD_GREEN_HOUSE_REV,n/a,n/a,n/a,-1,-1,n/a,-1,n/a,n/a,-1,-1,-1,-1
853,40038,character,Portrait_Bill_VeryHappy.png,n/a,n/a,I told my friend Judy about this place and she got so excited she almost went belly-up!||She's a real fast food a-fishonado I tell you.,!!TUTORIAL_ID40038_TEXT1,n/a,n/a,n/a,n/a,-1,-1,n/a,-1,n/a,n/a,-1,-1,-1,-1
854,40038,character,mrkrabsportrait_moneygrubbing.png,n/a,n/a,More paying customers!||Keep that grill hot SpongeBob!,!!TUTORIAL_ID40038_TEXT2,n/a,n/a,n/a,n/a,-1,-1,n/a,-1,n/a,n/a,-1,-1,-1,-1
855,40038,character,Portrait_Judy_VeryHappy.png,n/a,n/a,Bill this place is everything you said and more!||I talked it over with my arteries and we can't wait to move here!,!!TUTORIAL_ID40038_TEXT3,n/a,n/a,n/a,n/a,-1,-1,n/a,-1,n/a,n/a,-1,-1,-1,-1
856,40038,quest_start,n/a,FishHome1_Rust_Portrait.png,n/a,n/a,n/a,!!TUTORIAL_TITLE_BUILD_RUST_HOUSE_REV,n/a,n/a,n/a,-1,-1,n/a,-1,n/a,n/a,-1,-1,-1,-1
857,40039,quest_complete,n/a,FishHome1_Rust_Portrait.png,n/a,n/a,n/a,!!TUTORIAL_TITLE_BUILD_RUST_HOUSE_REV,n/a,n/a,n/a,-1,-1,n/a,-1,n/a,n/a,-1,-1,-1,-1
858,40200,character,spongebob_happy.png,n/a,n/a,Time to celebrate!||There's all kinds of STUFF I can DO!||Like...Blow Bubbles!,!!QUEST_ID40200_TEXT1,n/a,n/a,n/a,n/a,-1,-1,n/a,-1,n/a,n/a,-1,-1,-1,-1
859,40200,quest_start,n/a,Portrait_SpongeBob.png,n/a,Tap SpongeBob and then tap DO for BLOW BUBBLES,n/a,!!QUEST_SPONGEBOB_BLOWBUBBLES,n/a,n/a,n/a,-1,-1,n/a,-1,n/a,n/a,-1,-1,-1,-1
860,40201,quest_complete,n/a,Portrait_SpongeBob.png,n/a,Tap SpongeBob and then tap DO for BLOW BUBBLES,n/a,!!QUEST_SPONGEBOB_BLOWBUBBLES,n/a,n/a,n/a,-1,-1,n/a,-1,n/a,n/a,-1,-1,-1,-1
861,40201,character,spongebob_happy.png,n/a,n/a,That was Fun...for Every One!||Nothing spreads joy like big sticky gobs of inflated dishwashing soap!,!!QUEST_ID40200_TEXT2,n/a,n/a,n/a,n/a,-1,-1,n/a,-1,n/a,n/a,-1,-1,-1,-1
862,40201,character,mrkrabsportrait_stern.png,n/a,n/a,SpongeBob!||Nothing spreads joy like big sticky gobs of grease in my Krabby Patties...,!!QUEST_ID40200_TEXT3,n/a,n/a,n/a,n/a,-1,-1,n/a,-1,n/a,n/a,-1,-1,-1,-1
863,40201,character,mrkrabsportrait_stern.png,n/a,n/a,...smothered in Ketchup!||You know smashed tomatoes!||So get your square pants to work making some!,!!QUEST_ID40200_TEXT4,n/a,n/a,n/a,n/a,-1,-1,n/a,-1,n/a,n/a,-1,-1,-1,-1
864,42000,character,spongebob_happy.png,n/a,n/a,Hey! There's a gray squid with a suitcase maybe he needs a place to live. ||We should buy a Land Expansion so we'll have more room to build stuff!,n/a,n/a,n/a,n/a,n/a,-1,-1,n/a,-1,n/a,n/a,-1,-1,-1,-1
865,42000,quest_start,n/a,RealtySign.png,n/a,n/a,n/a,!!TUTORIAL_TITLE_EXPAND,n/a,n/a,n/a,-1,-1,n/a,-1,n/a,n/a,-1,-1,-1,-1
866,42001,quest_complete,n/a,RealtySign.png,n/a,n/a,n/a,!!TUTORIAL_TITLE_EXPAND,n/a,n/a,n/a,-1,-1,n/a,-1,n/a,n/a,-1,-1,-1,-1
867,42002,character,Portrait_Squidward.png,n/a,n/a,This town has potential! ||After I settle down I will turn this into the next cultural mecha!,n/a,n/a,n/a,n/a,n/a,-1,-1,n/a,-1,n/a,n/a,-1,-1,-1,-1
868,42002,quest_start,n/a,SquidwardPortrait.png,n/a,n/a,n/a,!!QUEST_BUILD_SQUIDWARDSHOUSE,n/a,n/a,n/a,-1,-1,n/a,-1,n/a,n/a,-1,-1,-1,-1
869,42003,quest_complete,n/a,SquidwardPortrait.png,n/a,n/a,n/a,!!QUEST_BUILD_SQUIDWARDSHOUSE,n/a,n/a,n/a,-1,-1,n/a,-1,n/a,n/a,-1,-1,-1,-1
870,42004,character,Portrait_Squidward.png,n/a,n/a,Oooh! That spot will be just perfect for my new garden. ||Let's clear that seaweed first.,n/a,n/a,n/a,n/a,n/a,-1,-1,Squidward_ThatIsSoSoPerfect,-1,n/a,n/a,-1,-1,-1,-1
871,42004,quest_start,n/a,Plant3_Medium.png,n/a,n/a,n/a,!!QUEST_DEBRIS,n/a,n/a,n/a,-1,-1,n/a,-1,n/a,n/a,-1,-1,-1,-1
872,42005,quest_complete,n/a,Plant3_Medium.png,n/a,n/a,n/a,!!QUEST_DEBRIS,n/a,n/a,n/a,-1,-1,n/a,-1,n/a,n/a,-1,-1,-1,-1
873,42006,character,spongebob_happy.png,n/a,n/a,Hey that new resident looks lonely way out there. ||Let's move next to him!,n/a,n/a,n/a,n/a,n/a,-1,-1,n/a,-1,n/a,n/a,-1,-1,-1,-1
874,42006,quest_start,n/a,SpongebobPortrait.png,n/a,n/a,n/a,Move SpongeBob's House,n/a,n/a,n/a,-1,-1,n/a,-1,n/a,n/a,-1,-1,-1,-1
875,42007,quest_complete,n/a,SpongebobPortrait.png,n/a,n/a,n/a,Move SpongeBob's House,n/a,n/a,n/a,-1,-1,n/a,-1,n/a,n/a,-1,-1,-1,-1
876,42008,character,spongebob_happy.png,n/a,n/a,Hey we need a road out here so my commute to the Krusty Krab isn't so bumpy!,n/a,n/a,n/a,n/a,n/a,-1,-1,n/a,-1,n/a,n/a,-1,-1,-1,-1
877,42008,quest_start,n/a,tab_path.png,n/a,n/a,n/a,Extend Conch Street,n/a,n/a,n/a,-1,-1,n/a,-1,n/a,n/a,-1,-1,-1,-1
878,42009,quest_complete,n/a,tab_path.png,n/a,n/a,n/a,Extend Conch Street,n/a,n/a,n/a,-1,-1,n/a,-1,n/a,n/a,-1,-1,-1,-1
879,42010,character,Squidward_Yelling.png,n/a,n/a,GRRR! ||What is all that racket?! ||And where did that giant pineapple come from?,n/a,n/a,n/a,n/a,n/a,-1,-1,Squidward_Grrr,-1,n/a,n/a,-1,-1,-1,-1
880,42010,character,Portrait_SpongeBob.png,n/a,n/a,That's my house. ||I'm SpongeBob and I'd like to welcome you to Bikini Bottom. ||What's your name?,n/a,n/a,n/a,n/a,n/a,-1,-1,n/a,-1,n/a,n/a,-1,-1,-1,-1
881,42010,character,Squidward_Annoyed.png,n/a,n/a,ANNOYED!! ||My name is Squidward 'Annoyed' Tentacles. ||Because now I have to go find another spot for my garden!,n/a,n/a,n/a,n/a,n/a,-1,-1,Squidward_Grrr,-1,n/a,n/a,-1,-1,-1,-1
882,42010,quest_start,n/a,Plant3_Medium.png,n/a,n/a,n/a,!!QUEST_DEBRIS,n/a,n/a,n/a,-1,-1,n/a,-1,n/a,n/a,-1,-1,-1,-1
883,42011,quest_complete,n/a,Plant3_Medium.png,n/a,n/a,n/a,!!QUEST_DEBRIS,n/a,n/a,n/a,-1,-1,n/a,-1,n/a,n/a,-1,-1,-1,-1
884,42012,character,spongebob_happy.png,n/a,n/a,Howdy neighbor! ||As Bikini Bottom's new FRY COOK I'd like to offer you my pride and joy... ||The KRABBY PATTY!,n/a,n/a,n/a,n/a,n/a,-1,-1,n/a,-1,n/a,n/a,-1,-1,-1,-1
885,42012,character,Squidward_RollingEyes.png,n/a,n/a,What that heart attack on a bun? ||Forget it! I can tell already I won't like it!,n/a,n/a,n/a,n/a,n/a,-1,-1,n/a,-1,n/a,n/a,-1,-1,-1,-1
886,42012,character,Portrait_Green_Male_Average_Happy.png,n/a,n/a,How can you not like Krabby Patties?! ||I moved here just to be near that heavenly smell!,n/a,n/a,n/a,n/a,n/a,-1,-1,n/a,-1,n/a,n/a,-1,-1,-1,-1
887,42012,character,Squidward_Annoyed.png,n/a,n/a,Well you have one since you love it so much!,n/a,n/a,n/a,n/a,n/a,-1,-1,n/a,-1,n/a,n/a,-1,-1,-1,-1
888,42012,quest_start,n/a,KrabbyPatty.png,n/a,n/a,n/a,!!TUTORIAL_TITLE_FEED_BOTTOMITE,n/a,n/a,n/a,-1,-1,n/a,-1,n/a,n/a,-1,-1,-1,-1
889,42013,quest_complete,n/a,KrabbyPatty.png,n/a,n/a,n/a,!!TUTORIAL_TITLE_FEED_BOTTOMITE,n/a,n/a,n/a,-1,-1,n/a,-1,n/a,n/a,-1,-1,-1,-1
890,42014,character,Portrait_Squidward.png,n/a,n/a,That does smell pretty good but there's no way I'm going to give that annoying little sponge the satisfaction.,n/a,n/a,n/a,n/a,n/a,-1,-1,n/a,-1,n/a,n/a,-1,-1,-1,-1
891,42014,character,spongebob_happy.png,n/a,n/a,What was that Squidward?,n/a,n/a,n/a,n/a,n/a,-1,-1,n/a,-1,n/a,n/a,-1,-1,-1,-1
892,42014,character,Squidward_Yelling.png,n/a,n/a,I said that smells like pure putrescence! ||You call yourself a fry cook making garbage like that?,n/a,n/a,n/a,n/a,n/a,-1,-1,n/a,-1,n/a,n/a,-1,-1,-1,-1
893,42014,character,spongebob_quizzical.png,n/a,n/a,You're right Squidward this lettuce is looking a little wilted. ||It's time to bring out the big guns only the freshest ingredients will do!,n/a,n/a,n/a,n/a,n/a,-1,-1,n/a,-1,n/a,n/a,-1,-1,-1,-1
894,42014,quest_start,n/a,Ready_Tomato.png,n/a,n/a,n/a,!!QUEST_COLLECT_TOMATOES_8,n/a,n/a,n/a,-1,-1,n/a,-1,n/a,n/a,-1,-1,-1,-1
895,42015,quest_complete,n/a,Ready_Tomato.png,n/a,n/a,n/a,!!QUEST_COLLECT_TOMATOES_8,n/a,n/a,n/a,-1,-1,n/a,-1,n/a,n/a,-1,-1,-1,-1
896,42016,character,spongebob_happy.png,n/a,n/a,With the rest of these delicious ingredients freshly made there's no way Squidward will be able to say no to a Krabby Patty!,n/a,n/a,n/a,n/a,n/a,-1,-1,n/a,-1,n/a,n/a,-1,-1,-1,-1
897,42016,quest_start,n/a,Patty.png,n/a,n/a,n/a,!!QUEST_COLLECT_PATTY_2,n/a,n/a,n/a,-1,-1,n/a,-1,n/a,n/a,-1,-1,-1,-1
898,42017,quest_complete,n/a,Patty.png,n/a,n/a,n/a,!!QUEST_COLLECT_PATTY_2,n/a,n/a,n/a,-1,-1,n/a,-1,n/a,n/a,-1,-1,-1,-1
899,42018,character,spongebob_happy.png,n/a,n/a,I will put all my heart and soul into this batch of Krabby Patties and you will see the light Squidward.,n/a,n/a,n/a,n/a,n/a,-1,-1,n/a,-1,n/a,n/a,-1,-1,-1,-1
900,42018,character,Squidward_Annoyed.png,n/a,n/a,Whatever. ||You can get started on that I'm going to get started on my tan.,n/a,n/a,n/a,n/a,n/a,-1,-1,n/a,-1,n/a,n/a,-1,-1,-1,-1
901,42018,quest_start,n/a,KrabbyPatty.png,n/a,n/a,n/a,!!QUEST_COLLECT_KRABBYPATTY_4,n/a,n/a,n/a,-1,-1,n/a,-1,n/a,n/a,-1,-1,-1,-1
902,42019,quest_complete,n/a,KrabbyPatty.png,n/a,n/a,n/a,!!QUEST_COLLECT_KRABBYPATTY_4,n/a,n/a,n/a,-1,-1,n/a,-1,n/a,n/a,-1,-1,-1,-1
903,42020,character,Squidward_Annoyed.png,n/a,n/a,Maybe if I make it look like I'm going to catch some rays that annoying SpongeBob will get the hint and leave me alone!,n/a,n/a,n/a,n/a,n/a,-1,-1,n/a,-1,n/a,n/a,-1,-1,-1,-1
904,42020,quest_start,n/a,PineTree_green.png,n/a,n/a,n/a,!!TUTORIAL_TITLE_TREES,n/a,n/a,n/a,-1,-1,n/a,-1,n/a,n/a,-1,-1,-1,-1
905,42021,quest_complete,n/a,PineTree_green.png,n/a,n/a,n/a,!!TUTORIAL_TITLE_TREES,n/a,n/a,n/a,-1,-1,n/a,-1,n/a,n/a,-1,-1,-1,-1
906,42022,character,spongebob_happy.png,n/a,n/a,These are my best Krabby Patties yet! ||Who wants to give one a try?,n/a,n/a,n/a,n/a,n/a,-1,-1,n/a,-1,n/a,n/a,-1,-1,-1,-1
907,42022,character,mrkrabsportrait_moneygrubbing.png,n/a,n/a,Er as the owner of the Krusty Krab and also your boss I believe it's me duty to sample one of those. ||Hand it over me boy!,n/a,n/a,n/a,n/a,n/a,-1,-1,n/a,-1,n/a,n/a,-1,-1,-1,-1
908,42022,quest_start,n/a,KrabbyPatty.png,n/a,n/a,n/a,!!TUTORIAL_TITLE_FEED_KRABS,n/a,n/a,n/a,-1,-1,n/a,-1,n/a,n/a,-1,-1,-1,-1
909,42023,character,mrkrabsportrait_moneygrubbing.png,n/a,n/a,Great Barrier Reef it's GLORIOUS! ||Ahem I mean it's passable SpongeBob now get back to work! |Go and make sure the other customers approve.,n/a,n/a,n/a,n/a,n/a,-1,-1,n/a,-1,n/a,n/a,-1,-1,-1,-1
910,42023,quest_complete,n/a,KrabbyPatty.png,n/a,n/a,n/a,!!TUTORIAL_TITLE_FEED_KRABS,n/a,n/a,n/a,-1,-1,n/a,-1,n/a,n/a,-1,-1,-1,-1
911,42024,character,spongebob_happy.png,n/a,n/a,If we get all of Bikini Bottom smelling like Krabby Patties Squidward won't be able to resist!,n/a,n/a,n/a,n/a,n/a,-1,-1,n/a,-1,n/a,n/a,-1,-1,-1,-1
912,42024,quest_start,n/a,KrabbyPatty.png,n/a,n/a,n/a,Give 6 Krabby Patties to Residents,n/a,n/a,n/a,-1,-1,n/a,-1,n/a,n/a,-1,-1,-1,-1
913,42025,quest_complete,n/a,KrabbyPatty.png,n/a,n/a,n/a,Give 6 Krabby Patties to Residents,n/a,n/a,n/a,-1,-1,n/a,-1,n/a,n/a,-1,-1,-1,-1
914,42100,character,Portrait_Squidward.png,n/a,n/a,Finally some time to relax and catch some rays!,!!QUEST_ID42100_TEXT1,n/a,n/a,n/a,n/a,-1,-1,n/a,-1,n/a,n/a,-1,-1,-1,-1
915,42100,quest_start,n/a,BeachChair.png,n/a,n/a,n/a,Squidward Decorates,n/a,n/a,n/a,-1,-1,n/a,-1,n/a,n/a,-1,-1,-1,-1
916,42101,quest_complete,n/a,BeachChair.png,n/a,n/a,n/a,Squidward Decorates,n/a,n/a,n/a,-1,-1,n/a,-1,n/a,n/a,-1,-1,-1,-1
917,42102,character,spongebob_happy.png,n/a,n/a,Hey Squidward!,!!QUEST_ID42102_TEXT1,n/a,n/a,n/a,n/a,-1,-1,n/a,-1,n/a,n/a,-1,-1,-1,-1
918,42102,character,Squidward_Annoyed.png,n/a,n/a,Oh no it's that annoying new neighbor of mine. ||Maybe if I put my umbrella up he'll leave me alone.,!!QUEST_ID42102_TEXT2,n/a,n/a,n/a,n/a,-1,-1,n/a,-1,n/a,n/a,-1,-1,-1,-1
919,42102,quest_start,n/a,BeachUmbrella.png,n/a,n/a,n/a,!!QUEST_BEACHUMBRELLA,n/a,n/a,n/a,-1,-1,n/a,-1,n/a,n/a,-1,-1,-1,-1
920,42103,quest_complete,n/a,BeachUmbrella.png,n/a,n/a,n/a,!!QUEST_BEACHUMBRELLA,n/a,n/a,n/a,-1,-1,n/a,-1,n/a,n/a,-1,-1,-1,-1
921,42103,character,spongebob_happy.png,n/a,n/a,Hey that's a beautiful umbrella! ||Such a sophisticated color palate!,!!QUEST_ID42103_TEXT1,n/a,n/a,n/a,n/a,-1,-1,n/a,-1,n/a,n/a,-1,-1,-1,-1
922,42103,character,Squidward_Annoyed.png,n/a,n/a,*Snoring pretends to be sleeping*,!!QUEST_ID42103_TEXT2,n/a,n/a,n/a,n/a,-1,-1,n/a,-1,n/a,n/a,-1,-1,-1,-1
923,42103,character,spongebob_happy.png,n/a,n/a,Hey whatcha doing Squidward? ||Sleeping?,!!QUEST_ID42103_TEXT3,n/a,n/a,n/a,n/a,-1,-1,n/a,-1,n/a,n/a,-1,-1,-1,-1
924,42103,character,Squidward_Yelling.png,n/a,n/a,I was trying to!,!!QUEST_ID42103_TEXT4,n/a,n/a,n/a,n/a,-1,-1,n/a,-1,n/a,n/a,-1,-1,-1,-1
925,42104,character,spongebob_happy.png,n/a,n/a,As Bikini Bottom's resident fry cook I'd like to offer you a delicious Krabby Patty!,!!QUEST_ID42104_TEXT1,n/a,n/a,n/a,n/a,-1,-1,n/a,-1,n/a,n/a,-1,-1,-1,-1
926,42104,character,Squidward_Annoyed.png,n/a,n/a,I would never touch that abomination you call food. ||Give it to someone with no taste!,!!QUEST_ID42104_TEXT2,n/a,n/a,n/a,n/a,-1,-1,n/a,-1,n/a,n/a,-1,-1,-1,-1
927,42104,quest_start,n/a,KrabbyPatty.png,n/a,n/a,n/a,!!QUEST_FEED_GREENFELLA_KP,n/a,n/a,n/a,-1,-1,n/a,-1,n/a,n/a,-1,-1,-1,-1
928,42105,quest_complete,n/a,KrabbyPatty.png,n/a,n/a,n/a,!!QUEST_FEED_GREENFELLA_KP,n/a,n/a,n/a,-1,-1,n/a,-1,n/a,n/a,-1,-1,-1,-1
929,42105,character,Portrait_Green_Male_Average_Happy.png,n/a,n/a,Delicious as always thanks SpongeBob!,!!QUEST_ID42105_TEXT1,n/a,n/a,n/a,n/a,-1,-1,n/a,-1,n/a,n/a,-1,-1,-1,-1
930,42105,character,spongebob_happy.png,n/a,n/a,I aim to please.,!!QUEST_ID42105_TEXT2,n/a,n/a,n/a,n/a,-1,-1,n/a,-1,n/a,n/a,-1,-1,-1,-1
931,42106,character,Squidward_Annoyed.png,n/a,n/a,Typical philistine. ||SpongeBob can't you make anything else... something sophisticated?,!!QUEST_ID42106_TEXT1,n/a,n/a,n/a,n/a,-1,-1,n/a,-1,n/a,n/a,-1,-1,-1,-1
932,42106,character,spongebob_happy.png,n/a,n/a,Hmmm... I have just the thing!,!!QUEST_ID42106_TEXT2,n/a,n/a,n/a,n/a,-1,-1,n/a,-1,n/a,n/a,-1,-1,-1,-1
933,42106,quest_start,n/a,Salad.png,n/a,n/a,n/a,!!QUEST_FEED_SQUIDWARD_SALAD,n/a,n/a,n/a,-1,-1,n/a,-1,n/a,n/a,-1,-1,-1,-1
934,42107,quest_complete,n/a,Salad.png,n/a,n/a,n/a,!!QUEST_FEED_SQUIDWARD_SALAD,n/a,n/a,n/a,-1,-1,n/a,-1,n/a,n/a,-1,-1,-1,-1
935,42107,character,Squidward_Yelling.png,n/a,n/a,This is the lousiest salad I've ever had!,!!QUEST_ID42107_TEXT1,n/a,n/a,n/a,n/a,-1,-1,n/a,-1,n/a,n/a,-1,-1,-1,-1
936,42107,character,spongebob_quizzical.png,n/a,n/a,I will not stop until your hunger is satisfied!,!!QUEST_ID42107_TEXT2,n/a,n/a,n/a,n/a,-1,-1,n/a,-1,n/a,n/a,-1,-1,-1,-1
937,42107,character,Squidward_Annoyed.png,n/a,n/a,Sigh.,!!QUEST_ID42107_TEXT3,n/a,n/a,n/a,n/a,-1,-1,n/a,-1,n/a,n/a,-1,-1,-1,-1
938,42108,character,spongebob_happy.png,n/a,n/a,I present to you one of my finest concoctions: Tomato Bisque!,!!QUEST_ID42108_TEXT1,n/a,n/a,n/a,n/a,-1,-1,n/a,-1,n/a,n/a,-1,-1,-1,-1
939,42108,character,Squidward_Annoyed.png,n/a,n/a,You mean soup? How original!,!!QUEST_ID42108_TEXT2,n/a,n/a,n/a,n/a,-1,-1,n/a,-1,n/a,n/a,-1,-1,-1,-1
940,42108,quest_start,n/a,TomatoBisque.png,n/a,n/a,n/a,!!QUEST_FEED_SQUIDWARD_BISQUE,n/a,n/a,n/a,-1,-1,n/a,-1,n/a,n/a,-1,-1,-1,-1
941,42109,quest_complete,n/a,TomatoBisque.png,n/a,n/a,n/a,!!QUEST_FEED_SQUIDWARD_BISQUE,n/a,n/a,n/a,-1,-1,n/a,-1,n/a,n/a,-1,-1,-1,-1
942,42110,character,spongebob_happy.png,n/a,n/a,This dish will transport you around the world to the wonderful tasty seas of Italy!,!!QUEST_ID42110_TEXT1,n/a,n/a,n/a,n/a,-1,-1,n/a,-1,n/a,n/a,-1,-1,-1,-1
943,42110,character,Portrait_Squidward.png,n/a,n/a,Well at least it has an exotic-sounding name!,!!QUEST_ID42110_TEXT2,n/a,n/a,n/a,n/a,-1,-1,n/a,-1,n/a,n/a,-1,-1,-1,-1
944,42110,quest_start,n/a,Bruschetta.png,n/a,n/a,n/a,!!QUEST_FEED_SQUIDWARD_BRUSCHETTA,n/a,n/a,n/a,-1,-1,n/a,-1,n/a,n/a,-1,-1,-1,-1
945,42111,quest_complete,n/a,Bruschetta.png,n/a,n/a,n/a,!!QUEST_FEED_SQUIDWARD_BRUSCHETTA,n/a,n/a,n/a,-1,-1,n/a,-1,n/a,n/a,-1,-1,-1,-1
946,42112,character,Squidward_Annoyed.png,n/a,n/a,What is this?,!!QUEST_ID42112_TEXT1,n/a,n/a,n/a,n/a,-1,-1,n/a,-1,n/a,n/a,-1,-1,-1,-1
947,42112,character,Portrait_SpongeBob.png,n/a,n/a,Well since you didn't like anything I made you I ordered this from a fancy restaurant.,!!QUEST_ID42112_TEXT2,n/a,n/a,n/a,n/a,-1,-1,n/a,-1,n/a,n/a,-1,-1,-1,-1
948,42112,quest_start,n/a,KrabbyPatty.png,n/a,n/a,n/a,!!QUEST_FEED_SQUIDWARD_KP,n/a,n/a,n/a,-1,-1,n/a,-1,n/a,n/a,-1,-1,-1,-1
949,42113,quest_complete,n/a,KrabbyPatty.png,n/a,n/a,n/a,!!QUEST_FEED_SQUIDWARD_KP,n/a,n/a,n/a,-1,-1,n/a,-1,n/a,n/a,-1,-1,-1,-1
950,42113,character,Portrait_Squidward.png,n/a,n/a,It's amazing! ||This is a truly transcendent meal! ||What is it called?!,!!QUEST_ID42113_TEXT1,n/a,n/a,n/a,n/a,-1,-1,n/a,-1,n/a,n/a,-1,-1,-1,-1
951,42113,character,spongebob_quizzical.png,n/a,n/a,Uhh... they call it... le Fancy Patty!,!!QUEST_ID42113_TEXT2,n/a,n/a,n/a,n/a,-1,-1,n/a,-1,n/a,n/a,-1,-1,-1,-1
952,42113,character,Portrait_Squidward.png,n/a,n/a,Genius! I must meet the chef. ||What is their name where do they work?!,!!QUEST_ID42113_TEXT3,n/a,n/a,n/a,n/a,-1,-1,n/a,-1,n/a,n/a,-1,-1,-1,-1
953,42113,character,spongebob_happy.png,n/a,n/a,Giggle... giggle... ||SpongeBob SquarePants chef de cuisine at the Krusty Krab pleasure to meet you!,!!QUEST_ID42113_TEXT4,n/a,n/a,n/a,n/a,-1,-1,n/a,-1,n/a,n/a,-1,-1,-1,-1
954,42150,quest_start,n/a,SquidwardPortrait.png,n/a,n/a,n/a,!!QUEST_BUILD_SQUIDWARDSHOUSE,n/a,n/a,n/a,-1,-1,n/a,-1,n/a,n/a,-1,-1,-1,-1
955,42151,quest_complete,n/a,SquidwardPortrait.png,n/a,n/a,n/a,!!QUEST_BUILD_SQUIDWARDSHOUSE,n/a,n/a,n/a,-1,-1,n/a,-1,n/a,n/a,-1,-1,-1,-1
956,42151,character,spongebob_happy.png,n/a,n/a,OH MY GOODNESS! Look a new neighbor!,!!QUEST_ID42151_TEXT1,n/a,n/a,n/a,n/a,-1,-1,n/a,-1,n/a,n/a,-1,-1,-1,-1
957,42151,character,Portrait_Squidward.png,n/a,n/a,Finally some peace and quiet!,!!QUEST_ID42151_TEXT2,n/a,n/a,n/a,n/a,-1,-1,n/a,-1,n/a,n/a,-1,-1,-1,-1
958,42151,character,spongebob_happy.png,n/a,n/a,Hi new neighbor! Welcome to Bikini Bottom the happiest place under the sea!,!!QUEST_ID42151_TEXT3,n/a,n/a,n/a,n/a,-1,-1,n/a,-1,n/a,n/a,-1,-1,-1,-1
959,42151,character,Squidward_Annoyed.png,n/a,n/a,Oh brother.,!!QUEST_ID42151_TEXT4,n/a,n/a,n/a,n/a,-1,-1,n/a,-1,n/a,n/a,-1,-1,-1,-1
960,2300,character,Portrait_Squilliam.png,n/a,n/a,Hello Bikini Bottom!,!!QUEST_ID2300_TEXT1,n/a,n/a,n/a,n/a,-1,-1,n/a,-1,n/a,n/a,-1,-1,-1,-1
961,2300,character,Squidward_Annoyed.png,n/a,n/a,Oh no… Squilliam Fancyson my old rival from high school band class...,!!QUEST_ID2300_TEXT2,n/a,n/a,n/a,n/a,-1,-1,n/a,-1,n/a,n/a,-1,-1,-1,-1
962,2300,character,Portrait_Squilliam.png,n/a,n/a,Yes Squidward...richer than ever and better than you in every way. Would you kindly direct me to the nearest Full of Health store?,!!QUEST_ID2300_TEXT3,n/a,n/a,n/a,n/a,-1,-1,n/a,-1,n/a,n/a,-1,-1,-1,-1
963,2300,character,Squidward_Annoyed.png,n/a,n/a,There isn't one. Why else do you think I eat at the Krusty Krab?,!!QUEST_ID2300_TEXT4,n/a,n/a,n/a,n/a,-1,-1,n/a,-1,n/a,n/a,-1,-1,-1,-1
964,2300,character,Portrait_Spongebob_SportyHappy.png,n/a,n/a,Because it has the most fantabulous food anywhere!,!!QUEST_ID2300_TEXT5,n/a,n/a,n/a,n/a,-1,-1,n/a,-1,n/a,n/a,-1,-1,-1,-1
965,2300,character,Portrait_Squilliam.png,n/a,n/a,I'm sure you think so but I have BIG plans and it all starts with a Full of Health store. If there isn't one here I must build one!,!!QUEST_ID2300_TEXT6,n/a,n/a,n/a,n/a,-1,-1,n/a,-1,n/a,n/a,-1,-1,-1,-1
966,2300,character,Portrait_Spongebob_SportyHappy.png,n/a,n/a,Great! Can I help?,!!QUEST_ID2300_TEXT7,n/a,n/a,n/a,n/a,-1,-1,n/a,-1,n/a,n/a,-1,-1,-1,-1
967,2300,character,Portrait_Squilliam.png,n/a,n/a,You certainly can SpongeBob. Let me know when you'vefinished.,!!QUEST_ID2300_TEXT8,n/a,n/a,n/a,n/a,-1,-1,n/a,-1,n/a,n/a,-1,-1,-1,-1
968,2300,quest_start,n/a,icon_FullOfHealth.png,n/a,n/a,n/a,!!QUEST_BUILD_FULLOFHEALTH,n/a,n/a,n/a,-1,-1,n/a,-1,n/a,n/a,-1,-1,-1,-1
969,2301,quest_complete,n/a,icon_FullOfHealth.png,n/a,n/a,n/a,!!QUEST_BUILD_FULLOFHEALTH,n/a,n/a,n/a,-1,-1,n/a,-1,n/a,n/a,-1,-1,-1,-1
970,2301,character,Portrait_Squilliam_Concerned.png,n/a,n/a,SpongeBob! No one is eating anything from the Full of Health store!,!!QUEST_ID2301_TEXT2,n/a,n/a,n/a,n/a,-1,-1,n/a,-1,n/a,n/a,-1,-1,-1,-1
971,2301,character,Portrait_Spongebob_SportyQuizzical.png,n/a,n/a,Well it only just opened a few seconds ago...,!!QUEST_ID2301_TEXT3,n/a,n/a,n/a,n/a,-1,-1,n/a,-1,n/a,n/a,-1,-1,-1,-1
972,2301,character,Portrait_Squilliam.png,n/a,n/a,If Bottomites need a reason to eat quality canned goods I'll give them one!,!!QUEST_ID2301_TEXT4,n/a,n/a,n/a,n/a,-1,-1,n/a,-1,n/a,n/a,-1,-1,-1,-1
973,2301,character,Portrait_Squilliam.png,n/a,n/a,Every time a Bottomite wants canned goods from the Full of Health store and then eats some they'll earn Gilded Doorknobs!,!!QUEST_ID2301_TEXT5,n/a,n/a,n/a,n/a,-1,-1,n/a,-1,n/a,n/a,-1,-1,-1,-1
974,2301,character,Portrait_Spongebob_SportyHappy.png,n/a,n/a,Doorknobs have a guild? Like an exclusive doorknob club? I bet they have a great secret handshake!,!!QUEST_ID2301_TEXT6,n/a,n/a,n/a,n/a,-1,-1,n/a,-1,n/a,n/a,-1,-1,-1,-1
975,2301,character,Portrait_Squilliam.png,n/a,n/a,No SpongeBob gilded means made out of gold...very fancy! The more Gilded Doorknobs everyone earns the more sports facilities I'll donate to Bikini Bottom!,!!QUEST_ID2301_TEXT7,n/a,n/a,n/a,n/a,-1,-1,n/a,-1,n/a,n/a,-1,-1,-1,-1
976,2301,character,Portrait_Squilliam.png,n/a,n/a,And finally if everyone earns enough Gilded Doorknobs I'll donate a whole Coliseum...and then I'll host the Bikini Bottom Games!,!!QUEST_ID2301_TEXT8,n/a,n/a,n/a,n/a,-1,-1,n/a,-1,n/a,n/a,-1,-1,-1,-1
977,2301,character,Portrait_Larry.png,n/a,n/a,Great plan Squilliam! This town needs more ways to stay fit!,!!QUEST_ID2301_TEXT9,n/a,n/a,n/a,n/a,-1,-1,n/a,-1,n/a,n/a,-1,-1,-1,-1
978,2301,character,Squidward_Annoyed.png,n/a,n/a,Oh puh-leaze! He just wants to get us to buy more stuff from his store!,!!QUEST_ID2301_TEXT10,n/a,n/a,n/a,n/a,-1,-1,n/a,-1,n/a,n/a,-1,-1,-1,-1
979,2301,character,Portrait_Spongebob_SportyHappy.png,n/a,n/a,So everybody wins!,!!QUEST_ID2301_TEXT11,n/a,n/a,n/a,n/a,-1,-1,n/a,-1,n/a,n/a,-1,-1,-1,-1
980,2301,character,Portrait_Squilliam.png,n/a,n/a,All right everyone… Make cans! Eat from cans! We CAN do it!,!!QUEST_ID2301_TEXT12,n/a,n/a,n/a,n/a,-1,-1,n/a,-1,n/a,n/a,-1,-1,-1,-1
981,2301,quest_start,n/a,SquillympicsMenuButton.png,n/a,n/a,n/a,!!QUEST_CHECK_EVENTUI,n/a,n/a,n/a,-1,-1,n/a,-1,n/a,n/a,-1,-1,-1,-1
982,2302,quest_complete,n/a,SquillympicsMenuButton.png,n/a,n/a,n/a,!!QUEST_CHECK_EVENTUI,n/a,n/a,n/a,-1,-1,n/a,-1,n/a,n/a,-1,-1,-1,-1
983,2303,character,Portrait_Squilliam.png,n/a,n/a,Congratulations everyone! I know you can't wait for the Coliseum so I spared no expense to build it as fast as possible! And look...it's already finished!,!!QUEST_ID2303_TEXT1,n/a,n/a,n/a,n/a,-1,-1,n/a,-1,n/a,n/a,-1,-1,-1,-1
984,2303,character,Portrait_Spongebob_SportyHappy.png,n/a,n/a,Wow right between Jellyfish Fields and Goo Lagoon...sweet location! It looks fantastic...and strangely familiar somehow...,!!QUEST_ID2303_TEXT2,n/a,n/a,n/a,n/a,-1,-1,n/a,-1,n/a,n/a,-1,-1,-1,-1
985,2303,character,Squidward_Annoyed.png,n/a,n/a,Big waste of prime real estate if you ask me!  What good is a Coliseum?,!!QUEST_ID2303_TEXT3,n/a,n/a,n/a,n/a,-1,-1,n/a,-1,n/a,n/a,-1,-1,-1,-1
986,2303,character,Portrait_Squilliam.png,n/a,n/a,It's the perfect place to hold...drum roll please...the...Bikini Bottom Games!,!!QUEST_ID2303_TEXT4,n/a,n/a,n/a,n/a,-1,-1,n/a,-1,n/a,n/a,-1,-1,-1,-1
987,2303,character,Portrait_Squilliam.png,n/a,n/a,Over the next five days I'll host four competitions a new one every day to determine the final winner!,!!QUEST_ID2303_TEXT5,n/a,n/a,n/a,n/a,-1,-1,n/a,-1,n/a,n/a,-1,-1,-1,-1
988,2303,character,Portrait_Larry.png,n/a,n/a,What kind of competitions? Tests of skill strength and endurance?,!!QUEST_ID2303_TEXT6,n/a,n/a,n/a,n/a,-1,-1,n/a,-1,n/a,n/a,-1,-1,-1,-1
989,2303,character,Portrait_Squilliam.png,n/a,n/a,Of course! In honor of my vast wealth the first event is...Jelly Juggling!,!!QUEST_ID2303_TEXT7,n/a,n/a,n/a,n/a,-1,-1,n/a,-1,n/a,n/a,-1,-1,-1,-1
990,2303,character,Portrait_Larry.png,n/a,n/a,Sounds challenging!,!!QUEST_ID2303_TEXT8,n/a,n/a,n/a,n/a,-1,-1,n/a,-1,n/a,n/a,-1,-1,-1,-1
991,2303,character,Squidward_Annoyed.png,n/a,n/a,Sounds stupid.,!!QUEST_ID2303_TEXT9,n/a,n/a,n/a,n/a,-1,-1,n/a,-1,n/a,n/a,-1,-1,-1,-1
992,2303,character,Portrait_Squilliam.png,n/a,n/a,To compete everybody needs to eat as much canned food from the Full of Health as possible.,!!QUEST_ID2303_TEXT10,n/a,n/a,n/a,n/a,-1,-1,n/a,-1,n/a,n/a,-1,-1,-1,-1
993,2303,character,Portrait_Squilliam.png,n/a,n/a,I'll keep track of all the Gilded Doorknobs earned by everyone everywhere and the four Bottomites who earn the most by tomorrow advance to the next round!,!!QUEST_ID2303_TEXT11,n/a,n/a,n/a,n/a,-1,-1,n/a,-1,n/a,n/a,-1,-1,-1,-1
994,2303,character,Squidward_Annoyed.png,n/a,n/a,What does eating canned food to earn Gilded Doorknobs got to do with Juggling Jelly?,!!QUEST_ID2303_TEXT12,n/a,n/a,n/a,n/a,-1,-1,n/a,-1,n/a,n/a,-1,-1,-1,-1
995,2303,character,Portrait_Squilliam.png,n/a,n/a,My games my rules! Let the Games begin!,!!QUEST_ID2303_TEXT13,n/a,n/a,n/a,n/a,-1,-1,n/a,-1,n/a,n/a,-1,-1,-1,-1
996,2304,character,Portrait_Squilliam.png,n/a,n/a,And the winner of the Bikini Bottom Games is! Congratulations (BOTTOMITE_NAME)!!!,!!QUEST_ID2304_TEXT1,n/a,n/a,n/a,n/a,-1,-1,n/a,-1,n/a,n/a,-1,-1,-1,-1
997,2304,character,Squidward_Annoyed.png,n/a,n/a,Whoop-dee-do! When are you going home? Don't you have a helicopter to catch or something?,!!QUEST_ID2304_TEXT2,n/a,n/a,n/a,n/a,-1,-1,n/a,-1,n/a,n/a,-1,-1,-1,-1
998,2304,character,Portrait_Squilliam.png,n/a,n/a,Yes my triple-decker yacht is doubled parked but I leave for you all one last parting gift… a statue commemorating these Bikini Bottom Games! Goodbye for now adoring fans!,!!QUEST_ID2304_TEXT3,n/a,n/a,n/a,n/a,-1,-1,n/a,-1,n/a,n/a,-1,-1,-1,-1
999,2305,character,Squidward_Annoyed.png,n/a,n/a,No SpongeBob don't say it! Torches don't have a guild or clubs or secret handshakes either...,!!QUEST_ID2305_TEXT1,n/a,n/a,n/a,n/a,-1,-1,n/a,-1,n/a,n/a,-1,-1,-1,-1
1000,2305,character,Portrait_Squidward.png,n/a,n/a,But at least we have a Full of Health store now! Nothing beats Canned Bread! It's the Best Thing Since Sliced!,!!QUEST_ID2305_TEXT2,n/a,n/a,n/a,n/a,-1,-1,n/a,-1,n/a,n/a,-1,-1,-1,-1
1001,2305,character,Portrait_Spongebob_SportySick.png,n/a,n/a,Ugh… I never want to see a can of anything ever again!,!!QUEST_ID2305_TEXT3,n/a,n/a,n/a,n/a,-1,-1,n/a,-1,n/a,n/a,-1,-1,-1,-1
1002,2305,character,mrkrabsportrait_stern.png,n/a,n/a,You said it SpongeBob. Come on let's go have a Krabby Patty...with extra grease.,!!QUEST_ID2305_TEXT4,n/a,n/a,n/a,n/a,-1,-1,n/a,-1,n/a,n/a,-1,-1,-1,-1
1003,2305,character,Portrait_Spongebob_SportyHappy.png,n/a,n/a,YUM! Let's go!,!!QUEST_ID2305_TEXT5,n/a,n/a,n/a,n/a,-1,-1,n/a,-1,n/a,n/a,-1,-1,-1,-1
1004,2306,character,Portrait_Squilliam.png,n/a,n/a,Bikini Bottom Games are over! Sorry you missed out and better luck next time! Goodbye for now!,!!QUEST_ID2306_TEXT1,n/a,n/a,n/a,n/a,-1,-1,n/a,-1,n/a,n/a,-1,-1,-1,-1
1005,2401,character,Patchy_Excited_Origin.png,n/a,n/a,AAAAAH!||What are you doing here?!,!!QUEST_ID2401_TEXT1,n/a,n/a,n/a,n/a,-1,-1,n/a,-1,n/a,n/a,-1,-1,-1,-1
1006,2401,character,Potty_Excited_Origin.png,n/a,n/a,SQUAWK!||You bragged so much about your Bikini Bottom they invited everyone to come see it!,!!QUEST_ID2401_TEXT2,n/a,n/a,n/a,n/a,-1,-1,n/a,-1,n/a,n/a,-1,-1,-1,-1
1007,2401,character,Patchy_Excited_Origin.png,n/a,n/a,Tis true Potty!||Ye should expect no less from the president of the SpongeBob SquarePants Fan Club!,!!QUEST_ID2401_TEXT3,n/a,n/a,n/a,n/a,-1,-1,n/a,-1,n/a,n/a,-1,-1,-1,-1
1008,2401,character,Potty_Excited_Origin.png,n/a,n/a,They can do better! SQUAWK!,!!QUEST_ID2401_TEXT4,n/a,n/a,n/a,n/a,-1,-1,n/a,-1,n/a,n/a,-1,-1,-1,-1
1009,2401,character,Patchy_Excited_Origin.png,n/a,n/a,I think yer right Potty.||If they have the right stuff and keep at it they can do much better than old Patchy the Pirate!,!!QUEST_ID2401_TEXT5,n/a,n/a,n/a,n/a,-1,-1,n/a,-1,n/a,n/a,-1,-1,-1,-1
1010,2401,character,Potty_Bored_Origin.png,n/a,n/a,ANYONE could do better!,!!QUEST_ID2401_TEXT6,n/a,n/a,n/a,n/a,-1,-1,n/a,-1,n/a,n/a,-1,-1,-1,-1
1011,2401,character,Patchy_Excited_Origin.png,n/a,n/a,When yer done tap the Home button.||Remember come back and look for more buried treasure later!,!!QUEST_ID2401_TEXT9,n/a,n/a,n/a,n/a,-1,-1,n/a,-1,n/a,n/a,-1,-1,-1,-1
1012,2402,quest_complete,n/a,GoldenSpatula.png,n/a,n/a,n/a,PLACEHOLDER,n/a,n/a,n/a,-1,-1,n/a,-1,n/a,n/a,-1,-1,-1,-1
1013,2402,character,Patchy_Excited_Origin.png,n/a,n/a,You can come back and visit old Patchy any time... ...and dig up more treasure!,!!QUEST_ID2402_TEXT1,n/a,n/a,n/a,n/a,-1,-1,n/a,-1,n/a,n/a,-1,-1,-1,-1
1014,2410,character,spongebob_determined.png,n/a,n/a,Phew it sure is hot with all these burners going!||And by hot I mean boiling!,!!QUEST_ID2410_TEXT1,n/a,n/a,n/a,n/a,-1,-1,n/a,-1,n/a,n/a,-1,-1,-1,-1
1015,2410,character,spongebob_quizzical.png,n/a,n/a,What outfit can I change into that would be cooler?,!!QUEST_ID2410_TEXT2,n/a,n/a,n/a,n/a,-1,-1,n/a,-1,n/a,n/a,-1,-1,-1,-1
1016,2410,quest_start,n/a,SpongeBob_TightyWhiteys_Portrait.png,n/a,Tap SpongeBob and Change Clothes to Briefs!,n/a,!!QUEST_CHANGE_TO_BRIEFS,n/a,n/a,n/a,-1,-1,n/a,-1,n/a,n/a,-1,-1,-1,-1
1017,2411,quest_complete,n/a,SpongeBob_TightyWhiteys_Portrait.png,n/a,Tap SpongeBob and Change Clothes to Briefs!,n/a,!!QUEST_CHANGE_TO_BRIEFS,n/a,n/a,n/a,-1,-1,n/a,-1,n/a,n/a,-1,-1,-1,-1
1018,2412,character,Portrait_Spongebob_Happy_TightyWhiteys.png,n/a,n/a,Much cooler!||And by cool I mean yeah dude I look cool...,!!QUEST_ID2412_TEXT1,n/a,n/a,n/a,n/a,-1,-1,n/a,-1,n/a,n/a,-1,-1,-1,-1
1019,2412,character,mrkrabsportrait_stern.png,n/a,n/a,SpongeBob -- where did your square pants go??||Just what in Davey Jones' Locker are you doing?!,!!QUEST_ID2412_TEXT2,n/a,n/a,n/a,n/a,-1,-1,n/a,-1,n/a,n/a,-1,-1,-1,-1
1020,2412,character,Portrait_Spongebob_Happy_TightyWhiteys.png,n/a,n/a,I'm doing the only thing you can do when you look this cool…||I'm struttin'...,!!QUEST_ID2412_TEXT3,n/a,n/a,n/a,n/a,-1,-1,n/a,-1,n/a,n/a,-1,-1,-1,-1
1021,2412,quest_start,n/a,SpongeBob_TightyWhiteys_Portrait.png,n/a,Tap SpongeBob and then tap DO for STRUT BRIEFLY,n/a,!!QUEST_STRUT_BRIEFLY,n/a,n/a,n/a,-1,-1,n/a,-1,n/a,n/a,-1,-1,-1,-1
1022,2413,quest_complete,n/a,SpongeBob_TightyWhiteys_Portrait.png,n/a,Tap SpongeBob and then tap DO for STRUT BRIEFLY,n/a,!!QUEST_STRUT_BRIEFLY,n/a,n/a,n/a,-1,-1,n/a,-1,n/a,n/a,-1,-1,-1,-1
1023,2413,character,Portrait_Spongebob_Happy_TightyWhiteys.png,n/a,n/a,It's cool that I can DO different things depending on what I'm wearing!,!!QUEST_ID2412_TEXT4,n/a,n/a,n/a,n/a,-1,-1,n/a,-1,n/a,n/a,-1,-1,-1,-1
1024,2414,character,mrkrabsportrait_moneygrubbing.png,n/a,n/a,SpongeBob I see a shipload of anchovies coming...and they smell like...money!||You need you to work late tonite.,!!QUEST_ID2414_TEXT1,n/a,n/a,n/a,n/a,-1,-1,n/a,-1,n/a,n/a,-1,-1,-1,-1
1025,2414,character,spongebob_happy.png,n/a,n/a,Yes boss I love my job!,!!QUEST_ID2414_TEXT2,n/a,n/a,n/a,n/a,-1,-1,n/a,-1,n/a,n/a,-1,-1,-1,-1
1026,2414,character,Squidward_Annoyed.png,n/a,n/a,You said you’d help me re-hang all 483 of my self portraits tonight!||You still are right?,!!QUEST_ID2414_TEXT3,n/a,n/a,n/a,n/a,-1,-1,n/a,-1,n/a,n/a,-1,-1,-1,-1
1027,2414,character,spongebob_happy.png,n/a,n/a,Yes Squidward anything for a friend!,!!QUEST_ID2414_TEXT4,n/a,n/a,n/a,n/a,-1,-1,n/a,-1,n/a,n/a,-1,-1,-1,-1
1028,2414,character,mrkrabsportrait_stern.png,n/a,n/a,You can’t say yes to everyone all the time.||You have to say no… to Squidward… right now!,!!QUEST_ID2414_TEXT5,n/a,n/a,n/a,n/a,-1,-1,n/a,-1,n/a,n/a,-1,-1,-1,-1
1029,2414,character,Portrait_Spongebob_Sad.png,n/a,n/a,I…||I... can't!||I guess I'm just a Yes Sponge.,!!QUEST_ID2414_TEXT6,n/a,n/a,n/a,n/a,-1,-1,n/a,-1,n/a,n/a,-1,-1,-1,-1
1030,2414,character,spongebob_happy.png,n/a,n/a,But I don't have to be!||I can become...Abrasive!,!!QUEST_ID2414_TEXT7,n/a,n/a,n/a,n/a,-1,-1,n/a,-1,n/a,n/a,-1,-1,-1,-1
1031,2414,quest_start,n/a,SpongeBob_AbrasiveSide_Portrait.png,n/a,Buy Abrasive Clothes from the Store,n/a,!!QUEST_BUY_ABRASIVE,n/a,n/a,n/a,-1,-1,n/a,-1,n/a,n/a,-1,-1,-1,-1
1032,2415,quest_complete,n/a,SpongeBob_AbrasiveSide_Portrait.png,n/a,Buy Abrasive Clothes from the Store,n/a,!!QUEST_BUY_ABRASIVE,n/a,n/a,n/a,-1,-1,n/a,-1,n/a,n/a,-1,-1,-1,-1
1033,2415,character,Portrait_Spongebob_AbrasiveSide.png,n/a,n/a,Yay!||This is my ticket to NO-ville.||Wait till everyone sees my Abrasive Side!,!!QUEST_ID2414_TEXT8,n/a,n/a,n/a,n/a,-1,-1,n/a,-1,n/a,n/a,-1,-1,-1,-1
1034,2500,character,Portrait_LordPoltergeist_Menacing.png,n/a,n/a,Hello Bikini Bottom!||I have come to terrify the populace and enslave your souls!,!!QUEST_ID2500_TEXT1,n/a,n/a,n/a,n/a,-1,-1,n/a,-1,n/a,n/a,-1,-1,-1,-1
1035,2500,character,Portrait_Spongebob_Scared.png,n/a,n/a,AAAAAAAAHHHHHHHH!,!!QUEST_ID2500_TEXT2,n/a,n/a,n/a,n/a,-1,-1,n/a,-1,n/a,n/a,-1,-1,-1,-1
1036,2500,character,Portrait_LordPoltergeist_normal.png,n/a,n/a,Just kidding.||Me ship broke down and me crew be checkin' 'er out.||Ye got any snacks for them while they work? They be partial to driftwood...,!!QUEST_ID2500_TEXT3,n/a,n/a,n/a,n/a,-1,-1,n/a,-1,n/a,n/a,-1,-1,-1,-1
1037,2500,character,Portrait_Spongebob_Scared.png,n/a,n/a,AAAAAAAAHHHHHHHH!,!!QUEST_ID2500_TEXT4,n/a,n/a,n/a,n/a,-1,-1,n/a,-1,n/a,n/a,-1,-1,-1,-1
1038,2500,character,Portrait_LordPoltergeist_Menacing.png,n/a,n/a,And when I say they be partial to driftwood I mean THEY HATE DRIFTWOOD!||But better food's too good for em!||So bring 'em some driftwood!,!!QUEST_ID2500_TEXT5,n/a,n/a,n/a,n/a,-1,-1,n/a,-1,n/a,n/a,-1,-1,-1,-1
1039,2500,character,Portrait_Spongebob_Scared.png,n/a,n/a,Um can I run screaming in horror from your ship now Mr. Ghost Captain sir?,!!QUEST_ID2500_TEXT6,n/a,n/a,n/a,n/a,-1,-1,n/a,-1,n/a,n/a,-1,-1,-1,-1
1040,2500,character,Portrait_LordPoltergeist_normal.png,n/a,n/a,Oh why certainly.||But to ensure yer cooperation in running a few errands I really did take your soul.,!!QUEST_ID2500_TEXT7,n/a,n/a,n/a,n/a,-1,-1,n/a,-1,n/a,n/a,-1,-1,-1,-1
1041,2500,character,Portrait_Spongebob_Scared.png,n/a,n/a,My...my soul!||But you'll give it right back after I do some stuff for you?,!!QUEST_ID2500_TEXT8,n/a,n/a,n/a,n/a,-1,-1,n/a,-1,n/a,n/a,-1,-1,-1,-1
1042,2500,character,Portrait_LordPoltergeist_normal.png,n/a,n/a,Well...eventually...probably...maybe…||If ye do well first I'll give ye some fine furniture.,!!QUEST_ID2500_TEXT9,n/a,n/a,n/a,n/a,-1,-1,n/a,-1,n/a,n/a,-1,-1,-1,-1
1043,2500,quest_line_start,n/a,n/a,Portrait_Spongebob_Scared.png,Driftwood is Just the Beginning,n/a,n/a,!!EPISODE_TITLE_DRIFTWOOD_BEGINNING,!!EPISODE_BODY_DRIFTWOOD_BEGINNING,n/a,25,-1,n/a,-1,resources,buildings,55,20601,15,1
1044,2500,quest_start,n/a,Driftwood.png,n/a,Collect Driftwood for Lord Poltergeist's Ghastly Crew!,n/a,!!QUEST_COLLECT_DRIFTWOOD,n/a,n/a,n/a,-1,-1,n/a,-1,n/a,n/a,-1,-1,-1,-1
1045,2501,quest_complete,n/a,Driftwood.png,n/a,Collect Driftwood for Lord Poltergeist's Ghastly Crew!,n/a,!!QUEST_COLLECT_DRIFTWOOD,n/a,n/a,n/a,-1,-1,n/a,-1,n/a,n/a,-1,-1,-1,-1
1046,2502,character,Portrait_Spongebob_Scared.png,n/a,n/a,Here...here's your driftwood snack er...for your spooky sailors Mr. Ghost Captain sir.,!!QUEST_ID2502_TEXT1,n/a,n/a,n/a,n/a,-1,-1,n/a,-1,n/a,n/a,-1,-1,-1,-1
1047,2502,character,Portrait_LordPoltergeist_Menacing.png,n/a,n/a,Me name is Lord Poltergeist!||And ye call that driftwood?!||I can't feed me whole ghastly crew with that bit o' twig!,!!QUEST_ID2502_TEXT2,n/a,n/a,n/a,n/a,-1,-1,n/a,-1,n/a,n/a,-1,-1,-1,-1
1048,2502,character,Portrait_Spongebob_Scared.png,n/a,n/a,I can go find some more--,!!QUEST_ID2502_TEXT3,n/a,n/a,n/a,n/a,-1,-1,n/a,-1,n/a,n/a,-1,-1,-1,-1
1049,2502,character,Portrait_LordPoltergeist_normal.png,n/a,n/a,Laddie yer never going to find enough just lying about on the ground.||Have ye got a Barg'N-Mart around here to buy it in bulk?,!!QUEST_ID2502_TEXT4,n/a,n/a,n/a,n/a,-1,-1,n/a,-1,n/a,n/a,-1,-1,-1,-1
1050,2502,quest_start,n/a,BargNMart_Portrait.png,n/a,Build the Barg' N-Mart for all your shopping needs.,n/a,!!QUEST_PLACE_BARGNMART,n/a,n/a,n/a,-1,-1,n/a,-1,n/a,n/a,-1,-1,-1,-1
1051,2503,quest_complete,n/a,BargNMart_Portrait.png,n/a,Build the Barg' N-Mart for all your shopping needs.,n/a,!!QUEST_PLACE_BARGNMART,n/a,n/a,n/a,-1,-1,n/a,-1,n/a,n/a,-1,-1,-1,-1
1052,2504,character,Portrait_Spongebob_Scared.png,n/a,n/a,We have a Barg'N-Mart for all your shopping needs scary Lord Poultry-geist.||How much driftwood do you want?,!!QUEST_ID2504_TEXT1,n/a,n/a,n/a,n/a,-1,-1,n/a,-1,n/a,n/a,-1,-1,-1,-1
1053,2504,character,Portrait_LordPoltergeist_normal.png,n/a,n/a,We got bigger problems square one.||We busted a head gasket and they must order a new one by snail mail... delivered by an actual snail if ye can believe it. It'll take weeks!,!!QUEST_ID2504_TEXT2,n/a,n/a,n/a,n/a,-1,-1,n/a,-1,n/a,n/a,-1,-1,-1,-1
1054,2504,character,Portrait_Spongebob_Scared.png,n/a,n/a,I guess you'll need a lot of driftwood then--,!!QUEST_ID2504_TEXT3,n/a,n/a,n/a,n/a,-1,-1,n/a,-1,n/a,n/a,-1,-1,-1,-1
1055,2504,character,Portrait_LordPoltergeist_Menacing.png,n/a,n/a,Stop with the driftwood already!||Me spectral swabbies aren't solid enough to fix me ship -- I must perform a seance to bring them all the way into the land of the living!,!!QUEST_ID2504_TEXT4,n/a,n/a,n/a,n/a,-1,-1,n/a,-1,n/a,n/a,-1,-1,-1,-1
1056,2504,character,Portrait_Spongebob_Scared.png,n/a,n/a,Okay well good luck with that Lord Putter-guise...,!!QUEST_ID2504_TEXT5,n/a,n/a,n/a,n/a,-1,-1,n/a,-1,n/a,n/a,-1,-1,-1,-1
1057,2504,character,Portrait_LordPoltergeist_Menacing.png,n/a,n/a,And when I say I must perform a seance I mean YOU must!||Go get the ingredients for me!,!!QUEST_ID2504_TEXT6,n/a,n/a,n/a,n/a,-1,-1,n/a,-1,n/a,n/a,-1,-1,-1,-1
1058,2504,quest_start,n/a,BargNMart_Portrait.png,n/a,Gather the necessary items for the Séance.,n/a,!!QUEST_SEANCE_SUPPLIES,n/a,n/a,n/a,-1,-1,n/a,-1,n/a,n/a,-1,-1,-1,-1
1059,2505,quest_complete,n/a,BargNMart_Portrait.png,n/a,Gather the necessary items for the Séance.,n/a,!!QUEST_SEANCE_SUPPLIES,n/a,n/a,n/a,-1,-1,n/a,-1,n/a,n/a,-1,-1,-1,-1
1060,2506,character,spongebob_quizzical.png,n/a,n/a,I got everything you asked for but…||...there's something familiar about all these ingredients...,!!QUEST_ID2506_TEXT1,n/a,n/a,n/a,n/a,-1,-1,n/a,-1,n/a,n/a,-1,-1,-1,-1
1061,2506,character,Portrait_LordPoltergeist_normal.png,n/a,n/a,Good lad we be ready to begin the séance.||Mix those ingredients together to usher over my underlings.,!!QUEST_ID2506_TEXT2,n/a,n/a,n/a,n/a,-1,-1,n/a,-1,n/a,n/a,-1,-1,-1,-1
1062,2506,character,spongebob_quizzical.png,n/a,n/a,I think this will just make mustard…||Who would've thought this simple condiment could be such a strong metaphysical conductor!,!!QUEST_ID2506_TEXT3,n/a,n/a,n/a,n/a,-1,-1,n/a,-1,n/a,n/a,-1,-1,-1,-1
1063,2506,quest_start,n/a,Mustard.png,n/a,Make Mustard at the Krusty Krab.,n/a,!QUEST_MAKE_MUSTARD,n/a,n/a,n/a,-1,-1,n/a,-1,n/a,n/a,-1,-1,-1,-1
1064,2507,quest_complete,n/a,Mustard.png,n/a,Make Mustard at the Krusty Krab.,n/a,!QUEST_MAKE_MUSTARD,n/a,n/a,n/a,-1,-1,n/a,-1,n/a,n/a,-1,-1,-1,-1
1065,2507,quest_line_complete,n/a,n/a,Portrait_Spongebob_Scared.png,Driftwood is Just the Beginning,n/a,n/a,!!QUESTLINE_COMPLETE_HEADING,!!QUESTLINE_COMPLETE_BODY,n/a,25,-1,n/a,-1,resources,buildings,55,20601,15,1
1066,2508,character,spongebob_happy.png,n/a,n/a,Okay Lord Polter-Guy I got your mustard!||Let's raise some dead!,!!QUEST_ID2508_TEXT1,n/a,n/a,n/a,n/a,-1,-1,n/a,-1,n/a,n/a,-1,-1,-1,-1
1067,2508,character,Portrait_LordPoltergeist_normal.png,n/a,n/a,It's not MUSTARD it's…||Anyway where'd ye put the special Magic Table I just gave ye?||I don't think yer taking this seriously.,!!QUEST_ID2508_TEXT2,n/a,n/a,n/a,n/a,-1,-1,n/a,-1,n/a,n/a,-1,-1,-1,-1
1068,2508,character,spongebob_quizzical.png,n/a,n/a,I got the special Seance Table…||It's in my suitcase.,!!QUEST_ID2508_TEXT3,n/a,n/a,n/a,n/a,-1,-1,n/a,-1,n/a,n/a,-1,-1,-1,-1
1069,2508,character,Portrait_LordPoltergeist_normal.png,n/a,n/a,Well get it out of there and set it up!||I'm not getting any younger here!||Not getting older either but ye know...,!!QUEST_ID2508_TEXT4,n/a,n/a,n/a,n/a,-1,-1,n/a,-1,n/a,n/a,-1,-1,-1,-1
1070,2508,quest_start,n/a,FortuneTellerTable.png,n/a,Take the Magic Table from Inventory and Place it,n/a,!!QUEST_PLACE_MAGIC_TABLE,n/a,n/a,n/a,-1,-1,n/a,-1,n/a,n/a,-1,-1,-1,-1
1071,2509,quest_complete,n/a,FortuneTellerTable.png,n/a,Take the Magic Table from Inventory and Place it,n/a,!!QUEST_PLACE_MAGIC_TABLE,n/a,n/a,n/a,-1,-1,n/a,-1,n/a,n/a,-1,-1,-1,-1
1072,2510,character,Portrait_LordPoltergeist_normal.png,n/a,n/a,Good lad.||Now I've got a special job for you to do...,!!QUEST_ID2510_TEXT1,n/a,n/a,n/a,n/a,-1,-1,n/a,-1,n/a,n/a,-1,-1,-1,-1
1073,2510,character,Portrait_LordPoltergeist_Menacing.png,n/a,n/a,Perform the Seance to Solidify my Sailors!,!!QUEST_ID2510_TEXT2,n/a,n/a,n/a,n/a,-1,-1,n/a,-1,n/a,n/a,-1,-1,-1,-1
1074,2510,quest_start,n/a,SpongebobPortrait.png,n/a,Start the Seance to Solidify the Sailors,n/a,!!QUEST_SOLIDIFY_SAILORS,n/a,n/a,n/a,-1,-1,n/a,-1,n/a,n/a,-1,-1,-1,-1
1075,2511,quest_complete,n/a,SpongebobPortrait.png,n/a,Start the Seance to Solidify the Sailors,n/a,!!QUEST_SOLIDIFY_SAILORS,n/a,n/a,n/a,-1,-1,n/a,-1,n/a,n/a,-1,-1,-1,-1
1076,2512,character,Portrait_LordPoltergeist_normal.png,n/a,n/a,Aye that's the ticket!||Me corporeal crew are all still a bit wispy about the edges but it'll do.,!!QUEST_ID2512_TEXT1,n/a,n/a,n/a,n/a,-1,-1,n/a,-1,n/a,n/a,-1,-1,-1,-1
1077,2512,character,Portrait_LordPoltergeist_normal.png,n/a,n/a,Fixing me ship will be hard work and they're going to work up a mighty appetite--,!!QUEST_ID2512_TEXT2,n/a,n/a,n/a,n/a,-1,-1,n/a,-1,n/a,n/a,-1,-1,-1,-1
1078,2512,character,spongebob_happy.png,n/a,n/a,Driftwood!||I'll go get some!,!!QUEST_ID2512_TEXT3,n/a,n/a,n/a,n/a,-1,-1,n/a,-1,n/a,n/a,-1,-1,-1,-1
1079,2512,character,Portrait_LordPoltergeist_normal.png,n/a,n/a,Driftwood alone isn't enough now that they've boarded the physical plane.||Whatever happened to old Rusty's Rib Eye? That delicious diner used to be round here somewhere...,!!QUEST_ID2512_TEXT4,n/a,n/a,n/a,n/a,-1,-1,n/a,-1,n/a,n/a,-1,-1,-1,-1
1080,2512,character,Portrait_LordPoltergeist_normal.png,n/a,n/a,If it's not you can bring it back from the great beyond because you've touched the supernatural...and Rusty will hear your call…||So call.,!!QUEST_ID2512_TEXT5,n/a,n/a,n/a,n/a,-1,-1,n/a,-1,n/a,n/a,-1,-1,-1,-1
1081,2512,quest_line_start,n/a,n/a,Portrait_EvilCasperGhost_Angry.png,Pesky Poltergeists,n/a,n/a,!!EPISODE_TITLE_PESKY_2014,!!EPISODE_BODY_PESKY_2014,n/a,25,-1,n/a,-1,resources,buildings,55,9041,15,1
1082,2512,character,spongebob_happy.png,n/a,n/a,Aye aye Mr. Ghost Captain!,!!QUEST_ID2512_TEXT6,n/a,n/a,n/a,n/a,-1,-1,n/a,-1,n/a,n/a,-1,-1,-1,-1
1083,2512,quest_start,n/a,RustysRibEye_Portrait.png,n/a,Buy and Place Rusty's Rib Eye.,n/a,!!QUEST_PLACE_RUSTYS,n/a,n/a,n/a,-1,-1,n/a,-1,n/a,n/a,-1,-1,-1,-1
1084,2513,quest_complete,n/a,RustysRibEye_Portrait.png,n/a,Buy and Place Rusty's Rib Eye.,n/a,!!QUEST_PLACE_RUSTYS,n/a,n/a,n/a,-1,-1,n/a,-1,n/a,n/a,-1,-1,-1,-1
1085,2514,character,Portrait_LordPoltergeist_normal.png,n/a,n/a,It feels like I haven't eaten for...well...forever!||Now tell Rusty to rustle up some ghostly grub for us... ghosts.,!!QUEST_ID2514_TEXT1,n/a,n/a,n/a,n/a,-1,-1,n/a,-1,n/a,n/a,-1,-1,-1,-1
1086,2514,character,spongebob_happy.png,n/a,n/a,You must be Rusty Ricket's ghost.||Lord Polter-Geezer wants you to make some of your moldy oldies for him and his crew...got everything you need?,!!QUEST_ID2514_TEXT2,n/a,n/a,n/a,n/a,-1,-1,n/a,-1,n/a,n/a,-1,-1,-1,-1
1087,2514,character,Portrait_RustyRickets.png,n/a,n/a,Flip flip flip!||Fa la la!,!!QUEST_ID2514_TEXT3,n/a,n/a,n/a,n/a,-1,-1,n/a,-1,n/a,n/a,-1,-1,-1,-1
1088,2514,character,spongebob_quizzical.png,n/a,n/a,Well that was just… gibberish.||Maybe I can read the old labels on these empty jars...,!!QUEST_ID2514_TEXT4,n/a,n/a,n/a,n/a,-1,-1,n/a,-1,n/a,n/a,-1,-1,-1,-1
1089,2514,character,spongebob_quizzical.png,n/a,n/a,Shellac? Spackle? Ew…||That stuff's for sale at the Barg'N-Mart...maybe if I make Lord Greene a sandwich he'll give my soul back.,!!QUEST_ID2514_TEXT5,n/a,n/a,n/a,n/a,-1,-1,n/a,-1,n/a,n/a,-1,-1,-1,-1
1090,2514,character,Portrait_LordPoltergeist_Menacing.png,n/a,n/a,Don't count on it!,!!QUEST_ID2514_TEXT6,n/a,n/a,n/a,n/a,-1,-1,n/a,-1,n/a,n/a,-1,-1,-1,-1
1091,2514,quest_start,n/a,RustysRibEye_Portrait.png,n/a,Feed Lord Poltergeist,n/a,!!QUEST_FEED_POLTERGEIST,n/a,n/a,n/a,-1,-1,n/a,-1,n/a,n/a,-1,-1,-1,-1
1092,2515,quest_complete,n/a,RustysRibEye_Portrait.png,n/a,Feed Lord Poltergeist,n/a,!!QUEST_FEED_POLTERGEIST,n/a,n/a,n/a,-1,-1,n/a,-1,n/a,n/a,-1,-1,-1,-1
1093,2515,character,spongebob_quizzical.png,n/a,n/a,What's this?||You threw me a bone??,!!QUEST_ID2516_TEXT1,n/a,n/a,n/a,n/a,-1,-1,n/a,-1,n/a,n/a,-1,-1,-1,-1
1094,2515,character,spongebob_quizzical.png,n/a,n/a,The first couple times it happened I just thought you ghosts were I dunno falling apart or something…||I didn't want to say anything...it didn't seem polite...,!!QUEST_ID2516_TEXT2,n/a,n/a,n/a,n/a,-1,-1,n/a,-1,n/a,n/a,-1,-1,-1,-1
1095,2515,character,Portrait_LordPoltergeist_happy.png,n/a,n/a,That's your tip Lad!||For giving me what I wanted and the best dang sandwich ole Rusty every made even when he was still breathin'!,!!QUEST_ID2516_TEXT3,n/a,n/a,n/a,n/a,-1,-1,n/a,-1,n/a,n/a,-1,-1,-1,-1
1096,2515,character,Portrait_SpongeBob.png,n/a,n/a,Thank you I guess…||So can I have my soul back now Mr Ghost Captain Sir?,!!QUEST_ID2516_TEXT4,n/a,n/a,n/a,n/a,-1,-1,n/a,-1,n/a,n/a,-1,-1,-1,-1
1097,2515,character,Portrait_LordPoltergeist_Menacing.png,n/a,n/a,Not as long as me ship is grounded and we need taking care of!||And if any of me crew gives you their favorite recipes make sure to make em!,!!QUEST_ID2516_TEXT5,n/a,n/a,n/a,n/a,-1,-1,n/a,-1,n/a,n/a,-1,-1,-1,-1
1098,2516,character,Portrait_SpongeBob.png,n/a,n/a,And they'll keep throwing me more bones I guess.,!!QUEST_ID2516_TEXT6,n/a,n/a,n/a,n/a,-1,-1,n/a,-1,n/a,n/a,-1,-1,-1,-1
1099,2516,character,Portrait_LordPoltergeist_normal.png,n/a,n/a,If yer nice and polite and provide good service.||You can use bones to buy stuff from me quartermaster.||Take yer bones to the store and buy to ye heart's content.,!!QUEST_ID2516_TEXT7,n/a,n/a,n/a,n/a,-1,-1,n/a,-1,n/a,n/a,-1,-1,-1,-1
1100,2516,character,Portrait_EvilCasperGhost_Angry.png,n/a,n/a,This place isn't looking scary enough.||Hey 'Big Face! Make this town scary or we'll keep yer soul forever and make ye join our ghastly crew!,!!QUEST_ID2516_TEXT8,n/a,n/a,n/a,n/a,-1,-1,n/a,-1,n/a,n/a,-1,-1,-1,-1
1101,2516,character,spongebob_happy.png,n/a,n/a,Right away your ghoulishness!,!!QUEST_ID2516_TEXT9,n/a,n/a,n/a,n/a,-1,-1,n/a,-1,n/a,n/a,-1,-1,-1,-1
1102,2516,quest_start,n/a,PumpkinPatch_Portrait.png,n/a,Buy a Pumpkin Patch using ectoplasm and then place it in your town.,n/a,!!QUEST_BUY_PUMPKIN_PATCH,n/a,n/a,n/a,-1,-1,n/a,-1,n/a,n/a,-1,-1,-1,-1
1103,2517,quest_complete,n/a,PumpkinPatch_Portrait.png,n/a,Buy a Pumpkin Patch using ectoplasm and then place it in your town.,n/a,!!QUEST_BUY_PUMPKIN_PATCH,n/a,n/a,n/a,-1,-1,n/a,-1,n/a,n/a,-1,-1,-1,-1
1104,2518,character,Portrait_EvilCasperGhost_Angry.png,n/a,n/a,You call that scary?||That couldn’t even scare you and I bet everything scares you.||You've got to do better than that Big Face!,!!QUEST_ID2518_TEXT1,n/a,n/a,n/a,n/a,-1,-1,n/a,-1,n/a,n/a,-1,-1,-1,-1
1105,2518,character,spongebob_determined.png,n/a,n/a,Boy these ghosts are serious about their scary.||Well I can be scary too!||That's why they call me SpongeBob ScarePants!,!!QUEST_ID2518_TEXT2,n/a,n/a,n/a,n/a,-1,-1,n/a,-1,n/a,n/a,-1,-1,-1,-1
1106,2518,character,mrkrabsportrait_moneygrubbing.png,n/a,n/a,No we don't.||You know darn well what we call you SpongeBob Scaredypants!,!!QUEST_ID2518_TEXT3,n/a,n/a,n/a,n/a,-1,-1,n/a,-1,n/a,n/a,-1,-1,-1,-1
1107,2518,character,Portrait_EvilCasperGhost_Angry.png,n/a,n/a,Now make me a bed with cobwebs for a pillow.,!!QUEST_ID2518_TEXT4,n/a,n/a,n/a,n/a,-1,-1,n/a,-1,n/a,n/a,-1,-1,-1,-1
1108,2518,quest_start,n/a,ScaryTree1_Portrait.png,n/a,Buy and Place a Coffin,n/a,!QUEST_BUY_COFFIN,n/a,n/a,n/a,-1,-1,n/a,-1,n/a,n/a,-1,-1,-1,-1
1109,2519,quest_complete,n/a,ScaryTree1_Portrait.png,n/a,Buy and Place a Coffin,n/a,!QUEST_BUY_COFFIN,n/a,n/a,n/a,-1,-1,n/a,-1,n/a,n/a,-1,-1,-1,-1
1110,2519,quest_line_complete,n/a,n/a,Portrait_EvilCasperGhost_Angry.png,Pesky Poltergeists,n/a,n/a,!!QUESTLINE_COMPLETE_HEADING,!!QUESTLINE_COMPLETE_BODY,n/a,25,-1,n/a,-1,resources,buildings,55,9041,15,1
1111,2416,character,Portrait_LordPoltergeist_normal.png,n/a,n/a,Not bad but this would barely get a gasp out of the living.||Keep decorating!||Those bones aren't going to spend themselves!,!!QUEST_ID2416_TEXT1,n/a,n/a,n/a,n/a,-1,-1,n/a,-1,n/a,n/a,-1,-1,-1,-1
1112,2416,character,spongebob_quizzical.png,n/a,n/a,I'm not sure about this…||Collecting bones?!||Spending them on scary stuff?!||Making Bikini Bottom Scarier?!,!!QUEST_ID2416_TEXT2,n/a,n/a,n/a,n/a,-1,-1,n/a,-1,n/a,n/a,-1,-1,-1,-1
1113,2416,character,Portrait_MermaidMan.png,n/a,n/a,SpongeBob! There's EVVVIILLL a foot!,!!QUEST_ID2416_TEXT3,n/a,n/a,n/a,n/a,-1,-1,n/a,-1,n/a,n/a,-1,-1,-1,-1
1114,2416,character,spongebob_happy.png,n/a,n/a,Whoa it's Mermaid Man!||Did you come out of retirement to save me from all these ghosts?,!!QUEST_ID2416_TEXT4,n/a,n/a,n/a,n/a,-1,-1,n/a,-1,n/a,n/a,-1,-1,-1,-1
1115,2416,character,Portrait_MermaidMan.png,n/a,n/a,No I can't stay awake long in all this sinister darkness…||But I can give you the courage to carry on!||Take my spare uniform and wear it to feel brave.,!!QUEST_ID2416_TEXT5,n/a,n/a,n/a,n/a,-1,-1,n/a,-1,n/a,n/a,-1,-1,-1,-1
1116,2416,character,spongebob_happy.png,n/a,n/a,For.. For… For me?||I think I'd rather have the help...but...but this is cool...this is the happiest day ever!||I already feel braver and I haven't even put it on yet!,!!QUEST_ID2416_TEXT6,n/a,n/a,n/a,n/a,-1,-1,n/a,-1,n/a,n/a,-1,-1,-1,-1
1117,2416,quest_start,n/a,SpongeBob_MermaidMan_Portrait.png,n/a,Dress Up Be Vigilant Look For Evil!,n/a,!!QUEST_BUY_MERMAIDSPONGE,n/a,n/a,n/a,-1,-1,n/a,-1,n/a,n/a,-1,-1,-1,-1
1118,2417,quest_complete,n/a,SpongeBob_MermaidMan_Portrait.png,n/a,Dress Up Be Vigilant Look For Evil!,n/a,!!QUEST_BUY_MERMAIDSPONGE,n/a,n/a,n/a,-1,-1,n/a,-1,n/a,n/a,-1,-1,-1,-1
1119,2417,character,spongebob_determined.png,n/a,n/a,I'm definitely SpongeBob BravePants now!||Time to Feed Ghosts Collect Bones and Buy Scary Stuff from the Store!,!!QUEST_ID2416_TEXT7,n/a,n/a,n/a,n/a,-1,-1,n/a,-1,n/a,n/a,-1,-1,-1,-1
1120,2520,character,Portrait_Spongebob_Scared.png,n/a,n/a,Hey where are the ghosts?||And the ship??||They left...AND TOOK MY SOUL!,!!QUEST_ID2520_TEXT1,n/a,n/a,n/a,n/a,-1,-1,n/a,-1,n/a,n/a,-1,-1,-1,-1
1121,2520,character,Portrait_LordPoltergeist_happy.png,n/a,n/a,There ye be Lad.||At last our new head gasket has arrived!||We can be on our ghoulish way!,!!QUEST_ID2520_TEXT2,n/a,n/a,n/a,n/a,-1,-1,n/a,-1,n/a,n/a,-1,-1,-1,-1
1122,2520,character,Portrait_Spongebob_Scared.png,n/a,n/a,Excuse me...Lord Petty--,!!QUEST_ID2520_TEXT3,n/a,n/a,n/a,n/a,-1,-1,n/a,-1,n/a,n/a,-1,-1,-1,-1
1123,2520,character,Portrait_LordPoltergeist_Menacing.png,n/a,n/a,WHAT?!,!!QUEST_ID2520_TEXT4,n/a,n/a,n/a,n/a,-1,-1,n/a,-1,n/a,n/a,-1,-1,-1,-1
1124,2520,character,Portrait_Spongebob_Scared.png,n/a,n/a,I mean…||Lord Poltergeist...sir…||What about my soul?||I did everything you asked.,!!QUEST_ID2520_TEXT5,n/a,n/a,n/a,n/a,-1,-1,n/a,-1,n/a,n/a,-1,-1,-1,-1
1125,2520,character,Portrait_LordPoltergeist_happy.png,n/a,n/a,A deal's a deal and I'm a man of me word. Here you go square one.||It's in this here bottle...drink up!,!!QUEST_ID2520_TEXT6,n/a,n/a,n/a,n/a,-1,-1,n/a,-1,n/a,n/a,-1,-1,-1,-1
1126,2520,character,spongebob_quizzical.png,n/a,n/a,My soul tastes just like old stale flat orange soda...,!!QUEST_ID2520_TEXT7,n/a,n/a,n/a,n/a,-1,-1,n/a,-1,n/a,n/a,-1,-1,-1,-1
1127,2520,character,spongebob_happy.png,n/a,n/a,YUM!,!!QUEST_ID2520_TEXT8,n/a,n/a,n/a,n/a,-1,-1,n/a,-1,n/a,n/a,-1,-1,-1,-1
1128,2520,character,Portrait_LordPoltergeist_happy.png,n/a,n/a,Har-Har-Har.||That weren't your soul. That were just an old orange soda what been sitting in the sun too long!,!!QUEST_ID2520_TEXT9,n/a,n/a,n/a,n/a,-1,-1,n/a,-1,n/a,n/a,-1,-1,-1,-1
1129,2520,character,spongebob_quizzical.png,n/a,n/a,But what about my real soul?,!!QUEST_ID2520_TEXT10,n/a,n/a,n/a,n/a,-1,-1,n/a,-1,n/a,n/a,-1,-1,-1,-1
1130,2520,character,Portrait_LordPoltergeist_normal.png,n/a,n/a,Eh I never had it.||Everyone knows you can't hold onto a wild soul.||Well now that that's settled we'll be on our way.,!!QUEST_ID2520_TEXT11,n/a,n/a,n/a,n/a,-1,-1,n/a,-1,n/a,n/a,-1,-1,-1,-1
1131,2520,character,spongebob_happy.png,n/a,n/a,Goodbye Lord Pretty-Guys!,!!QUEST_ID2520_TEXT12,n/a,n/a,n/a,n/a,-1,-1,n/a,-1,n/a,n/a,-1,-1,-1,-1
1132,2600,character,spongebob_happy.png,n/a,n/a,Hey Patrick guess what movie's playing at the Reef!,!!QUEST_ID2600_TEXT1,n/a,n/a,n/a,n/a,-1,-1,n/a,-1,n/a,n/a,-1,-1,-1,-1
1133,2600,character,Portrait_Patrick.png,n/a,n/a,Mermaid Man and Barnacle Boy Fight E.V.I.L?,!!QUEST_ID2600_TEXT2,n/a,n/a,n/a,n/a,-1,-1,n/a,-1,n/a,n/a,-1,-1,-1,-1
1134,2600,character,Portrait_Spongebob_Sad.png,n/a,n/a,Aw you guessed.,!!QUEST_ID2600_TEXT3,n/a,n/a,n/a,n/a,-1,-1,n/a,-1,n/a,n/a,-1,-1,-1,-1
1135,2600,character,Portrait_Patrick_Tired.png,n/a,n/a,You told me to guess SpongeBob!,!!QUEST_ID2600_TEXT4,n/a,n/a,n/a,n/a,-1,-1,n/a,-1,n/a,n/a,-1,-1,-1,-1
1136,2600,character,Portrait_Spongebob_Sad.png,n/a,n/a,I know...it's not your fault...,!!QUEST_ID2600_TEXT5,n/a,n/a,n/a,n/a,-1,-1,n/a,-1,n/a,n/a,-1,-1,-1,-1
1137,2600,character,Portrait_Patrick.png,n/a,n/a,So what's the movie?,!!QUEST_ID2600_TEXT6,n/a,n/a,n/a,n/a,-1,-1,n/a,-1,n/a,n/a,-1,-1,-1,-1
1138,2600,character,Portrait_Spongebob_Sad.png,n/a,n/a,You already guessed…||Mermaid Man and Barnacle Boy Fight E.V.I.L.,!!QUEST_ID2600_TEXT7,n/a,n/a,n/a,n/a,-1,-1,n/a,-1,n/a,n/a,-1,-1,-1,-1
1139,2600,character,Portrait_Patrick_Confused.png,n/a,n/a,I know that was my guess I was there when I guessed it...I think…||So what's playing?,!!QUEST_ID2600_TEXT8,n/a,n/a,n/a,n/a,-1,-1,n/a,-1,n/a,n/a,-1,-1,-1,-1
1140,2600,character,spongebob_happy.png,n/a,n/a,That's what's playing!||You guessed right!,!!QUEST_ID2600_TEXT9,n/a,n/a,n/a,n/a,-1,-1,n/a,-1,n/a,n/a,-1,-1,-1,-1
1141,2600,character,Portrait_Patrick_Confused.png,n/a,n/a,I was right?||But I'm NEVER right!||Wait...that's not right...,!!QUEST_ID2600_TEXT10,n/a,n/a,n/a,n/a,-1,-1,n/a,-1,n/a,n/a,-1,-1,-1,-1
1142,2600,character,spongebob_happy.png,n/a,n/a,Let's celebrate!||I know the perfect thing to do!,!!QUEST_ID2600_TEXT11,n/a,n/a,n/a,n/a,-1,-1,n/a,-1,n/a,n/a,-1,-1,-1,-1
1143,2600,quest_start,n/a,ReefCinema_Portrait.png,n/a,Matinee at the Reef Theater,n/a,!!CHUNKQUEST_HEADING_ID2600,n/a,n/a,n/a,-1,-1,n/a,-1,n/a,n/a,-1,-1,-1,-1
1144,2601,quest_complete,n/a,ReefCinema_Portrait.png,n/a,Matinee at the Reef Theater,n/a,!!CHUNKQUEST_HEADING_ID2600,n/a,n/a,n/a,-1,-1,n/a,-1,n/a,n/a,-1,-1,-1,-1
1145,2602,character,GeneScallops_Jovial.png,n/a,n/a,Did you enjoy the movie boys?,!!QUEST_ID2602_TEXT1,n/a,n/a,n/a,n/a,-1,-1,n/a,-1,n/a,n/a,-1,-1,-1,-1
1146,2602,character,spongebob_happy.png,n/a,n/a,Even more than the first 117 times!,!!QUEST_ID2602_TEXT2,n/a,n/a,n/a,n/a,-1,-1,n/a,-1,n/a,n/a,-1,-1,-1,-1
1147,2602,character,GeneScallops_Jovial.png,n/a,n/a,I'm going to have a big Mermaid Man and Barnacle Boy Festival soon boys...a very Fancy Gala!,!!QUEST_ID2602_TEXT3,n/a,n/a,n/a,n/a,-1,-1,n/a,-1,n/a,n/a,-1,-1,-1,-1
1148,2602,character,GeneScallops_Jovial.png,n/a,n/a,I'm also holding a contest for the best Mermaid Man and Barnacle Boy Fan Art.||The winner gets a prize and will be invited as a Special Guest!,!!QUEST_ID2602_TEXT4,n/a,n/a,n/a,n/a,-1,-1,n/a,-1,n/a,n/a,-1,-1,-1,-1
1149,2602,character,spongebob_determined.png,n/a,n/a,I'm going to enter that contest Patrick…||And I'm going to win…||And be the Special Gala Guest!,!!QUEST_ID2602_TEXT5,n/a,n/a,n/a,n/a,-1,-1,n/a,-1,n/a,n/a,-1,-1,-1,-1
1150,2602,character,Portrait_Patrick.png,n/a,n/a,How SpongeBob?||What are you going to make?,!!QUEST_ID2602_TEXT6,n/a,n/a,n/a,n/a,-1,-1,n/a,-1,n/a,n/a,-1,-1,-1,-1
1151,2602,character,spongebob_determined.png,n/a,n/a,A post-modernist statement on personality cults in our convenience-based service economy…||This is gonna get greasy...,!!QUEST_ID2602_TEXT7,n/a,n/a,n/a,n/a,-1,-1,n/a,-1,n/a,n/a,-1,-1,-1,-1
1152,2602,quest_start,n/a,KrabbyPatty.png,n/a,Make X Krabby Patties,n/a,!!QUEST_TITLE_ID2602,n/a,n/a,n/a,-1,-1,n/a,-1,n/a,n/a,-1,-1,-1,-1
1153,2603,quest_complete,n/a,KrabbyPatty.png,n/a,Make X Krabby Patties,n/a,!!QUEST_TITLE_ID2602,n/a,n/a,n/a,-1,-1,n/a,-1,n/a,n/a,-1,-1,-1,-1
1154,2604,character,Portrait_Patrick_Confused.png,n/a,n/a,That's a big pile of greasy goodness SpongeBob!||Now what?,!!QUEST_ID2604_TEXT1,n/a,n/a,n/a,n/a,-1,-1,n/a,-1,n/a,n/a,-1,-1,-1,-1
1155,2604,character,spongebob_determined.png,n/a,n/a,Now…||Fast Food becomes Fine Art!,!!QUEST_ID2604_TEXT2,n/a,n/a,n/a,n/a,-1,-1,n/a,-1,n/a,n/a,-1,-1,-1,-1
1156,2604,quest_start,n/a,icon_MM_KrabbyPattyStatue.png,n/a,Gene's MM & BB Fan Art Contest,n/a,!!CONDITION_ID2604_TEXT1,n/a,n/a,n/a,-1,-1,n/a,-1,n/a,n/a,-1,-1,-1,-1
1157,2605,quest_complete,n/a,icon_MM_KrabbyPattyStatue.png,n/a,Gene's MM & BB Fan Art Contest,n/a,!!CONDITION_ID2604_TEXT1,n/a,n/a,n/a,-1,-1,n/a,-1,n/a,n/a,-1,-1,-1,-1
1158,2606,character,spongebob_happy.png,n/a,n/a,My sculptures look just like Mermaid Man and Barnacle Boy!||I'm sure to win!,!!QUEST_ID2606_TEXT1,n/a,n/a,n/a,n/a,-1,-1,n/a,-1,n/a,n/a,-1,-1,-1,-1
1159,2606,character,Portrait_Patrick_Confused.png,n/a,n/a,Why did you spend so much more time on Mermand Man than you did on Barnacle Boy?,!!QUEST_ID2606_TEXT2,n/a,n/a,n/a,n/a,-1,-1,n/a,-1,n/a,n/a,-1,-1,-1,-1
1160,2606,character,Portrait_SpongeBob.png,n/a,n/a,Duh Patrick.||Mermaid Man is the hero the leader…||Barnacle Boy is the sidekick.||Knowhatimean?,!!QUEST_ID2606_TEXT3,n/a,n/a,n/a,n/a,-1,-1,n/a,-1,n/a,n/a,-1,-1,-1,-1
1161,2606,character,Portrait_Patrick.png,n/a,n/a,Not really.||But I do know that sidekicks need recognition too.||I'm going to make a Barnacle Boy Costume!,!!QUEST_ID2606_TEXT4,n/a,n/a,n/a,n/a,-1,-1,n/a,-1,n/a,n/a,-1,-1,-1,-1
1162,2606,quest_start,n/a,PatrickPortrait.png,n/a,Have Patrick Make a BB Costume,n/a,!!QUEST_TITLE_ID2606,n/a,n/a,n/a,-1,-1,n/a,-1,n/a,n/a,-1,-1,-1,-1
1163,2607,quest_complete,n/a,PatrickPortrait.png,n/a,Have Patrick Make a BB Costume,n/a,!!QUEST_TITLE_ID2606,n/a,n/a,n/a,-1,-1,n/a,-1,n/a,n/a,-1,-1,-1,-1
1164,2608,character,Portrait_Patrick_CrappyBBCostume.png,n/a,n/a,Check it out SpongeBob!||I'm Barnacle Boy!,!!QUEST_ID2608_TEXT1,n/a,n/a,n/a,n/a,-1,-1,n/a,-1,n/a,n/a,-1,-1,-1,-1
1165,2608,character,spongebob_quizzical.png,n/a,n/a,Um...wow Patrick…||How'd you make...all that?,!!QUEST_ID2608_TEXT2,n/a,n/a,n/a,n/a,-1,-1,n/a,-1,n/a,n/a,-1,-1,-1,-1
1166,2608,character,Portrait_Patrick_CrappyBBCostume.png,n/a,n/a,It was easy!||I smashed blueberries on my underwear and some socks and this strip of toilet paper around my neck.,!!QUEST_ID2608_TEXT3,n/a,n/a,n/a,n/a,-1,-1,n/a,-1,n/a,n/a,-1,-1,-1,-1
1167,2608,character,Portrait_SpongeBob.png,n/a,n/a,That would have been my guess.,!!QUEST_ID2608_TEXT4,n/a,n/a,n/a,n/a,-1,-1,n/a,-1,n/a,n/a,-1,-1,-1,-1
1168,2608,character,Portrait_Patrick_CrappyBBCostume.png,n/a,n/a,I feel the urge to Do Good Deeds.||To represent Sidekicks everywhere!||I wonder who needs a Good Deed...,!!QUEST_ID2608_TEXT5,n/a,n/a,n/a,n/a,-1,-1,n/a,-1,n/a,n/a,-1,-1,-1,-1
1169,2608,character,CookCitizen_Exhuberant.png,n/a,n/a,Come to the Bakery for delicious baked buns!||Careful they're fresh out of the oven and burning hot!,!!QUEST_ID2608_TEXT6,n/a,n/a,n/a,n/a,-1,-1,n/a,-1,n/a,n/a,-1,-1,-1,-1
1170,2608,character,Portrait_Patrick_CrappyBBCostume.png,n/a,n/a,The Bakery…||...is burning…||Away I must go!||The Bakery is burning!,!!QUEST_ID2608_TEXT7,n/a,n/a,n/a,n/a,-1,-1,n/a,-1,n/a,n/a,-1,-1,-1,-1
1171,2608,character,spongebob_quizzical.png,n/a,n/a,...and delicious?,!!QUEST_ID2608_TEXT8,n/a,n/a,n/a,n/a,-1,-1,n/a,-1,n/a,n/a,-1,-1,-1,-1
1172,2608,quest_start,n/a,Bakery_Portrait.png,n/a,Have Patrick Extinguish Bakery Fire,n/a,!!QUEST_TITLE_ID2608,n/a,n/a,n/a,-1,-1,n/a,-1,n/a,n/a,-1,-1,-1,-1
1173,2609,quest_complete,n/a,Bakery_Portrait.png,n/a,Have Patrick Extinguish Bakery Fire,n/a,!!QUEST_TITLE_ID2608,n/a,n/a,n/a,-1,-1,n/a,-1,n/a,n/a,-1,-1,-1,-1
1174,2610,character,Portrait_CookCitizen_Foam.png,n/a,n/a,This doesn't taste like whipped cream…||...what did you say about a fire?||There's no fire here.,!!QUEST_ID2610_TEXT1,n/a,n/a,n/a,n/a,-1,-1,n/a,-1,n/a,n/a,-1,-1,-1,-1
1175,2610,character,Portrait_Patrick_CrappyBBCostume.png,n/a,n/a,You're welcome grateful citizen!,!!QUEST_ID2610_TEXT2,n/a,n/a,n/a,n/a,-1,-1,n/a,-1,n/a,n/a,-1,-1,-1,-1
1176,2610,character,Portrait_Patrick_CrappyBBCostume.png,n/a,n/a,I think I'll go to the Police Station to offer them my assistance!,!!QUEST_ID2610_TEXT3,n/a,n/a,n/a,n/a,-1,-1,n/a,-1,n/a,n/a,-1,-1,-1,-1
1177,2610,quest_start,n/a,PoliceStation_Portrait.png,n/a,Have Patrick Offer to Assist Police,n/a,!!QUEST_TITLE_ID2610,n/a,n/a,n/a,-1,-1,n/a,-1,n/a,n/a,-1,-1,-1,-1
1178,2611,quest_complete,n/a,PoliceStation_Portrait.png,n/a,Have Patrick Offer to Assist Police,n/a,!!QUEST_TITLE_ID2610,n/a,n/a,n/a,-1,-1,n/a,-1,n/a,n/a,-1,-1,-1,-1
1179,2612,character,Portrait_PoliceFish.png,n/a,n/a,May I help you sir?,!!QUEST_ID2612_TEXT1,n/a,n/a,n/a,n/a,-1,-1,n/a,-1,n/a,n/a,-1,-1,-1,-1
1180,2612,character,Portrait_Patrick_CrappyBBCostume.png,n/a,n/a,Finally!||I've been waiting in line for hours! But this other gentleman was here first.,!!QUEST_ID2612_TEXT2,n/a,n/a,n/a,n/a,-1,-1,n/a,-1,n/a,n/a,-1,-1,-1,-1
1181,2612,character,Portrait_PoliceFish.png,n/a,n/a,That's a statue of our fearless leader Captain Priss.||Now what can I do for you?,!!QUEST_ID2612_TEXT3,n/a,n/a,n/a,n/a,-1,-1,n/a,-1,n/a,n/a,-1,-1,-1,-1
1182,2612,character,Portrait_Patrick_CrappyBBCostume.png,n/a,n/a,No I'm here to help you!||With Good Deeds!||What can I do for YOU?,!!QUEST_ID2612_TEXT4,n/a,n/a,n/a,n/a,-1,-1,n/a,-1,n/a,n/a,-1,-1,-1,-1
1183,2612,character,Portrait_PoliceFish.png,n/a,n/a,Oh well there's this huge stack of paperwork to be collated stapled filed and so on.||That would be a BIG help.,!!QUEST_ID2612_TEXT5,n/a,n/a,n/a,n/a,-1,-1,n/a,-1,n/a,n/a,-1,-1,-1,-1
1184,2612,character,Portrait_Patrick_CrappyBBCostume.png,n/a,n/a,Consider it done!,!!QUEST_ID2612_TEXT6,n/a,n/a,n/a,n/a,-1,-1,n/a,-1,n/a,n/a,-1,-1,-1,-1
1185,2612,quest_start,n/a,PoliceStation_Portrait.png,n/a,Have Patrick Process Police Paperwork,n/a,!!QUEST_TITLE_ID2612,n/a,n/a,n/a,-1,-1,n/a,-1,n/a,n/a,-1,-1,-1,-1
1186,2613,quest_complete,n/a,PoliceStation_Portrait.png,n/a,Have Patrick Process Police Paperwork,n/a,!!QUEST_TITLE_ID2612,n/a,n/a,n/a,-1,-1,n/a,-1,n/a,n/a,-1,-1,-1,-1
1187,2614,character,Portrait_Patrick_CrappyBBCostume.png,n/a,n/a,Phew…||That took a really long time…||I had no idea the letters of the alphabet go in a certain order...,!!QUEST_ID2614_TEXT1,n/a,n/a,n/a,n/a,-1,-1,n/a,-1,n/a,n/a,-1,-1,-1,-1
1188,2614,character,Portrait_Patrick_CrappyBBCostume.png,n/a,n/a,But I learned a new song!,!!QUEST_ID2614_TEXT2,n/a,n/a,n/a,n/a,-1,-1,n/a,-1,n/a,n/a,-1,-1,-1,-1
1189,2614,character,Portrait_PoliceFish.png,n/a,n/a,I'm glad it helped.||If you're going could you drop off these forms to Gene at the Reef?||They're for his Festival Gala.,!!QUEST_ID2614_TEXT3,n/a,n/a,n/a,n/a,-1,-1,n/a,-1,n/a,n/a,-1,-1,-1,-1
1190,2614,character,Portrait_Patrick_CrappyBBCostume.png,n/a,n/a,I will.||He'll be impressed that I'm helping with his Festival Gala in my Barnacle Boy costume!,!!QUEST_ID2614_TEXT4,n/a,n/a,n/a,n/a,-1,-1,n/a,-1,n/a,n/a,-1,-1,-1,-1
1191,2614,character,Portrait_PoliceFish.png,n/a,n/a,Oh…||I get it now…||I thought I smelled blueberries...,!!QUEST_ID2614_TEXT5,n/a,n/a,n/a,n/a,-1,-1,n/a,-1,n/a,n/a,-1,-1,-1,-1
1192,2614,quest_start,n/a,ReefCinema_Portrait.png,n/a,Have Patrick Deliver Forms to Gene,n/a,!!QUEST_TITLE_ID2614,n/a,n/a,n/a,-1,-1,n/a,-1,n/a,n/a,-1,-1,-1,-1
1193,2615,quest_complete,n/a,ReefCinema_Portrait.png,n/a,Have Patrick Deliver Forms to Gene,n/a,!!QUEST_TITLE_ID2614,n/a,n/a,n/a,-1,-1,n/a,-1,n/a,n/a,-1,-1,-1,-1
1194,2616,character,Portrait_Patrick_CrappyBBCostume.png,n/a,n/a,Gene there you are!|I've been looking for you for hours!,!!QUEST_ID2616_TEXT1,n/a,n/a,n/a,n/a,-1,-1,n/a,-1,n/a,n/a,-1,-1,-1,-1
1195,2616,character,Portrait_GeneScallops.png,n/a,n/a,I've been here in my office for hours.,!!QUEST_ID2616_TEXT2,n/a,n/a,n/a,n/a,-1,-1,n/a,-1,n/a,n/a,-1,-1,-1,-1
1196,2616,character,Portrait_Patrick_CrappyBBCostume.png,n/a,n/a,Oh...I was looking in the theater.||It was dark in there.||And the movie was pretty good.,!!QUEST_ID2616_TEXT3,n/a,n/a,n/a,n/a,-1,-1,n/a,-1,n/a,n/a,-1,-1,-1,-1
1197,2616,character,Portrait_GeneScallops.png,n/a,n/a,Ugh what's that awful smell?||Have you been rolling in blueberries?||I hate blueberries!,!!QUEST_ID2616_TEXT4,n/a,n/a,n/a,n/a,-1,-1,n/a,-1,n/a,n/a,-1,-1,-1,-1
1198,2616,character,Portrait_Patrick_CrappyBBCostume.png,n/a,n/a,Not rolling so much...mostly rubbing.||Here are the forms you need for your Festival Gala from the police station.,!!QUEST_ID2616_TEXT5,n/a,n/a,n/a,n/a,-1,-1,n/a,-1,n/a,n/a,-1,-1,-1,-1
1199,2616,character,Portrait_Patrick_CrappyBBCostume.png,n/a,n/a,Do you like my fancy Barnacle Boy costume?||It's for your Mermaid Man and Barnacle Boy Festival Gala!,!!QUEST_ID2616_TEXT6,n/a,n/a,n/a,n/a,-1,-1,n/a,-1,n/a,n/a,-1,-1,-1,-1
1200,2616,character,GeneScallops_Cross.png,n/a,n/a,Yuck I don't want you coming near my Fancy Festival Gala in your blueberry-stained underwear!||Now out OUT!,!!QUEST_ID2616_TEXT7,n/a,n/a,n/a,n/a,-1,-1,n/a,-1,n/a,n/a,-1,-1,-1,-1
1201,2616,character,Portrait_Patrick_CrappyBBCostume.png,n/a,n/a,Jeez he hated my costume!||It is a bit sticky...and delicious…||SpongeBob will you make me a Fancy Barnacle Boy costume to wear to the Gala?,!!QUEST_ID2616_TEXT8,n/a,n/a,n/a,n/a,-1,-1,n/a,-1,n/a,n/a,-1,-1,-1,-1
1202,2616,character,spongebob_happy.png,n/a,n/a,Anything for a friend Patrick!||I'll need to buy some supplies at the Barg'N-Mart.||It might take awhile till everything is in stock...,!!QUEST_ID2616_TEXT9,n/a,n/a,n/a,n/a,-1,-1,n/a,-1,n/a,n/a,-1,-1,-1,-1
1203,2616,quest_start,n/a,BargNMart_Portrait.png,n/a,Make Patrick a New Costume,n/a,!!CHUNKQUEST_HEADING_ID2616,n/a,n/a,n/a,-1,-1,n/a,-1,n/a,n/a,-1,-1,-1,-1
1204,2617,quest_complete,n/a,BargNMart_Portrait.png,n/a,Make Patrick a New Costume,n/a,!!CHUNKQUEST_HEADING_ID2616,n/a,n/a,n/a,-1,-1,n/a,-1,n/a,n/a,-1,-1,-1,-1
1205,2618,character,Portrait_Patrick_CrappyBBCostume.png,n/a,n/a,I really want Gene's Festival Gala to be Fancy SpongeBob…||Hey...look at this...,!!QUEST_ID2618_TEXT1,n/a,n/a,n/a,n/a,-1,-1,n/a,-1,n/a,n/a,-1,-1,-1,-1
1206,2618,character,Portrait_Patrick_CrappyBBCostume.png,n/a,n/a,"This ketchup packet from the Krusty Krab says it's ""Fancy Ketchup""!!!",!!QUEST_ID2618_TEXT2,n/a,n/a,n/a,n/a,-1,-1,n/a,-1,n/a,n/a,-1,-1,-1,-1
1207,2618,character,Portrait_SpongeBob.png,n/a,n/a,"Mr. Krabs makes us put that on the labels but...well…||""Fancy"" ketchup means at least 33% Total Solids but ours is more like 16% so it's more like ""Sub-Standard"" ketchup...",!!QUEST_ID2618_TEXT3,n/a,n/a,n/a,n/a,-1,-1,n/a,-1,n/a,n/a,-1,-1,-1,-1
1208,2618,character,Portrait_Patrick_CrappyBBCostume.png,n/a,n/a,It's looks Fancy to me!||Can you make X of these for me to take to Gene to help make his Festival Gala Fancy?,!!QUEST_ID2618_TEXT4,n/a,n/a,n/a,n/a,-1,-1,n/a,-1,n/a,n/a,-1,-1,-1,-1
1209,2618,character,spongebob_happy.png,n/a,n/a,Anything for a friend Patrick!,!!QUEST_ID2618_TEXT5,n/a,n/a,n/a,n/a,-1,-1,n/a,-1,n/a,n/a,-1,-1,-1,-1
1210,2618,quest_start,n/a,KetchupPacket.png,n/a,Make X Ketchup packets,n/a,!!QUEST_TITLE_ID2618,n/a,n/a,n/a,-1,-1,n/a,-1,n/a,n/a,-1,-1,-1,-1
1211,2619,quest_complete,n/a,KetchupPacket.png,n/a,Make X Ketchup packets,n/a,!!QUEST_TITLE_ID2618,n/a,n/a,n/a,-1,-1,n/a,-1,n/a,n/a,-1,-1,-1,-1
1212,2620,character,spongebob_happy.png,n/a,n/a,That's everything I need to make you a great non-sticky non-smelling non-fruity Barnacle Boy costume!,!!QUEST_ID2620_TEXT1,n/a,n/a,n/a,n/a,-1,-1,n/a,-1,n/a,n/a,-1,-1,-1,-1
1213,2620,character,Portrait_Patrick_CrappyBBCostume.png,n/a,n/a,I can hardly wait to put it on!,!!QUEST_ID2620_TEXT2,n/a,n/a,n/a,n/a,-1,-1,n/a,-1,n/a,n/a,-1,-1,-1,-1
1214,2620,quest_start,n/a,Patrick_BarnacleBoy_Portrait.png,n/a,Have SpongeBob make Barnacleboy costume,n/a,!!CONDITION_ID2620_TEXT1,n/a,n/a,n/a,-1,-1,n/a,-1,n/a,n/a,-1,-1,-1,-1
1215,2621,quest_complete,n/a,Patrick_BarnacleBoy_Portrait.png,n/a,Have SpongeBob make Barnacleboy costume,n/a,!!CONDITION_ID2620_TEXT1,n/a,n/a,n/a,-1,-1,n/a,-1,n/a,n/a,-1,-1,-1,-1
1216,2634,quest_start,n/a,Patrick_BarnacleBoy_Portrait.png,n/a,Have Patrick wear Barnacleboy costume,n/a,!!CONDITION_ID2620_TEXT2,n/a,n/a,n/a,-1,-1,n/a,-1,n/a,n/a,-1,-1,-1,-1
1217,2635,quest_complete,n/a,Patrick_BarnacleBoy_Portrait.png,n/a,Have Patrick wear Barnacleboy costume,n/a,!!CONDITION_ID2620_TEXT2,n/a,n/a,n/a,-1,-1,n/a,-1,n/a,n/a,-1,-1,-1,-1
1218,2622,character,Portrait_Patrick_BarnacleBoy.png,n/a,n/a,This is fantastic SpongeBob...I can't smell it at all!||Thanks!,!!QUEST_ID2622_TEXT1,n/a,n/a,n/a,n/a,-1,-1,n/a,-1,n/a,n/a,-1,-1,-1,-1
1219,2622,character,spongebob_happy.png,n/a,n/a,You're welcome Patrick!||I hope Gene likes the ketchup!,!!QUEST_ID2622_TEXT2,n/a,n/a,n/a,n/a,-1,-1,n/a,-1,n/a,n/a,-1,-1,-1,-1
1220,2622,quest_start,n/a,Patrick_BarnacleBoy_Portrait.png,n/a,Have Patrick Take the|Fancy Ketchup to Gene,n/a,!!QUEST_TITLE_ID2622,n/a,n/a,n/a,-1,-1,n/a,-1,n/a,n/a,-1,-1,-1,-1
1221,2623,quest_complete,n/a,Patrick_BarnacleBoy_Portrait.png,n/a,Have Patrick Take the|Fancy Ketchup to Gene,n/a,!!QUEST_TITLE_ID2622,n/a,n/a,n/a,-1,-1,n/a,-1,n/a,n/a,-1,-1,-1,-1
1222,2624,character,Patrick_BarnacleBoy_Portrait.png,n/a,n/a,Gene there you are!||I've been looking for you for hours!,!!QUEST_ID2624_TEXT1,n/a,n/a,n/a,n/a,-1,-1,n/a,-1,n/a,n/a,-1,-1,-1,-1
1223,2624,character,Portrait_GeneScallops.png,n/a,n/a,I've still been here in my office for hours Patrick.,!!QUEST_ID2624_TEXT2,n/a,n/a,n/a,n/a,-1,-1,n/a,-1,n/a,n/a,-1,-1,-1,-1
1224,2624,character,Patrick_BarnacleBoy_Portrait.png,n/a,n/a,Oh...I thought maybe you were in the theater this time…||Then I watched the movie again to see if it had the same ending…||It did.,!!QUEST_ID2624_TEXT3,n/a,n/a,n/a,n/a,-1,-1,n/a,-1,n/a,n/a,-1,-1,-1,-1
1225,2624,character,Portrait_GeneScallops.png,n/a,n/a,That's too bad.||I'd sell a lot more tickets if the ending changed every time.||I see you have a much better costume now...still looks homemade though...,!!QUEST_ID2624_TEXT4,n/a,n/a,n/a,n/a,-1,-1,n/a,-1,n/a,n/a,-1,-1,-1,-1
1226,2624,character,Patrick_BarnacleBoy_Portrait.png,n/a,n/a,It's SpongeBob made!||And guess what else is…||Fancy Ketchup!,!!QUEST_ID2624_TEXT5,n/a,n/a,n/a,n/a,-1,-1,n/a,-1,n/a,n/a,-1,-1,-1,-1
1227,2624,character,Patrick_BarnacleBoy_Portrait.png,n/a,n/a,"Here's a big platter full of Fancy Ketchup piled high for your Festival Gala!||See it says ""Fancy"" right on the packets!",!!QUEST_ID2624_TEXT6,n/a,n/a,n/a,n/a,-1,-1,n/a,-1,n/a,n/a,-1,-1,-1,-1
1228,2624,character,GeneScallops_Cross.png,n/a,n/a,Yuck it doesn't matter what it says on the label!||A pile of ketchup is disgusting!||NOT Fancy! Disgusting!||Out! OUT!,!!QUEST_ID2624_TEXT7,n/a,n/a,n/a,n/a,-1,-1,n/a,-1,n/a,n/a,-1,-1,-1,-1
1229,2624,character,Patrick_BarnacleBoy_Portrait.png,n/a,n/a,Don't worry Gene…||I'll think of something to help make your Mermaid Man and Barnacle Boy Festival Gala Fancy...,!!QUEST_ID2624_TEXT8,n/a,n/a,n/a,n/a,-1,-1,n/a,-1,n/a,n/a,-1,-1,-1,-1
1230,2624,quest_start,n/a,Portrait_Patrick_Tired.png,n/a,Think up Something Fancy,n/a,!!QUEST_TITLE_ID2624,n/a,n/a,n/a,-1,-1,n/a,-1,n/a,n/a,-1,-1,-1,-1
1231,2625,quest_complete,n/a,Portrait_Patrick_Tired.png,n/a,Think up Something Fancy,n/a,!!QUEST_TITLE_ID2624,n/a,n/a,n/a,-1,-1,n/a,-1,n/a,n/a,-1,-1,-1,-1
1232,2626,character,Patrick_BarnacleBoy_Portrait.png,n/a,n/a,I got nothin'.,!!QUEST_ID2626_TEXT1,n/a,n/a,n/a,n/a,-1,-1,n/a,-1,n/a,n/a,-1,-1,-1,-1
1233,2626,character,Portrait_SpongeBob.png,n/a,n/a,Gene didn't like the ketchup huh?||I said it was Sub-Standard...,!!QUEST_ID2626_TEXT2,n/a,n/a,n/a,n/a,-1,-1,n/a,-1,n/a,n/a,-1,-1,-1,-1
1234,2626,character,Patrick_BarnacleBoy_Portrait.png,n/a,n/a,He said we couldn't come to the Festival Gala at all.,!!QUEST_ID2626_TEXT3,n/a,n/a,n/a,n/a,-1,-1,n/a,-1,n/a,n/a,-1,-1,-1,-1
1235,2626,character,Portrait_SpongeBob.png,n/a,n/a,What?!||I can't go either?!,!!QUEST_ID2626_TEXT4,n/a,n/a,n/a,n/a,-1,-1,n/a,-1,n/a,n/a,-1,-1,-1,-1
1236,2626,character,Patrick_BarnacleBoy_Portrait.png,n/a,n/a,He said we'd ruin it.,!!QUEST_ID2626_TEXT5,n/a,n/a,n/a,n/a,-1,-1,n/a,-1,n/a,n/a,-1,-1,-1,-1
1237,2626,character,spongebob_determined.png,n/a,n/a,I know how to get into that Gala…||I have a plan...,!!QUEST_ID2626_TEXT6,n/a,n/a,n/a,n/a,-1,-1,n/a,-1,n/a,n/a,-1,-1,-1,-1
1238,2626,character,spongebob_determined.png,n/a,n/a,The winner of the Fan Art Contest is invited as a Special Guest…||...and I'm going to win.,!!QUEST_ID2626_TEXT7,n/a,n/a,n/a,n/a,-1,-1,n/a,-1,n/a,n/a,-1,-1,-1,-1
1239,2626,character,Patrick_BarnacleBoy_Portrait.png,n/a,n/a,But what about me?,!!QUEST_ID2626_TEXT8,n/a,n/a,n/a,n/a,-1,-1,n/a,-1,n/a,n/a,-1,-1,-1,-1
1240,2626,character,spongebob_happy.png,n/a,n/a,You can be my +1.,!!QUEST_ID2626_TEXT9,n/a,n/a,n/a,n/a,-1,-1,n/a,-1,n/a,n/a,-1,-1,-1,-1
1241,2626,character,Patrick_BarnacleBoy_Portrait.png,n/a,n/a,That's a promotion -- I used to be your Number Two!||When do they announce the winner?,!!QUEST_ID2626_TEXT10,n/a,n/a,n/a,n/a,-1,-1,n/a,-1,n/a,n/a,-1,-1,-1,-1
1242,2626,character,spongebob_happy.png,n/a,n/a,During the all day Mermaid Man and Barnacle Boy TV Marathon!,!!QUEST_ID2626_TEXT11,n/a,n/a,n/a,n/a,-1,-1,n/a,-1,n/a,n/a,-1,-1,-1,-1
1243,2626,quest_start,n/a,PineappleHouse_Portrait.png,n/a,TV Binge,n/a,!!CHUNKQUEST_HEADING_ID2626,n/a,n/a,n/a,-1,-1,n/a,-1,n/a,n/a,-1,-1,-1,-1
1244,2627,quest_complete,n/a,PineappleHouse_Portrait.png,n/a,TV Binge,n/a,!!CHUNKQUEST_HEADING_ID2626,n/a,n/a,n/a,-1,-1,n/a,-1,n/a,n/a,-1,-1,-1,-1
1245,2628,character,Patrick_BarnacleBoy_Portrait.png,n/a,n/a,I can't believe they waited till the very end to announce the winner…||Who do you think it will be SpongeBob?,!!QUEST_ID2628_TEXT1,n/a,n/a,n/a,n/a,-1,-1,n/a,-1,n/a,n/a,-1,-1,-1,-1
1246,2628,character,spongebob_determined.png,n/a,n/a,Me Patrick!||I'M going to be the winner!||I have to be so we can go to the Mermaid Man and Barnacle Boy Festival Gala!,!!QUEST_ID2628_TEXT2,n/a,n/a,n/a,n/a,-1,-1,n/a,-1,n/a,n/a,-1,-1,-1,-1
1247,2628,character,Patrick_BarnacleBoy_Portrait.png,n/a,n/a,Shhh!,!!QUEST_ID2628_TEXT3,n/a,n/a,n/a,n/a,-1,-1,n/a,-1,n/a,n/a,-1,-1,-1,-1
1248,2628,character,Portrait_TalkingTunaFish.png,n/a,n/a,And the winner is…||SpringBob SquirePin!,!!QUEST_ID2628_TEXT4,n/a,n/a,n/a,n/a,-1,-1,n/a,-1,n/a,n/a,-1,-1,-1,-1
1249,2628,character,Portrait_Spongebob_Sad.png,n/a,n/a,Awww! I lost!,!!QUEST_ID2628_TEXT5,n/a,n/a,n/a,n/a,-1,-1,n/a,-1,n/a,n/a,-1,-1,-1,-1
1250,2628,character,Portrait_TalkingTunaFish.png,n/a,n/a,For his post-modernist statement on personality cults in our convenience-based service economy!,!!QUEST_ID2628_TEXT6,n/a,n/a,n/a,n/a,-1,-1,n/a,-1,n/a,n/a,-1,-1,-1,-1
1251,2628,character,Portrait_Spongebob_Mad.png,n/a,n/a,Hey SpringBob SquirePin stole my idea!,!!QUEST_ID2628_TEXT7,n/a,n/a,n/a,n/a,-1,-1,n/a,-1,n/a,n/a,-1,-1,-1,-1
1252,2628,character,Portrait_TalkingTunaFish.png,n/a,n/a,I'm sorry they're saying I'm pronouncing it wrong…||The winner is...SpongeBob SquarePants!,!!QUEST_ID2628_TEXT8,n/a,n/a,n/a,n/a,-1,-1,n/a,-1,n/a,n/a,-1,-1,-1,-1
1253,2628,character,spongebob_happy.png,n/a,n/a,WHAAAHOOOO!!!,!!QUEST_ID2628_TEXT9,n/a,n/a,n/a,n/a,-1,-1,n/a,-1,n/a,n/a,-1,-1,-1,-1
1254,2628,character,Patrick_BarnacleBoy_Portrait.png,n/a,n/a,They said they delivered the prize to your house!||And your tickets to the Festival Gala too...it's starting soon!,!!QUEST_ID2628_TEXT10,n/a,n/a,n/a,n/a,-1,-1,n/a,-1,n/a,n/a,-1,-1,-1,-1
1255,2628,quest_start,n/a,ReefCinema_Portrait.png,n/a,Collect the Prize!,n/a,!!CHUNKQUEST_HEADING_ID2628,n/a,n/a,n/a,-1,-1,n/a,-1,n/a,n/a,-1,-1,-1,-1
1256,2629,quest_complete,n/a,ReefCinema_Portrait.png,n/a,Collect the Prize!,n/a,!!CHUNKQUEST_HEADING_ID2628,n/a,n/a,n/a,-1,-1,n/a,-1,n/a,n/a,-1,-1,-1,-1
1257,2630,character,Patrick_BarnacleBoy_Portrait.png,n/a,n/a,Your prize is a conch shell?||What a rip-off.,!!QUEST_ID2630_TEXT1,n/a,n/a,n/a,n/a,-1,-1,n/a,-1,n/a,n/a,-1,-1,-1,-1
1258,2630,character,spongebob_happy.png,n/a,n/a,It's not just ANY conch shell Patrick…||It's the Conch Signal!,!!QUEST_ID2630_TEXT2,n/a,n/a,n/a,n/a,-1,-1,n/a,-1,n/a,n/a,-1,-1,-1,-1
1259,2630,character,Patrick_BarnacleBoy_Portrait.png,n/a,n/a,Hey I bet if I blow it it'll call King Neptune!||If I brought King Neptune to the Festival Gala that would be VERY FANCY!,!!QUEST_ID2630_TEXT3,n/a,n/a,n/a,n/a,-1,-1,n/a,-1,n/a,n/a,-1,-1,-1,-1
1260,2630,character,Portrait_Spongebob_Sad.png,n/a,n/a,No Patrick that's not what it--,!!QUEST_ID2630_TEXT4,n/a,n/a,n/a,n/a,-1,-1,n/a,-1,n/a,n/a,-1,-1,-1,-1
1261,2630,character,Portrait_Patrick_BarnacleBoy_Conch.png,n/a,n/a,HOOOOOOONNNNNKKK!,!!QUEST_ID2630_TEXT5,n/a,n/a,n/a,n/a,-1,-1,n/a,-1,n/a,n/a,-1,-1,-1,-1
1262,2630,character,Portrait_Spongebob_Sad.png,n/a,n/a,Uh oh Patrick...you shouldn't have done that...,!!QUEST_ID2630_TEXT6,n/a,n/a,n/a,n/a,-1,-1,n/a,-1,n/a,n/a,-1,-1,-1,-1
1263,2630,character,Patrick_BarnacleBoy_Portrait.png,n/a,n/a,Why?||You think King Neptune will get mad?,!!QUEST_ID2630_TEXT7,n/a,n/a,n/a,n/a,-1,-1,n/a,-1,n/a,n/a,-1,-1,-1,-1
1264,2630,character,Portrait_Spongebob_Sad.png,n/a,n/a,Not exactly...,!!QUEST_ID2630_TEXT8,n/a,n/a,n/a,n/a,-1,-1,n/a,-1,n/a,n/a,-1,-1,-1,-1
1265,2630,character,Portrait_MermaidMan_Concerned.png,n/a,n/a,We heard the Conch Signal and came right over...what's the emergency?,!!QUEST_ID2630_TEXT9,n/a,n/a,n/a,n/a,-1,-1,n/a,-1,n/a,n/a,-1,-1,-1,-1
1266,2630,character,Portrait_Spongebob_Sad.png,n/a,n/a,Uh...,!!QUEST_ID2630_TEXT10,n/a,n/a,n/a,n/a,-1,-1,n/a,-1,n/a,n/a,-1,-1,-1,-1
1267,2630,character,Patrick_BarnacleBoy_Portrait.png,n/a,n/a,Hey it's Mermaid Man and Barnacle Boy!||The real ones!,!!QUEST_ID2630_TEXT11,n/a,n/a,n/a,n/a,-1,-1,n/a,-1,n/a,n/a,-1,-1,-1,-1
1268,2630,character,Portrait_BarnacleBoy_Cross.png,n/a,n/a,I told you it was another false alarm Mermaid Man.,!!QUEST_ID2630_TEXT12,n/a,n/a,n/a,n/a,-1,-1,n/a,-1,n/a,n/a,-1,-1,-1,-1
1269,2630,character,Portrait_MermaidMan_Cross.png,n/a,n/a,WHAT?!||I was first in line at the cafeteria…||...and it's Salisbury Steak Day!||Get em!,!!QUEST_ID2630_TEXT13,n/a,n/a,n/a,n/a,-1,-1,n/a,-1,n/a,n/a,-1,-1,-1,-1
1270,2630,character,Portrait_Spongebob_Scared.png,n/a,n/a,Run Patrick!,!!QUEST_ID2630_TEXT14,n/a,n/a,n/a,n/a,-1,-1,n/a,-1,n/a,n/a,-1,-1,-1,-1
1271,2630,character,Patrick_BarnacleBoy_Portrait.png,n/a,n/a,Where to?!,!!QUEST_ID2630_TEXT15,n/a,n/a,n/a,n/a,-1,-1,n/a,-1,n/a,n/a,-1,-1,-1,-1
1272,2630,character,Portrait_Spongebob_Scared.png,n/a,n/a,Somewhere dark where there's lots of people to hide in!,!!QUEST_ID2630_TEXT16,n/a,n/a,n/a,n/a,-1,-1,n/a,-1,n/a,n/a,-1,-1,-1,-1
1273,2630,quest_start,n/a,ReefCinema_Portrait.png,n/a,Escape the Wrath of Angry Heroes,n/a,!!CHUNKQUEST_HEADING_ID2630,n/a,n/a,n/a,-1,-1,n/a,-1,n/a,n/a,-1,-1,-1,-1
1274,2631,quest_complete,n/a,ReefCinema_Portrait.png,n/a,Escape the Wrath of Angry Heroes,n/a,!!CHUNKQUEST_HEADING_ID2630,n/a,n/a,n/a,-1,-1,n/a,-1,n/a,n/a,-1,-1,-1,-1
1275,2631,character,Portrait_GeneScallops.png,n/a,n/a,SpongeBob...our Special Guest...of course…||And Patrick's your +1...also of course...,!!QUEST_ID2631_TEXT1,n/a,n/a,n/a,n/a,-1,-1,n/a,-1,n/a,n/a,-1,-1,-1,-1
1276,2631,character,GeneScallops_Jovial.png,n/a,n/a,But you've brought the real Mermaid Man and Barnacle Boy to my Festival Gala?!||That's VERY FANCY boys!||Thank you thank you!,!!QUEST_ID2631_TEXT2,n/a,n/a,n/a,n/a,-1,-1,n/a,-1,n/a,n/a,-1,-1,-1,-1
1277,2631,character,Portrait_Spongebob_Sad.png,n/a,n/a,Um...yeah that's right…||It's Mermand Man and Barnacle Boy!||We brought them here for you!,!!QUEST_ID2631_TEXT3,n/a,n/a,n/a,n/a,-1,-1,n/a,-1,n/a,n/a,-1,-1,-1,-1
1278,2631,character,GeneScallops_Jovial.png,n/a,n/a,Please gentlemen come in.||This Festival Gala is being held in your honor!,!!QUEST_ID2631_TEXT4,n/a,n/a,n/a,n/a,-1,-1,n/a,-1,n/a,n/a,-1,-1,-1,-1
1279,2631,character,Portrait_MermaidMan_Concerned.png,n/a,n/a,Is there anything to eat?,!!QUEST_ID2631_TEXT5,n/a,n/a,n/a,n/a,-1,-1,n/a,-1,n/a,n/a,-1,-1,-1,-1
1280,2631,character,GeneScallops_Jovial.png,n/a,n/a,Of course!||We're serving coral crumbcake souflee and--,!!QUEST_ID2631_TEXT6,n/a,n/a,n/a,n/a,-1,-1,n/a,-1,n/a,n/a,-1,-1,-1,-1
1281,2631,character,Portrait_MermaidMan_Concerned.png,n/a,n/a,Sounds kind of fancy for my taste but it's better than starving.||Come on Barnacle Boy. Let's eat.,!!QUEST_ID2631_TEXT7,n/a,n/a,n/a,n/a,-1,-1,n/a,-1,n/a,n/a,-1,-1,-1,-1
1282,2631,character,Portrait_BarnacleBoy_Cross.png,n/a,n/a,First give me the Conch Signal back.,!!QUEST_ID2631_TEXT8,n/a,n/a,n/a,n/a,-1,-1,n/a,-1,n/a,n/a,-1,-1,-1,-1
1283,2631,character,Portrait_Spongebob_Sad.png,n/a,n/a,Aw...,!!QUEST_ID2631_TEXT9,n/a,n/a,n/a,n/a,-1,-1,n/a,-1,n/a,n/a,-1,-1,-1,-1
1284,2631,character,Portrait_BarnacleBoy_Cross.png,n/a,n/a,And you if you're going to run around dressed like me at least you should look the part.||Here take my backup costume.||Don't shame the uniform.,!!QUEST_ID2631_TEXT10,n/a,n/a,n/a,n/a,-1,-1,n/a,-1,n/a,n/a,-1,-1,-1,-1
1285,2631,character,Patrick_BarnacleBoy_Portrait.png,n/a,n/a,I won't Barnacle Boy!||It looks...identical to the one SpongeBob made…||Except this one's for real!,!!QUEST_ID2631_TEXT11,n/a,n/a,n/a,n/a,-1,-1,n/a,-1,n/a,n/a,-1,-1,-1,-1
1286,2631,character,spongebob_happy.png,n/a,n/a,Come on Patrick.||We still get to enjoy the Gala!||They're showing a movie!,!!QUEST_ID2631_TEXT12,n/a,n/a,n/a,n/a,-1,-1,n/a,-1,n/a,n/a,-1,-1,-1,-1
1287,2631,character,Patrick_BarnacleBoy_Portrait.png,n/a,n/a,Yeah...no thanks…||I know how it ends...,!!QUEST_ID2631_TEXT13,n/a,n/a,n/a,n/a,-1,-1,n/a,-1,n/a,n/a,-1,-1,-1,-1
1288,2632,character,Portrait_Patrick.png,n/a,n/a,Bummer we missed the Mermaid Man and Barnacle Boy Festival Gala!||I heard it was very fancy.,!!QUEST_ID2632_TEXT1,n/a,n/a,n/a,n/a,-1,-1,n/a,-1,n/a,n/a,-1,-1,-1,-1
1289,2632,character,Portrait_SpongeBob.png,n/a,n/a,Maybe Gene will do it again next year...,!!QUEST_ID2632_TEXT2,n/a,n/a,n/a,n/a,-1,-1,n/a,-1,n/a,n/a,-1,-1,-1,-1
1290,2700,character,spongebob_happy.png,n/a,n/a,Hey Squidward!||Wanna come over and watch TV?,!!QUEST_ID2700_TEXT1,n/a,n/a,n/a,n/a,-1,-1,n/a,-1,n/a,n/a,-1,-1,-1,-1
1291,2700,character,Squidward_Annoyed.png,n/a,n/a,You want me to come over?||And watch TV?||T...V...?||With you?,!!QUEST_ID2700_TEXT2,n/a,n/a,n/a,n/a,-1,-1,n/a,-1,n/a,n/a,-1,-1,-1,-1
1292,2700,character,spongebob_happy.png,n/a,n/a,Yeah the Neptune Gardening Channel is running a marathon all day.||Twenty-four episodes of Watch Seagrass Grow!,!!QUEST_ID2700_TEXT3,n/a,n/a,n/a,n/a,-1,-1,n/a,-1,n/a,n/a,-1,-1,-1,-1
1293,2700,character,Squidward_Annoyed.png,n/a,n/a,I can't believe what passes for entertainment in this town!,!!QUEST_ID2700_TEXT4,n/a,n/a,n/a,n/a,-1,-1,n/a,-1,n/a,n/a,-1,-1,-1,-1
1294,2700,character,Portrait_Squidward.png,n/a,n/a,I know!||I'll give Bikini Bottom some QUALITY entertainment!,!!QUEST_ID2700_TEXT5,n/a,n/a,n/a,n/a,-1,-1,n/a,-1,n/a,n/a,-1,-1,-1,-1
1295,2700,quest_start,n/a,SquidwardPortrait.png,n/a,Have Squidward do One Clarinet Parade For All,n/a,!!QUEST_TITLE_ID2700,n/a,n/a,n/a,-1,-1,n/a,-1,n/a,n/a,-1,-1,-1,-1
1296,2701,quest_complete,n/a,SquidwardPortrait.png,n/a,Have Squidward do One Clarinet Parade For All,n/a,!!QUEST_TITLE_ID2700,n/a,n/a,n/a,-1,-1,n/a,-1,n/a,n/a,-1,-1,-1,-1
1297,2702,character,Portrait_Squilliam_Smug.png,n/a,n/a,Squidward please stop strangling that poor animal!||I can't bear to hear its horrible cries of anguish any longer!,!!QUEST_ID2702_TEXT1,n/a,n/a,n/a,n/a,-1,-1,n/a,-1,n/a,n/a,-1,-1,-1,-1
1298,2702,character,Squidward_Annoyed.png,n/a,n/a,Oh no… ||Squilliam Fancyson my old rival from high school band class...,!!QUEST_ID2702_TEXT2,n/a,n/a,n/a,n/a,-1,-1,n/a,-1,n/a,n/a,-1,-1,-1,-1
1299,2702,character,Portrait_Squilliam_Smug.png,n/a,n/a,Yes Squiddy and I not only have my own band I am fabulously rich famous and living your dreams!,!!QUEST_ID2702_TEXT3,n/a,n/a,n/a,n/a,-1,-1,n/a,-1,n/a,n/a,-1,-1,-1,-1
1300,2702,character,Squidward_Annoyed.png,n/a,n/a,Oh yeah?||I know something I can do better than you!,!!QUEST_ID2702_TEXT4,n/a,n/a,n/a,n/a,-1,-1,n/a,-1,n/a,n/a,-1,-1,-1,-1
1301,2702,quest_start,n/a,SquidwardPortrait.png,n/a,Have Squidward do Paint Another Self-Portrait,n/a,!!QUEST_TITLE_ID2702,n/a,n/a,n/a,-1,-1,n/a,-1,n/a,n/a,-1,-1,-1,-1
1302,2703,quest_complete,n/a,SquidwardPortrait.png,n/a,Have Squidward do Paint Another Self-Portrait,n/a,!!QUEST_TITLE_ID2702,n/a,n/a,n/a,-1,-1,n/a,-1,n/a,n/a,-1,-1,-1,-1
1303,2704,character,Portrait_Squilliam_Smug.png,n/a,n/a,Why Squidward I have just the place for this unique one-of-a-kind unparalleled piece of art...,!!QUEST_ID2704_TEXT1,n/a,n/a,n/a,n/a,-1,-1,n/a,-1,n/a,n/a,-1,-1,-1,-1
1304,2704,character,Portrait_Squidward_Hopeful.png,n/a,n/a,You do?||I mean of course you do!||Do you?,!!QUEST_ID2704_TEXT2,n/a,n/a,n/a,n/a,-1,-1,n/a,-1,n/a,n/a,-1,-1,-1,-1
1305,2704,character,Portrait_Squilliam_Smug.png,n/a,n/a,Yes I'll hang it in my bathroom.||Face it old chum I hear the only instrument you can play is the cash register!,!!QUEST_ID2704_TEXT3,n/a,n/a,n/a,n/a,-1,-1,n/a,-1,n/a,n/a,-1,-1,-1,-1
1306,2704,character,Squidward_Annoyed.png,n/a,n/a,I… ||I… ||I'll have you know I'm the owner of a five star restaurant!,!!QUEST_ID2704_TEXT4,n/a,n/a,n/a,n/a,-1,-1,n/a,-1,n/a,n/a,-1,-1,-1,-1
1307,2704,character,Portrait_Squilliam_Smug.png,n/a,n/a,Excellent -- then you can impress me with a fabulous dining experience!||I'll see you soon at your five star restaurant!,!!QUEST_ID2704_TEXT5,n/a,n/a,n/a,n/a,-1,-1,n/a,-1,n/a,n/a,-1,-1,-1,-1
1308,2704,character,Squidward_Annoyed.png,n/a,n/a,Oh no -- why did I lie!||Lying makes everything worse!||Now Squilliam thinks I own my own restaurant!,!!QUEST_ID2704_TEXT6,n/a,n/a,n/a,n/a,-1,-1,n/a,-1,n/a,n/a,-1,-1,-1,-1
1309,2704,quest_start,n/a,SquidwardPortrait.png,n/a,Have Squidward Beg Mr. Krabs for Help,n/a,!!QUEST_TITLE_ID2704,n/a,n/a,n/a,-1,-1,n/a,-1,n/a,n/a,-1,-1,-1,-1
1310,2705,quest_complete,n/a,SquidwardPortrait.png,n/a,Have Squidward Beg Mr. Krabs for Help,n/a,!!QUEST_TITLE_ID2704,n/a,n/a,n/a,-1,-1,n/a,-1,n/a,n/a,-1,-1,-1,-1
1311,2706,character,Portrait_MrKrabs.png,n/a,n/a,You want me to what?,!!QUEST_ID2706_TEXT1,n/a,n/a,n/a,n/a,-1,-1,n/a,-1,n/a,n/a,-1,-1,-1,-1
1312,2706,character,Squidward_Annoyed.png,n/a,n/a,Just let me pretend I own your restaurant!||Otherwise my friend will see I'm just a big phony and a loser!,!!QUEST_ID2706_TEXT2,n/a,n/a,n/a,n/a,-1,-1,n/a,-1,n/a,n/a,-1,-1,-1,-1
1313,2706,character,Portrait_MrKrabs.png,n/a,n/a,Oh boo-hoo we already know that.||Let me play a sad song for you on the world's smallest violin.,!!QUEST_ID2706_TEXT3,n/a,n/a,n/a,n/a,-1,-1,n/a,-1,n/a,n/a,-1,-1,-1,-1
1314,2706,character,Squidward_Annoyed.png,n/a,n/a,This is serious!,!!QUEST_ID2706_TEXT4,n/a,n/a,n/a,n/a,-1,-1,n/a,-1,n/a,n/a,-1,-1,-1,-1
1315,2706,character,Portrait_MrKrabs_ClawViolin.png,n/a,n/a,I know.||This really is the world's smallest violin.||See?,!!QUEST_ID2706_TEXT5,n/a,n/a,n/a,n/a,-1,-1,n/a,-1,n/a,n/a,-1,-1,-1,-1
1316,2706,character,Squidward_Annoyed.png,n/a,n/a,But if you'd just let me pretend just one time Squilliam will be impressed and--,!!QUEST_ID2706_TEXT6,n/a,n/a,n/a,n/a,-1,-1,n/a,-1,n/a,n/a,-1,-1,-1,-1
1317,2706,character,mrkrabsportrait_moneygrubbing.png,n/a,n/a,Squilliam eh?||Why didn't you say so!||We'll take him to the cleaners!||What's the first step?,!!QUEST_ID2706_TEXT7,n/a,n/a,n/a,n/a,-1,-1,n/a,-1,n/a,n/a,-1,-1,-1,-1
1318,2706,character,Portrait_Squidward.png,n/a,n/a,I need to dress the part.,!!QUEST_ID2706_TEXT8,n/a,n/a,n/a,n/a,-1,-1,n/a,-1,n/a,n/a,-1,-1,-1,-1
1319,2706,quest_start,n/a,SquidwardPortrait.png,n/a,Have Squidward Look for his Tuxedo,n/a,!!QUEST_TITLE_ID2706,n/a,n/a,n/a,-1,-1,n/a,-1,n/a,n/a,-1,-1,-1,-1
1320,2707,quest_complete,n/a,SquidwardPortrait.png,n/a,Have Squidward Look for his Tuxedo,n/a,!!QUEST_TITLE_ID2706,n/a,n/a,n/a,-1,-1,n/a,-1,n/a,n/a,-1,-1,-1,-1
1321,2708,character,Portrait_Squidward.png,n/a,n/a,I knew I still had my tuxedo… ||Ah the 70's...you were a great decade...,!!QUEST_ID2708_TEXT1,n/a,n/a,n/a,n/a,-1,-1,n/a,-1,n/a,n/a,-1,-1,-1,-1
1322,2708,quest_start,n/a,SquidwardPortrait.png,n/a,Be the Boss!,n/a,!!CHUNKQUEST_HEADING_ID2708,n/a,n/a,n/a,-1,-1,n/a,-1,n/a,n/a,-1,-1,-1,-1
1323,2709,quest_complete,n/a,SquidwardPortrait.png,n/a,Be the Boss!,n/a,!!CHUNKQUEST_HEADING_ID2708,n/a,n/a,n/a,-1,-1,n/a,-1,n/a,n/a,-1,-1,-1,-1
1324,2710,character,Portrait_Squidward_SourTux.png,n/a,n/a,These tables are terrible!||So is everything else but you've got to start somewhere.,!!QUEST_ID2710_TEXT1,n/a,n/a,n/a,n/a,-1,-1,n/a,-1,n/a,n/a,-1,-1,-1,-1
1325,2710,character,mrkrabsportrait_stern.png,n/a,n/a,That sounds suspiciously like work Squidward...,!!QUEST_ID2710_TEXT2,n/a,n/a,n/a,n/a,-1,-1,n/a,-1,n/a,n/a,-1,-1,-1,-1
1326,2710,character,Portrait_Squidward_SourTux.png,n/a,n/a,You're right Mr. Krabs.||SpongeBob?,!!QUEST_ID2710_TEXT3,n/a,n/a,n/a,n/a,-1,-1,n/a,-1,n/a,n/a,-1,-1,-1,-1
1327,2710,character,spongebob_happy.png,n/a,n/a,Hello Squidward old buddy old pal--,!!QUEST_ID2710_TEXT4,n/a,n/a,n/a,n/a,-1,-1,n/a,-1,n/a,n/a,-1,-1,-1,-1
1328,2710,character,Portrait_Squidward_SourTux.png,n/a,n/a,We need a fancy table for Squilliam to sit at.||Something worthy of a five star restaurant!,!!QUEST_ID2710_TEXT5,n/a,n/a,n/a,n/a,-1,-1,n/a,-1,n/a,n/a,-1,-1,-1,-1
1329,2710,character,spongebob_happy.png,n/a,n/a,Your wish is my command friend!,!!QUEST_ID2710_TEXT6,n/a,n/a,n/a,n/a,-1,-1,n/a,-1,n/a,n/a,-1,-1,-1,-1
1330,2710,quest_start,n/a,icon_FancyDinnerTable.png,n/a,Buy a Fancy Table,n/a,!!QUEST_TITLE_ID2710,n/a,n/a,n/a,-1,-1,n/a,-1,n/a,n/a,-1,-1,-1,-1
1331,2711,quest_complete,n/a,icon_FancyDinnerTable.png,n/a,Buy a Fancy Table,n/a,!!QUEST_TITLE_ID2710,n/a,n/a,n/a,-1,-1,n/a,-1,n/a,n/a,-1,-1,-1,-1
1332,2712,character,Portrait_Squidward_SourTux.png,n/a,n/a,SpongeBob that table is certainly very fancy… || ...but it's too big to get in through the door!,!!QUEST_ID2712_TEXT1,n/a,n/a,n/a,n/a,-1,-1,n/a,-1,n/a,n/a,-1,-1,-1,-1
1333,2712,character,Portrait_Squidward_SourTux.png,n/a,n/a,Oh well it's pretty horrible in there anyway…||Maybe it's better to have him eat outside like fine patio dining!||That could be extra special fancy!,!!QUEST_ID2712_TEXT2,n/a,n/a,n/a,n/a,-1,-1,n/a,-1,n/a,n/a,-1,-1,-1,-1
1334,2712,character,Portrait_Squidward_SourTux.png,n/a,n/a,But I need a staff!||Mr. Krabs didn't you serve on the SS Gourmet?||Would you cook up something...gourmet?,!!QUEST_ID2712_TEXT3,n/a,n/a,n/a,n/a,-1,-1,n/a,-1,n/a,n/a,-1,-1,-1,-1
1335,2712,character,mrkrabsportrait_moneygrubbing.png,n/a,n/a,Aye aye Squidward!,!!QUEST_ID2712_TEXT4,n/a,n/a,n/a,n/a,-1,-1,n/a,-1,n/a,n/a,-1,-1,-1,-1
1336,2712,character,Portrait_Squidward_SourTux.png,n/a,n/a,And you Patrick--||Wait what are you even doing here?||Nevermind can you take people's coats?,!!QUEST_ID2712_TEXT5,n/a,n/a,n/a,n/a,-1,-1,n/a,-1,n/a,n/a,-1,-1,-1,-1
1337,2712,character,Portrait_Patrick.png,n/a,n/a,Sure can!||Whether they want me to or not!||I'll practice on this coat rack!,!!QUEST_ID2712_TEXT6,n/a,n/a,n/a,n/a,-1,-1,n/a,-1,n/a,n/a,-1,-1,-1,-1
1338,2712,character,Portrait_Squidward_SourTux.png,n/a,n/a,SpongeBob I need you to be the waiter.,!!QUEST_ID2712_TEXT7,n/a,n/a,n/a,n/a,-1,-1,n/a,-1,n/a,n/a,-1,-1,-1,-1
1339,2712,character,spongebob_quizzical.png,n/a,n/a,What's that?,!!QUEST_ID2712_TEXT8,n/a,n/a,n/a,n/a,-1,-1,n/a,-1,n/a,n/a,-1,-1,-1,-1
1340,2712,character,Portrait_Squidward_SourTux.png,n/a,n/a,It's the guy who goes to tables and takes orders.,!!QUEST_ID2712_TEXT9,n/a,n/a,n/a,n/a,-1,-1,n/a,-1,n/a,n/a,-1,-1,-1,-1
1341,2712,character,spongebob_quizzical.png,n/a,n/a,Do other restaurants do that?,!!QUEST_ID2712_TEXT10,n/a,n/a,n/a,n/a,-1,-1,n/a,-1,n/a,n/a,-1,-1,-1,-1
1342,2712,character,Portrait_Squidward_SourTux.png,n/a,n/a,Yes they do that!||Listen Squilliam is coming and you have to memorize this book on how to become a fancy waiter.,!!QUEST_ID2712_TEXT11,n/a,n/a,n/a,n/a,-1,-1,n/a,-1,n/a,n/a,-1,-1,-1,-1
1343,2712,character,spongebob_determined.png,n/a,n/a,Don't worry Squidward.||I'll memorize every page right down to the punctuation marks!,!!QUEST_ID2712_TEXT12,n/a,n/a,n/a,n/a,-1,-1,n/a,-1,n/a,n/a,-1,-1,-1,-1
1344,2712,character,Portrait_Squidward_Fancy.png,n/a,n/a,All right I've got all the positions filled.||I just might pull this off!,!!QUEST_ID2712_TEXT13,n/a,n/a,n/a,n/a,-1,-1,n/a,-1,n/a,n/a,-1,-1,-1,-1
1345,2712,quest_start,n/a,SquidwardPortrait.png,n/a,It's a Montage!,n/a,!!CHUNKQUEST_HEADING_ID2712,n/a,n/a,n/a,-1,-1,n/a,-1,n/a,n/a,-1,-1,-1,-1
1346,2713,quest_complete,n/a,SquidwardPortrait.png,n/a,It's a Montage!,n/a,!!CHUNKQUEST_HEADING_ID2712,n/a,n/a,n/a,-1,-1,n/a,-1,n/a,n/a,-1,-1,-1,-1
1347,2714,character,Portrait_Squidward_Appalled.png,n/a,n/a,Patrick!||What are you doing to that poor coat rack?!,!!QUEST_ID2714_TEXT1,n/a,n/a,n/a,n/a,-1,-1,n/a,-1,n/a,n/a,-1,-1,-1,-1
1348,2714,character,Portrait_Patrick_Angry.png,n/a,n/a,Give me that hat!||I said give it to me!||Are you going to hand it over or not?||Don't you back-sass me!,!!QUEST_ID2714_TEXT2,n/a,n/a,n/a,n/a,-1,-1,n/a,-1,n/a,n/a,-1,-1,-1,-1
1349,2714,character,Portrait_Squidward_Appalled.png,n/a,n/a,And what's going on in the kitchen?!||Was that an explosion?!||Ack -- what is that monstrosity on the stove?!,!!QUEST_ID2714_TEXT3,n/a,n/a,n/a,n/a,-1,-1,n/a,-1,n/a,n/a,-1,-1,-1,-1
1350,2714,character,Portrait_MrKrabs_CoveredInFood.png,n/a,n/a,The appetizer!||Made the old fashioned way!,!!QUEST_ID2714_TEXT4,n/a,n/a,n/a,n/a,-1,-1,n/a,-1,n/a,n/a,-1,-1,-1,-1
1351,2714,character,Portrait_Squidward_Appalled.png,n/a,n/a,You have to take food out of the cans first!||I thought you were the chef on the SS Gourmet!,!!QUEST_ID2714_TEXT5,n/a,n/a,n/a,n/a,-1,-1,n/a,-1,n/a,n/a,-1,-1,-1,-1
1352,2714,character,Portrait_MrKrabs_CoveredInFood.png,n/a,n/a,I cleaned the toilets on the SS Gourmet.||I was the cook on the SS Diarrhea.,!!QUEST_ID2714_TEXT6,n/a,n/a,n/a,n/a,-1,-1,n/a,-1,n/a,n/a,-1,-1,-1,-1
1353,2714,character,Portrait_Squidward_Appalled.png,n/a,n/a,SpongeBob you're the only one left who can help me… ||Wha… ||What's wrong with you SpongeBob?,!!QUEST_ID2714_TEXT7,n/a,n/a,n/a,n/a,-1,-1,n/a,-1,n/a,n/a,-1,-1,-1,-1
1354,2714,character,Portrait_Spongebob_Bonkers.png,n/a,n/a,Every sentence every paragraph... spoons... salad... pepper... don't you understand?||I'm going to explode!!!,!!QUEST_ID2714_TEXT8,n/a,n/a,n/a,n/a,-1,-1,n/a,-1,n/a,n/a,-1,-1,-1,-1
1355,2714,character,Portrait_Squidward_Fancy.png,n/a,n/a,SpongeBob hold on just relax.||I want you to empty your mind...,!!QUEST_ID2714_TEXT9,n/a,n/a,n/a,n/a,-1,-1,n/a,-1,n/a,n/a,-1,-1,-1,-1
1356,2714,character,Portrait_Spongebob_Bonkers.png,n/a,n/a,Empty my mind?,!!QUEST_ID2714_TEXT10,n/a,n/a,n/a,n/a,-1,-1,n/a,-1,n/a,n/a,-1,-1,-1,-1
1357,2714,character,Portrait_Squidward_Fancy.png,n/a,n/a,Empty your mind of everything that doesn't have to do with fine dining...,!!QUEST_ID2714_TEXT11,n/a,n/a,n/a,n/a,-1,-1,n/a,-1,n/a,n/a,-1,-1,-1,-1
1358,2714,quest_start,n/a,SpongebobPortrait.png,n/a,Have SpongeBob Empty His Mind...,n/a,!!QUEST_TITLE_ID2714,n/a,n/a,n/a,-1,-1,n/a,-1,n/a,n/a,-1,-1,-1,-1
1359,2715,quest_complete,n/a,SpongebobPortrait.png,n/a,Have SpongeBob Empty His Mind...,n/a,!!QUEST_TITLE_ID2714,n/a,n/a,n/a,-1,-1,n/a,-1,n/a,n/a,-1,-1,-1,-1
1360,2716,character,Portrait_Squidward_SourTux.png,n/a,n/a,Just look at him… ||Vacant...drooling...just like Patrick...,!!QUEST_ID2716_TEXT1,n/a,n/a,n/a,n/a,-1,-1,n/a,-1,n/a,n/a,-1,-1,-1,-1
1361,2716,character,Portrait_Squidward_SourTux.png,n/a,n/a,It's over...,!!QUEST_ID2716_TEXT2,n/a,n/a,n/a,n/a,-1,-1,n/a,-1,n/a,n/a,-1,-1,-1,-1
1362,2716,quest_start,n/a,SquidwardPortrait.png,n/a,Have Squidward Mourn Hopes and Dreams,n/a,!!QUEST_TITLE_ID2716,n/a,n/a,n/a,-1,-1,n/a,-1,n/a,n/a,-1,-1,-1,-1
1363,2717,quest_complete,n/a,SquidwardPortrait.png,n/a,Have Squidward Mourn Hopes and Dreams,n/a,!!QUEST_TITLE_ID2716,n/a,n/a,n/a,-1,-1,n/a,-1,n/a,n/a,-1,-1,-1,-1
1364,2718,character,spongebob_quizzical.png,n/a,n/a,I've cleared my mind… || ...of every single thing… || ...except for...,!!QUEST_ID2718_TEXT1,n/a,n/a,n/a,n/a,-1,-1,n/a,-1,n/a,n/a,-1,-1,-1,-1
1365,2718,character,spongebob_determined.png,n/a,n/a,Fine Dining!,!!QUEST_ID2718_TEXT2,n/a,n/a,n/a,n/a,-1,-1,n/a,-1,n/a,n/a,-1,-1,-1,-1
1366,2718,quest_start,n/a,KrabbyNewburg.png,n/a,Make Krabby Newburg,n/a,!!QUEST_TITLE_ID2718,n/a,n/a,n/a,-1,-1,n/a,-1,n/a,n/a,-1,-1,-1,-1
1367,2719,quest_complete,n/a,KrabbyNewburg.png,n/a,Make Krabby Newburg,n/a,!!QUEST_TITLE_ID2718,n/a,n/a,n/a,-1,-1,n/a,-1,n/a,n/a,-1,-1,-1,-1
1368,2720,character,Portrait_Squidward_SourTux.png,n/a,n/a,I can't hide in my house forever.||It's time to go face the music… || ...and tell Squilliam I'm nothing but a--,!!QUEST_ID2720_TEXT1,n/a,n/a,n/a,n/a,-1,-1,n/a,-1,n/a,n/a,-1,-1,-1,-1
1369,2720,character,Portrait_Squilliam_Smug.png,n/a,n/a,Hello Squiddy!||I'm hungry and ready for your five star fine dining experience!,!!QUEST_ID2720_TEXT2,n/a,n/a,n/a,n/a,-1,-1,n/a,-1,n/a,n/a,-1,-1,-1,-1
1370,2720,character,Portrait_Squidward_SourTux.png,n/a,n/a,Well it's like this Squilliam...,!!QUEST_ID2720_TEXT3,n/a,n/a,n/a,n/a,-1,-1,n/a,-1,n/a,n/a,-1,-1,-1,-1
1371,2720,character,spongebob_happy.png,n/a,n/a,Sit right here Mr. Fancyson at this fancy table reserved just for you!,!!QUEST_ID2720_TEXT4,n/a,n/a,n/a,n/a,-1,-1,n/a,-1,n/a,n/a,-1,-1,-1,-1
1372,2720,character,Portrait_Squidward_SurprisedTux.png,n/a,n/a,Whaaa...?,!!QUEST_ID2720_TEXT5,n/a,n/a,n/a,n/a,-1,-1,n/a,-1,n/a,n/a,-1,-1,-1,-1
1373,2720,character,Portrait_Squilliam_Concerned.png,n/a,n/a,Oh...my… ||This IS a fancy table...,!!QUEST_ID2720_TEXT6,n/a,n/a,n/a,n/a,-1,-1,n/a,-1,n/a,n/a,-1,-1,-1,-1
1374,2720,character,spongebob_happy.png,n/a,n/a,And here's our special of the day… ||Krabby Newberg!||Fresh hot and made especially for you!,!!QUEST_ID2720_TEXT7,n/a,n/a,n/a,n/a,-1,-1,n/a,-1,n/a,n/a,-1,-1,-1,-1
1375,2720,character,Portrait_Squilliam.png,n/a,n/a,Mmm… ||This is fantastic!||I'm...I'm speechless Squidward!,!!QUEST_ID2720_TEXT8,n/a,n/a,n/a,n/a,-1,-1,n/a,-1,n/a,n/a,-1,-1,-1,-1
1376,2720,character,Portrait_Squidward_SmugTux.png,n/a,n/a,No you're not.||Let's hear it Squilliam FancyPants.||I'm waiting...,!!QUEST_ID2720_TEXT9,n/a,n/a,n/a,n/a,-1,-1,n/a,-1,n/a,n/a,-1,-1,-1,-1
1377,2720,character,Portrait_Squilliam.png,n/a,n/a,All right I admit it.||Everything is fabulous!||The food the atmosphere!||Everything's flawless!,!!QUEST_ID2720_TEXT10,n/a,n/a,n/a,n/a,-1,-1,n/a,-1,n/a,n/a,-1,-1,-1,-1
1378,2720,character,Portrait_Squilliam.png,n/a,n/a,And your incredible waiter I must know his name.,!!QUEST_ID2720_TEXT11,n/a,n/a,n/a,n/a,-1,-1,n/a,-1,n/a,n/a,-1,-1,-1,-1
1379,2720,character,spongebob_quizzical.png,n/a,n/a,My name...?||My name...?||My...,!!QUEST_ID2720_TEXT12,n/a,n/a,n/a,n/a,-1,-1,n/a,-1,n/a,n/a,-1,-1,-1,-1
1380,2720,quest_start,n/a,SpongebobPortrait.png,n/a,Have SpongeBob Try to Remember His Name,n/a,!!QUEST_TITLE_ID2720,n/a,n/a,n/a,-1,-1,n/a,-1,n/a,n/a,-1,-1,-1,-1
1381,2721,quest_complete,n/a,SpongebobPortrait.png,n/a,Have SpongeBob Try to Remember His Name,n/a,!!QUEST_TITLE_ID2720,n/a,n/a,n/a,-1,-1,n/a,-1,n/a,n/a,-1,-1,-1,-1
1382,2721,character,Portrait_Patrick_Worried.png,n/a,n/a,Watch out everybody -- SpongeBob has lost his mind!||He's...he's...it's a...||R-A-M-P-A-G-E-!-!-!||He's attacking everybody!,!!QUEST_ID2721_TEXT1,n/a,n/a,n/a,n/a,-1,-1,n/a,-1,n/a,n/a,-1,-1,-1,-1
1383,2721,character,Portrait_MrKrabs_Scared.png,n/a,n/a,And so is the Appetizer!||Everybody run for the hills!,!!QUEST_ID2721_TEXT2,n/a,n/a,n/a,n/a,-1,-1,n/a,-1,n/a,n/a,-1,-1,-1,-1
1384,2721,character,Portrait_Squilliam_Smug.png,n/a,n/a,Not you Squidward.||Isn't there something you want to tell me?,!!QUEST_ID2721_TEXT3,n/a,n/a,n/a,n/a,-1,-1,n/a,-1,n/a,n/a,-1,-1,-1,-1
1385,2721,character,Portrait_Squidward_SourTux.png,n/a,n/a,FINE!||I admit it I'm a fraud!||This was all a futile pathetic attempt to impress you.||I'm just a cashier!,!!QUEST_ID2721_TEXT4,n/a,n/a,n/a,n/a,-1,-1,n/a,-1,n/a,n/a,-1,-1,-1,-1
1386,2721,character,Portrait_Squilliam_Concerned.png,n/a,n/a,Squidward I have a confession too.||I have no yachts or jets I made all that up to impress YOU!,!!QUEST_ID2721_TEXT5,n/a,n/a,n/a,n/a,-1,-1,n/a,-1,n/a,n/a,-1,-1,-1,-1
1387,2721,character,Portrait_Squilliam_Concerned.png,n/a,n/a,The horrible sad truth is I'm a cashier too!,!!QUEST_ID2721_TEXT6,n/a,n/a,n/a,n/a,-1,-1,n/a,-1,n/a,n/a,-1,-1,-1,-1
1388,2721,character,Portrait_Squidward_Fancy.png,n/a,n/a,Really?,!!QUEST_ID2721_TEXT7,n/a,n/a,n/a,n/a,-1,-1,n/a,-1,n/a,n/a,-1,-1,-1,-1
1389,2721,character,Portrait_Squilliam_Smug.png,n/a,n/a,Of course not!||I'm filthy stinking rich and better than you in every way!,!!QUEST_ID2721_TEXT8,n/a,n/a,n/a,n/a,-1,-1,n/a,-1,n/a,n/a,-1,-1,-1,-1
1390,2721,character,Portrait_Squilliam_Smug.png,n/a,n/a,And I have your terrible self portrait hanging in my bathroom to remind me every time I go.||Ta ta!,!!QUEST_ID2721_TEXT9,n/a,n/a,n/a,n/a,-1,-1,n/a,-1,n/a,n/a,-1,-1,-1,-1
1391,2721,character,Portrait_Spongebob_Ice.png,n/a,n/a,Ugh I've got such a headache.||Hey Squidward what's going on with you?,!!QUEST_ID2721_TEXT10,n/a,n/a,n/a,n/a,-1,-1,n/a,-1,n/a,n/a,-1,-1,-1,-1
1392,2721,character,Portrait_Squidward_SourTux.png,n/a,n/a,Oh the usual.,!!QUEST_ID2721_TEXT11,n/a,n/a,n/a,n/a,-1,-1,n/a,-1,n/a,n/a,-1,-1,-1,-1
1393,2722,character,Squidward_Annoyed.png,n/a,n/a,Thanksgiving's for suckers!||Looks like I missed my chance to show that smug Squilliam who throws the better banquet.||Why do I fail at everything?,!!QUEST_ID2722_TEXT1,n/a,n/a,n/a,n/a,-1,-1,n/a,-1,n/a,n/a,-1,-1,-1,-1
1394,2800,character,spongebob_happy.png,n/a,n/a,Patrick it's that time of year again!,!!QUEST_ID2800_TEXT1,n/a,n/a,n/a,n/a,-1,-1,n/a,-1,n/a,n/a,-1,-1,-1,-1
1395,2800,character,Portrait_Patrick.png,n/a,n/a,Time to wash my socks?,!!QUEST_ID2800_TEXT2,n/a,n/a,n/a,n/a,-1,-1,n/a,-1,n/a,n/a,-1,-1,-1,-1
1396,2800,character,Portrait_SpongeBob.png,n/a,n/a,No that's in January.||It's still only December.,!!QUEST_ID2800_TEXT3,n/a,n/a,n/a,n/a,-1,-1,n/a,-1,n/a,n/a,-1,-1,-1,-1
1397,2800,character,Portrait_Patrick.png,n/a,n/a,ONLY December?||How can you say that SpongeBob?!||It's not ONLY December...||It's CHRISTMAS TIME!,!!QUEST_ID2800_TEXT4,n/a,n/a,n/a,n/a,-1,-1,n/a,-1,n/a,n/a,-1,-1,-1,-1
1398,2800,character,spongebob_happy.png,n/a,n/a,I know!||That's what I'm saying!||It's only a few weeks away!,!!QUEST_ID2800_TEXT5,n/a,n/a,n/a,n/a,-1,-1,n/a,-1,n/a,n/a,-1,-1,-1,-1
1399,2800,character,Portrait_Patrick.png,n/a,n/a,What do we do?||What do we do?||What do we do?,!!QUEST_ID2800_TEXT6,n/a,n/a,n/a,n/a,-1,-1,n/a,-1,n/a,n/a,-1,-1,-1,-1
1400,2800,character,spongebob_determined.png,n/a,n/a,Redecorate.,!!QUEST_ID2800_TEXT7,n/a,n/a,n/a,n/a,-1,-1,n/a,-1,n/a,n/a,-1,-1,-1,-1
1401,2800,quest_start,n/a,SpongebobPortrait.png,n/a,Have SpongeBob Find Holiday Decorations in his Attic,n/a,!!QUEST_TITLE_ID2800,n/a,n/a,n/a,-1,-1,n/a,-1,n/a,n/a,-1,-1,-1,-1
1402,2801,quest_complete,n/a,SpongebobPortrait.png,n/a,Have SpongeBob Find Holiday Decorations in his Attic,n/a,!!QUEST_TITLE_ID2800,n/a,n/a,n/a,-1,-1,n/a,-1,n/a,n/a,-1,-1,-1,-1
1403,2802,character,spongebob_quizzical.png,n/a,n/a,I swear I used have tons of stuff for the holidays...||Where did it all go?,!!QUEST_ID2802_TEXT1,n/a,n/a,n/a,n/a,-1,-1,n/a,-1,n/a,n/a,-1,-1,-1,-1
1404,2802,character,Portrait_Patrick_Neutral.png,n/a,n/a,All there is up here is a Santa Hat and some Christmas Tree decorations.,!!QUEST_ID2802_TEXT2,n/a,n/a,n/a,n/a,-1,-1,n/a,-1,n/a,n/a,-1,-1,-1,-1
1405,2802,character,spongebob_happy.png,n/a,n/a,Well at least I saw holiday decorations added to the store to buy.||And this Santa Hat is sweet!||I bet if I put it on I'd look just like the jolly man himself!,!!QUEST_ID2802_TEXT3,n/a,n/a,n/a,n/a,-1,-1,n/a,-1,n/a,n/a,-1,-1,-1,-1
1406,2804,character,Portrait_Patrick.png,n/a,n/a,I want to dress up like the holidays too SpongeBob!,!!QUEST_ID2804_TEXT1,n/a,n/a,n/a,n/a,-1,-1,n/a,-1,n/a,n/a,-1,-1,-1,-1
1407,2804,character,spongebob_happy.png,n/a,n/a,Great!||What are you going to do?,!!QUEST_ID2804_TEXT2,n/a,n/a,n/a,n/a,-1,-1,n/a,-1,n/a,n/a,-1,-1,-1,-1
1408,2804,character,Portrait_Patrick.png,n/a,n/a,I'll use the rest of this stuff from your attic...||...and...||...it will be a surprise!||To both of us!,!!QUEST_ID2804_TEXT3,n/a,n/a,n/a,n/a,-1,-1,n/a,-1,n/a,n/a,-1,-1,-1,-1
1409,2804,quest_start,n/a,PatrickPortrait.png,n/a,Have Patrick Make a Holiday Outfit,n/a,!!QUEST_TITLE_ID2804,n/a,n/a,n/a,-1,-1,n/a,-1,n/a,n/a,-1,-1,-1,-1
1410,2805,quest_complete,n/a,PatrickPortrait.png,n/a,Have Patrick Make a Holiday Outfit,n/a,!!QUEST_TITLE_ID2804,n/a,n/a,n/a,-1,-1,n/a,-1,n/a,n/a,-1,-1,-1,-1
1411,2806,character,Portrait_Patrick.png,n/a,n/a,BEST...||...CHRISTMAS...||...OUTFIT...||...EVER!,!!QUEST_ID2806_TEXT1,n/a,n/a,n/a,n/a,-1,-1,n/a,-1,n/a,n/a,-1,-1,-1,-1
1412,2806,character,spongebob_quizzical.png,n/a,n/a,I dunno Patrick...||It still looks like a pile of tree decorations to me...,!!QUEST_ID2806_TEXT2,n/a,n/a,n/a,n/a,-1,-1,n/a,-1,n/a,n/a,-1,-1,-1,-1
1413,2806,character,Portrait_Patrick.png,n/a,n/a,To the untrained eye maybe ScroogeBob SourPants!||Just wait till I put it on!,!!QUEST_ID2806_TEXT3,n/a,n/a,n/a,n/a,-1,-1,n/a,-1,n/a,n/a,-1,-1,-1,-1
1414,2806,character,spongebob_happy.png,n/a,n/a,Why wait?||Let's dress up and spread some holiday cheer!,!!QUEST_ID2806_TEXT4,n/a,n/a,n/a,n/a,-1,-1,n/a,-1,n/a,n/a,-1,-1,-1,-1
1415,2806,quest_start,n/a,SpongebobPortrait.png,n/a,Dress Up and Cheer!,n/a,!!CHUNKQUEST_HEADING_ID2806,n/a,n/a,n/a,-1,-1,n/a,-1,n/a,n/a,-1,-1,-1,-1
1416,2807,quest_complete,n/a,SpongebobPortrait.png,n/a,Dress Up and Cheer!,n/a,!!CHUNKQUEST_HEADING_ID2806,n/a,n/a,n/a,-1,-1,n/a,-1,n/a,n/a,-1,-1,-1,-1
1417,2850,quest_start,n/a,SpongebobPortrait.png,n/a,...and Cheer!,n/a,!!CHUNKQUEST_HEADING_ID2850,n/a,n/a,n/a,-1,-1,n/a,-1,n/a,n/a,-1,-1,-1,-1
1418,2851,quest_complete,n/a,SpongebobPortrait.png,n/a,...and Cheer!,n/a,!!CHUNKQUEST_HEADING_ID2850,n/a,n/a,n/a,-1,-1,n/a,-1,n/a,n/a,-1,-1,-1,-1
1419,2808,character,Portrait_Spongebob_SantaHat_Sad.png,n/a,n/a,Judy told me to go away.||She said she was still full from Thanksgiving.,!!QUEST_ID2808_TEXT1,n/a,n/a,n/a,n/a,-1,-1,n/a,-1,n/a,n/a,-1,-1,-1,-1
1420,2808,character,Portrait_Patrick_ChristmasTree_Sad.png,n/a,n/a,And Bill said he's still eating his Halloween candy.,!!QUEST_ID2808_TEXT2,n/a,n/a,n/a,n/a,-1,-1,n/a,-1,n/a,n/a,-1,-1,-1,-1
1421,2808,character,Portrait_Spongebob_SantaHat_Sad.png,n/a,n/a,Patrick maybe WE'RE the problem.||We can't get anyone into the Holiday Spirit because WE don't have enough ourselves.,!!QUEST_ID2808_TEXT3,n/a,n/a,n/a,n/a,-1,-1,n/a,-1,n/a,n/a,-1,-1,-1,-1
1422,2808,character,Portrait_Patrick_ChristmasTree_Sad.png,n/a,n/a,It's true.||Everything is our fault.||Always is.,!!QUEST_ID2808_TEXT4,n/a,n/a,n/a,n/a,-1,-1,n/a,-1,n/a,n/a,-1,-1,-1,-1
1423,2808,character,Portrait_Spongebob_SantaHat_Sad.png,n/a,n/a,I know what can turn my frown upside down!||Grandma SquarePants' Snickerdoodles!||I just need to dig up the recipe and find a Spice Shack...,!!QUEST_ID2808_TEXT5,n/a,n/a,n/a,n/a,-1,-1,n/a,-1,n/a,n/a,-1,-1,-1,-1
1424,2808,quest_line_start,n/a,Portrait_XmasRecipes.png,Portrait_Patrick_ChristmasTree_Excited.png,Fuel the Fun with Tasty Treats!,n/a,n/a,!!EPISODE_TITLE_FUEL_FUN,!!EPISODE_BODY_FUEL_FUN,n/a,25,250,n/a,-1,n/a,n/a,-1,-1,-1,-1
1425,2808,quest_start,n/a,SpiceShackSnowy_Portrait.png,n/a,Sugar and Spice,n/a,!!CHUNKQUEST_HEADING_ID2808,n/a,n/a,n/a,-1,-1,n/a,-1,n/a,n/a,-1,-1,-1,-1
1426,2809,quest_complete,n/a,SpiceShackSnowy_Portrait.png,n/a,Sugar and Spice,n/a,!!CHUNKQUEST_HEADING_ID2808,n/a,n/a,n/a,-1,-1,n/a,-1,n/a,n/a,-1,-1,-1,-1
1427,2810,character,Portrait_SpongeBob_SantaHat.png,n/a,n/a,First step get ready...||Second step get set...||Third step GO!||Holiday Spirit here I come!,!!QUEST_ID2810_TEXT1,n/a,n/a,n/a,n/a,-1,-1,n/a,-1,n/a,n/a,-1,-1,-1,-1
1428,2810,quest_start,n/a,SpongebobPortrait.png,n/a,The Spirit of Snickerdoodles!,n/a,!!CHUNKQUEST_HEADING_ID2810,n/a,1,n/a,-1,-1,n/a,-1,n/a,n/a,-1,-1,-1,-1
1429,2811,quest_complete,n/a,SpongebobPortrait.png,n/a,The Spirit of Snickerdoodles!,n/a,!!CHUNKQUEST_HEADING_ID2810,n/a,n/a,n/a,-1,-1,n/a,-1,n/a,n/a,-1,-1,-1,-1
1430,2852,quest_start,n/a,Portrait_SpongeBob_SantaHat.png,n/a,Put on SpongeBob's Santa Hat,n/a,!!QUEST_TITLE_ID2852,n/a,1,n/a,-1,-1,n/a,-1,n/a,n/a,-1,-1,-1,-1
1431,2853,quest_complete,n/a,Portrait_SpongeBob_SantaHat.png,n/a,Put on SpongeBob's Santa Hat,n/a,!!QUEST_TITLE_ID2852,n/a,n/a,n/a,-1,-1,n/a,-1,n/a,n/a,-1,-1,-1,-1
1432,2854,quest_start,n/a,sb_item_snickerdoodle.png,n/a,Feed Snickerdoodles to SpongeBob,n/a,!!QUEST_TITLE_ID2854,n/a,1,n/a,-1,-1,n/a,-1,n/a,n/a,-1,-1,-1,-1
1433,2855,quest_complete,n/a,sb_item_snickerdoodle.png,n/a,Feed Snickerdoodles to SpongeBob,n/a,!!QUEST_TITLE_ID2854,n/a,n/a,n/a,-1,-1,n/a,-1,n/a,n/a,-1,-1,-1,-1
1434,2812,character,Portrait_Patrick_ChristmasTree.png,n/a,n/a,Those would look delicious SpongeBob...||...if I wanted to eat tree bark.||That's what cinnamon is you know.,!!QUEST_ID2812_TEXT1,n/a,n/a,n/a,n/a,-1,-1,n/a,-1,n/a,n/a,-1,-1,-1,-1
1435,2812,character,spongebob_excited_santahat.png,n/a,n/a,More for me then!||Snickerdoodles are my Special Wish a family recipe no one craves but me and only when I'm wearing this Santa Hat!,!!QUEST_ID2812_TEXT2,n/a,n/a,n/a,n/a,-1,-1,n/a,-1,n/a,n/a,-1,-1,-1,-1
1436,2812,character,Portrait_Patrick_ChristmasTree_Excited.png,n/a,n/a,I have one of those too!||Chocolates!||And chocolates are waaaay simpler to make than your Grandma's Snoodlenickers.,!!QUEST_ID2812_TEXT3,n/a,n/a,n/a,n/a,-1,-1,n/a,-1,n/a,n/a,-1,-1,-1,-1
1437,2812,character,Portrait_SpongeBob_SantaHat.png,n/a,n/a,Snickerdoodles.||And Chocolates might be easier to make but they don't make them in the Bakery.,!!QUEST_ID2812_TEXT4,n/a,n/a,n/a,n/a,-1,-1,n/a,-1,n/a,n/a,-1,-1,-1,-1
1438,2812,character,spongebob_excited_santahat.png,n/a,n/a,It'll take a whole Treat Shop!,!!QUEST_ID2812_TEXT5,n/a,n/a,n/a,n/a,-1,-1,n/a,-1,n/a,n/a,-1,-1,-1,-1
1439,2812,quest_start,n/a,TreatShop_Portrait.png,n/a,Treats and Sweets,n/a,!!CHUNKQUEST_HEADING_ID2812,n/a,n/a,n/a,-1,-1,n/a,-1,n/a,n/a,-1,-1,-1,-1
1440,2813,quest_complete,n/a,TreatShop_Portrait.png,n/a,Treats and Sweets,n/a,!!CHUNKQUEST_HEADING_ID2812,n/a,n/a,n/a,-1,-1,n/a,-1,n/a,n/a,-1,-1,-1,-1
1441,2814,character,Portrait_Patrick_ChristmasTree_Excited.png,n/a,n/a,One for the money...||Two for the show...||Three to get ready...||Four to...um...CHOCOLATES!,!!QUEST_ID2814_TEXT1,n/a,n/a,n/a,n/a,-1,-1,n/a,-1,n/a,n/a,-1,-1,-1,-1
1442,2814,quest_start,n/a,PatrickPortrait.png,n/a,Chocolate Holiday!,n/a,!!CHUNKQUEST_HEADING_ID2814,n/a,n/a,n/a,-1,-1,n/a,-1,n/a,n/a,-1,-1,-1,-1
1443,2815,quest_complete,n/a,PatrickPortrait.png,n/a,Chocolate Holiday!,n/a,!!CHUNKQUEST_HEADING_ID2814,n/a,n/a,n/a,-1,-1,n/a,-1,n/a,n/a,-1,-1,-1,-1
1444,2816,character,Portrait_Patrick_ChristmasTree_Excited.png,n/a,n/a,Chocolates are MY Special Wish a recipe no one craves but me and only when I'm wearing my Christmas Tree Outfit!,!!QUEST_ID2816_TEXT1,n/a,n/a,n/a,n/a,-1,-1,n/a,-1,n/a,n/a,-1,-1,-1,-1
1445,2816,character,spongebob_quizzical_santahat.png,n/a,n/a,What do you mean?||EVERYBODY likes chocolates...||You really think no one else is ever gonna wish for any?,!!QUEST_ID2816_TEXT2,n/a,n/a,n/a,n/a,-1,-1,n/a,-1,n/a,n/a,-1,-1,-1,-1
1446,2816,character,Portrait_Patrick_ChristmasTree.png,n/a,n/a,Yes.||Yes I do.,!!QUEST_ID2816_TEXT3,n/a,n/a,n/a,n/a,-1,-1,n/a,-1,n/a,n/a,-1,-1,-1,-1
1447,2816,quest_line_complete,n/a,Portrait_XmasRecipes.png,Portrait_Patrick_ChristmasTree_Excited.png,Fuel the Fun with Tasty Treats!,n/a,n/a,!!EPISODE_TITLE_FUEL_FUN,!!EPISODE_BODY_FUEL_FUN_END,n/a,25,250,n/a,-1,n/a,n/a,-1,-1,-1,-1
1448,2816,character,spongebob_excited_santahat.png,n/a,n/a,All right Patrick!||Powered by holiday treats I feel the holiday spirit and I'm ready to share it!,!!QUEST_ID2816_TEXT4,n/a,n/a,n/a,n/a,-1,-1,n/a,-1,n/a,n/a,-1,-1,-1,-1
1449,2816,character,Portrait_Patrick_ChristmasTree_Excited.png,n/a,n/a,Me too!||I can feel the holiday spirit swelling in my belly!,!!QUEST_ID2816_TEXT5,n/a,n/a,n/a,n/a,-1,-1,n/a,-1,n/a,n/a,-1,-1,-1,-1
1450,2816,character,Portrait_SpongeBob_SantaHat.png,n/a,n/a,You make it sound like gas...,!!QUEST_ID2816_TEXT6,n/a,n/a,n/a,n/a,-1,-1,n/a,-1,n/a,n/a,-1,-1,-1,-1
1451,2816,character,Portrait_Patrick_ChristmasTree_Excited.png,n/a,n/a,It is!||Fuel for Fun and Festivities!||Let's go spread it around!,!!QUEST_ID2816_TEXT7,n/a,n/a,n/a,n/a,-1,-1,n/a,-1,n/a,n/a,-1,-1,-1,-1
1452,2816,character,Portrait_SpongeBob_SantaHat.png,n/a,n/a,Just the holiday spirit part okay?||Not the gas.,!!QUEST_ID2816_TEXT8,n/a,n/a,n/a,n/a,-1,-1,n/a,-1,n/a,n/a,-1,-1,-1,-1
1453,2816,character,Portrait_Patrick_ChristmasTree.png,n/a,n/a,But it's the season of giving!||Well okay as long as you don't think I'm being selfish...,!!QUEST_ID2816_TEXT9,n/a,n/a,n/a,n/a,-1,-1,n/a,-1,n/a,n/a,-1,-1,-1,-1
1454,2816,quest_start,n/a,SpongebobPortrait.png,n/a,Dress up and Cheer Again!,n/a,!!CHUNKQUEST_HEADING_ID2816,n/a,n/a,n/a,-1,-1,n/a,-1,n/a,n/a,-1,-1,-1,-1
1455,2817,quest_complete,n/a,SpongebobPortrait.png,n/a,Dress up and Cheer Again!,n/a,!!CHUNKQUEST_HEADING_ID2816,n/a,n/a,n/a,-1,-1,n/a,-1,n/a,n/a,-1,-1,-1,-1
1456,2818,character,spongebob_excited_santahat.png,n/a,n/a,Nobody's telling me to go away anymore!||It's a Christmas miracle!,!!QUEST_ID2818_TEXT1,n/a,n/a,n/a,n/a,-1,-1,n/a,-1,n/a,n/a,-1,-1,-1,-1
1457,2818,character,Portrait_Patrick_ChristmasTree_Excited.png,n/a,n/a,Dave told me to play Christmas songs on the piano!||What's a piano?,!!QUEST_ID2818_TEXT2,n/a,n/a,n/a,n/a,-1,-1,n/a,-1,n/a,n/a,-1,-1,-1,-1
1458,2818,character,spongebob_excited_santahat.png,n/a,n/a,Nevermind that!||Time for phase two of our plan.,!!QUEST_ID2818_TEXT3,n/a,n/a,n/a,n/a,-1,-1,n/a,-1,n/a,n/a,-1,-1,-1,-1
1459,2818,character,Portrait_Patrick_ChristmasTree_Excited.png,n/a,n/a,I didn't know we HAD a plan!||What's Phase Two?||Is it a secret plan?!||Don't tell me...I don't want to spoil it!,!!QUEST_ID2818_TEXT4,n/a,n/a,n/a,n/a,-1,-1,n/a,-1,n/a,n/a,-1,-1,-1,-1
1460,2818,character,spongebob_excited_santahat.png,n/a,n/a,It's not a secret.||It's time to decorate!,!!QUEST_ID2818_TEXT5,n/a,n/a,n/a,n/a,-1,-1,n/a,-1,n/a,n/a,-1,-1,-1,-1
1461,2818,character,Portrait_Patrick_ChristmasTree_Excited.png,n/a,n/a,There's some decorations to buy in the store...||But I think I have a couple things in my basement from last year...,!!QUEST_ID2818_TEXT6,n/a,n/a,n/a,n/a,-1,-1,n/a,-1,n/a,n/a,-1,-1,-1,-1
1462,2818,quest_start,n/a,PatrickPortrait.png,n/a,Have Patrick Find Holiday Decorations in his Basement,n/a,!!QUEST_TITLE_ID2818,n/a,n/a,n/a,-1,-1,n/a,-1,n/a,n/a,-1,-1,-1,-1
1463,2819,quest_complete,n/a,PatrickPortrait.png,n/a,Have Patrick Find Holiday Decorations in his Basement,n/a,!!QUEST_TITLE_ID2818,n/a,n/a,n/a,-1,-1,n/a,-1,n/a,n/a,-1,-1,-1,-1
1464,2820,character,spongebob_excited_santahat.png,n/a,n/a,Holy Holidays Patrick!||You have TONS of cool decorations in your basement!||Let's get decorating!,!!QUEST_ID2820_TEXT1,n/a,n/a,n/a,n/a,-1,-1,n/a,-1,n/a,n/a,-1,-1,-1,-1
1465,2820,character,Portrait_Patrick_ChristmasTree_Stubborn,n/a,n/a,Hold on there SpongeBob...||These are MY decorations!||I'm not just going to give them away!,!!QUEST_ID2820_TEXT2,n/a,n/a,n/a,n/a,-1,-1,n/a,-1,n/a,n/a,-1,-1,-1,-1
1466,2820,character,spongebob_quizzical_santahat.png,n/a,n/a,But you said it yourself this is the season of giving!,!!QUEST_ID2820_TEXT3,n/a,n/a,n/a,n/a,-1,-1,n/a,-1,n/a,n/a,-1,-1,-1,-1
1467,2820,character,Portrait_Patrick_ChristmasTree_Stubborn,n/a,n/a,I only want to give up my decorations if I know Bikini Bottom will appreciate it.,!!QUEST_ID2820_TEXT4,n/a,n/a,n/a,n/a,-1,-1,n/a,-1,n/a,n/a,-1,-1,-1,-1
1468,2820,character,spongebob_quizzical_santahat.png,n/a,n/a,How can everyone prove they have enough holiday spirit without using your decorations?,!!QUEST_ID2820_TEXT5,n/a,n/a,n/a,n/a,-1,-1,n/a,-1,n/a,n/a,-1,-1,-1,-1
1469,2820,character,Portrait_Patrick_ChristmasTree_Stubborn,n/a,n/a,If that were MY problem...||Well...that's NOT my problem.,!!QUEST_ID2820_TEXT6,n/a,n/a,n/a,n/a,-1,-1,n/a,-1,n/a,n/a,-1,-1,-1,-1
1470,2820,character,spongebob_determined_santahat.png,n/a,n/a,That makes it MY problem...,!!QUEST_ID2820_TEXT7,n/a,n/a,n/a,n/a,-1,-1,n/a,-1,n/a,n/a,-1,-1,-1,-1
1471,2820,quest_start,n/a,SpongebobPortrait.png,n/a,Have SpongeBob Work on Secret Idea,n/a,!!QUEST_TITLE_ID2820,n/a,n/a,n/a,-1,-1,n/a,-1,n/a,n/a,-1,-1,-1,-1
1472,2821,quest_complete,n/a,SpongebobPortrait.png,n/a,Have SpongeBob Work on Secret Idea,n/a,!!QUEST_TITLE_ID2820,n/a,n/a,n/a,-1,-1,n/a,-1,n/a,n/a,-1,-1,-1,-1
1473,2822,character,spongebob_excited_santahat.png,n/a,n/a,Eureka!||I've done it!||I've solved our problem!,!!QUEST_ID2822_TEXT1,n/a,n/a,n/a,n/a,-1,-1,n/a,-1,n/a,n/a,-1,-1,-1,-1
1474,2822,character,Portrait_Patrick_ChristmasTree.png,n/a,n/a,I don't have a problem.,!!QUEST_ID2822_TEXT2,n/a,n/a,n/a,n/a,-1,-1,n/a,-1,n/a,n/a,-1,-1,-1,-1
1475,2822,character,spongebob_excited_santahat.png,n/a,n/a,Fine the rest of us our problem...||I've invented a way for us to show our holiday spirit and prove we'll appreciate all your decorations!,!!QUEST_ID2822_TEXT3,n/a,n/a,n/a,n/a,-1,-1,n/a,-1,n/a,n/a,-1,-1,-1,-1
1476,2824,quest_start,n/a,icon_XmasListShooter.png,n/a,Take Bottle Launcher from Suitcase and Place on the Map,n/a,!!QUEST_TITLE_ID2824,n/a,n/a,n/a,-1,-1,n/a,-1,n/a,n/a,-1,-1,-1,-1
1477,2825,quest_complete,n/a,icon_XmasListShooter.png,n/a,Take Bottle Launcher from Suitcase and Place on the Map,n/a,!!QUEST_TITLE_ID2824,n/a,n/a,n/a,-1,-1,n/a,-1,n/a,n/a,-1,-1,-1,-1
1478,2826,character,spongebob_excited_santahat.png,n/a,n/a,I've invented a device that shoots bottles to the surface!||We can write messages of good will and holiday spirit and launch them for Santa to read!,!!QUEST_ID2826_TEXT1,n/a,n/a,n/a,n/a,-1,-1,n/a,-1,n/a,n/a,-1,-1,-1,-1
1479,2826,character,spongebob_excited_santahat.png,n/a,n/a,Watch I'll show you!,!!QUEST_ID2826_TEXT2,n/a,n/a,n/a,n/a,-1,-1,n/a,-1,n/a,n/a,-1,-1,-1,-1
1480,2826,quest_start,n/a,SpongebobPortrait.png,n/a,Have SpongeBob Launch a Holiday Spirit Bottle,n/a,!!QUEST_TITLE_ID2826,n/a,n/a,n/a,-1,-1,n/a,-1,n/a,n/a,-1,-1,-1,-1
1481,2827,quest_complete,n/a,SpongebobPortrait.png,n/a,Have SpongeBob Launch a Holiday Spirit Bottle,n/a,!!QUEST_TITLE_ID2826,n/a,n/a,n/a,-1,-1,n/a,-1,n/a,n/a,-1,-1,-1,-1
1482,2827,character,Portrait_Patrick_ChristmasTree_Excited.png,n/a,n/a,Wow that's really cool SpongeBob!||Can you launch me up there too?,!!QUEST_ID2827_TEXT1,n/a,n/a,n/a,n/a,-1,-1,n/a,-1,n/a,n/a,-1,-1,-1,-1
1483,2827,character,Portrait_SpongeBob_SantaHat.png,n/a,n/a,Only if you can fit inside a bottle...||Spoiler alert...you can't.||So don't try.,!!QUEST_ID2827_TEXT2,n/a,n/a,n/a,n/a,-1,-1,n/a,-1,n/a,n/a,-1,-1,-1,-1
1484,2827,character,spongebob_excited_santahat.png,n/a,n/a,If everyone makes enough Holiday Spirit Bottles would that convince you enough to share your holiday decorations?,!!QUEST_ID2827_TEXT3,n/a,n/a,n/a,n/a,-1,-1,n/a,-1,n/a,n/a,-1,-1,-1,-1
1485,2827,character,Portrait_Patrick_ChristmasTree.png,n/a,n/a,Hmmm...||Maybe...,!!QUEST_ID2827_TEXT4,n/a,n/a,n/a,n/a,-1,-1,n/a,-1,n/a,n/a,-1,-1,-1,-1
1486,2829,character,spongebob_excited_santahat.png,n/a,n/a,Hey everyone!||You can launch Holiday Spirit Bottles directly or you can do other stuff to make Holiday Wish Bottles!,!!QUEST_ID2829_TEXT1,n/a,n/a,n/a,n/a,-1,-1,n/a,-1,n/a,n/a,-1,-1,-1,-1
1487,2829,character,spongebob_excited_santahat.png,n/a,n/a,The more Bottles we make the more holiday decorations we can pry out of Patrick's selfish little hands!,!!QUEST_ID2829_TEXT2,n/a,n/a,n/a,n/a,-1,-1,n/a,-1,n/a,n/a,-1,-1,-1,-1
1488,2829,character,Portrait_Patrick_ChristmasTree.png,n/a,n/a,"I can hear you.||And while I'm technically shellfish in the broadest sense I prefer ""echinoderm"".",!!QUEST_ID2829_TEXT3,n/a,n/a,n/a,n/a,-1,-1,n/a,-1,n/a,n/a,-1,-1,-1,-1
1489,2829,character,spongebob_determined_santahat.png,n/a,n/a,Your genius is showing Patrick!,!!QUEST_ID2829_TEXT4,n/a,n/a,n/a,n/a,-1,-1,n/a,-1,n/a,n/a,-1,-1,-1,-1
1490,2829,character,Portrait_Patrick_ChristmasTree.png,n/a,n/a,My Genius? Where?,!!QUEST_ID2829_TEXT5,n/a,n/a,n/a,n/a,-1,-1,n/a,-1,n/a,n/a,-1,-1,-1,-1
1491,2830,character,Portrait_Patrick_ChristmasTree.png,n/a,n/a,Not bad...||Everyone seems to be pulling together and making Holiday Spirit...||Long way to go though...,!!QUEST_ID2830_TEXT1,n/a,n/a,n/a,n/a,-1,-1,n/a,-1,n/a,n/a,-1,-1,-1,-1
1492,2830,character,spongebob_excited_santahat.png,n/a,n/a,I have faith in all of us Bottomites!||We'll get 'er done...I hope!||That's my dream!,!!QUEST_ID2830_TEXT2,n/a,n/a,n/a,n/a,-1,-1,n/a,-1,n/a,n/a,-1,-1,-1,-1
1493,2830,character,Squidward_Annoyed.png,n/a,n/a,Not me SpongeBob!||What about MY hopes and dreams?!,!!QUEST_ID2830_TEXT3,n/a,n/a,n/a,n/a,-1,-1,n/a,-1,n/a,n/a,-1,-1,-1,-1
1494,2830,character,Squidward_Annoyed.png,n/a,n/a,Like how I HOPE you'll stop all this holiday yammering!||How I DREAM of the day this insufferable holiday cheer is over!,!!QUEST_ID2830_TEXT4,n/a,n/a,n/a,n/a,-1,-1,n/a,-1,n/a,n/a,-1,-1,-1,-1
1495,2830,character,spongebob_excited_santahat.png,n/a,n/a,Oh Squidward...||Sounds like someone needs more holiday spirit!,!!QUEST_ID2830_TEXT5,n/a,n/a,n/a,n/a,-1,-1,n/a,-1,n/a,n/a,-1,-1,-1,-1
1496,2830,character,Squidward_Annoyed.png,n/a,n/a,Aaargh!,!!QUEST_ID2830_TEXT6,n/a,n/a,n/a,n/a,-1,-1,n/a,-1,n/a,n/a,-1,-1,-1,-1
1497,2830,quest_start,n/a,SquidwardPortrait.png,n/a,Have Squidward Hide from Christmas Cheer Chaos!,n/a,!!QUEST_TITLE_ID2830,n/a,n/a,n/a,-1,-1,n/a,-1,n/a,n/a,-1,-1,-1,-1
1498,2831,quest_complete,n/a,SquidwardPortrait.png,n/a,Have Squidward Hide from Christmas Cheer Chaos!,n/a,!!QUEST_TITLE_ID2830,n/a,n/a,n/a,-1,-1,n/a,-1,n/a,n/a,-1,-1,-1,-1
1499,2832,character,spongebob_quizzical_santahat.png,n/a,n/a,Mr. Krabs I'm worried about Squidward.,!!QUEST_ID2832_TEXT1,n/a,n/a,n/a,n/a,-1,-1,n/a,-1,n/a,n/a,-1,-1,-1,-1
1500,2832,character,Portrait_MrKrabs.png,n/a,n/a,He HAS been looking a bit green around the tentacles...||But he'd better still come to work!,!!QUEST_ID2832_TEXT2,n/a,n/a,n/a,n/a,-1,-1,n/a,-1,n/a,n/a,-1,-1,-1,-1
1501,2832,character,spongebob_quizzical_santahat.png,n/a,n/a,No I mean he doesn't seem to have any Holiday Spirit.,!!QUEST_ID2832_TEXT3,n/a,n/a,n/a,n/a,-1,-1,n/a,-1,n/a,n/a,-1,-1,-1,-1
1502,2832,character,Portrait_MrKrabs.png,n/a,n/a,It's hard to believe but not everyone likes the holidays SpongeBob...,!!QUEST_ID2832_TEXT4,n/a,n/a,n/a,n/a,-1,-1,n/a,-1,n/a,n/a,-1,-1,-1,-1
1503,2832,character,spongebob_quizzical_santahat.png,n/a,n/a,But if he doesn't show any holiday spirit Santa won't bring him one.||I'll make him one myself.,!!QUEST_ID2832_TEXT5,n/a,n/a,n/a,n/a,-1,-1,n/a,-1,n/a,n/a,-1,-1,-1,-1
1504,2832,character,spongebob_excited_santahat.png,n/a,n/a,I'll need to search the sand for driftwood...||I need to pick up a lot to find just the exact right piece for what I have in mind...,!!QUEST_ID2832_TEXT6,n/a,n/a,n/a,n/a,-1,-1,n/a,-1,n/a,n/a,-1,-1,-1,-1
1505,2832,quest_start,n/a,Driftwood.png,n/a,Collect 25 Driftwood,n/a,!!QUEST_TITLE_ID2832,n/a,n/a,n/a,-1,-1,n/a,-1,n/a,n/a,-1,-1,-1,-1
1506,2833,quest_complete,n/a,Driftwood.png,n/a,Collect 25 Driftwood,n/a,!!QUEST_TITLE_ID2832,n/a,n/a,n/a,-1,-1,n/a,-1,n/a,n/a,-1,-1,-1,-1
1507,2834,character,spongebob_excited_santahat.png,n/a,n/a,Perfect-o!||Exactly the piece of driftwood I need to make a special gift for poor old Squidward.,!!QUEST_ID2834_TEXT1,n/a,n/a,n/a,n/a,-1,-1,n/a,-1,n/a,n/a,-1,-1,-1,-1
1508,2834,quest_start,n/a,SpongebobPortrait.png,n/a,Have SpongeBob Craft a Special Gift for Squidward,n/a,!!QUEST_TITLE_ID2834,n/a,n/a,n/a,-1,-1,n/a,-1,n/a,n/a,-1,-1,-1,-1
1509,2835,quest_complete,n/a,SpongebobPortrait.png,n/a,Have SpongeBob Craft a Special Gift for Squidward,n/a,!!QUEST_TITLE_ID2834,n/a,n/a,n/a,-1,-1,n/a,-1,n/a,n/a,-1,-1,-1,-1
1510,2835,character,spongebob_excited_santahat.png,n/a,n/a,There all done!||When the time comes I'll give Squidward his present and then he won't feel left out!,!!QUEST_ID2835_TEXT1,n/a,n/a,n/a,n/a,-1,-1,n/a,-1,n/a,n/a,-1,-1,-1,-1
1511,2836,character,Squidward_Annoyed.png,n/a,n/a,I'm mad as Neptune...||...AND I CAN'T TAKE IT ANY MORE!,!!QUEST_ID2836_TEXT1,n/a,n/a,n/a,n/a,-1,-1,n/a,-1,n/a,n/a,-1,-1,-1,-1
1512,2836,character,spongebob_excited_santahat.png,n/a,n/a,That's okay Squidward!||Tis the season of GIVING...not TAKING!||So give in to the spirit of Christmas!,!!QUEST_ID2836_TEXT2,n/a,n/a,n/a,n/a,-1,-1,n/a,-1,n/a,n/a,-1,-1,-1,-1
1513,2836,character,Squidward_Annoyed.png,n/a,n/a,No SpongeBob! ||THIS IS ALL A HUGE WASTE OF TIME!||SpongeBob has you all fooled Santa isn't coming!,!!QUEST_ID2836_TEXT3,n/a,n/a,n/a,n/a,-1,-1,n/a,-1,n/a,n/a,-1,-1,-1,-1
1514,2836,character,Portrait_Judy_Sad.png,n/a,n/a,...,!!QUEST_ID2836_TEXT4,n/a,n/a,n/a,n/a,-1,-1,n/a,-1,n/a,n/a,-1,-1,-1,-1
1515,2836,character,Portrait_Dave_Sad.png,n/a,n/a,Bummer dude...||Major buzz kill...,!!QUEST_ID2836_TEXT5,n/a,n/a,n/a,n/a,-1,-1,n/a,-1,n/a,n/a,-1,-1,-1,-1
1516,2836,character,Portrait_Spongebob_SantaHat_Sad.png,n/a,n/a,Squidward...you...||You're right...||What were we thinking?,!!QUEST_ID2836_TEXT6,n/a,n/a,n/a,n/a,-1,-1,n/a,-1,n/a,n/a,-1,-1,-1,-1
1517,2836,character,Portrait_Spongebob_SantaHat_Sad.png,n/a,n/a,You were right Squidward...this is a stupid holiday.||But I still made you a present...||I'll go home and get it for you...,!!QUEST_ID2836_TEXT7,n/a,n/a,n/a,n/a,-1,-1,n/a,-1,n/a,n/a,-1,-1,-1,-1
1518,2836,character,Portrait_Squidward_Shocked.png,n/a,n/a,Uh...what?||A present...from SpongeBob?,!!QUEST_ID2836_TEXT8,n/a,n/a,n/a,n/a,-1,-1,n/a,-1,n/a,n/a,-1,-1,-1,-1
1519,2836,quest_start,n/a,SpongebobPortrait.png,n/a,Have SpongeBob Fetch the Special Gift for Squidward,n/a,!!QUEST_TITLE_ID2836,n/a,n/a,n/a,-1,-1,n/a,-1,n/a,n/a,-1,-1,-1,-1
1520,2837,quest_complete,n/a,SpongebobPortrait.png,n/a,Have SpongeBob Fetch the Special Gift for Squidward,n/a,!!QUEST_TITLE_ID2836,n/a,n/a,n/a,-1,-1,n/a,-1,n/a,n/a,-1,-1,-1,-1
1521,2838,character,Portrait_Spongebob_SantaHat_Sad.png,n/a,n/a,Here you go Squidward...||I carved it out of driftwood for you.,!!QUEST_ID2838_TEXT1,n/a,n/a,n/a,n/a,-1,-1,n/a,-1,n/a,n/a,-1,-1,-1,-1
1522,2838,character,icon_Driftwood_Clarinet.png,n/a,n/a,It's a clarinet.||Maybe you can play sad songs since we're all too depressed to bother with Holiday Cheer Bottles any more.,!!QUEST_ID2838_TEXT2,n/a,n/a,n/a,n/a,-1,-1,n/a,-1,n/a,n/a,-1,-1,-1,-1
1523,2838,character,Portrait_Squidward_Shocked.png,n/a,n/a,This...this is beautiful...the greatest gift I've ever gotten!||Oh I feel like a big jerk!||What have I done to poor SpongeBob...all he wanted was to spread a little cheer!,!!QUEST_ID2838_TEXT3,n/a,n/a,n/a,n/a,-1,-1,n/a,-1,n/a,n/a,-1,-1,-1,-1
1524,2838,character,Squidward_Annoyed.png,n/a,n/a,It's my fault everyone stopped wanting to make Holiday Spirit Bottles and launch them up into the sky...||How can I fix this?,!!QUEST_ID2838_TEXT4,n/a,n/a,n/a,n/a,-1,-1,n/a,-1,n/a,n/a,-1,-1,-1,-1
1525,2838,character,Portrait_Squidward.png,n/a,n/a,I have an idea!,!!QUEST_ID2838_TEXT5,n/a,n/a,n/a,n/a,-1,-1,n/a,-1,n/a,n/a,-1,-1,-1,-1
1526,2838,quest_start,n/a,SquidwardPortrait.png,n/a,Squidward to the Rescue!,n/a,!!CHUNKQUEST_HEADING_ID2838,n/a,n/a,n/a,-1,-1,n/a,-1,n/a,n/a,-1,-1,-1,-1
1527,2839,quest_complete,n/a,SquidwardPortrait.png,n/a,Squidward to the Rescue!,n/a,!!CHUNKQUEST_HEADING_ID2838,n/a,n/a,n/a,-1,-1,n/a,-1,n/a,n/a,-1,-1,-1,-1
1528,2842,character,Portrait_Squidward_Santa_Happy.png,n/a,n/a,Truffles are my Special Wish a recipe no one craves but me and only when I'm wearing my Santa Suit.,!!QUEST_ID2842_TEXT1,n/a,n/a,n/a,n/a,-1,-1,n/a,-1,n/a,n/a,-1,-1,-1,-1
1529,2842,quest_start,n/a,SquidwardPortrait.png,n/a,Have Squidward Spread Holiday Spirit!,n/a,!!QUEST_TITLE_ID2842,n/a,n/a,n/a,-1,-1,n/a,-1,n/a,n/a,-1,-1,-1,-1
1530,2843,quest_complete,n/a,SquidwardPortrait.png,n/a,Have Squidward Spread Holiday Spirit!,n/a,!!QUEST_TITLE_ID2842,n/a,n/a,n/a,-1,-1,n/a,-1,n/a,n/a,-1,-1,-1,-1
1531,2843,character,Portrait_Squidward_Santa_Happy.png,n/a,n/a,Happy Holidays Bikini Bottom!,!!QUEST_ID2843_TEXT1,n/a,n/a,n/a,n/a,-1,-1,n/a,-1,n/a,n/a,-1,-1,-1,-1
1532,2843,character,spongebob_excited_santahat.png,n/a,n/a,Squidward you're playing the clarinet I gave you!||It fills me with Holiday Spirit!,!!QUEST_ID2843_TEXT2,n/a,n/a,n/a,n/a,-1,-1,n/a,-1,n/a,n/a,-1,-1,-1,-1
1533,2843,character,Portrait_Judy_VeryHappy.png,n/a,n/a,Me too!||And everyone else as far as I can see!,!!QUEST_ID2843_TEXT3,n/a,n/a,n/a,n/a,-1,-1,n/a,-1,n/a,n/a,-1,-1,-1,-1
1534,2843,character,Portrait_Squidward_Santa_Happy.png,n/a,n/a,That's good so now you can all go back to making Holiday Spirit Bottles and launching them and being happy again!,!!QUEST_ID2843_TEXT4,n/a,n/a,n/a,n/a,-1,-1,n/a,-1,n/a,n/a,-1,-1,-1,-1
1535,2843,character,Portrait_Dave.png,n/a,n/a,Yes...||But...||I don't know about all of you but I really feel the spirit move me while Squidward's playing his flute…,!!QUEST_ID2843_TEXT5,n/a,n/a,n/a,n/a,-1,-1,n/a,-1,n/a,n/a,-1,-1,-1,-1
1536,2843,character,Portrait_Squidward_Santa.png,n/a,n/a,You're telling me everyone might stop making Holiday Spirit Bottles unless I keep playing?,!!QUEST_ID2843_TEXT6,n/a,n/a,n/a,n/a,-1,-1,n/a,-1,n/a,n/a,-1,-1,-1,-1
1537,2843,character,spongebob_excited_santahat.png,n/a,n/a,Better keep it up Squidward just to be safe!,!!QUEST_ID2843_TEXT7,n/a,n/a,n/a,n/a,-1,-1,n/a,-1,n/a,n/a,-1,-1,-1,-1
1538,2843,character,Portrait_Squidward_Santa.png,n/a,n/a,SIgh.||No good deed goes unpunished...||All right I guess I better keep Spreading Holiday Spirit!,!!QUEST_ID2843_TEXT8,n/a,n/a,n/a,n/a,-1,-1,n/a,-1,n/a,n/a,-1,-1,-1,-1
1539,2843,character,spongebob_excited_santahat.png,n/a,n/a,Okay everyone keep making Holiday Spirit Bottles and get all the Holiday Decorations!,!!QUEST_ID2843_TEXT9,n/a,n/a,n/a,n/a,-1,-1,n/a,-1,n/a,n/a,-1,-1,-1,-1
1540,2843,character,Portrait_Patrick_ChristmasTree.png,n/a,n/a,Yeah everybody!||Time's running out!,!!QUEST_ID2843_TEXT10,n/a,n/a,n/a,n/a,-1,-1,n/a,-1,n/a,n/a,-1,-1,-1,-1
1541,2844,character,spongebob_excited_santahat.png,n/a,n/a,YAY!||We did it!||We unlocked the big Secret Decoration!,!!QUEST_ID2844_TEXT1,n/a,n/a,n/a,n/a,-1,-1,n/a,-1,n/a,n/a,-1,-1,-1,-1
1542,2844,character,Portrait_Patrick_ChristmasTree_Excited.png,n/a,n/a,I knew you could do it!||Actually I'm kind of glad you did because this thing was creeping me out. ||I'm sure I've heard tiny laughter from this thing...,!!QUEST_ID2844_TEXT2,n/a,n/a,n/a,n/a,-1,-1,n/a,-1,n/a,n/a,-1,-1,-1,-1
1543,2844,character,spongebob_quizzical_santahat.png,n/a,n/a,It looks scary...I'm not sure I want to take it out of my suitcase...,!!QUEST_ID2844_TEXT3,n/a,n/a,n/a,n/a,-1,-1,n/a,-1,n/a,n/a,-1,-1,-1,-1
1544,2844,character,icon_NutcrackerPlankton.png,n/a,n/a,But what is it?||It's a nutcracker...but...look who it is?||What does this mean for Bikini Bottom?!,!!QUEST_ID2844_TEXT4,n/a,n/a,n/a,n/a,-1,-1,n/a,-1,n/a,n/a,-1,-1,-1,-1
1545,2844,character,Portrait_Squidward_Santa.png,n/a,n/a,All I know is that I'm not going to be able to keep playing forever!||At this rate I'll fall down exhausted soon!,!!QUEST_ID2844_TEXT5,n/a,n/a,n/a,n/a,-1,-1,n/a,-1,n/a,n/a,-1,-1,-1,-1
1546,2844,character,Portrait_Squidward_Santa.png,n/a,n/a,Get everything you can before I collapse and Patrick locks the rest up in his basement again!,!!QUEST_ID2844_TEXT6,n/a,n/a,n/a,n/a,-1,-1,n/a,-1,n/a,n/a,-1,-1,-1,-1
1547,2846,character,Portrait_Squidward_Santa.png,n/a,n/a,Phew!||I'm played out!,!!QUEST_ID2846_TEXT1,n/a,n/a,n/a,n/a,-1,-1,n/a,-1,n/a,n/a,-1,-1,-1,-1
1548,2846,character,Portrait_Patrick_ChristmasTree.png,n/a,n/a,Okay everyone basement's locked holiday's over move along nothing to see here move along...,!!QUEST_ID2846_TEXT2,n/a,n/a,n/a,n/a,-1,-1,n/a,-1,n/a,n/a,-1,-1,-1,-1
1549,2846,character,spongebob_excited_santahat.png,n/a,n/a,Thanks Squidward!||I hope you enjoyed making us all so cheerful!,!!QUEST_ID2846_TEXT3,n/a,n/a,n/a,n/a,-1,-1,n/a,-1,n/a,n/a,-1,-1,-1,-1
1550,2846,character,Portrait_Squidward_Santa.png,n/a,n/a,Whatever.||Get off my lawn.,!!QUEST_ID2846_TEXT4,n/a,n/a,n/a,n/a,-1,-1,n/a,-1,n/a,n/a,-1,-1,-1,-1
1551,2848,character,spongebob_excited_santahat.png,n/a,n/a,Wow time flies!||It's too bad holidays have to end...||But it's good too so we can have other cool holidays later!,!!QUEST_ID2848_TEXT1,n/a,n/a,n/a,n/a,-1,-1,n/a,-1,n/a,n/a,-1,-1,-1,-1
1552,2418,character,Portrait_Patrick_BarnacleBoy.png,n/a,n/a,Bread Pudding is my Special Wish a recipe no one craves but me and only when I'm wearing my Barnacle Boy Costume.,!!QUEST_ID2418_TEXT1,n/a,n/a,n/a,n/a,-1,-1,n/a,-1,n/a,n/a,-1,-1,-1,-1
1553,2420,character,Portrait_Squidward_SmugTux.png,n/a,n/a,English Toffee is my Special Wish a recipe no one craves but me and only when I'm wearing my Tux.,!!QUEST_ID2420_TEXT1,n/a,n/a,n/a,n/a,-1,-1,n/a,-1,n/a,n/a,-1,-1,-1,-1
1554,2422,character,Portrait_Spongebob_Happy_TightyWhiteys.png,n/a,n/a,Fudge is my Special Wish a recipe no one craves but me and only when I'm wearing my Briefs.,!!QUEST_ID2422_TEXT1,n/a,n/a,n/a,n/a,-1,-1,n/a,-1,n/a,n/a,-1,-1,-1,-1
1555,2424,character,Portrait_Spongebob_AbrasiveSide.png,n/a,n/a,Sauerkraut is my Special Wish a recipe no one craves but me and only when I'm wearing my Abrasive Side.,!!QUEST_ID2424_TEXT1,n/a,n/a,n/a,n/a,-1,-1,n/a,-1,n/a,n/a,-1,-1,-1,-1
1556,2426,character,Portrait_Spongebob_Cupid.png,n/a,n/a,Candy Hearts on a Stick is my Special Wish a recipe no one craves but me and only when I'm wearing my Cupid Costume.,!!QUEST_ID2426_TEXT1,n/a,n/a,n/a,n/a,-1,-1,n/a,-1,n/a,n/a,-1,-1,-1,-1
1557,2908,character,Portrait_Plankton_SmallAtADistance.png,n/a,n/a,Hey.||Come closer.,!!QUEST_ID2908_TEXT1,n/a,n/a,n/a,n/a,-1,-1,n/a,-1,n/a,n/a,-1,-1,-1,-1
1558,2908,character,Portrait_Plankton_Neutral.png,n/a,n/a,Closer.,!!QUEST_ID2908_TEXT2,n/a,n/a,n/a,n/a,-1,-1,n/a,-1,n/a,n/a,-1,-1,-1,-1
1559,2908,character,Portrait_Plankton_ExtremeCloseup.png,n/a,n/a,NOT SO CLOSE PAL!,!!QUEST_ID2908_TEXT3,n/a,n/a,n/a,n/a,-1,-1,n/a,-1,n/a,n/a,-1,-1,-1,-1
1560,2908,character,Portrait_Plankton_Neutral.png,n/a,n/a,Having my Nutcracker means you can unleash--er...I mean you can welcome me to your community!,!!QUEST_ID2908_TEXT4,n/a,n/a,n/a,n/a,-1,-1,n/a,-1,n/a,n/a,-1,-1,-1,-1
1561,2908,quest_start,n/a,icon_NutcrackerPlankton.png,n/a,Place Plankton Nutcracker|from Inventory on the Map,n/a,!!QUEST_TITLE_ID2908,n/a,n/a,n/a,-1,-1,n/a,-1,n/a,n/a,-1,-1,-1,-1
1562,2909,quest_complete,n/a,icon_NutcrackerPlankton.png,n/a,Place Plankton Nutcracker|from Inventory on the Map,n/a,!!QUEST_TITLE_ID2908,n/a,n/a,n/a,-1,-1,n/a,-1,n/a,n/a,-1,-1,-1,-1
1563,2910,character,spongebob_quizzical.png,n/a,n/a,Hey this Plankton Nutcracker reminds me…||Mr. Krabs whatever happened to Plankton?,!!QUEST_ID2909_TEXT1,n/a,n/a,n/a,n/a,-1,-1,n/a,-1,n/a,n/a,-1,-1,-1,-1
1564,2910,character,Portrait_MrKrabs.png,n/a,n/a,He made the biggest mistake of his short life…||And by that I mean his life of being short!,!!QUEST_ID2909_TEXT2,n/a,n/a,n/a,n/a,-1,-1,n/a,-1,n/a,n/a,-1,-1,-1,-1
1565,2910,character,Portrait_MrKrabs.png,n/a,n/a,He tried to open the Chum Bucket the same day I opened me Krusty Krab!||Let's just say his restaurant came up short too!,!!QUEST_ID2909_TEXT3,n/a,n/a,n/a,n/a,-1,-1,n/a,-1,n/a,n/a,-1,-1,-1,-1
1566,2910,character,spongebob_quizzical.png,n/a,n/a,That was a long time ago.||What's he doing now?,!!QUEST_ID2910_TEXT1,n/a,n/a,n/a,n/a,-1,-1,n/a,-1,n/a,n/a,-1,-1,-1,-1
1567,2910,character,mrkrabsportrait_stern.png,n/a,n/a,Plotting to get the secret recipe to me Krabby Patties I bet!||We need to stay vigilant!||No tellin' when he'll strike!,!!QUEST_ID2910_TEXT2,n/a,n/a,n/a,n/a,-1,-1,n/a,-1,n/a,n/a,-1,-1,-1,-1
1568,2910,character,Portrait_TalkingTunaFish.png,n/a,n/a,Meanwhile…||...in Bikini Bottom…||...at a secret undisclosed location of a hidden nature...,!!QUEST_ID2910_TEXT3,n/a,n/a,n/a,n/a,-1,-1,n/a,-1,n/a,n/a,-1,-1,-1,-1
1569,2910,character,Portrait_Karen.png,n/a,n/a,Sheldon!||What are you doing now?,!!QUEST_ID2910_TEXT4,n/a,n/a,n/a,n/a,-1,-1,n/a,-1,n/a,n/a,-1,-1,-1,-1
1570,2910,character,Portrait_Plankton_Angry.png,n/a,n/a,What d'ya think I'm doing?,!!QUEST_ID2910_TEXT5,n/a,n/a,n/a,n/a,-1,-1,n/a,-1,n/a,n/a,-1,-1,-1,-1
1571,2910,character,Portrait_Karen.png,n/a,n/a,Sitting in the dark licking your wounds eating Chum Burgers dreaming of world domination…||So same as always.,!!QUEST_ID2910_TEXT6,n/a,n/a,n/a,n/a,-1,-1,n/a,-1,n/a,n/a,-1,-1,-1,-1
1572,2910,character,Portrait_Plankton_Thoughtful.png,n/a,n/a,You're right about the licking the eating the dreaming…||But I'm also noticing my Chum Burgers are tasting a lot better lately...,!!QUEST_ID2910_TEXT7,n/a,n/a,n/a,n/a,-1,-1,n/a,-1,n/a,n/a,-1,-1,-1,-1
1573,2910,character,Portrait_Plankton_Energized.png,n/a,n/a,It's all these frozen water crystals on the ground!||They're freezing the chum!||Frozen ingredients must make food taste better!,!!QUEST_ID2910_TEXT8,n/a,n/a,n/a,n/a,-1,-1,n/a,-1,n/a,n/a,-1,-1,-1,-1
1574,2910,character,Portrait_Karen.png,n/a,n/a,Are you sure about that?||I've never eaten anything but I've heard frozen food just has less taste--,!!QUEST_ID2910_TEXT9,n/a,n/a,n/a,n/a,-1,-1,n/a,-1,n/a,n/a,-1,-1,-1,-1
1575,2910,character,Portrait_Plankton_Energized.png,n/a,n/a,Don't you see?||I can harness the power of snow to make tasty chum!||I don't need the secret formula to Krabby Patties!,!!QUEST_ID2910_TEXT10,n/a,n/a,n/a,n/a,-1,-1,n/a,-1,n/a,n/a,-1,-1,-1,-1
1576,2910,character,Portrait_Plankton_Energized.png,n/a,n/a,It's time to rebuild the Chum Bucket!||But this time...||...Supersized!,!!QUEST_ID2910_TEXT11,n/a,n/a,n/a,n/a,-1,-1,n/a,-1,n/a,n/a,-1,-1,-1,-1
1577,2910,quest_start,n/a,icon_ChumBucket.png,n/a,Build Chum Bucket,n/a,!!QUEST_TITLE_ID2910,n/a,n/a,n/a,-1,-1,n/a,-1,n/a,n/a,-1,-1,-1,-1
1578,2911,quest_complete,n/a,icon_ChumBucket.png,n/a,Build Chum Bucket,n/a,!!QUEST_TITLE_ID2910,n/a,n/a,n/a,-1,-1,n/a,-1,n/a,n/a,-1,-1,-1,-1
1579,2912,character,mrkrabsportrait_moneygrubbing.png,n/a,n/a,Plankton!||Building a bigger Chum Bucket are ye?,!!QUEST_ID2912_TEXT1,n/a,n/a,n/a,n/a,-1,-1,n/a,-1,n/a,n/a,-1,-1,-1,-1
1580,2912,character,Portrait_Plankton_Energized.png,n/a,n/a,Just you wait and see Krabs!||I have the secret recipe for success and there's nothing Krabby about it!,!!QUEST_ID2912_TEXT2,n/a,n/a,n/a,n/a,-1,-1,n/a,-1,n/a,n/a,-1,-1,-1,-1
1581,2912,character,mrkrabsportrait_moneygrubbing.png,n/a,n/a,More like the recipe for a bigger failure!||Yer gonna need more than a bigger building to steal my customers Plankton!||Yer gonna need a miracle!,!!QUEST_ID2912_TEXT3,n/a,n/a,n/a,n/a,-1,-1,n/a,-1,n/a,n/a,-1,-1,-1,-1
1582,2912,character,Portrait_Plankton_Thoughtful.png,n/a,n/a,What I need is to test my new kitchen.||I need to buy Chum Chunks at the Barg'N-Mart.,!!QUEST_ID2912_TEXT4,n/a,n/a,n/a,n/a,-1,-1,n/a,-1,n/a,n/a,-1,-1,-1,-1
1583,2912,quest_start,n/a,ChumChunks.png,n/a,Buy Chum Chunks|from the Barg'N-Mart,n/a,!!QUEST_TITLE_ID2912,n/a,n/a,n/a,-1,-1,n/a,-1,n/a,n/a,-1,-1,-1,-1
1584,2913,quest_complete,n/a,ChumChunks.png,n/a,Buy Chum Chunks|from the Barg'N-Mart,n/a,!!QUEST_TITLE_ID2912,n/a,n/a,n/a,-1,-1,n/a,-1,n/a,n/a,-1,-1,-1,-1
1585,2914,character,Portrait_Plankton_Energized.png,n/a,n/a,They're frozen in all this cold weather...excellent!||Now to make a Chum Patty with these frozen Chum Chunks...,!!QUEST_ID2914_TEXT1,n/a,n/a,n/a,n/a,-1,-1,n/a,-1,n/a,n/a,-1,-1,-1,-1
1586,2914,character,spongebob_quizzical.png,n/a,n/a,Don't you think you should thaw them out first?,!!QUEST_ID2914_TEXT2,n/a,n/a,n/a,n/a,-1,-1,n/a,-1,n/a,n/a,-1,-1,-1,-1
1587,2914,character,Portrait_Plankton_Angry.png,n/a,n/a,You know nothing of the frozen food revolution!||Begone simpleton!||But...er...come back later when we're open!,!!QUEST_ID2914_TEXT3,n/a,n/a,n/a,n/a,-1,-1,n/a,-1,n/a,n/a,-1,-1,-1,-1
1588,2914,quest_start,n/a,ChumPatty.png,n/a,Make a Chum Patty|at the Chum Bucket,n/a,!!QUEST_TITLE_ID2914,n/a,n/a,n/a,-1,-1,n/a,-1,n/a,n/a,-1,-1,-1,-1
1589,2915,quest_complete,n/a,ChumPatty.png,n/a,Make a Chum Patty|at the Chum Bucket,n/a,!!QUEST_TITLE_ID2914,n/a,n/a,n/a,-1,-1,n/a,-1,n/a,n/a,-1,-1,-1,-1
1590,2916,character,Portrait_Plankton_Energized.png,n/a,n/a,Will you just look at this disk of wonderous delight?||Dripping with...potential!||Now to make a Chum Burger!,!!QUEST_ID2916_TEXT1,n/a,n/a,n/a,n/a,-1,-1,n/a,-1,n/a,n/a,-1,-1,-1,-1
1591,2916,quest_start,n/a,ChumBurger.png,n/a,Make a Chum Burger|at the Chum Bucket,n/a,!!QUEST_TITLE_ID2916,n/a,n/a,n/a,-1,-1,n/a,-1,n/a,n/a,-1,-1,-1,-1
1592,2917,quest_complete,n/a,ChumBurger.png,n/a,Make a Chum Burger|at the Chum Bucket,n/a,!!QUEST_TITLE_ID2916,n/a,n/a,n/a,-1,-1,n/a,-1,n/a,n/a,-1,-1,-1,-1
1593,2918,character,Portrait_Plankton_Energized.png,n/a,n/a,It's finished!||It's perfect!||It's ALIVE--wait...I mean...it's time to announce the Grand Re-Opening of...,!!QUEST_ID2918_TEXT1,n/a,n/a,n/a,n/a,-1,-1,n/a,-1,n/a,n/a,-1,-1,-1,-1
1594,2918,character,Portrait_Plankton_Energized.png,n/a,n/a,The Chum Bucket 2.0!,!!QUEST_ID2918_TEXT2,n/a,n/a,n/a,n/a,-1,-1,n/a,-1,n/a,n/a,-1,-1,-1,-1
1595,2918,character,Portrait_Cricket.png,n/a,n/a,(chirp chirp),!!QUEST_ID2918_TEXT3,n/a,n/a,n/a,n/a,-1,-1,n/a,-1,n/a,n/a,-1,-1,-1,-1
1596,2918,character,Portrait_Plankton_Neutral.png,n/a,n/a,What?||Nobody wants to taste the future?,!!QUEST_ID2918_TEXT4,n/a,n/a,n/a,n/a,-1,-1,n/a,-1,n/a,n/a,-1,-1,-1,-1
1597,2918,character,Portrait_Patrick_Confused.png,n/a,n/a,Hmmm...I've never eaten a calendar before...||Do you suck on it or bite into it?,!!QUEST_ID2918_TEXT5,n/a,n/a,n/a,n/a,-1,-1,n/a,-1,n/a,n/a,-1,-1,-1,-1
1598,2918,character,spongebob_quizzical.png,n/a,n/a,I thought you said frozen food was the future Plankton.||That doesn't look frozen to me.,!!QUEST_ID2918_TEXT6,n/a,n/a,n/a,n/a,-1,-1,n/a,-1,n/a,n/a,-1,-1,-1,-1
1599,2918,character,Portrait_Plankton_Angry.png,n/a,n/a,The INGREDIENTS were frozen not the burger!||Philistines!||They're not taking me seriously...,!!QUEST_ID2918_TEXT7,n/a,n/a,n/a,n/a,-1,-1,n/a,-1,n/a,n/a,-1,-1,-1,-1
1600,2918,character,Portrait_Plankton_Energized.png,n/a,n/a,I'M SUPER SERIOUS!||I need more recipes and to step up production and make my own chum ingredients so I won't have to buy all my Chum Chunks from the Barg'N-Mart any more...,!!QUEST_ID2918_TEXT8,n/a,n/a,n/a,n/a,-1,-1,n/a,-1,n/a,n/a,-1,-1,-1,-1
1601,2918,character,Portrait_Plankton_Energized.png,n/a,n/a,And this snow won't last forever so I'll need to be able to freeze those Chum Chunks myself...||It's Inventing Time!,!!QUEST_ID2918_TEXT9,n/a,n/a,n/a,n/a,-1,-1,n/a,-1,n/a,n/a,-1,-1,-1,-1
1602,2918,quest_start,n/a,icon_Chuminator.png,n/a,Build The Chuminator,n/a,!!QUEST_TITLE_ID2918,n/a,n/a,n/a,-1,-1,n/a,-1,n/a,n/a,-1,-1,-1,-1
1603,2919,quest_complete,n/a,icon_Chuminator.png,n/a,Build The Chuminator,n/a,!!QUEST_TITLE_ID2918,n/a,n/a,n/a,-1,-1,n/a,-1,n/a,n/a,-1,-1,-1,-1
1604,2920,character,Portrait_Plankton_Energized.png,n/a,n/a,Let's test this puppy out!,!!QUEST_ID2920_TEXT1,n/a,n/a,n/a,n/a,-1,-1,n/a,-1,n/a,n/a,-1,-1,-1,-1
1605,2920,character,spongebob_happy.png,n/a,n/a,You got a puppy Plankton?!,!!QUEST_ID2920_TEXT2,n/a,n/a,n/a,n/a,-1,-1,n/a,-1,n/a,n/a,-1,-1,-1,-1
1606,2920,character,Portrait_Patrick.png,n/a,n/a,What's its name?,!!QUEST_ID2920_TEXT3,n/a,n/a,n/a,n/a,-1,-1,n/a,-1,n/a,n/a,-1,-1,-1,-1
1607,2920,character,Portrait_Plankton_Angry.png,n/a,n/a,Its first name is GO AWAY!||And it's last name is LEAVE ME ALONE!,!!QUEST_ID2920_TEXT4,n/a,n/a,n/a,n/a,-1,-1,n/a,-1,n/a,n/a,-1,-1,-1,-1
1608,2920,character,spongebob_quizzical.png,n/a,n/a,It must have a really big dog tag...,!!QUEST_ID2920_TEXT5,n/a,n/a,n/a,n/a,-1,-1,n/a,-1,n/a,n/a,-1,-1,-1,-1
1609,2920,quest_start,n/a,icon_Chuminator.png,n/a,Ingredients for Success!,n/a,!!CHUNKQUEST_HEADING_ID2920,n/a,n/a,n/a,-1,-1,n/a,-1,n/a,n/a,-1,-1,-1,-1
1610,2921,quest_complete,n/a,icon_Chuminator.png,n/a,Ingredients for Success!,n/a,!!CHUNKQUEST_HEADING_ID2920,n/a,n/a,n/a,-1,-1,n/a,-1,n/a,n/a,-1,-1,-1,-1
1611,2922,character,Portrait_Plankton_Energized.png,n/a,n/a,Just like dear old Gram-Gram used to make!||Now the Pieces of the Resistance!,!!QUEST_ID2922_TEXT1,n/a,n/a,n/a,n/a,-1,-1,n/a,-1,n/a,n/a,-1,-1,-1,-1
1612,2922,quest_start,n/a,icon_ChumBucket.png,n/a,Recipe for Revolution!,n/a,!!CHUNKQUEST_HEADING_ID2922,n/a,n/a,n/a,-1,-1,n/a,-1,n/a,n/a,-1,-1,-1,-1
1613,2923,quest_complete,n/a,icon_ChumBucket.png,n/a,Recipe for Revolution!,n/a,!!CHUNKQUEST_HEADING_ID2922,n/a,n/a,n/a,-1,-1,n/a,-1,n/a,n/a,-1,-1,-1,-1
1614,2924,character,Portrait_Plankton_Energized.png,n/a,n/a,That's a meal made in heaven!||Well a bucket in heaven anyway!,!!QUEST_ID2924_TEXT1,n/a,n/a,n/a,n/a,-1,-1,n/a,-1,n/a,n/a,-1,-1,-1,-1
1615,2924,character,Portrait_Plankton_Thoughtful.png,n/a,n/a,I can't seem to remember any of my other recipes...||I guess I'll just need to keep making these for now until I remember more later...,!!QUEST_ID2924_TEXT2,n/a,n/a,n/a,n/a,-1,-1,n/a,-1,n/a,n/a,-1,-1,-1,-1
1616,2924,character,Portrait_Karen.png,n/a,n/a,I'm sure the very thought makes the world cower in fear.,!!QUEST_ID2924_TEXT3,n/a,n/a,n/a,n/a,-1,-1,n/a,-1,n/a,n/a,-1,-1,-1,-1
1617,2924,character,Portrait_Plankton_Thoughtful.png,n/a,n/a,If they would just TRY it they'd like it...||Who'd be a good guinea pig?||Oh I know...||SPONGEBOB!,!!QUEST_ID2924_TEXT4,n/a,n/a,n/a,n/a,-1,-1,n/a,-1,n/a,n/a,-1,-1,-1,-1
1618,2924,character,Portrait_Plankton_Energized.png,n/a,n/a,Just try it SpongeBob!||Try a Chum Burger just once.||I promise you it's a wish come true!,!!QUEST_ID2924_TEXT5,n/a,n/a,n/a,n/a,-1,-1,n/a,-1,n/a,n/a,-1,-1,-1,-1
1619,2924,character,Portrait_Spongebob_Sad.png,n/a,n/a,I don't want any Chum Food so wishing for it would be a lie.||I'll eat it if you make me but you can't make me WISH for it.,!!QUEST_ID2924_TEXT6,n/a,n/a,n/a,n/a,-1,-1,n/a,-1,n/a,n/a,-1,-1,-1,-1
1620,2924,character,Portrait_Plankton_Energized.png,n/a,n/a,Good enough!||The cold metallic taste will win you over!||Here it comes!,!!QUEST_ID2924_TEXT7,n/a,n/a,n/a,n/a,-1,-1,n/a,-1,n/a,n/a,-1,-1,-1,-1
1621,2924,quest_start,n/a,ChumBurger.png,n/a,Drag Chum Burger|to SpongeBob,n/a,!!QUEST_TITLE_ID2924,n/a,n/a,n/a,-1,-1,n/a,-1,n/a,n/a,-1,-1,-1,-1
1622,2925,quest_complete,n/a,ChumBurger.png,n/a,Drag Chum Burger|to SpongeBob,n/a,!!QUEST_TITLE_ID2924,n/a,n/a,n/a,-1,-1,n/a,-1,n/a,n/a,-1,-1,-1,-1
1623,2925,character,Portrait_Spongebob_Sick.png,n/a,n/a,Yuck that's terrible!||Maybe you can make me eat it but I won't pay for it!||I wouldn't pay for that if it was the only food in Bikini Bottom!,!!QUEST_ID2925_TEXT1,n/a,n/a,n/a,n/a,-1,-1,n/a,-1,n/a,n/a,-1,-1,-1,-1
1624,2925,character,Portrait_Karen.png,n/a,n/a,Now there's a surprise.,!!QUEST_ID2925_TEXT2,n/a,n/a,n/a,n/a,-1,-1,n/a,-1,n/a,n/a,-1,-1,-1,-1
1625,2925,character,Portrait_Plankton_Angry.png,n/a,n/a,Well I WOULD pay for it!||And I WILL!||And I'll pay TOP DOLLAR too!,!!QUEST_ID2925_TEXT3,n/a,n/a,n/a,n/a,-1,-1,n/a,-1,n/a,n/a,-1,-1,-1,-1
1626,2925,character,Portrait_Plankton_Angry.png,n/a,n/a,Not at first but if it's what I'm wishing for I'll tip EXTRA BIG as a bonus!||Because Chum Food made from frozen ingredients thanks to my Chuminator is a WISH come TRUE!,!!QUEST_ID2925_TEXT4,n/a,n/a,n/a,n/a,-1,-1,n/a,-1,n/a,n/a,-1,-1,-1,-1
1627,2925,character,Portrait_Karen.png,n/a,n/a,But Sheldon it's your food.||You're the one making it.||If you pay for it--,!!QUEST_ID2925_TEXT5,n/a,n/a,n/a,n/a,-1,-1,n/a,-1,n/a,n/a,-1,-1,-1,-1
1628,2925,character,Portrait_Plankton_Angry.png,n/a,n/a,Shut up Karen.,!!QUEST_ID2925_TEXT6,n/a,n/a,n/a,n/a,-1,-1,n/a,-1,n/a,n/a,-1,-1,-1,-1
1629,2925,character,Portrait_Karen.png,n/a,n/a,And you do realize that you've just re-invented the refrigerator-freezer right?||And you've overdesigned it as well--,!!QUEST_ID2925_TEXT7,n/a,n/a,n/a,n/a,-1,-1,n/a,-1,n/a,n/a,-1,-1,-1,-1
1630,2925,character,Portrait_Plankton_Angry.png,n/a,n/a,SHUT UP KAREN!,!!QUEST_ID2925_TEXT8,n/a,n/a,n/a,n/a,-1,-1,n/a,-1,n/a,n/a,-1,-1,-1,-1
1631,3000,character,Portrait_Plankton_Thoughtful.png,n/a,n/a,Bottomites should be beating down my door.||But I haven't had a single customer.,!!QUEST_ID3000_TEXT1,n/a,n/a,n/a,n/a,-1,-1,n/a,-1,n/a,n/a,-1,-1,-1,-1
1632,3000,character,Portrait_Plankton_Thoughtful.png,n/a,n/a,It's like nobody appreciates the raw appeal of using frozen ingredients!,!!QUEST_ID3000_TEXT2,n/a,n/a,n/a,n/a,-1,-1,n/a,-1,n/a,n/a,-1,-1,-1,-1
1633,3000,character,Portrait_Karen.png,n/a,n/a,Maybe they understand it all too well.,!!QUEST_ID3000_TEXT3,n/a,n/a,n/a,n/a,-1,-1,n/a,-1,n/a,n/a,-1,-1,-1,-1
1634,3000,character,Portrait_Plankton_Thoughtful.png,n/a,n/a,I just need to get everyone's attention.||But how?,!!QUEST_ID3000_TEXT4,n/a,n/a,n/a,n/a,-1,-1,n/a,-1,n/a,n/a,-1,-1,-1,-1
1635,3000,character,Portrait_Karen.png,n/a,n/a,You mean how will you get anyone's attention?||Or do you mean how will you not get stepped on?,!!QUEST_ID3000_TEXT5,n/a,n/a,n/a,n/a,-1,-1,n/a,-1,n/a,n/a,-1,-1,-1,-1
1636,3000,character,Portrait_Plankton_Energized.png,n/a,n/a,I know how to do BOTH of those things AND drum up some business!,!!QUEST_ID3000_TEXT6,n/a,n/a,n/a,n/a,-1,-1,n/a,-1,n/a,n/a,-1,-1,-1,-1
1637,3000,quest_start,n/a,PlanktonPortrait.png,n/a,Have Plankton Drum Up Some Business,n/a,!!QUEST_TITLE_ID3000,n/a,n/a,n/a,-1,-1,n/a,-1,n/a,n/a,-1,-1,-1,-1
1638,3001,quest_complete,n/a,PlanktonPortrait.png,n/a,Have Plankton Drum Up Some Business,n/a,!!QUEST_TITLE_ID3000,n/a,n/a,n/a,-1,-1,n/a,-1,n/a,n/a,-1,-1,-1,-1
1639,3002,character,Portrait_Karen.png,n/a,n/a,Nobody followed you here Sheldon.||I guess your Pied Piper Act didn't work.,!!QUEST_ID3002_TEXT1,n/a,n/a,n/a,n/a,-1,-1,n/a,-1,n/a,n/a,-1,-1,-1,-1
1640,3002,character,Portrait_Plankton_Energized.png,n/a,n/a,You mean not yet!||These things take time.,!!QUEST_ID3002_TEXT2,n/a,n/a,n/a,n/a,-1,-1,n/a,-1,n/a,n/a,-1,-1,-1,-1
1641,3002,character,Portrait_Karen.png,n/a,n/a,And until someone shows up you're just going to sit around and complain about your lack of customers aren't you?,!!QUEST_ID3002_TEXT3,n/a,n/a,n/a,n/a,-1,-1,n/a,-1,n/a,n/a,-1,-1,-1,-1
1642,3002,character,Portrait_Plankton_Angry.png,n/a,n/a,No KAREN I'm NOT going to just sit around and complain about my lack of customers!,!!QUEST_ID3002_TEXT4,n/a,n/a,n/a,n/a,-1,-1,n/a,-1,n/a,n/a,-1,-1,-1,-1
1643,3002,quest_start,n/a,PlanktonPortrait.png,n/a,Have Plankton Complain to Karen about Lack of Customers,n/a,!!QUEST_TITLE_ID3002,n/a,n/a,n/a,-1,-1,n/a,-1,n/a,n/a,-1,-1,-1,-1
1644,3003,quest_complete,n/a,PlanktonPortrait.png,n/a,Have Plankton Complain to Karen about Lack of Customers,n/a,!!QUEST_TITLE_ID3002,n/a,n/a,n/a,-1,-1,n/a,-1,n/a,n/a,-1,-1,-1,-1
1645,3004,character,Portrait_Karen.png,n/a,n/a,Sheldon look there's a customer outside.,!!QUEST_ID3004_TEXT1,n/a,n/a,n/a,n/a,-1,-1,n/a,-1,n/a,n/a,-1,-1,-1,-1
1646,3004,character,Portrait_Plankton_Angry.png,n/a,n/a,How gullible do you think I am?,!!QUEST_ID3004_TEXT2,n/a,n/a,n/a,n/a,-1,-1,n/a,-1,n/a,n/a,-1,-1,-1,-1
1647,3004,character,Portrait_Karen.png,n/a,n/a,So you expect customers to come but you don't actually believe they will come?,!!QUEST_ID3004_TEXT3,n/a,n/a,n/a,n/a,-1,-1,n/a,-1,n/a,n/a,-1,-1,-1,-1
1648,3004,character,Portrait_Plankton_Angry.png,n/a,n/a,What can I say Karen?||I'm a complex single-celled organism.,!!QUEST_ID3004_TEXT4,n/a,n/a,n/a,n/a,-1,-1,n/a,-1,n/a,n/a,-1,-1,-1,-1
1649,3004,character,Portrait_Customer_Neutral.png,n/a,n/a,Can I get a Chum Burger?,!!QUEST_ID3004_TEXT5,n/a,n/a,n/a,n/a,-1,-1,n/a,-1,n/a,n/a,-1,-1,-1,-1
1650,3004,character,Portrait_Plankton_Angry.png,n/a,n/a,A likely story!||What do you really want?,!!QUEST_ID3004_TEXT6,n/a,n/a,n/a,n/a,-1,-1,n/a,-1,n/a,n/a,-1,-1,-1,-1
1651,3004,character,Portrait_Customer_Neutral.png,n/a,n/a,A Chum Shake and Chum Fries to go with it?,!!QUEST_ID3004_TEXT7,n/a,n/a,n/a,n/a,-1,-1,n/a,-1,n/a,n/a,-1,-1,-1,-1
1652,3004,character,Portrait_Plankton_Energized.png,n/a,n/a,Really?!||Yes here's your order come again soon!||How about in about an hour?,!!QUEST_ID3004_TEXT8,n/a,n/a,n/a,n/a,-1,-1,n/a,-1,n/a,n/a,-1,-1,-1,-1
1653,3004,character,Portrait_Karen.png,n/a,n/a,There Sheldon now you can stop complaining.||You ARE going to stop complaining right?,!!QUEST_ID3004_TEXT9,n/a,n/a,n/a,n/a,-1,-1,n/a,-1,n/a,n/a,-1,-1,-1,-1
1654,3004,character,Portrait_Plankton_Energized.png,n/a,n/a,I'm going to pull out all the stops!||He's going to tell his friends how great my restaurant is and I need to be ready!,!!QUEST_ID3004_TEXT10,n/a,n/a,n/a,n/a,-1,-1,n/a,-1,n/a,n/a,-1,-1,-1,-1
1655,3004,quest_start,n/a,ChumChunks.png,n/a,Make 10 Chum Chunks,n/a,!!QUEST_TITLE_ID3004,n/a,n/a,n/a,-1,-1,n/a,-1,n/a,n/a,-1,-1,-1,-1
1656,3005,quest_complete,n/a,ChumChunks.png,n/a,Make 10 Chum Chunks,n/a,!!QUEST_TITLE_ID3004,n/a,n/a,n/a,-1,-1,n/a,-1,n/a,n/a,-1,-1,-1,-1
1657,3006,character,MrKrabsPortrait_Whaddayamean.png,n/a,n/a,SpongeBob did I see somebody walk out of the Chum Bucket?||Carrying...whatever it be he's selling in there?,!!QUEST_ID3006_TEXT1,n/a,n/a,n/a,n/a,-1,-1,n/a,-1,n/a,n/a,-1,-1,-1,-1
1658,3006,character,spongebob_quizzical.png,n/a,n/a,How can I know what you saw?||Is this a trick question?,!!QUEST_ID3006_TEXT2,n/a,n/a,n/a,n/a,-1,-1,n/a,-1,n/a,n/a,-1,-1,-1,-1
1659,3006,character,MrKrabsPortrait_Whaddayamean.png,n/a,n/a,I want you to go stake out the Chum Bucket.||Actually SpongeBob you need to work.||Patrick you do it.,!!QUEST_ID3006_TEXT3,n/a,n/a,n/a,n/a,-1,-1,n/a,-1,n/a,n/a,-1,-1,-1,-1
1660,3006,character,Portrait_Patrick_Angry.png,n/a,n/a,Aye aye Mr. Krabs!,!!QUEST_ID3006_TEXT4,n/a,n/a,n/a,n/a,-1,-1,n/a,-1,n/a,n/a,-1,-1,-1,-1
1661,3006,quest_start,n/a,PatrickPortrait.png,n/a,Have Patrick Stake Out the Chum Bucket,n/a,!!QUEST_TITLE_ID3006,n/a,n/a,n/a,-1,-1,n/a,-1,n/a,n/a,-1,-1,-1,-1
1662,3007,quest_complete,n/a,PatrickPortrait.png,n/a,Have Patrick Stake Out the Chum Bucket,n/a,!!QUEST_TITLE_ID3006,n/a,n/a,n/a,-1,-1,n/a,-1,n/a,n/a,-1,-1,-1,-1
1663,3008,character,MrKrabsPortrait_Whaddayamean.png,n/a,n/a,Okay Patrick what did ye see?||Did Plankton get any customers?,!!QUEST_ID3008_TEXT1,n/a,n/a,n/a,n/a,-1,-1,n/a,-1,n/a,n/a,-1,-1,-1,-1
1664,3008,character,Portrait_Patrick.png,n/a,n/a,I don't know.||Maybe.,!!QUEST_ID3008_TEXT2,n/a,n/a,n/a,n/a,-1,-1,n/a,-1,n/a,n/a,-1,-1,-1,-1
1665,3008,character,MrKrabsPortrait_Whaddayamean.png,n/a,n/a,Well did anyone go inside?,!!QUEST_ID3008_TEXT3,n/a,n/a,n/a,n/a,-1,-1,n/a,-1,n/a,n/a,-1,-1,-1,-1
1666,3008,character,Portrait_Patrick.png,n/a,n/a,I don't know Mr. Krabs.||I wasn't inside.,!!QUEST_ID3008_TEXT4,n/a,n/a,n/a,n/a,-1,-1,n/a,-1,n/a,n/a,-1,-1,-1,-1
1667,3008,character,mrkrabsportrait_stern.png,n/a,n/a,Ye don't have to be inside to see if anyone goes inside!||Did ye see anyone go in the front door?,!!QUEST_ID3008_TEXT5,n/a,n/a,n/a,n/a,-1,-1,n/a,-1,n/a,n/a,-1,-1,-1,-1
1668,3008,character,Portrait_Patrick.png,n/a,n/a,I have no idea Mr. Krabs.||I was hiding behind the building.,!!QUEST_ID3008_TEXT6,n/a,n/a,n/a,n/a,-1,-1,n/a,-1,n/a,n/a,-1,-1,-1,-1
1669,3008,character,mrkrabsportrait_stern.png,n/a,n/a,But how could ye...||Nevermind!||I'll do it myself!,!!QUEST_ID3008_TEXT7,n/a,n/a,n/a,n/a,-1,-1,n/a,-1,n/a,n/a,-1,-1,-1,-1
1670,3008,quest_start,n/a,MrKrabsPortrait.png,n/a,Have Mr. Krabs Spy on the Chum Bucket,n/a,!!QUEST_TITLE_ID3008,n/a,n/a,n/a,-1,-1,n/a,-1,n/a,n/a,-1,-1,-1,-1
1671,3009,quest_complete,n/a,MrKrabsPortrait.png,n/a,Have Mr. Krabs Spy on the Chum Bucket,n/a,!!QUEST_TITLE_ID3008,n/a,n/a,n/a,-1,-1,n/a,-1,n/a,n/a,-1,-1,-1,-1
1672,3010,character,Portrait_Customer_Neutral.png,n/a,n/a,Can I have another Chum Burger Chum Fries and Chum Shake?,!!QUEST_ID3010_TEXT1,n/a,n/a,n/a,n/a,-1,-1,n/a,-1,n/a,n/a,-1,-1,-1,-1
1673,3010,character,mrkrabsportrait_stern.png,n/a,n/a,What's going on here?||Why are you ordering all this Chum fella?||You fertilizing your garden?,!!QUEST_ID3010_TEXT2,n/a,n/a,n/a,n/a,-1,-1,n/a,-1,n/a,n/a,-1,-1,-1,-1
1674,3010,character,Portrait_Customer_Neutral.png,n/a,n/a,No.||This food is delicious.||Can I have it To Go?,!!QUEST_ID3010_TEXT3,n/a,n/a,n/a,n/a,-1,-1,n/a,-1,n/a,n/a,-1,-1,-1,-1
1675,3010,character,MrKrabsPortrait_Whaddayamean.png,n/a,n/a,Let's see you eat it here.||You know so we can see you really eat it.||Not spread it on your garden.,!!QUEST_ID3010_TEXT4,n/a,n/a,n/a,n/a,-1,-1,n/a,-1,n/a,n/a,-1,-1,-1,-1
1676,3010,character,Portrait_Customer_Disgusted.png,n/a,n/a,No way!||That TV set over there is only paying me to order meals.||You couldn't pay me enough to actually eat them!,!!QUEST_ID3010_TEXT5,n/a,n/a,n/a,n/a,-1,-1,n/a,-1,n/a,n/a,-1,-1,-1,-1
1677,3010,character,mrkrabsportrait_moneygrubbing.png,n/a,n/a,Ha!||Just like I thought!,!!QUEST_ID3010_TEXT6,n/a,n/a,n/a,n/a,-1,-1,n/a,-1,n/a,n/a,-1,-1,-1,-1
1678,3010,character,Portrait_Plankton_Angry.png,n/a,n/a,Karen!||How could you?,!!QUEST_ID3010_TEXT7,n/a,n/a,n/a,n/a,-1,-1,n/a,-1,n/a,n/a,-1,-1,-1,-1
1679,3010,character,Portrait_Karen.png,n/a,n/a,I'd do just about anything to stop your complaining.||What are you going to do now go off and sulk?,!!QUEST_ID3010_TEXT8,n/a,n/a,n/a,n/a,-1,-1,n/a,-1,n/a,n/a,-1,-1,-1,-1
1680,3010,character,Portrait_Plankton_Angry.png,n/a,n/a,No KAREN I'm NOT going to go off and sulk!,!!QUEST_ID3010_TEXT9,n/a,n/a,n/a,n/a,-1,-1,n/a,-1,n/a,n/a,-1,-1,-1,-1
1681,3010,quest_start,n/a,PlanktonPortrait.png,n/a,Have Plankton Go Off And Sulk,n/a,!!QUEST_TITLE_ID3010,n/a,n/a,n/a,-1,-1,n/a,-1,n/a,n/a,-1,-1,-1,-1
1682,3011,quest_complete,n/a,PlanktonPortrait.png,n/a,Have Plankton Go Off And Sulk,n/a,!!QUEST_TITLE_ID3010,n/a,n/a,n/a,-1,-1,n/a,-1,n/a,n/a,-1,-1,-1,-1
1683,3012,character,Portrait_Karen.png,n/a,n/a,Is it time for more sulking now Sheldon or are you going to switch back to complaining now?,!!QUEST_ID3012_TEXT1,n/a,n/a,n/a,n/a,-1,-1,n/a,-1,n/a,n/a,-1,-1,-1,-1
1684,3012,character,Portrait_Plankton_Energized.png,n/a,n/a,Ha I'll have you know I get my best ideas while sulking--||I mean while having alone time with my genius thoughts.,!!QUEST_ID3012_TEXT2,n/a,n/a,n/a,n/a,-1,-1,n/a,-1,n/a,n/a,-1,-1,-1,-1
1685,3012,character,Portrait_Plankton_Energized.png,n/a,n/a,And I realized none of this would've happened if you were any help stealing Krabs' Secret Recipe!,!!QUEST_ID3012_TEXT3,n/a,n/a,n/a,n/a,-1,-1,n/a,-1,n/a,n/a,-1,-1,-1,-1
1686,3012,character,Portrait_Plankton_Energized.png,n/a,n/a,So I'm going to replace you!||I'm going to build a new robot who will actually help me instead of bribing customers!,!!QUEST_ID3012_TEXT4,n/a,n/a,n/a,n/a,-1,-1,n/a,-1,n/a,n/a,-1,-1,-1,-1
1687,3012,character,Portrait_Karen.png,n/a,n/a,Fine but don't do it in here.||Your projects always make a mess for me to clean up.||Do it out in your workshop.,!!QUEST_ID3012_TEXT5,n/a,n/a,n/a,n/a,-1,-1,n/a,-1,n/a,n/a,-1,-1,-1,-1
1688,3012,character,Portrait_Plankton_Thoughtful.png,n/a,n/a,My workshop?,!!QUEST_ID3012_TEXT6,n/a,n/a,n/a,n/a,-1,-1,n/a,-1,n/a,n/a,-1,-1,-1,-1
1689,3012,quest_start,n/a,PlanktonsWorkshop.png,n/a,Build and Complete Plankton's Lab,n/a,!!QUEST_TITLE_ID3012,n/a,n/a,n/a,-1,-1,n/a,-1,n/a,n/a,-1,-1,-1,-1
1690,3013,quest_complete,n/a,PlanktonsWorkshop.png,n/a,Build and Complete Plankton's Lab,n/a,!!QUEST_TITLE_ID3012,n/a,n/a,n/a,-1,-1,n/a,-1,n/a,n/a,-1,-1,-1,-1
1691,3014,character,Portrait_Plankton_Energized.png,n/a,n/a,I've done it!||And I couldn't decide what color to make your replacement robot -- Red Green or Blue -- so I made one of each!,!!QUEST_ID3014_TEXT1,n/a,n/a,n/a,n/a,-1,-1,n/a,-1,n/a,n/a,-1,-1,-1,-1
1692,3014,character,Portrait_Plankton_Energized.png,n/a,n/a,They'll all go steal Krab's Secret Recipe for me!,!!QUEST_ID3014_TEXT2,n/a,n/a,n/a,n/a,-1,-1,n/a,-1,n/a,n/a,-1,-1,-1,-1
1693,3014,character,Portrait_Karen.png,n/a,n/a,Looks like they're just wandering around.,!!QUEST_ID3014_TEXT3,n/a,n/a,n/a,n/a,-1,-1,n/a,-1,n/a,n/a,-1,-1,-1,-1
1694,3014,character,Portrait_Plankton_Thoughtful.png,n/a,n/a,Hmmm...||It does look that way doesn't it?,!!QUEST_ID3014_TEXT4,n/a,n/a,n/a,n/a,-1,-1,n/a,-1,n/a,n/a,-1,-1,-1,-1
1695,3014,character,Portrait_Karen.png,n/a,n/a,And they're asking for Chum Food?,!!QUEST_ID3014_TEXT5,n/a,n/a,n/a,n/a,-1,-1,n/a,-1,n/a,n/a,-1,-1,-1,-1
1696,3014,character,Portrait_Plankton_Angry.png,n/a,n/a,Well I couldn't have them wishing for Krabby Patties!||That would be a dead giveaway wouldn't it!,!!QUEST_ID3014_TEXT6,n/a,n/a,n/a,n/a,-1,-1,n/a,-1,n/a,n/a,-1,-1,-1,-1
1697,3014,character,Portrait_Plankton_Thoughtful.png,n/a,n/a,Looks like I need to be a little more direct with their programming though...,!!QUEST_ID3014_TEXT7,n/a,n/a,n/a,n/a,-1,-1,n/a,-1,n/a,n/a,-1,-1,-1,-1
1698,3014,quest_start,n/a,PlanktonPortrait.png,Portrait_Plankton_Energized.png,Steal Krab's Secret Recipe!,n/a,!!CHUNKQUEST_HEADING_ID3014,n/a,n/a,n/a,-1,-1,n/a,-1,n/a,n/a,-1,-1,-1,-1
1699,3015,quest_complete,n/a,PlanktonPortrait.png,n/a,Steal Krab's Secret Recipe!,n/a,!!CHUNKQUEST_HEADING_ID3014,n/a,n/a,n/a,-1,-1,n/a,-1,n/a,n/a,-1,-1,-1,-1
1700,3015,character,mrkrabsportrait_moneygrubbing.png,n/a,n/a,Thanks for sending over that Red Robot Plankton!||He did a breakdancing show and brought in more customers!,!!QUEST_ID3015_TEXT1,n/a,n/a,n/a,n/a,-1,-1,n/a,-1,n/a,n/a,-1,-1,-1,-1
1701,3015,character,spongebob_happy.png,n/a,n/a,And I lost Mr. Krab's Secret Recipe but your Blue Robot found it and gave it back to me!||It saved the day!,!!QUEST_ID3015_TEXT2,n/a,n/a,n/a,n/a,-1,-1,n/a,-1,n/a,n/a,-1,-1,-1,-1
1702,3015,character,Portrait_Plankton_Angry.png,n/a,n/a,WHAT?!||What about my Green Robot?,!!QUEST_ID3015_TEXT3,n/a,n/a,n/a,n/a,-1,-1,n/a,-1,n/a,n/a,-1,-1,-1,-1
1703,3015,character,mrkrabsportrait_moneygrubbing.png,n/a,n/a,It supervised the other two the whole time -- kept a very close eye on everything.||I haven't had this many customers in a month!||Thanks again Plankton!,!!QUEST_ID3015_TEXT4,n/a,n/a,n/a,n/a,-1,-1,n/a,-1,n/a,n/a,-1,-1,-1,-1
1704,3015,character,Portrait_Karen.png,n/a,n/a,Well Sheldon...||...now that you've replaced me with your toaster rainbow I guess I'll be going too.,!!QUEST_ID3015_TEXT5,n/a,n/a,n/a,n/a,-1,-1,n/a,-1,n/a,n/a,-1,-1,-1,-1
1705,3015,character,Portrait_Plankton_Nervous.png,n/a,n/a,Oh I could NEVER replace YOU Sweetums!||Please stay!,!!QUEST_ID3015_TEXT6,n/a,n/a,n/a,n/a,-1,-1,n/a,-1,n/a,n/a,-1,-1,-1,-1
1706,3015,character,Portrait_Karen.png,n/a,n/a,All right but only if all those bread burners stay out in your workshop.||And you know it's stupid to program them to place orders for your Chum Burgers right?,!!QUEST_ID3015_TEXT7,n/a,n/a,n/a,n/a,-1,-1,n/a,-1,n/a,n/a,-1,-1,-1,-1
1707,3015,character,Portrait_Plankton_Angry.png,n/a,n/a,NO it's NOT stupid!||It's...||It's...,!!QUEST_ID3015_TEXT8,n/a,n/a,n/a,n/a,-1,-1,n/a,-1,n/a,n/a,-1,-1,-1,-1
1708,3015,character,Portrait_Plankton_Angry.png,n/a,n/a,It's better to PROGRAM them to be customers instead of PAYING them.,!!QUEST_ID3015_TEXT9,n/a,n/a,n/a,n/a,-1,-1,n/a,-1,n/a,n/a,-1,-1,-1,-1
1709,3100,character,spongebob_happy.png,n/a,n/a,Hey Patrick you smell that?,!!QUEST_ID3100_TEXT1,n/a,n/a,n/a,n/a,-1,-1,n/a,-1,n/a,n/a,-1,-1,-1,-1
1710,3100,character,Portrait_Patrick_Sad.png,n/a,n/a,Sorry.,!!QUEST_ID3100_TEXT2,n/a,n/a,n/a,n/a,-1,-1,n/a,-1,n/a,n/a,-1,-1,-1,-1
1711,3100,character,Portrait_Spongebob_Sick.png,n/a,n/a,What?||Ew...open a window!,!!QUEST_ID3100_TEXT3,n/a,n/a,n/a,n/a,-1,-1,n/a,-1,n/a,n/a,-1,-1,-1,-1
1712,3100,character,spongebob_happy.png,n/a,n/a,I mean Valentines Day is coming!||Love is in the air!||Er...in the water?,!!QUEST_ID3100_TEXT4,n/a,n/a,n/a,n/a,-1,-1,n/a,-1,n/a,n/a,-1,-1,-1,-1
1713,3100,character,Portrait_Patrick.png,n/a,n/a,If that's true SpongeBob then love stinks.,!!QUEST_ID3100_TEXT5,n/a,n/a,n/a,n/a,-1,-1,n/a,-1,n/a,n/a,-1,-1,-1,-1
1714,3100,character,spongebob_happy.png,n/a,n/a,You know what doesn't stink?||Bikini Bottom's Annual Valentines Carnival!,!!QUEST_ID3100_TEXT6,n/a,n/a,n/a,n/a,-1,-1,n/a,-1,n/a,n/a,-1,-1,-1,-1
1715,3100,character,Portrait_Patrick_Confused.png,n/a,n/a,Did we have one last year?||Was I even here last year?,!!QUEST_ID3100_TEXT7,n/a,n/a,n/a,n/a,-1,-1,n/a,-1,n/a,n/a,-1,-1,-1,-1
1716,3100,character,spongebob_happy.png,n/a,n/a,You know what's better than carnival rides and stuff?||Having EVEN MORE carnival rides and stuff!,!!QUEST_ID3100_TEXT8,n/a,n/a,n/a,n/a,-1,-1,n/a,-1,n/a,n/a,-1,-1,-1,-1
1717,3100,character,Portrait_Patrick_Confused.png,n/a,n/a,Who's going to build it?,!!QUEST_ID3100_TEXT9,n/a,n/a,n/a,n/a,-1,-1,n/a,-1,n/a,n/a,-1,-1,-1,-1
1718,3100,character,spongebob_determined.png,n/a,n/a,All of us!||But we don't have a place to build stuff so let's build a stuff-building building and build stuff once it's built!,!!QUEST_ID3100_TEXT10,n/a,n/a,n/a,n/a,-1,-1,n/a,-1,n/a,n/a,-1,-1,-1,-1
1719,3100,character,Portrait_Patrick_Worried.png,n/a,n/a,I didn't understand a word you just said SpongeBob…||You must be a genius!,!!QUEST_ID3100_TEXT11,n/a,n/a,n/a,n/a,-1,-1,n/a,-1,n/a,n/a,-1,-1,-1,-1
1720,3100,quest_start,n/a,icon_Factory_Valentines.png,n/a,Build Fun Factory,n/a,!!QUEST_TITLE_ID3100,n/a,n/a,n/a,-1,-1,n/a,-1,n/a,n/a,-1,-1,-1,-1
1721,3101,quest_complete,n/a,icon_Factory_Valentines.png,n/a,Build Fun Factory,n/a,!!QUEST_TITLE_ID3100,n/a,n/a,n/a,-1,-1,n/a,-1,n/a,n/a,-1,-1,-1,-1
1722,3102,character,Portrait_Patrick_Worried.png,n/a,n/a,We are now officially a part of the global undersea industrial complex.,!!QUEST_ID3102_TEXT1,n/a,n/a,n/a,n/a,-1,-1,n/a,-1,n/a,n/a,-1,-1,-1,-1
1723,3102,character,spongebob_happy.png,n/a,n/a,If by that you mean we get to make cool stuff you're right!||Look at all we can get if we work together!,!!QUEST_ID3102_TEXT2,n/a,n/a,n/a,n/a,-1,-1,n/a,-1,n/a,n/a,-1,-1,-1,-1
1724,3102,quest_start,n/a,Valentines_MenuButton.png,n/a,Tap Valentines Community Event Button,n/a,!!QUEST_TITLE_ID3102,n/a,n/a,n/a,-1,-1,n/a,-1,n/a,n/a,-1,-1,-1,-1
1725,3103,quest_complete,n/a,Valentines_MenuButton.png,n/a,Tap Valentines Community Event Button,n/a,!!QUEST_TITLE_ID3102,n/a,n/a,n/a,-1,-1,n/a,-1,n/a,n/a,-1,-1,-1,-1
1726,3104,character,spongebob_happy.png,n/a,n/a,That's the ticket Patrick!,!!QUEST_ID3104_TEXT1,n/a,n/a,n/a,n/a,-1,-1,n/a,-1,n/a,n/a,-1,-1,-1,-1
1727,3104,character,spongebob_happy.png,n/a,n/a,Hmm...that gives me an idea!||We need a shiny new Ticket Booth for the carnival.||Let's try out this new Factory of Fun and build it together!,!!QUEST_ID3104_TEXT2,n/a,n/a,n/a,n/a,-1,-1,n/a,-1,n/a,n/a,-1,-1,-1,-1
1728,3104,quest_start,n/a,spongebob_happy.png,n/a,Try Out the Fun Factory!,n/a,!!CHUNKQUEST_HEADING_ID3104,n/a,n/a,n/a,-1,-1,n/a,-1,n/a,n/a,-1,-1,-1,-1
1729,3105,quest_complete,n/a,spongebob_happy.png,n/a,Try Out the Fun Factory!,n/a,!!CHUNKQUEST_HEADING_ID3104,n/a,n/a,n/a,-1,-1,n/a,-1,n/a,n/a,-1,-1,-1,-1
1730,3106,character,spongebob_happy.png,n/a,n/a,The new Carnival Ticket Booth is done!||It's beautiful!,!!QUEST_ID3106_TEXT1,n/a,n/a,n/a,n/a,-1,-1,n/a,-1,n/a,n/a,-1,-1,-1,-1
1731,3106,character,Portrait_Patrick_Confused.png,n/a,n/a,Why is it in the Suitcase?,!!QUEST_ID3106_TEXT2,n/a,n/a,n/a,n/a,-1,-1,n/a,-1,n/a,n/a,-1,-1,-1,-1
1732,3106,character,spongebob_happy.png,n/a,n/a,That's Inventory -- where else would you keep stuff when you're not using it?||But let's use it!,!!QUEST_ID3106_TEXT3,n/a,n/a,n/a,n/a,-1,-1,n/a,-1,n/a,n/a,-1,-1,-1,-1
1733,3106,quest_start,n/a,valentines_CarnivalTicketKiosk_Icon.png,n/a,Move Ticket Booth from your Suitcase to the Map,n/a,!!QUEST_TITLE_ID3106,n/a,n/a,n/a,-1,-1,n/a,-1,n/a,n/a,-1,-1,-1,-1
1734,3107,quest_complete,n/a,valentines_CarnivalTicketKiosk_Icon.png,n/a,Move Ticket Booth from your Suitcase to the Map,n/a,!!QUEST_TITLE_ID3106,n/a,n/a,n/a,-1,-1,n/a,-1,n/a,n/a,-1,-1,-1,-1
1735,3108,character,spongebob_happy.png,n/a,n/a,Perfect!||Now let's get everyone working on making this the best Valentines Carnival ever!,!!QUEST_ID3108_TEXT1,n/a,n/a,n/a,n/a,-1,-1,n/a,-1,n/a,n/a,-1,-1,-1,-1
1736,3110,character,Portrait_Plankton_Thoughtful.png,n/a,n/a,Maybe I've been going at this all wrong...,!!QUEST_ID3110_TEXT1,n/a,n/a,n/a,n/a,-1,-1,n/a,-1,n/a,n/a,-1,-1,-1,-1
1737,3110,character,Portrait_Karen.png,n/a,n/a,You're admitting a mistake?||Do you have a fever?,!!QUEST_ID3110_TEXT2,n/a,n/a,n/a,n/a,-1,-1,n/a,-1,n/a,n/a,-1,-1,-1,-1
1738,3110,character,Portrait_Plankton_Thoughtful.png,n/a,n/a,Maybe these wretched pathetic creatures would come to my restaurant if I was nice to them…,!!QUEST_ID3110_TEXT3,n/a,n/a,n/a,n/a,-1,-1,n/a,-1,n/a,n/a,-1,-1,-1,-1
1739,3110,character,Portrait_Karen.png,n/a,n/a,Nice?||You DO have a fever.,!!QUEST_ID3110_TEXT4,n/a,n/a,n/a,n/a,-1,-1,n/a,-1,n/a,n/a,-1,-1,-1,-1
1740,3110,character,Portrait_Plankton_Energized.png,n/a,n/a,Yes these Bottomites are going to get so much love they won't know what hit em!,!!QUEST_ID3110_TEXT5,n/a,n/a,n/a,n/a,-1,-1,n/a,-1,n/a,n/a,-1,-1,-1,-1
1741,3110,character,Portrait_Karen.png,n/a,n/a,Oh I get it you're being sarcastic.||You'll pretend to be nice but really have a diabolical plan doomed to failure of course.,!!QUEST_ID3110_TEXT6,n/a,n/a,n/a,n/a,-1,-1,n/a,-1,n/a,n/a,-1,-1,-1,-1
1742,3110,character,Portrait_Plankton_Energized.png,n/a,n/a,You know me too well Sweetie...,!!QUEST_ID3110_TEXT7,n/a,n/a,n/a,n/a,-1,-1,n/a,-1,n/a,n/a,-1,-1,-1,-1
1743,3110,quest_start,n/a,icon_PlanktonsWorkshop.png,n/a,Have Plankton Upgrade his Robots,n/a,!!QUEST_TITLE_ID3110,n/a,n/a,n/a,-1,-1,n/a,-1,n/a,n/a,-1,-1,-1,-1
1744,3111,quest_complete,n/a,icon_PlanktonsWorkshop.png,n/a,Have Plankton Upgrade his Robots,n/a,!!QUEST_TITLE_ID3110,n/a,n/a,n/a,-1,-1,n/a,-1,n/a,n/a,-1,-1,-1,-1
1745,3112,character,Portrait_Plankton_Energized.png,n/a,n/a,Look what I've done with our children Karen!,!!QUEST_ID3112_TEXT1,n/a,n/a,n/a,n/a,-1,-1,n/a,-1,n/a,n/a,-1,-1,-1,-1
1746,3112,character,Portrait_Karen.png,n/a,n/a,Don't be ridiculous Sheldon.||If I ever have children they won't have giant slots in their heads to burn bread.,!!QUEST_ID3112_TEXT2,n/a,n/a,n/a,n/a,-1,-1,n/a,-1,n/a,n/a,-1,-1,-1,-1
1747,3112,character,Portrait_Plankton_Energized.png,n/a,n/a,Where's the love Karen!||Go ahead kiddies switch over to your upgrade!,!!QUEST_ID3112_TEXT3,n/a,n/a,n/a,n/a,-1,-1,n/a,-1,n/a,n/a,-1,-1,-1,-1
1748,3112,quest_start,n/a,PlanktonPortrait.png,n/a,Love Bots!,n/a,!!CHUNKQUEST_HEADING_ID3112,n/a,n/a,n/a,-1,-1,n/a,-1,n/a,n/a,-1,-1,-1,-1
1749,3113,quest_complete,n/a,PlanktonPortrait.png,n/a,Love Bots!,n/a,!!CHUNKQUEST_HEADING_ID3112,n/a,n/a,n/a,-1,-1,n/a,-1,n/a,n/a,-1,-1,-1,-1
1750,3114,character,Portrait_Karen.png,n/a,n/a,I love toast.,!!QUEST_ID3114_TEXT1,n/a,n/a,n/a,n/a,-1,-1,n/a,-1,n/a,n/a,-1,-1,-1,-1
1751,3114,character,Portrait_Plankton_Thoughtful.png,n/a,n/a,Do you really?!,!!QUEST_ID3114_TEXT2,n/a,n/a,n/a,n/a,-1,-1,n/a,-1,n/a,n/a,-1,-1,-1,-1
1752,3114,character,Portrait_Karen.png,n/a,n/a,Of course not.||That's the message I'm getting from your creepy walking toasters.,!!QUEST_ID3114_TEXT3,n/a,n/a,n/a,n/a,-1,-1,n/a,-1,n/a,n/a,-1,-1,-1,-1
1753,3114,character,Portrait_Plankton_Energized.png,n/a,n/a,This is going to work Karen!||When this is over you'll be TOASTING my success!,!!QUEST_ID3114_TEXT4,n/a,n/a,n/a,n/a,-1,-1,n/a,-1,n/a,n/a,-1,-1,-1,-1
1754,3114,character,Portrait_Plankton_Energized.png,n/a,n/a,Okay Love Bots!||Spread the Love!,!!QUEST_ID3114_TEXT5,n/a,n/a,n/a,n/a,-1,-1,n/a,-1,n/a,n/a,-1,-1,-1,-1
1755,3114,quest_start,n/a,PlanktonPortrait.png,n/a,Plankton's Valentines Gift,n/a,!!CHUNKQUEST_HEADING_ID3114,n/a,n/a,n/a,-1,-1,n/a,-1,n/a,n/a,-1,-1,-1,-1
1756,3115,quest_complete,n/a,PlanktonPortrait.png,n/a,Plankton's Valentines Gift,n/a,!!CHUNKQUEST_HEADING_ID3114,n/a,n/a,n/a,-1,-1,n/a,-1,n/a,n/a,-1,-1,-1,-1
1757,3116,character,Portrait_Sandy.png,n/a,n/a,Howdy fellers!,!!QUEST_ID3116_TEXT1,n/a,n/a,n/a,n/a,-1,-1,n/a,-1,n/a,n/a,-1,-1,-1,-1
1758,3116,character,spongebob_happy.png,n/a,n/a,Sandy!||All the way from Texas!,!!QUEST_ID3116_TEXT2,n/a,n/a,n/a,n/a,-1,-1,n/a,-1,n/a,n/a,-1,-1,-1,-1
1759,3116,character,Portrait_Sandy.png,n/a,n/a,Well originally…||And I do miss it…||But folks like you make Bikini Bottom mighty nice too.,!!QUEST_ID3116_TEXT3,n/a,n/a,n/a,n/a,-1,-1,n/a,-1,n/a,n/a,-1,-1,-1,-1
1760,3116,character,Portrait_Patrick.png,n/a,n/a,Hello Bubble Head.,!!QUEST_ID3116_TEXT4,n/a,n/a,n/a,n/a,-1,-1,n/a,-1,n/a,n/a,-1,-1,-1,-1
1761,3116,character,Portrait_Spongebob_Sad.png,n/a,n/a,That's not nice Patrick.||Sandy's our friend!,!!QUEST_ID3116_TEXT5,n/a,n/a,n/a,n/a,-1,-1,n/a,-1,n/a,n/a,-1,-1,-1,-1
1762,3116,character,Portrait_Patrick.png,n/a,n/a,Yup.||And she's got a Bubble Head.,!!QUEST_ID3116_TEXT6,n/a,n/a,n/a,n/a,-1,-1,n/a,-1,n/a,n/a,-1,-1,-1,-1
1763,3116,character,Portrait_Spongebob_Sad.png,n/a,n/a,Sorry Sandy I don't know what's got into him.||Looks like someone needs to spend more time in the Love Factory.,!!QUEST_ID3116_TEXT7,n/a,n/a,n/a,n/a,-1,-1,n/a,-1,n/a,n/a,-1,-1,-1,-1
1764,3116,quest_start,n/a,PatrickPortrait.png,n/a,Have Patrick DO FUNNY FACTORY TASK,n/a,!!QUEST_TITLE_ID3116,n/a,n/a,n/a,-1,-1,n/a,-1,n/a,n/a,-1,-1,-1,-1
1765,3117,quest_complete,n/a,PatrickPortrait.png,n/a,Have Patrick DO FUNNY FACTORY TASK,n/a,!!QUEST_TITLE_ID3116,n/a,n/a,n/a,-1,-1,n/a,-1,n/a,n/a,-1,-1,-1,-1
1766,3118,character,Portrait_Sandy.png,n/a,n/a,SpongeBob don't it seem like folks is bickering a lot lately?,!!QUEST_ID3118_TEXT1,n/a,n/a,n/a,n/a,-1,-1,n/a,-1,n/a,n/a,-1,-1,-1,-1
1767,3118,character,Portrait_SpongeBob.png,n/a,n/a,Don't be so sensitive.||Are all squirrels from Texas so touchy?,!!QUEST_ID3118_TEXT2,n/a,n/a,n/a,n/a,-1,-1,n/a,-1,n/a,n/a,-1,-1,-1,-1
1768,3118,character,Portrait_Sandy_Angry.png,n/a,n/a,Folks insultin' me?||Calling me Bubble Head?||Telling me I got tombstones for teeth!,!!QUEST_ID3118_TEXT3,n/a,n/a,n/a,n/a,-1,-1,n/a,-1,n/a,n/a,-1,-1,-1,-1
1769,3118,character,Portrait_SpongeBob.png,n/a,n/a,They ARE pretty big.,!!QUEST_ID3118_TEXT4,n/a,n/a,n/a,n/a,-1,-1,n/a,-1,n/a,n/a,-1,-1,-1,-1
1770,3118,character,Portrait_Sandy_Angry.png,n/a,n/a,Look who's talking SpongeBob Tooth...Pants!||Maybe YOU need to go to the Love Factory!,!!QUEST_ID3118_TEXT5,n/a,n/a,n/a,n/a,-1,-1,n/a,-1,n/a,n/a,-1,-1,-1,-1
1771,3118,character,Portrait_Spongebob_Mad.png,n/a,n/a,Maybe I do!,!!QUEST_ID3118_TEXT6,n/a,n/a,n/a,n/a,-1,-1,n/a,-1,n/a,n/a,-1,-1,-1,-1
1772,3118,quest_start,n/a,SpongebobPortrait.png,n/a,Have SpongeBob DO FUNNY FACTORY TASK,n/a,!!QUEST_TITLE_ID3118,n/a,n/a,n/a,-1,-1,n/a,-1,n/a,n/a,-1,-1,-1,-1
1773,3119,quest_complete,n/a,SpongebobPortrait.png,n/a,Have SpongeBob DO FUNNY FACTORY TASK,n/a,!!QUEST_TITLE_ID3118,n/a,n/a,n/a,-1,-1,n/a,-1,n/a,n/a,-1,-1,-1,-1
1774,3119,character,Portrait_Sandy_Determined.png,n/a,n/a,For a bunch a folks building a Valentines Carnival there's a lot more insults' than Valentine wishes goin' round...,!!QUEST_ID3120_TEXT1,n/a,n/a,n/a,n/a,-1,-1,n/a,-1,n/a,n/a,-1,-1,-1,-1
1775,3119,character,Portrait_Sandy_Determined.png,n/a,n/a,I got to get to the bottom of it...,!!QUEST_ID3120_TEXT2,n/a,n/a,n/a,n/a,-1,-1,n/a,-1,n/a,n/a,-1,-1,-1,-1
1776,3122,character,Portrait_Sandy_Determined.png,n/a,n/a,SpongeBob I figured it out!,!!QUEST_ID3122_TEXT1,n/a,n/a,n/a,n/a,-1,-1,n/a,-1,n/a,n/a,-1,-1,-1,-1
1777,3122,character,Portrait_SpongeBob.png,n/a,n/a,Why your teeth are so big?,!!QUEST_ID3122_TEXT2,n/a,n/a,n/a,n/a,-1,-1,n/a,-1,n/a,n/a,-1,-1,-1,-1
1778,3122,character,Portrait_Sandy_Angry.png,n/a,n/a,No!||Everyone's sick sort of.||Anyhow they're infected!,!!QUEST_ID3122_TEXT3,n/a,n/a,n/a,n/a,-1,-1,n/a,-1,n/a,n/a,-1,-1,-1,-1
1779,3122,character,Portrait_SpongeBob.png,n/a,n/a,With love?||I don't feel lovesick…||Is this one of those Texan touchy-feely things?,!!QUEST_ID3122_TEXT4,n/a,n/a,n/a,n/a,-1,-1,n/a,-1,n/a,n/a,-1,-1,-1,-1
1780,3122,character,Portrait_Sandy_Angry.png,n/a,n/a,No now go on home and stay there while I run tests on you!||I need a whole day to analyze why folks is being mean to each other!,!!QUEST_ID3122_TEXT5,n/a,n/a,n/a,n/a,-1,-1,n/a,-1,n/a,n/a,-1,-1,-1,-1
1781,3122,character,Portrait_Spongebob_Mad.png,n/a,n/a,A whole day!||Lucky for you there's a Mermaidman and Barnacleboy Marathon on TV!,!!QUEST_ID3122_TEXT6,n/a,n/a,n/a,n/a,-1,-1,n/a,-1,n/a,n/a,-1,-1,-1,-1
1782,3122,quest_start,n/a,SpongebobPortrait.png,n/a,Have SpongeBob Watch Mermaidman Marathon,n/a,!!QUEST_TITLE_ID3122,n/a,n/a,n/a,-1,-1,n/a,-1,n/a,n/a,-1,-1,-1,-1
1783,3123,quest_complete,n/a,SpongebobPortrait.png,n/a,Have SpongeBob Watch Mermaidman Marathon,n/a,!!QUEST_TITLE_ID3122,n/a,n/a,n/a,-1,-1,n/a,-1,n/a,n/a,-1,-1,-1,-1
1784,3124,character,Portrait_Sandy_Determined.png,n/a,n/a,I figured it out!||Everyone's been infected by tiny robots!||That's what's making everyone be so mean!,!!QUEST_ID3124_TEXT1,n/a,n/a,n/a,n/a,-1,-1,n/a,-1,n/a,n/a,-1,-1,-1,-1
1785,3124,character,Portrait_SpongeBob.png,n/a,n/a,But YOU haven't said anything mean to anybody.,!!QUEST_ID3124_TEXT2,n/a,n/a,n/a,n/a,-1,-1,n/a,-1,n/a,n/a,-1,-1,-1,-1
1786,3124,character,Portrait_Sandy_Determined.png,n/a,n/a,That's right I'm not infected!||It's in the water supply!,!!QUEST_ID3124_TEXT3,n/a,n/a,n/a,n/a,-1,-1,n/a,-1,n/a,n/a,-1,-1,-1,-1
1787,3124,character,Portrait_Patrick.png,n/a,n/a,What's a water supply?,!!QUEST_ID3124_TEXT4,n/a,n/a,n/a,n/a,-1,-1,n/a,-1,n/a,n/a,-1,-1,-1,-1
1788,3124,character,Portrait_Sandy_Determined.png,n/a,n/a,It's all this stuff you're swimmin' in right now!||The stuff my BUBBLE HEAD keeps out!,!!QUEST_ID3124_TEXT5,n/a,n/a,n/a,n/a,-1,-1,n/a,-1,n/a,n/a,-1,-1,-1,-1
1789,3124,character,spongebob_determined.png,n/a,n/a,Tiny little robots?||Plankton makes robots!,!!QUEST_ID3124_TEXT6,n/a,n/a,n/a,n/a,-1,-1,n/a,-1,n/a,n/a,-1,-1,-1,-1
1790,3124,character,Portrait_Sandy_Determined.png,n/a,n/a,Patrick while I run more tests on SpongeBob you go snoop around the Chum Bucket and see what you can find!,!!QUEST_ID3124_TEXT7,n/a,n/a,n/a,n/a,-1,-1,n/a,-1,n/a,n/a,-1,-1,-1,-1
1791,3124,quest_start,n/a,PatrickPortrait.png,n/a,Have Patrick Stake Out the Chum Bucket,n/a,!!QUEST_TITLE_ID3124,n/a,n/a,n/a,-1,-1,n/a,-1,n/a,n/a,-1,-1,-1,-1
1792,3125,quest_complete,n/a,PatrickPortrait.png,n/a,Have Patrick Stake Out the Chum Bucket,n/a,!!QUEST_TITLE_ID3124,n/a,n/a,n/a,-1,-1,n/a,-1,n/a,n/a,-1,-1,-1,-1
1793,3126,character,Portrait_Sandy_Determined.png,n/a,n/a,See anything Patrick?,!!QUEST_ID3126_TEXT1,n/a,n/a,n/a,n/a,-1,-1,n/a,-1,n/a,n/a,-1,-1,-1,-1
1794,3126,character,Portrait_Patrick.png,n/a,n/a,Tables chairs counters chum food no customers... and a really mean TV who sounds like my mom.,!!QUEST_ID3126_TEXT2,n/a,n/a,n/a,n/a,-1,-1,n/a,-1,n/a,n/a,-1,-1,-1,-1
1795,3126,character,Portrait_Plankton_Energized.png,n/a,n/a,I knew sending my Love Bots out would pay off!||May I take your order?,!!QUEST_ID3126_TEXT3,n/a,n/a,n/a,n/a,-1,-1,n/a,-1,n/a,n/a,-1,-1,-1,-1
1796,3126,character,Portrait_Sandy_Determined.png,n/a,n/a,Plankton your robots spread other tiny robots around that are making everyone bicker and be mean to each other!,!!QUEST_ID3126_TEXT4,n/a,n/a,n/a,n/a,-1,-1,n/a,-1,n/a,n/a,-1,-1,-1,-1
1797,3126,character,Portrait_Plankton_Energized.png,n/a,n/a,"It's not MY fault Bottomites are critical spiteful creatures!||I'm trying to make them better with those robots my ""LoveBytes"".",!!QUEST_ID3126_TEXT5,n/a,n/a,n/a,n/a,-1,-1,n/a,-1,n/a,n/a,-1,-1,-1,-1
1798,3126,character,Portrait_Plankton_Energized.png,n/a,n/a,Now if you're not going to order please make room for PAYING customers.,!!QUEST_ID3126_TEXT6,n/a,n/a,n/a,n/a,-1,-1,n/a,-1,n/a,n/a,-1,-1,-1,-1
1799,3126,character,Portrait_Sandy_Determined.png,n/a,n/a,I better find us a cure for Plankton's LoveBytes fast!,!!QUEST_ID3126_TEXT7,n/a,n/a,n/a,n/a,-1,-1,n/a,-1,n/a,n/a,-1,-1,-1,-1
1800,3126,character,spongebob_quizzical.png,n/a,n/a,What can we do to help?,!!QUEST_ID3126_TEXT8,n/a,n/a,n/a,n/a,-1,-1,n/a,-1,n/a,n/a,-1,-1,-1,-1
1801,3126,character,Portrait_Sandy_Determined.png,n/a,n/a,You got worse sitting home watching TV all day.||I think working in the factory fights off the LoveBytes.,!!QUEST_ID3126_TEXT9,n/a,n/a,n/a,n/a,-1,-1,n/a,-1,n/a,n/a,-1,-1,-1,-1
1802,3126,character,spongebob_determined.png,n/a,n/a,The Power of Love!||Yes all of us making a better Valentines Carnival is the best medicine!,!!QUEST_ID3126_TEXT10,n/a,n/a,n/a,n/a,-1,-1,n/a,-1,n/a,n/a,-1,-1,-1,-1
1803,3128,character,Portrait_Sandy.png,n/a,n/a,How ya feelin' Patrick?,!!QUEST_ID3128_TEXT1,n/a,n/a,n/a,n/a,-1,-1,n/a,-1,n/a,n/a,-1,-1,-1,-1
1804,3128,character,Portrait_Patrick.png,n/a,n/a,I'd be right as rain Fuzz-Ball…||If I knew what rain was...,!!QUEST_ID3128_TEXT2,n/a,n/a,n/a,n/a,-1,-1,n/a,-1,n/a,n/a,-1,-1,-1,-1
1805,3128,character,Portrait_Sandy.png,n/a,n/a,You know Squidward I've noticed something…||These things everyone's saying to each other...they're mean but they're sorta true…,!!QUEST_ID3128_TEXT3,n/a,n/a,n/a,n/a,-1,-1,n/a,-1,n/a,n/a,-1,-1,-1,-1
1806,3128,character,Portrait_Squidward.png,n/a,n/a,I noticed that too.||I'm finding all this honesty refreshing.,!!QUEST_ID3128_TEXT4,n/a,n/a,n/a,n/a,-1,-1,n/a,-1,n/a,n/a,-1,-1,-1,-1
1807,3128,character,Portrait_Sandy.png,n/a,n/a,Hmmm...maybe I need a different test subject…||Patrick?,!!QUEST_ID3128_TEXT5,n/a,n/a,n/a,n/a,-1,-1,n/a,-1,n/a,n/a,-1,-1,-1,-1
1808,3128,character,Portrait_Patrick.png,n/a,n/a,Let me guess…,!!QUEST_ID3128_TEXT6,n/a,n/a,n/a,n/a,-1,-1,n/a,-1,n/a,n/a,-1,-1,-1,-1
1809,3128,quest_start,n/a,PatrickPortrait.png,n/a,Have Patrick Watch Mermaidman Marathon,n/a,!!QUEST_TITLE_ID3128,n/a,n/a,n/a,-1,-1,n/a,-1,n/a,n/a,-1,-1,-1,-1
1810,3129,quest_complete,n/a,PatrickPortrait.png,n/a,Have Patrick Watch Mermaidman Marathon,n/a,!!QUEST_TITLE_ID3128,n/a,n/a,n/a,-1,-1,n/a,-1,n/a,n/a,-1,-1,-1,-1
1811,3130,character,Portrait_Sandy_Determined.png,n/a,n/a,The LoveBytes aren't making everyone bicker they make em say the truth even if it hurts someone's feelings!,!!QUEST_ID3130_TEXT1,n/a,n/a,n/a,n/a,-1,-1,n/a,-1,n/a,n/a,-1,-1,-1,-1
1812,3130,character,spongebob_quizzical.png,n/a,n/a,Why would Plankton do that?,!!QUEST_ID3130_TEXT2,n/a,n/a,n/a,n/a,-1,-1,n/a,-1,n/a,n/a,-1,-1,-1,-1
1813,3130,character,Portrait_Sandy_Determined.png,n/a,n/a,What's the Krabby Patty Secret Recipe?,!!QUEST_ID3130_TEXT3,n/a,n/a,n/a,n/a,-1,-1,n/a,-1,n/a,n/a,-1,-1,-1,-1
1814,3130,character,spongebob_happy.png,n/a,n/a,Well the first thing you do is to find—,!!QUEST_ID3130_TEXT4,n/a,n/a,n/a,n/a,-1,-1,n/a,-1,n/a,n/a,-1,-1,-1,-1
1815,3130,character,mrkrabsportrait_stern.png,n/a,n/a,SpongeBob!||Don’t tell anyone how the Secret Recipe starts off with finding—,!!QUEST_ID3130_TEXT5,n/a,n/a,n/a,n/a,-1,-1,n/a,-1,n/a,n/a,-1,-1,-1,-1
1816,3130,character,Portrait_Spongebob_Worried.png,n/a,n/a,No Mr. Krabs! Don’t say how you first need to find—,!!QUEST_ID3130_TEXT6,n/a,n/a,n/a,n/a,-1,-1,n/a,-1,n/a,n/a,-1,-1,-1,-1
1817,3130,character,Portrait_Patrick.png,n/a,n/a,Hey isn’t the Secret Recipe supposed to be a secret?||Otherwise everyone would know you need to find...well I don’t know the Secret Recipe.,!!QUEST_ID3130_TEXT7,n/a,n/a,n/a,n/a,-1,-1,n/a,-1,n/a,n/a,-1,-1,-1,-1
1818,3130,character,Portrait_Sandy_Determined.png,n/a,n/a,Plankton's LoveBytes are a Truth Serum!||And worse they make you say whatever you think!,!!QUEST_ID3130_TEXT8,n/a,n/a,n/a,n/a,-1,-1,n/a,-1,n/a,n/a,-1,-1,-1,-1
1819,3130,character,Portrait_Spongebob_Worried.png,n/a,n/a,That's Plankton's diabolical plan!||All he needs to do is walk in here and ask what the Secret Recipe is!,!!QUEST_ID3130_TEXT9,n/a,n/a,n/a,n/a,-1,-1,n/a,-1,n/a,n/a,-1,-1,-1,-1
1820,3130,character,Portrait_MrKrabs_Scared.png,n/a,n/a,And we'd just tell him!||What's the cure?!,!!QUEST_ID3130_TEXT10,n/a,n/a,n/a,n/a,-1,-1,n/a,-1,n/a,n/a,-1,-1,-1,-1
1821,3130,character,Portrait_Sandy.png,n/a,n/a,Sigh…||There isn't one.||But I think the Valentines Carnival might be counteracting the effects.,!!QUEST_ID3130_TEXT11,n/a,n/a,n/a,n/a,-1,-1,n/a,-1,n/a,n/a,-1,-1,-1,-1
1822,3130,character,spongebob_determined.png,n/a,n/a,Then we all better work extra hard making Carnival stuff!||And working in the factory will keep me away from Plankton and his questions!,!!QUEST_ID3130_TEXT12,n/a,n/a,n/a,n/a,-1,-1,n/a,-1,n/a,n/a,-1,-1,-1,-1
1823,3132,character,Portrait_Plankton_Energized.png,n/a,n/a,Hello friends!||How's everyone this fine day?,!!QUEST_ID3132_TEXT1,n/a,n/a,n/a,n/a,-1,-1,n/a,-1,n/a,n/a,-1,-1,-1,-1
1824,3132,character,Portrait_MrKrabs.png,n/a,n/a,Look SpongeBob a bug just crawled in here.,!!QUEST_ID3132_TEXT2,n/a,n/a,n/a,n/a,-1,-1,n/a,-1,n/a,n/a,-1,-1,-1,-1
1825,3132,character,Portrait_SpongeBob.png,n/a,n/a,That's not a bug Mr. Krabs.||Bugs don't smell that bad.,!!QUEST_ID3132_TEXT3,n/a,n/a,n/a,n/a,-1,-1,n/a,-1,n/a,n/a,-1,-1,-1,-1
1826,3132,character,Portrait_Plankton_Energized.png,n/a,n/a,Ah yes that's the kind of honesty you only get between true friends!||So...I have a question for you...my friends…,!!QUEST_ID3132_TEXT4,n/a,n/a,n/a,n/a,-1,-1,n/a,-1,n/a,n/a,-1,-1,-1,-1
1827,3132,character,Portrait_Plankton_Energized.png,n/a,n/a,What is the Krabby Patty Secret Recipe?,!!QUEST_ID3132_TEXT5,n/a,n/a,n/a,n/a,-1,-1,n/a,-1,n/a,n/a,-1,-1,-1,-1
1828,3132,character,Portrait_MrKrabs.png,n/a,n/a,Well first you need to find Chum Chunks…,!!QUEST_ID3132_TEXT6,n/a,n/a,n/a,n/a,-1,-1,n/a,-1,n/a,n/a,-1,-1,-1,-1
1829,3132,character,Portrait_SpongeBob.png,n/a,n/a,FROZEN Chum Chunks Mr. Krabs!||Remember the secret is they have to be frozen!,!!QUEST_ID3132_TEXT7,n/a,n/a,n/a,n/a,-1,-1,n/a,-1,n/a,n/a,-1,-1,-1,-1
1830,3132,character,Portrait_MrKrabs.png,n/a,n/a,That be the secret all right.||Make em into a patty and then add a bun lettuce onion tomato and ketchup!,!!QUEST_ID3132_TEXT8,n/a,n/a,n/a,n/a,-1,-1,n/a,-1,n/a,n/a,-1,-1,-1,-1
1831,3134,character,Portrait_Plankton_Energized.png,n/a,n/a,AT LAST!||I finally have the Secret Recipe!,!!QUEST_ID3134_TEXT1,n/a,n/a,n/a,n/a,-1,-1,n/a,-1,n/a,n/a,-1,-1,-1,-1
1832,3134,character,Portrait_Plankton_Energized.png,n/a,n/a,And how ironic that it uses frozen Chum Chunks…||It was right under my nose the whole time!,!!QUEST_ID3134_TEXT2,n/a,n/a,n/a,n/a,-1,-1,n/a,-1,n/a,n/a,-1,-1,-1,-1
1833,3134,character,Portrait_Plankton_Energized.png,n/a,n/a,My burgers are going to be even better than Krabs'…||Nobody knows frozen chum like I do!,!!QUEST_ID3134_TEXT3,n/a,n/a,n/a,n/a,-1,-1,n/a,-1,n/a,n/a,-1,-1,-1,-1
1834,3134,quest_start,n/a,icon_ChumBucket.png,n/a,Make Krabby Klone at the Chum Bucket,n/a,!!QUEST_TITLE_ID3134,n/a,n/a,n/a,-1,-1,n/a,-1,n/a,n/a,-1,-1,-1,-1
1835,3135,quest_complete,n/a,icon_ChumBucket.png,n/a,Make Krabby Klone at the Chum Bucket,n/a,!!QUEST_TITLE_ID3134,n/a,n/a,n/a,-1,-1,n/a,-1,n/a,n/a,-1,-1,-1,-1
1836,3135,character,Portrait_Plankton_Energized.png,n/a,n/a,This is it Karen!||Brace yourself for the stampede of customers!,!!QUEST_ID3135_TEXT1,n/a,n/a,n/a,n/a,-1,-1,n/a,-1,n/a,n/a,-1,-1,-1,-1
1837,3135,character,Portrait_Cricket.png,n/a,n/a,(chirp chirp),!!QUEST_ID3135_TEXT2,n/a,n/a,n/a,n/a,-1,-1,n/a,-1,n/a,n/a,-1,-1,-1,-1
1838,3135,character,Portrait_Plankton_Baffled.png,n/a,n/a,How is this possible -- I made them perfectly!,!!QUEST_ID3135_TEXT3,n/a,n/a,n/a,n/a,-1,-1,n/a,-1,n/a,n/a,-1,-1,-1,-1
1839,3135,character,mrkrabsportrait_moneygrubbing.png,n/a,n/a,Hello Plankton old friend!||How's business?,!!QUEST_ID3135_TEXT4,n/a,n/a,n/a,n/a,-1,-1,n/a,-1,n/a,n/a,-1,-1,-1,-1
1840,3135,character,Portrait_Plankton_Energized.png,n/a,n/a,Tell me the Secret Recipe again!,!!QUEST_ID3135_TEXT5,n/a,n/a,n/a,n/a,-1,-1,n/a,-1,n/a,n/a,-1,-1,-1,-1
1841,3135,character,spongebob_happy.png,n/a,n/a,Looks right to me!||Chum Patty with frozen Chum Chunks all the fixings!,!!QUEST_ID3135_TEXT6,n/a,n/a,n/a,n/a,-1,-1,n/a,-1,n/a,n/a,-1,-1,-1,-1
1842,3135,character,mrkrabsportrait_moneygrubbing.png,n/a,n/a,Smells delicious...only a great chef like you could pull it off!||Don't worry I'm sure the customers will come soon!||See ye later!,!!QUEST_ID3135_TEXT7,n/a,n/a,n/a,n/a,-1,-1,n/a,-1,n/a,n/a,-1,-1,-1,-1
1843,3135,character,Portrait_Plankton_Baffled.png,n/a,n/a,I…||I don't understand…,!!QUEST_ID3135_TEXT8,n/a,n/a,n/a,n/a,-1,-1,n/a,-1,n/a,n/a,-1,-1,-1,-1
1844,3135,character,Portrait_Karen.png,n/a,n/a,Really??||The secret to Krabby Patties is FROZEN CHUM?||All those nice things they just said to you?,!!QUEST_ID3135_TEXT9,n/a,n/a,n/a,n/a,-1,-1,n/a,-1,n/a,n/a,-1,-1,-1,-1
1845,3135,character,Portrait_Plankton_Bummed.png,n/a,n/a,Oh…||Dang it…||They cured themselves.,!!QUEST_ID3135_TEXT10,n/a,n/a,n/a,n/a,-1,-1,n/a,-1,n/a,n/a,-1,-1,-1,-1
1846,3138,character,spongebob_happy.png,n/a,n/a,I'm glad we're cured of Plankton's LoveBytes!||I didn't like saying those mean things even if they were true.,!!QUEST_ID3138_TEXT1,n/a,n/a,n/a,n/a,-1,-1,n/a,-1,n/a,n/a,-1,-1,-1,-1
1847,3138,character,Portrait_Patrick.png,n/a,n/a,But Squidward isn't cured!||He's still saying mean honest things to everyone.,!!QUEST_ID3138_TEXT2,n/a,n/a,n/a,n/a,-1,-1,n/a,-1,n/a,n/a,-1,-1,-1,-1
1848,3138,character,Portrait_Sandy.png,n/a,n/a,He always has.||Can't blame the LoveBytes for that!,!!QUEST_ID3138_TEXT3,n/a,n/a,n/a,n/a,-1,-1,n/a,-1,n/a,n/a,-1,-1,-1,-1
1849,3138,character,Squidward_Annoyed.png,n/a,n/a,I'm standing right here you know!,!!QUEST_ID3138_TEXT4,n/a,n/a,n/a,n/a,-1,-1,n/a,-1,n/a,n/a,-1,-1,-1,-1
1850,3140,character,spongebob_happy.png,n/a,n/a,All's well that ends well right Patrick?,!!QUEST_ID3138_TEXT5,n/a,n/a,n/a,n/a,-1,-1,n/a,-1,n/a,n/a,-1,-1,-1,-1
1851,3140,character,Portrait_Patrick.png,n/a,n/a,Right SpongeBob!||Whatever that means!,!!QUEST_ID3138_TEXT6,n/a,n/a,n/a,n/a,-1,-1,n/a,-1,n/a,n/a,-1,-1,-1,-1
1852,3140,character,Portrait_Sandy.png,n/a,n/a,Easy for you guys to say…||I did all the work.,!!QUEST_ID3138_TEXT7,n/a,n/a,n/a,n/a,-1,-1,n/a,-1,n/a,n/a,-1,-1,-1,-1
1853,3200,character,spongebob_happy.png,n/a,n/a,Look everybody!||There's kelp in Jellyfish Fields!,!!QUEST_ID3200_TEXT1,n/a,n/a,n/a,n/a,-1,-1,n/a,-1,n/a,n/a,-1,-1,-1,-1
1854,3200,character,MrKrabsPortrait_Whaddayamean.png,n/a,n/a,It's a weed SpongeBob.||It be growin' everywhere.,!!QUEST_ID3200_TEXT2,n/a,n/a,n/a,n/a,-1,-1,n/a,-1,n/a,n/a,-1,-1,-1,-1
1855,3200,character,spongebob_happy.png,n/a,n/a,Not in Jellyfish Fields!||Don't you remember?,!!QUEST_ID3200_TEXT3,n/a,n/a,n/a,n/a,-1,-1,n/a,-1,n/a,n/a,-1,-1,-1,-1
1856,3200,character,Squidward_Annoyed.png,n/a,n/a,I remember.||Everything wilted and it's been toxic ever since.,!!QUEST_ID3200_TEXT4,n/a,n/a,n/a,n/a,-1,-1,n/a,-1,n/a,n/a,-1,-1,-1,-1
1857,3200,character,Portrait_Patrick_Confused.png,n/a,n/a,I used to love camping there.||But then the Jellyfish left and the hives rotted.||I forget. . .  how'd it happen?,!!QUEST_ID3200_TEXT5,n/a,n/a,n/a,n/a,-1,-1,n/a,-1,n/a,n/a,-1,-1,-1,-1
1858,3200,character,Portrait_Spongebob_Worried.png,n/a,n/a,Well. . . SOMEBODY went camping and cooked a ton of beans and ate ALL of them. . .||You can probably guess what happened then.,!!QUEST_ID3200_TEXT6,n/a,n/a,n/a,n/a,-1,-1,n/a,-1,n/a,n/a,-1,-1,-1,-1
1859,3200,character,Portrait_Patrick_Confused.png,n/a,n/a,Uh. . .||I give up.||What happened?,!!QUEST_ID3200_TEXT7,n/a,n/a,n/a,n/a,-1,-1,n/a,-1,n/a,n/a,-1,-1,-1,-1
1860,3200,character,Squidward_Annoyed.png,n/a,n/a,You ruined Jellyfish Fields Patrick!||THAT'S what happened!,!!QUEST_ID3200_TEXT8,n/a,n/a,n/a,n/a,-1,-1,n/a,-1,n/a,n/a,-1,-1,-1,-1
1861,3200,character,spongebob_happy.png,n/a,n/a,But the toxic. . . whatever it was. . . it's gone now!||We can restore Jellyfish Fields to its former glory!,!!QUEST_ID3200_TEXT9,n/a,n/a,n/a,n/a,-1,-1,n/a,-1,n/a,n/a,-1,-1,-1,-1
1862,3200,character,spongebob_quizzical.png,n/a,n/a,But first. . .||I need to make sure history doesn't repeat itself. . .,!!QUEST_ID3200_TEXT10,n/a,n/a,n/a,n/a,-1,-1,n/a,-1,n/a,n/a,-1,-1,-1,-1
1863,3200,quest_start,n/a,PineappleHouse.png,n/a,Have SpongeBob Hide Patrick's Camping Gear,n/a,!!QUEST_TITLE_ID3200,n/a,n/a,n/a,-1,-1,n/a,-1,n/a,n/a,-1,-1,-1,-1
1864,3201,quest_complete,n/a,PineappleHouse.png,n/a,Have SpongeBob Hide Patrick's Camping Gear,n/a,!!QUEST_TITLE_ID3200,n/a,n/a,n/a,-1,-1,n/a,-1,n/a,n/a,-1,-1,-1,-1
1865,3201,character,spongebob_happy.png,n/a,n/a,Now I'll personally take charge of the Jellyfish Fields Restoration Project!,!!QUEST_ID3201_TEXT1,n/a,n/a,n/a,n/a,-1,-1,n/a,-1,n/a,n/a,-1,-1,-1,-1
1866,3201,character,RealtySign.png,n/a,n/a,First I'll buy the parcels so I can take proper care of them. . .,!!QUEST_ID3201_TEXT2,n/a,n/a,n/a,n/a,-1,-1,n/a,-1,n/a,n/a,-1,-1,-1,-1
1867,3201,character,SeaWeedDarker_Medium.png,n/a,n/a,Second I'll clear away all the wild kelp. . .,!!QUEST_ID3201_TEXT3,n/a,n/a,n/a,n/a,-1,-1,n/a,-1,n/a,n/a,-1,-1,-1,-1
1868,3201,character,Hive.png,n/a,n/a,Third I'll clear away the old busted hives. . .,!!QUEST_ID3201_TEXT4,n/a,n/a,n/a,n/a,-1,-1,n/a,-1,n/a,n/a,-1,-1,-1,-1
1869,3201,character,JellyHivePremium.png,n/a,n/a,Fourth I'll install new hives. . .,!!QUEST_ID3201_TEXT5,n/a,n/a,n/a,n/a,-1,-1,n/a,-1,n/a,n/a,-1,-1,-1,-1
1870,3201,character,IconJellyfishJelly.png,n/a,n/a,Fifth the Jellyfish will come back and we can all enjoy Jellyfish Fields again!,!!QUEST_ID3201_TEXT6,n/a,n/a,n/a,n/a,-1,-1,n/a,-1,n/a,n/a,-1,-1,-1,-1
1871,3201,character,Portrait_Patrick_Confused.png,n/a,n/a,What's sixth?,!!QUEST_ID3201_TEXT7,n/a,n/a,n/a,n/a,-1,-1,n/a,-1,n/a,n/a,-1,-1,-1,-1
1872,3201,character,Squidward_Annoyed.png,n/a,n/a,Sixth is you never going camping there ever again!||And seventh is you stop eating beans even when you're not camping!,!!QUEST_ID3201_TEXT8,n/a,n/a,n/a,n/a,-1,-1,n/a,-1,n/a,n/a,-1,-1,-1,-1
1873,3201,character,MrKrabsPortrait_Whaddayamean.png,n/a,n/a,Sounds like a lot of steps SpongeBob.||You think you can remember all that?,!!QUEST_ID3201_TEXT9,n/a,n/a,n/a,n/a,-1,-1,n/a,-1,n/a,n/a,-1,-1,-1,-1
1874,3201,character,spongebob_happy.png,n/a,n/a,Sure thing Mr. Krabs!||It's just like any other piece of land. . . buy. . . clear. . . build. . .||It'll take awhile but it'll be totally worth it!,!!QUEST_ID3201_TEXT10,n/a,n/a,n/a,n/a,-1,-1,n/a,-1,n/a,n/a,-1,-1,-1,-1
1875,3300,character,spongebob_happy.png,n/a,n/a,Hi Pearl!||Are you excited about summer vacation?||Isn't school almost done for the year?,!!QUEST_ID3300_TEXT1,n/a,n/a,n/a,n/a,-1,-1,n/a,-1,n/a,n/a,-1,-1,-1,-1
1876,3300,character,Portrait_PearlKrabs.png,n/a,n/a,Don't be silly SpongeBob!||Bikini Bottom doesn't have a high school!,!!QUEST_ID3300_TEXT2,n/a,n/a,n/a,n/a,-1,-1,n/a,-1,n/a,n/a,-1,-1,-1,-1
1877,3300,character,Portrait_MrKrabs_Scared.png,n/a,n/a,There's no school?||That explains why yer always lazing around all day!,!!QUEST_ID3300_TEXT3,n/a,n/a,n/a,n/a,-1,-1,n/a,-1,n/a,n/a,-1,-1,-1,-1
1878,3300,character,Portrait_PearlKrabs_Cross.png,n/a,n/a,I'm not LAZING Daddy!||I'm WORKING!||...on my tan...my complexion...my rank in the social pyramid....,!!QUEST_ID3300_TEXT4,n/a,n/a,n/a,n/a,-1,-1,n/a,-1,n/a,n/a,-1,-1,-1,-1
1879,3300,character,mrkrabsportrait_stern.png,n/a,n/a,That's for weekends!||I'm going to give that mayor a talking to!||I mean all those tax dollars I avoid paying...what's it all for?,!!QUEST_ID3300_TEXT5,n/a,n/a,n/a,n/a,-1,-1,n/a,-1,n/a,n/a,-1,-1,-1,-1
1880,3300,quest_start,n/a,Highschool_Portrait.png,n/a,Build High School,n/a,!!QUEST_TITLE_ID3300,n/a,n/a,n/a,-1,-1,n/a,-1,n/a,n/a,-1,-1,-1,-1
1881,3301,quest_complete,n/a,Highschool_Portrait.png,n/a,Build High School,n/a,!!QUEST_TITLE_ID3300,n/a,n/a,n/a,-1,-1,n/a,-1,n/a,n/a,-1,-1,-1,-1
1882,3301,character,spongebob_happy.png,n/a,n/a,Hi Pearl!||NOW are you excited about summer vacation coming?,!!QUEST_ID3301_TEXT1,n/a,n/a,n/a,n/a,-1,-1,n/a,-1,n/a,n/a,-1,-1,-1,-1
1883,3301,character,mrkrabsportrait_stern.png,n/a,n/a,She's only gone to school one day SpongeBob!,!!QUEST_ID3301_TEXT2,n/a,n/a,n/a,n/a,-1,-1,n/a,-1,n/a,n/a,-1,-1,-1,-1
1884,3301,character,Portrait_PearlKrabs_Cross.png,n/a,n/a,Longest day ever!||They want us to read!||A whole book!,!!QUEST_ID3301_TEXT3,n/a,n/a,n/a,n/a,-1,-1,n/a,-1,n/a,n/a,-1,-1,-1,-1
1885,3301,character,Portrait_Patrick_Confused.png,n/a,n/a,I read a book once…||Or was that a dream?||Maybe it was a menu...,!!QUEST_ID3301_TEXT4,n/a,n/a,n/a,n/a,-1,-1,n/a,-1,n/a,n/a,-1,-1,-1,-1
1886,3301,character,Portrait_PearlKrabs_Cross.png,n/a,n/a,It's a really long book too.||About a town called Melville I think…||Melville sounds like the most boring town and book ever!,!!QUEST_ID3301_TEXT5,n/a,n/a,n/a,n/a,-1,-1,n/a,-1,n/a,n/a,-1,-1,-1,-1
1887,3302,character,spongebob_happy.png,n/a,n/a,Hey Pearl you should throw an end of year party!,!!QUEST_ID3302_TEXT1,n/a,n/a,n/a,n/a,-1,-1,n/a,-1,n/a,n/a,-1,-1,-1,-1
1888,3302,character,Portrait_Patrick_Neutral.png,n/a,n/a,Yeah you could have it at the school gym!||Basketball courts are made for dancing!||And basketball I guess.,!!QUEST_ID3302_TEXT2,n/a,n/a,n/a,n/a,-1,-1,n/a,-1,n/a,n/a,-1,-1,-1,-1
1889,3302,character,Portrait_PearlKrabs_Thoughtful.png,n/a,n/a,A party's a great idea!||Except we don't have a school gym.||Daddy can we have the party here?,!!QUEST_ID3302_TEXT3,n/a,n/a,n/a,n/a,-1,-1,n/a,-1,n/a,n/a,-1,-1,-1,-1
1890,3302,character,mrkrabsportrait_stern.png,n/a,n/a,Nothin' free is too good for my little girl!||If ye be wanting a gym fer yer school you'll get it especially if the good-fer-nuthin' mayor pays for it!,!!QUEST_ID3302_TEXT4,n/a,n/a,n/a,n/a,-1,-1,n/a,-1,n/a,n/a,-1,-1,-1,-1
1891,3302,quest_start,n/a,GymPortrait.png,n/a,Build School Gym,n/a,!!QUEST_TITLE_ID3302,n/a,n/a,n/a,-1,-1,n/a,-1,n/a,n/a,-1,-1,-1,-1
1892,3303,quest_complete,n/a,GymPortrait.png,n/a,Build School Gym,n/a,!!QUEST_TITLE_ID3302,n/a,n/a,n/a,-1,-1,n/a,-1,n/a,n/a,-1,-1,-1,-1
1893,3304,character,Portrait_PearlKrabs.png,n/a,n/a,We have a new school gym!||And I've invited everybody to my party!||All we need is food... Daddy?,!!QUEST_ID3304_TEXT1,n/a,n/a,n/a,n/a,-1,-1,n/a,-1,n/a,n/a,-1,-1,-1,-1
1894,3304,character,mrkrabsportrait_stern.png,n/a,n/a,Do I look like a caterer Pearl?||Ye need someone who's in the business of preparing and serving food!,!!QUEST_ID3304_TEXT2,n/a,n/a,n/a,n/a,-1,-1,n/a,-1,n/a,n/a,-1,-1,-1,-1
1895,3304,character,Portrait_SpongeBob.png,n/a,n/a,Well actually Mr. Krabs--,!!QUEST_ID3304_TEXT3,n/a,n/a,n/a,n/a,-1,-1,n/a,-1,n/a,n/a,-1,-1,-1,-1
1896,3304,character,mrkrabsportrait_stern.png,n/a,n/a,And do ye know how much it will cost to feed yer whole school?||Do ye think I'm MADE of money?,!!QUEST_ID3304_TEXT4,n/a,n/a,n/a,n/a,-1,-1,n/a,-1,n/a,n/a,-1,-1,-1,-1
1897,3304,character,Portrait_PearlKrabs_Cross.png,n/a,n/a,Please Daddy?,!!QUEST_ID3304_TEXT5,n/a,n/a,n/a,n/a,-1,-1,n/a,-1,n/a,n/a,-1,-1,-1,-1
1898,3304,character,Portrait_MrKrabs.png,n/a,n/a,Let me think about it.||Ask me next time you see me.,!!QUEST_ID3304_TEXT6,n/a,n/a,n/a,n/a,-1,-1,n/a,-1,n/a,n/a,-1,-1,-1,-1
1899,3304,quest_start,n/a,MrKrabsPortrait.png,n/a,Have Mr. Krabs |Hide from Pearl and her Demands,n/a,!!QUEST_TITLE_ID3304,n/a,n/a,n/a,-1,-1,n/a,-1,n/a,n/a,-1,-1,-1,-1
1900,3305,quest_complete,n/a,MrKrabsPortrait.png,n/a,Have Mr. Krabs |Hide from Pearl and her Demands,n/a,!!QUEST_TITLE_ID3304,n/a,n/a,n/a,-1,-1,n/a,-1,n/a,n/a,-1,-1,-1,-1
1901,3306,character,Portrait_PearlKrabs_Cross.png,n/a,n/a,There you are Daddy!||Have you been hiding from me?,!!QUEST_ID3306_TEXT1,n/a,n/a,n/a,n/a,-1,-1,n/a,-1,n/a,n/a,-1,-1,-1,-1
1902,3306,character,Portrait_MrKrabs.png,n/a,n/a,Of course not Darlin'.||I've been busy...cleaning the sink traps....with the cabinet shut to not disturb anybody...,!!QUEST_ID3306_TEXT2,n/a,n/a,n/a,n/a,-1,-1,n/a,-1,n/a,n/a,-1,-1,-1,-1
1903,3306,character,Portrait_PearlKrabs_Cross.png,n/a,n/a,What about my party?||School's almost out and everyone's counting on me!,!!QUEST_ID3306_TEXT3,n/a,n/a,n/a,n/a,-1,-1,n/a,-1,n/a,n/a,-1,-1,-1,-1
1904,3306,character,mrkrabsportrait_moneygrubbing.png,n/a,n/a,I'm sorry Sweetie I can't afford it…||Unless you want to use the money for next year's back-to-school clothes?,!!QUEST_ID3306_TEXT4,n/a,n/a,n/a,n/a,-1,-1,n/a,-1,n/a,n/a,-1,-1,-1,-1
1905,3306,character,Portrait_PearlKrabs_Nervous.png,n/a,n/a,No no that's okay…||Maybe SpongeBob and Patrick can help.||Where are they?,!!QUEST_ID3306_TEXT5,n/a,n/a,n/a,n/a,-1,-1,n/a,-1,n/a,n/a,-1,-1,-1,-1
1906,3306,character,Squidward_Annoyed.png,n/a,n/a,They're at The Reef watching the new Mermaidman movie.,!!QUEST_ID3306_TEXT6,n/a,n/a,n/a,n/a,-1,-1,n/a,-1,n/a,n/a,-1,-1,-1,-1
1907,3306,quest_start,n/a,ReefCinema.png,n/a,Mermaidman and Barnacleboy!,n/a,!!QUEST_TITLE_ID3306,n/a,n/a,n/a,-1,-1,n/a,-1,n/a,n/a,-1,-1,-1,-1
1908,3307,quest_complete,n/a,ReefCinema.png,n/a,Mermaidman and Barnacleboy!,n/a,!!QUEST_TITLE_ID3306,n/a,n/a,n/a,-1,-1,n/a,-1,n/a,n/a,-1,-1,-1,-1
1909,3308,character,Portrait_PearlKrabs_Cross.png,n/a,n/a,There you guys are!||I thought that movie would never end!,!!QUEST_ID3308_TEXT1,n/a,n/a,n/a,n/a,-1,-1,n/a,-1,n/a,n/a,-1,-1,-1,-1
1910,3308,character,Portrait_Patrick.png,n/a,n/a,I wish it never did!||Though I guess I'd get pretty hungry then...,!!QUEST_ID3308_TEXT2,n/a,n/a,n/a,n/a,-1,-1,n/a,-1,n/a,n/a,-1,-1,-1,-1
1911,3308,character,Portrait_PearlKrabs.png,n/a,n/a,Speaking of food Daddy's too cheap to bring food for my big end-of-school party.||Can you help me?,!!QUEST_ID3308_TEXT3,n/a,n/a,n/a,n/a,-1,-1,n/a,-1,n/a,n/a,-1,-1,-1,-1
1912,3308,character,spongebob_happy.png,n/a,n/a,Sure thing Pearl!||Me and my trusty sidekick Patrick will save the day!,!!QUEST_ID3308_TEXT4,n/a,n/a,n/a,n/a,-1,-1,n/a,-1,n/a,n/a,-1,-1,-1,-1
1913,3308,character,Portrait_Patrick_Neutral.png,n/a,n/a,You mean ME and MY sidekick SpongeBob.,!!QUEST_ID3308_TEXT5,n/a,n/a,n/a,n/a,-1,-1,n/a,-1,n/a,n/a,-1,-1,-1,-1
1914,3308,character,Portrait_Spongebob_Mad.png,n/a,n/a,Have you been living under a rock Patrick?||Of course you have!||Or else you'd know I'm a Party Planning Star!,!!QUEST_ID3308_TEXT6,n/a,n/a,n/a,n/a,-1,-1,n/a,-1,n/a,n/a,-1,-1,-1,-1
1915,3308,character,Portrait_Patrick_Angry.png,n/a,n/a,If anyone's a STAR around here it's me....get it?||I'll plan my own party and we'll see who's the bigger star!,!!QUEST_ID3308_TEXT7,n/a,n/a,n/a,n/a,-1,-1,n/a,-1,n/a,n/a,-1,-1,-1,-1
1916,3308,character,Portrait_Spongebob_Mad.png,n/a,n/a,Fine and may the better sponge win!,!!QUEST_ID3308_TEXT8,n/a,n/a,n/a,n/a,-1,-1,n/a,-1,n/a,n/a,-1,-1,-1,-1
1917,3308,character,Portrait_PearlKrabs.png,n/a,n/a,Two parties!||Wow awesome as long as they're both at the new gym at the same time...,!!QUEST_ID3308_TEXT9,n/a,n/a,n/a,n/a,-1,-1,n/a,-1,n/a,n/a,-1,-1,-1,-1
1918,3308,quest_start,n/a,SpongebobPortrait.png,n/a,Have SpongeBob |Browse the Barg'N-Mart,n/a,!!QUEST_TITLE_ID3308,n/a,n/a,n/a,-1,-1,n/a,-1,n/a,n/a,-1,-1,-1,-1
1919,3309,quest_complete,n/a,SpongebobPortrait.png,n/a,Have SpongeBob |Browse the Barg'N-Mart,n/a,!!QUEST_TITLE_ID3308,n/a,n/a,n/a,-1,-1,n/a,-1,n/a,n/a,-1,-1,-1,-1
1920,3310,character,Portrait_Spongebob_Sad.png,n/a,n/a,The Barg'N-Mart is a terrible place to look for party food... unless it's a ghost party!,!!QUEST_ID3310_TEXT1,n/a,n/a,n/a,n/a,-1,-1,n/a,-1,n/a,n/a,-1,-1,-1,-1
1921,3310,character,Portrait_Spongebob_Sad.png,n/a,n/a,Patrick's been hanging around the Chum Bucket…||What if he really is planning a great party and I got nothing?||I'd better check it out...,!!QUEST_ID3310_TEXT2,n/a,n/a,n/a,n/a,-1,-1,n/a,-1,n/a,n/a,-1,-1,-1,-1
1922,3310,character,Portrait_Karen.png,n/a,n/a,This could be your worst idea ever Sheldon.||And you realize you got it from an organism that lacks a centralized brain right?,!!QUEST_ID3310_TEXT3,n/a,n/a,n/a,n/a,-1,-1,n/a,-1,n/a,n/a,-1,-1,-1,-1
1923,3310,character,Portrait_Plankton_Neutral.png,n/a,n/a,I've tried everything else to capture the drooling idiot high school kid demographic.||Maybe I need to consult an idiot to attract idiots.,!!QUEST_ID3310_TEXT4,n/a,n/a,n/a,n/a,-1,-1,n/a,-1,n/a,n/a,-1,-1,-1,-1
1924,3310,character,Portrait_Spongebob_Worried.png,n/a,n/a,Oh no!||Patrick's getting Plankton to bring food to Pearl's party!,!!QUEST_ID3310_TEXT5,n/a,n/a,n/a,n/a,-1,-1,n/a,-1,n/a,n/a,-1,-1,-1,-1
1925,3310,character,Portrait_Spongebob_Worried.png,n/a,n/a,Mr. Krabs!||I need to tell you--,!!QUEST_ID3310_TEXT6,n/a,n/a,n/a,n/a,-1,-1,n/a,-1,n/a,n/a,-1,-1,-1,-1
1926,3310,character,mrkrabsportrait_stern.png,n/a,n/a,Yer late SpongeBob!||Get to work!,!!QUEST_ID3310_TEXT7,n/a,n/a,n/a,n/a,-1,-1,n/a,-1,n/a,n/a,-1,-1,-1,-1
1927,3310,character,Portrait_Spongebob_Worried.png,n/a,n/a,I'm sorry Mr. Krabs but I have to tell you something really really important!||It's an emergency!,!!QUEST_ID3310_TEXT8,n/a,n/a,n/a,n/a,-1,-1,n/a,-1,n/a,n/a,-1,-1,-1,-1
1928,3310,character,mrkrabsportrait_stern.png,n/a,n/a,We have hungry customers with money burning holes in their pockets!||Tell me after yer shift!,!!QUEST_ID3310_TEXT9,n/a,n/a,n/a,n/a,-1,-1,n/a,-1,n/a,n/a,-1,-1,-1,-1
1929,3310,character,Portrait_Spongebob_Sad.png,n/a,n/a,Aw nuts!,!!QUEST_ID3310_TEXT10,n/a,n/a,n/a,n/a,-1,-1,n/a,-1,n/a,n/a,-1,-1,-1,-1
1930,3310,quest_start,n/a,SpongebobPortrait.png,n/a,Have SpongeBob |Work a 24-Hour Shift at the Krusty Krab,n/a,!!QUEST_TITLE_ID3310,n/a,n/a,n/a,-1,-1,n/a,-1,n/a,n/a,-1,-1,-1,-1
1931,3311,quest_complete,n/a,SpongebobPortrait.png,n/a,Have SpongeBob |Work a 24-Hour Shift at the Krusty Krab,n/a,!!QUEST_TITLE_ID3310,n/a,n/a,n/a,-1,-1,n/a,-1,n/a,n/a,-1,-1,-1,-1
1932,3312,character,Portrait_Spongebob_Exhausted.png,n/a,n/a,Finished Mr. Krabs.||Now...I really...need to...tell you...,!!QUEST_ID3312_TEXT1,n/a,n/a,n/a,n/a,-1,-1,n/a,-1,n/a,n/a,-1,-1,-1,-1
1933,3312,character,mrkrabsportrait_stern.png,n/a,n/a,All right boy what is it?||Speak up!||Or am I gonna have to squeeze it outta ye?,!!QUEST_ID3312_TEXT2,n/a,n/a,n/a,n/a,-1,-1,n/a,-1,n/a,n/a,-1,-1,-1,-1
1934,3312,character,Portrait_Spongebob_Exhausted.png,n/a,n/a,Patrick got Plankton to agree to bring food for Pearl's end-of-school party!||And it's tomorrow!,!!QUEST_ID3312_TEXT3,n/a,n/a,n/a,n/a,-1,-1,n/a,-1,n/a,n/a,-1,-1,-1,-1
1935,3312,character,MrKrabsPortrait_Whaddayamean.png,n/a,n/a,WHAT?!?||WHY DIDN'T YE TELL ME?!,!!QUEST_ID3312_TEXT4,n/a,n/a,n/a,n/a,-1,-1,n/a,-1,n/a,n/a,-1,-1,-1,-1
1936,3312,character,mrkrabsportrait_stern.png,n/a,n/a,His Chum Burgers are terrible but kids'll eat anything!||If they get used to it at the party they might start going to the Chum Bucket instead!,!!QUEST_ID3312_TEXT5,n/a,n/a,n/a,n/a,-1,-1,n/a,-1,n/a,n/a,-1,-1,-1,-1
1937,3312,character,mrkrabsportrait_stern.png,n/a,n/a,Back to work SpongeBob!||We need Krabby Patties for my little girl's party!,!!QUEST_ID3312_TEXT6,n/a,n/a,n/a,n/a,-1,-1,n/a,-1,n/a,n/a,-1,-1,-1,-1
1938,3312,character,Portrait_Spongebob_Exhausted.png,n/a,n/a,Back...to...work...?||But you said you couldn't afford to bring food to her party!,!!QUEST_ID3312_TEXT7,n/a,n/a,n/a,n/a,-1,-1,n/a,-1,n/a,n/a,-1,-1,-1,-1
1939,3312,character,mrkrabsportrait_stern.png,n/a,n/a,If Plankton's going to do it then I can't afford NOT to!||Now those Krabby Patties won't make themselves!||Get to work!,!!QUEST_ID3312_TEXT8,n/a,n/a,n/a,n/a,-1,-1,n/a,-1,n/a,n/a,-1,-1,-1,-1
1940,3312,quest_start,n/a,KrabbyPatty.png,n/a,Krabby Patties Party Platter!,n/a,!!CHUNKQUEST_HEADING_ID3312,n/a,n/a,n/a,-1,-1,n/a,-1,n/a,n/a,-1,-1,-1,-1
1941,3313,quest_complete,n/a,KrabbyPatty.png,n/a,Krabby Patties Party Platter!,n/a,!!CHUNKQUEST_HEADING_ID3312,n/a,n/a,n/a,-1,-1,n/a,-1,n/a,n/a,-1,-1,-1,-1
1942,3313,character,Portrait_PearlKrabs.png,n/a,n/a,Daddy this is the best end-of-school-year party ever!||What made you change your mind and bring all this food?,!!QUEST_ID3313_TEXT1,n/a,n/a,n/a,n/a,-1,-1,n/a,-1,n/a,n/a,-1,-1,-1,-1
1943,3313,character,mrkrabsportrait_moneygrubbing.png,n/a,n/a,My little girl deserves the best!||Did you want to have Plankton's Chum Burgers instead?,!!QUEST_ID3313_TEXT2,n/a,n/a,n/a,n/a,-1,-1,n/a,-1,n/a,n/a,-1,-1,-1,-1
1944,3313,character,Portrait_Spongebob_Exhausted.png,n/a,n/a,Whatever happened to Plankton anyway?||And where's Patrick?,!!QUEST_ID3313_TEXT3,n/a,n/a,n/a,n/a,-1,-1,n/a,-1,n/a,n/a,-1,-1,-1,-1
1945,3313,character,Portrait_Patrick_Confused.png,n/a,n/a,The party's started already?||Are we late?,!!QUEST_ID3313_TEXT4,n/a,n/a,n/a,n/a,-1,-1,n/a,-1,n/a,n/a,-1,-1,-1,-1
1946,3313,character,Portrait_Plankton_Neutral.png,n/a,n/a,Who cares.||Where do I put my sign?,!!QUEST_ID3313_TEXT5,n/a,n/a,n/a,n/a,-1,-1,n/a,-1,n/a,n/a,-1,-1,-1,-1
1947,3313,character,spongebob_quizzical.png,n/a,n/a,"""Pearl Krabs' End-Of-School Party Sponsored by Plankton's Chum Bucket""?",!!QUEST_ID3313_TEXT6,n/a,n/a,n/a,n/a,-1,-1,n/a,-1,n/a,n/a,-1,-1,-1,-1
1948,3313,character,mrkrabsportrait_stern.png,n/a,n/a,We don't need none of your smelly Chum Burgers here Plankton!||I got it covered!,!!QUEST_ID3313_TEXT7,n/a,n/a,n/a,n/a,-1,-1,n/a,-1,n/a,n/a,-1,-1,-1,-1
1949,3313,character,Portrait_Plankton_Baffled.png,n/a,n/a,Who said anything about burgers?||Patrick just said I could be the sponsor so I made this sign.,!!QUEST_ID3313_TEXT8,n/a,n/a,n/a,n/a,-1,-1,n/a,-1,n/a,n/a,-1,-1,-1,-1
1950,3313,character,Portrait_Patrick_Confused.png,n/a,n/a,Oh yeah!||I forgot about the food part!||I guess you really are the Party Planning Star SpongeBob!,!!QUEST_ID3313_TEXT9,n/a,n/a,n/a,n/a,-1,-1,n/a,-1,n/a,n/a,-1,-1,-1,-1
1951,3313,character,Portrait_Spongebob_Exhausted.png,n/a,n/a,Whoopie.||I gotta go lie down...,!!QUEST_ID3313_TEXT10,n/a,n/a,n/a,n/a,-1,-1,n/a,-1,n/a,n/a,-1,-1,-1,-1
1952,3400,character,Portrait_Karen.png,n/a,n/a,Sheldon what you are sulking about now?,!!QUEST_ID3400_TEXT1,n/a,n/a,n/a,n/a,-1,-1,n/a,-1,n/a,n/a,-1,-1,-1,-1
1953,3400,character,Portrait_Plankton_Bummed.png,n/a,n/a,I'm not sulking!||I'm thinking!,!!QUEST_ID3400_TEXT2,n/a,n/a,n/a,n/a,-1,-1,n/a,-1,n/a,n/a,-1,-1,-1,-1
1954,3400,character,Portrait_Karen.png,n/a,n/a,That explains why your single cell is shaking.,!!QUEST_ID3400_TEXT3,n/a,n/a,n/a,n/a,-1,-1,n/a,-1,n/a,n/a,-1,-1,-1,-1
1955,3400,character,Portrait_Plankton_Bummed.png,n/a,n/a,It's just...summer's almost here and that's when Krabs does his best business!||If only I could stop summer from coming!,!!QUEST_ID3400_TEXT4,n/a,n/a,n/a,n/a,-1,-1,n/a,-1,n/a,n/a,-1,-1,-1,-1
1956,3400,character,Portrait_Karen.png,n/a,n/a,You do know what summer is right?||Earth's axis tilted and all that?,!!QUEST_ID3400_TEXT5,n/a,n/a,n/a,n/a,-1,-1,n/a,-1,n/a,n/a,-1,-1,-1,-1
1957,3400,character,Portrait_Plankton_Thoughtful.png,n/a,n/a,I may be small but I think big!,!!QUEST_ID3400_TEXT6,n/a,n/a,n/a,n/a,-1,-1,n/a,-1,n/a,n/a,-1,-1,-1,-1
1958,3400,quest_start,n/a,PlanktonPortrait.png,n/a,Have Plankton Try to Dream Up New Diabolical Plan!,n/a,!!QUEST_TITLE_ID3400,n/a,n/a,n/a,-1,-1,n/a,-1,n/a,n/a,-1,-1,-1,-1
1959,3401,quest_complete,n/a,PlanktonPortrait.png,n/a,Have Plankton Try to Dream Up New Diabolical Plan!,n/a,!!QUEST_TITLE_ID3400,n/a,n/a,n/a,-1,-1,n/a,-1,n/a,n/a,-1,-1,-1,-1
1960,3401,character,Portrait_Plankton_Energized.png,n/a,n/a,Eureka I've got it -- the Recipe for Success!||And for extra relish Krabs will be key to his own downfall!||I just need a stooge on the inside...hey SpongeBob!,!!QUEST_ID3401_TEXT1,n/a,n/a,n/a,n/a,-1,-1,n/a,-1,n/a,n/a,-1,-1,-1,-1
1961,3401,character,spongebob_happy.png,n/a,n/a,Hi Plankton!||How's the...er...chum business?,!!QUEST_ID3401_TEXT2,n/a,n/a,n/a,n/a,-1,-1,n/a,-1,n/a,n/a,-1,-1,-1,-1
1962,3401,character,Portrait_Plankton_Thoughtful.png,n/a,n/a,Nevermind that!||Summer's almost here!||Have you done everything you need to prepare?,!!QUEST_ID3401_TEXT3,n/a,n/a,n/a,n/a,-1,-1,n/a,-1,n/a,n/a,-1,-1,-1,-1
1963,3401,character,Portrait_Spongebob_Worried.png,n/a,n/a,Um...what was I supposed to do?,!!QUEST_ID3401_TEXT4,n/a,n/a,n/a,n/a,-1,-1,n/a,-1,n/a,n/a,-1,-1,-1,-1
1964,3401,character,Portrait_Plankton_Energized.png,n/a,n/a,Pump iron to get buffed for the beach that's what!||It's too late for that now but I can help you...||If YOU help ME.,!!QUEST_ID3401_TEXT5,n/a,n/a,n/a,n/a,-1,-1,n/a,-1,n/a,n/a,-1,-1,-1,-1
1965,3401,character,Karen_MuscleArms.png,n/a,n/a,Down in my basement I have inflatable Anchor Arms.||Here's a digital mockup of how you'll look with them on.||Pretty sweet eh?,!!QUEST_ID3401_TEXT6,n/a,n/a,n/a,n/a,-1,-1,n/a,-1,n/a,n/a,-1,-1,-1,-1
1966,3401,character,spongebob_determined.png,n/a,n/a,Wow I'll do anything for those Anchor Arms Plankton!||What do I need to do?,!!QUEST_ID3401_TEXT7,n/a,n/a,n/a,n/a,-1,-1,n/a,-1,n/a,n/a,-1,-1,-1,-1
1967,3401,quest_line_start,n/a,Portrait_Spongebob_Crossed_MuscleArms.png,Portrait_Plankton_Energized.png,Do Plankton's Bidding,n/a,n/a,!!EPISODE_TITLE_PLANKTONS_BIDDING,!!EPISODE_BODY_PLANKTONS_BIDDING,n/a,100,100,n/a,-1,n/a,n/a,-1,-1,-1,-1
1968,3401,character,Portrait_Plankton_Energized.png,n/a,n/a,I have an idea for a new recipe but I need ingredients from the Krusty Krab...,!!QUEST_ID3401_TEXT8,n/a,n/a,n/a,n/a,-1,-1,n/a,-1,n/a,n/a,-1,-1,-1,-1
1969,3404,quest_start,n/a,SpongebobPortrait.png,n/a,Raid the Krusty Krab!,n/a,!!CHUNKQUEST_HEADING_ID3404,n/a,n/a,n/a,-1,-1,n/a,-1,n/a,n/a,-1,-1,-1,-1
1970,3405,quest_complete,n/a,SpongebobPortrait.png,n/a,Raid the Krusty Krab!,n/a,!!CHUNKQUEST_HEADING_ID3404,n/a,n/a,n/a,-1,-1,n/a,-1,n/a,n/a,-1,-1,-1,-1
1971,3405,character,spongebob_happy.png,n/a,n/a,Okay Plankton I got all the ingredients!,!!QUEST_ID3405_TEXT1,n/a,n/a,n/a,n/a,-1,-1,n/a,-1,n/a,n/a,-1,-1,-1,-1
1972,3405,character,Portrait_Plankton_Energized.png,n/a,n/a,Excellent!||Now make this new recipe I've invented!||We don't have the facilties here...you'll need to do it at the Krusty Krab.,!!QUEST_ID3405_TEXT2,n/a,n/a,n/a,n/a,-1,-1,n/a,-1,n/a,n/a,-1,-1,-1,-1
1973,3408,character,spongebob_happy.png,n/a,n/a,This looks delicious!||When I make it then you'll give me the Anchor Arms from your basement?,!!QUEST_ID3408_TEXT1,n/a,n/a,n/a,n/a,-1,-1,n/a,-1,n/a,n/a,-1,-1,-1,-1
1974,3408,character,Portrait_Plankton_Thoughtful.png,n/a,n/a,Cool your jets SpongeBob.||It's not officially Summer yet...||(heh heh),!!QUEST_ID3408_TEXT2,n/a,n/a,n/a,n/a,-1,-1,n/a,-1,n/a,n/a,-1,-1,-1,-1
1975,3408,quest_start,n/a,HotKabobDog.png,n/a,Make a Hot Kabob Dog at the Krusty Krab,n/a,!!QUEST_TITLE_ID3408,n/a,n/a,n/a,-1,-1,n/a,-1,n/a,n/a,-1,-1,-1,-1
1976,3409,quest_complete,n/a,HotKabobDog.png,n/a,Make a Hot Kabob Dog at the Krusty Krab,n/a,!!QUEST_TITLE_ID3408,n/a,n/a,n/a,-1,-1,n/a,-1,n/a,n/a,-1,-1,-1,-1
1977,3410,character,Portrait_Karen.png,n/a,n/a,You're giving a new delicious recipe to SpongeBob to make at the Krusty Krab?||How exactly will this hurt Krabs' summer business boom?,!!QUEST_ID3410_TEXT1,n/a,n/a,n/a,n/a,-1,-1,n/a,-1,n/a,n/a,-1,-1,-1,-1
1978,3410,character,Portrait_Plankton_Energized.png,n/a,n/a,This recipe is so hot when anyone eats it they'll feel cold!||That means no one will feel any rise in temperature...so summer won't come!,!!QUEST_ID3410_TEXT2,n/a,n/a,n/a,n/a,-1,-1,n/a,-1,n/a,n/a,-1,-1,-1,-1
1979,3410,character,Portrait_Karen.png,n/a,n/a,That doesn't make any sense--,!!QUEST_ID3410_TEXT3,n/a,n/a,n/a,n/a,-1,-1,n/a,-1,n/a,n/a,-1,-1,-1,-1
1980,3410,character,Portrait_Plankton_Thoughtful.png,n/a,n/a,Of course it does!||Look here comes SpongeBob!||I'll prove it to you!,!!QUEST_ID3410_TEXT4,n/a,n/a,n/a,n/a,-1,-1,n/a,-1,n/a,n/a,-1,-1,-1,-1
1981,3410,character,spongebob_happy.png,n/a,n/a,Here's your Hot Kabob Dog Plankton!||It looks yummy!,!!QUEST_ID3410_TEXT5,n/a,n/a,n/a,n/a,-1,-1,n/a,-1,n/a,n/a,-1,-1,-1,-1
1982,3410,character,Portrait_Plankton_Energized.png,n/a,n/a,You do the honors SpongeBob...||Bon appetit!,!!QUEST_ID3410_TEXT6,n/a,n/a,n/a,n/a,-1,-1,n/a,-1,n/a,n/a,-1,-1,-1,-1
1983,3410,character,spongebob_quizzical.png,n/a,n/a,Huh?,!!QUEST_ID3410_TEXT7,n/a,n/a,n/a,n/a,-1,-1,n/a,-1,n/a,n/a,-1,-1,-1,-1
1984,3410,character,Portrait_Plankton_Angry.png,n/a,n/a,EAT IT!,!!QUEST_ID3410_TEXT8,n/a,n/a,n/a,n/a,-1,-1,n/a,-1,n/a,n/a,-1,-1,-1,-1
1985,3410,quest_start,n/a,HotKabobDog.png,n/a,Feed SpongeBob a Hot Kabob Dog,n/a,!!QUEST_TITLE_ID3410,n/a,n/a,n/a,-1,-1,n/a,-1,n/a,n/a,-1,-1,-1,-1
1986,3411,quest_complete,n/a,HotKabobDog.png,n/a,Feed SpongeBob a Hot Kabob Dog,n/a,!!QUEST_TITLE_ID3410,n/a,n/a,n/a,-1,-1,n/a,-1,n/a,n/a,-1,-1,-1,-1
1987,3412,character,Portrait_Spongebob_ItBurns.png,n/a,n/a,Wow that's hot Hot HOT!||Really tasty though.,!!QUEST_ID3412_TEXT1,n/a,n/a,n/a,n/a,-1,-1,n/a,-1,n/a,n/a,-1,-1,-1,-1
1988,3412,character,Portrait_Plankton_Thoughtful.png,n/a,n/a,How do you feel?,!!QUEST_ID3412_TEXT2,n/a,n/a,n/a,n/a,-1,-1,n/a,-1,n/a,n/a,-1,-1,-1,-1
1989,3412,character,spongebob_quizzical.png,n/a,n/a,Uh...my tongue is burning my nose is running I have a blister on my thumb--,!!QUEST_ID3412_TEXT3,n/a,n/a,n/a,n/a,-1,-1,n/a,-1,n/a,n/a,-1,-1,-1,-1
1990,3412,character,Portrait_Plankton_Angry.png,n/a,n/a,NO I mean are you hot or cold all over?!,!!QUEST_ID3412_TEXT4,n/a,n/a,n/a,n/a,-1,-1,n/a,-1,n/a,n/a,-1,-1,-1,-1
1991,3412,character,spongebob_quizzical.png,n/a,n/a,Oh...it did get cold in here all of a sudden...but it's warming up again.||Can I have those Anchor Arms now?,!!QUEST_ID3412_TEXT5,n/a,n/a,n/a,n/a,-1,-1,n/a,-1,n/a,n/a,-1,-1,-1,-1
1992,3412,character,Portrait_Plankton_Angry.png,n/a,n/a,It's not summer yet!||Don't come back until it's warmer.||Go do something to keep yourself busy.,!!QUEST_ID3412_TEXT6,n/a,n/a,n/a,n/a,-1,-1,n/a,-1,n/a,n/a,-1,-1,-1,-1
1993,3412,quest_start,n/a,SpongebobPortrait.png,n/a,Get Ready For Summer!,n/a,!!CHUNKQUEST_HEADING_ID3412,n/a,n/a,n/a,-1,-1,n/a,-1,n/a,n/a,-1,-1,-1,-1
1994,3413,quest_complete,n/a,SpongebobPortrait.png,n/a,Get Ready For Summer!,n/a,!!CHUNKQUEST_HEADING_ID3412,n/a,n/a,n/a,-1,-1,n/a,-1,n/a,n/a,-1,-1,-1,-1
1995,3414,character,Portrait_Karen.png,n/a,n/a,Sheldon--,!!QUEST_ID3414_TEXT1,n/a,n/a,n/a,n/a,-1,-1,n/a,-1,n/a,n/a,-1,-1,-1,-1
1996,3414,character,Portrait_Plankton_Thoughtful.png,n/a,n/a,Wait I'm thinking!||The cooling effect doesn't last so everyone has to keep eating Hot Kabob Dogs to keep summer away--,!!QUEST_ID3414_TEXT2,n/a,n/a,n/a,n/a,-1,-1,n/a,-1,n/a,n/a,-1,-1,-1,-1
1997,3414,character,Portrait_Karen.png,n/a,n/a,Sheldon!||Your plan to ruin Krabs' summer business is to have everyone eat a constant supply of Hot Kabob Dogs they're buying from him??,!!QUEST_ID3414_TEXT3,n/a,n/a,n/a,n/a,-1,-1,n/a,-1,n/a,n/a,-1,-1,-1,-1
1998,3414,character,Portrait_Plankton_Angry.png,n/a,n/a,Um...when you say it that way... Aw crumbs!||Back to the drawing board Karen but I promise you I'll stop summer from coming!,!!QUEST_ID3414_TEXT4,n/a,n/a,n/a,n/a,-1,-1,n/a,-1,n/a,n/a,-1,-1,-1,-1
1999,3414,quest_start,n/a,PlanktonPortrait.png,n/a,Have Plankton Try to Dream Up New Diabolical Plan!,n/a,!!QUEST_TITLE_ID3414,n/a,n/a,n/a,-1,-1,n/a,-1,n/a,n/a,-1,-1,-1,-1
2000,3415,quest_complete,n/a,PlanktonPortrait.png,n/a,Have Plankton Try to Dream Up New Diabolical Plan!,n/a,!!QUEST_TITLE_ID3414,n/a,n/a,n/a,-1,-1,n/a,-1,n/a,n/a,-1,-1,-1,-1
2001,3416,character,Portrait_Plankton_Energized.png,n/a,n/a,Eureka!||My Chuminator makes everything inside of it colder so I'll reverse the polarity and it will make everything OUTSIDE colder!,!!QUEST_ID3416_TEXT1,n/a,n/a,n/a,n/a,-1,-1,n/a,-1,n/a,n/a,-1,-1,-1,-1
2002,3416,quest_start,n/a,PlanktonPortrait.png,n/a,Refrigerate Bikini Bottom!,n/a,!!CHUNKQUEST_HEADING_ID3416,n/a,n/a,n/a,-1,-1,n/a,-1,n/a,n/a,-1,-1,-1,-1
2003,3417,quest_complete,n/a,PlanktonPortrait.png,n/a,Refrigerate Bikini Bottom!,n/a,!!CHUNKQUEST_HEADING_ID3416,n/a,n/a,n/a,-1,-1,n/a,-1,n/a,n/a,-1,-1,-1,-1
2004,3418,character,Portrait_Karen.png,n/a,n/a,So what happened?||Did you reverse the polarity of the Chuminator?,!!QUEST_ID3418_TEXT1,n/a,n/a,n/a,n/a,-1,-1,n/a,-1,n/a,n/a,-1,-1,-1,-1
2005,3418,character,Portrait_Plankton_Baffled.png,n/a,n/a,Yes but nothing's happening nothing at all.||I even sent two robots to do it to make double sure it got done and a third to watch.,!!QUEST_ID3418_TEXT2,n/a,n/a,n/a,n/a,-1,-1,n/a,-1,n/a,n/a,-1,-1,-1,-1
2006,3418,character,Portrait_Karen.png,n/a,n/a,Wait...you told two robots to do it?||So...one to reverse the polarity and the other to reverse it back again?,!!QUEST_ID3418_TEXT3,n/a,n/a,n/a,n/a,-1,-1,n/a,-1,n/a,n/a,-1,-1,-1,-1
2007,3418,character,Portrait_Plankton_Bummed.png,n/a,n/a,Um...when you say it that way... Aw crumbs!||Well that's easy to fix...I hope...but this time let's not overcomplicate it...,!!QUEST_ID3418_TEXT4,n/a,n/a,n/a,n/a,-1,-1,n/a,-1,n/a,n/a,-1,-1,-1,-1
2008,3418,quest_start,n/a,RobotMinion_bluePortrait.png,n/a,Have Blue Robot Reverse Chuminator Polarity,n/a,!!QUEST_TITLE_ID3418,n/a,n/a,n/a,-1,-1,n/a,-1,n/a,n/a,-1,-1,-1,-1
2009,3419,quest_complete,n/a,RobotMinion_bluePortrait.png,n/a,Have Blue Robot Reverse Chuminator Polarity,n/a,!!QUEST_TITLE_ID3418,n/a,n/a,n/a,-1,-1,n/a,-1,n/a,n/a,-1,-1,-1,-1
2010,3420,character,Portrait_Karen.png,n/a,n/a,Okay Sheldon what went wrong this time?,!!QUEST_ID3420_TEXT1,n/a,n/a,n/a,n/a,-1,-1,n/a,-1,n/a,n/a,-1,-1,-1,-1
2011,3420,character,Portrait_Plankton_Angry.png,n/a,n/a,What makes you think something went wrong?||Wait -- don't answer that!,!!QUEST_ID3420_TEXT2,n/a,n/a,n/a,n/a,-1,-1,n/a,-1,n/a,n/a,-1,-1,-1,-1
2012,3420,character,Portrait_Plankton_Bummed.png,n/a,n/a,Reversing the polarity on the Chuminator didn't make the outside colder it tried to make the inside hotter.,!!QUEST_ID3420_TEXT3,n/a,n/a,n/a,n/a,-1,-1,n/a,-1,n/a,n/a,-1,-1,-1,-1
2013,3420,character,Portrait_Karen.png,n/a,n/a,Imagine that.,!!QUEST_ID3420_TEXT4,n/a,n/a,n/a,n/a,-1,-1,n/a,-1,n/a,n/a,-1,-1,-1,-1
2014,3420,character,Portrait_Plankton_Angry.png,n/a,n/a,But I built the Chuminator with a failsafe to keep chum from heating up and going bad so it automatically fixed itself!||I got outsmarted by my own brilliance!,!!QUEST_ID3420_TEXT5,n/a,n/a,n/a,n/a,-1,-1,n/a,-1,n/a,n/a,-1,-1,-1,-1
2015,3420,character,Portrait_Karen.png,n/a,n/a,Uh huh.,!!QUEST_ID3420_TEXT6,n/a,n/a,n/a,n/a,-1,-1,n/a,-1,n/a,n/a,-1,-1,-1,-1
2016,3420,character,spongebob_happy.png,n/a,n/a,Hey Plankton!||It's warm out now -- summer's here!||Can I have the Anchor Arms from your basement now?,!!QUEST_ID3420_TEXT7,n/a,n/a,n/a,n/a,-1,-1,n/a,-1,n/a,n/a,-1,-1,-1,-1
2017,3420,character,Portrait_Karen.png,n/a,n/a,THE BASEMENT?!||THAT'S why you wanted to stop summer from coming!||You promised you'd clean out the basement before spring was over!,!!QUEST_ID3420_TEXT8,n/a,n/a,n/a,n/a,-1,-1,n/a,-1,n/a,n/a,-1,-1,-1,-1
2018,3420,character,Portrait_Karen.png,n/a,n/a,YOU GET DOWN THERE RIGHT NOW SHELDON!,!!QUEST_ID3420_TEXT9,n/a,n/a,n/a,n/a,-1,-1,n/a,-1,n/a,n/a,-1,-1,-1,-1
2019,3420,quest_start,n/a,PlanktonPortrait.png,n/a,Have Plankton Clean Out Basement,n/a,!!QUEST_TITLE_ID3420,n/a,n/a,n/a,-1,-1,n/a,-1,n/a,n/a,-1,-1,-1,-1
2020,3421,quest_complete,n/a,PlanktonPortrait.png,n/a,Have Plankton Clean Out Basement,n/a,!!QUEST_TITLE_ID3420,n/a,n/a,n/a,-1,-1,n/a,-1,n/a,n/a,-1,-1,-1,-1
2021,3421,character,Portrait_Plankton_Nervous.png,n/a,n/a,All done Sweetums.||I threw away everything you wanted me to even those hydraulic golf clubs I ordered from the TV for your birthday last year.,!!QUEST_ID3421_TEXT1,n/a,n/a,n/a,n/a,-1,-1,n/a,-1,n/a,n/a,-1,-1,-1,-1
2022,3421,character,Portrait_Karen.png,n/a,n/a,(static),!!QUEST_ID3421_TEXT2,n/a,n/a,n/a,n/a,-1,-1,n/a,-1,n/a,n/a,-1,-1,-1,-1
2023,3421,character,spongebob_happy.png,n/a,n/a,Hey Plankton I found the Anchor Arms you left out for me by your trash.||Thanks!,!!QUEST_ID3421_TEXT3,n/a,n/a,n/a,n/a,-1,-1,n/a,-1,n/a,n/a,-1,-1,-1,-1
2024,3421,quest_line_complete,n/a,Portrait_Spongebob_Crossed_MuscleArms.png,Portrait_Plankton_Energized.png,Do Plankton's Bidding,n/a,n/a,!!EPISODE_TITLE_PLANKTONS_BIDDING,!!EPISODE_BODY_PLANKTONS_BIDDING,n/a,100,100,n/a,-1,n/a,n/a,-1,-1,-1,-1
2025,3424,character,spongebob_happy.png,n/a,n/a,I'm going to put them on right now and dazzle everyone with my deltoids!,!!QUEST_ID3424_TEXT1,n/a,n/a,n/a,n/a,-1,-1,n/a,-1,n/a,n/a,-1,-1,-1,-1
2026,3424,quest_start,n/a,SpongebobPortrait.png,n/a,Pump It Up!,n/a,!!CHUNKQUEST_HEADING_ID3424,n/a,n/a,n/a,-1,-1,n/a,-1,n/a,n/a,-1,-1,-1,-1
2027,3425,quest_complete,n/a,SpongebobPortrait.png,n/a,Pump It Up!,n/a,!!CHUNKQUEST_HEADING_ID3424,n/a,n/a,n/a,-1,-1,n/a,-1,n/a,n/a,-1,-1,-1,-1
2028,2428,character,Portrait_Spongebob_Crossed_MuscleArms.png,n/a,n/a,Hot Kabob Dogs are my Special Wish a recipe no one craves but me and only when I'm wearing my Anchor Arms.,!!QUEST_ID2428_TEXT1,n/a,n/a,n/a,n/a,-1,-1,n/a,-1,n/a,n/a,-1,-1,-1,-1
2029,3500,character,Portrait_MrsPuff.png,n/a,n/a,I think it's finally time.,!!QUEST_ID3500_TEXT1,n/a,n/a,n/a,n/a,-1,-1,n/a,-1,n/a,n/a,-1,-1,-1,-1
2030,3500,character,Portrait_MrsPuff.png,n/a,n/a,I'm over the trauma. . .||My nerves have settled. . .||The doctor says I'm ready. . .,!!QUEST_ID3500_TEXT2,n/a,n/a,n/a,n/a,-1,-1,n/a,-1,n/a,n/a,-1,-1,-1,-1
2031,3500,character,Portrait_MrsPuff.png,n/a,n/a,It's time to rebuild.,!!QUEST_ID3500_TEXT3,n/a,n/a,n/a,n/a,-1,-1,n/a,-1,n/a,n/a,-1,-1,-1,-1
2032,3500,quest_line_start,n/a,BoatingSchool_LighthousePortrait.png,Portrait_MrsPuff.png,Mrs. Puff's Boating School,n/a,n/a,!!EPISODE_TITLE_BOATING_SCHOOL,!!EPISODE_BODY_BOATING_SCHOOL,n/a,100,100,n/a,-1,n/a,n/a,-1,-1,-1,-1
2033,3500,character,Portrait_MrsPuff.png,n/a,n/a,And who knows. . .||After all this time maybe SpongeBob finally knows how to drive safely. . .||. . .and maybe Patrick's won a Nobel Prize. . .,!!QUEST_ID3500_TEXT4,n/a,n/a,n/a,n/a,-1,-1,n/a,-1,n/a,n/a,-1,-1,-1,-1
2034,3500,quest_start,n/a,BoatingSchoolPortrait.png,n/a,Buy Mrs. Puff's Boating School,n/a,!!QUEST_TITLE_ID3500,n/a,n/a,n/a,-1,-1,n/a,-1,n/a,n/a,-1,-1,-1,-1
2035,3501,quest_complete,n/a,BoatingSchoolPortrait.png,n/a,Buy Mrs. Puff's Boating School,n/a,!!QUEST_TITLE_ID3500,n/a,n/a,n/a,-1,-1,n/a,-1,n/a,n/a,-1,-1,-1,-1
2036,3502,character,spongebob_happy.png,n/a,n/a,Mr. Krabs did you see!||Mrs. Puff's Boating School is back!,!!QUEST_ID3502_TEXT1,n/a,n/a,n/a,n/a,-1,-1,n/a,-1,n/a,n/a,-1,-1,-1,-1
2037,3502,character,Squidward_Annoyed.png,n/a,n/a,Is your restraining order still in effect?,!!QUEST_ID3502_TEXT2,n/a,n/a,n/a,n/a,-1,-1,n/a,-1,n/a,n/a,-1,-1,-1,-1
2038,3502,character,Portrait_Spongebob_Worried.png,n/a,n/a,Um. . . that was just. . . um. . . a misunderstanding. . .||I paid for everything. . . and I'm sure it's all forgotten by now. . .,!!QUEST_ID3502_TEXT3,n/a,n/a,n/a,n/a,-1,-1,n/a,-1,n/a,n/a,-1,-1,-1,-1
2039,3502,character,Portrait_MrKrabs.png,n/a,n/a,I happen to know she loves Sea Sir Salads.||Maybe bring er one ye know as a bribe--||I mean a peace offering.,!!QUEST_ID3502_TEXT4,n/a,n/a,n/a,n/a,-1,-1,n/a,-1,n/a,n/a,-1,-1,-1,-1
2040,3502,character,Portrait_Patrick.png,n/a,n/a,I heard she can digest solid food again.||I'll come with you.,!!QUEST_ID3502_TEXT5,n/a,n/a,n/a,n/a,-1,-1,n/a,-1,n/a,n/a,-1,-1,-1,-1
2041,3502,character,spongebob_happy.png,n/a,n/a,Great idea!||I'll make her the most digestible salad I can!,!!QUEST_ID3502_TEXT6,n/a,n/a,n/a,n/a,-1,-1,n/a,-1,n/a,n/a,-1,-1,-1,-1
2042,3502,quest_start,n/a,CaesarSalad.png,n/a,Make Mrs. Puff a Sea Sir Salad at the Krusty Krab,n/a,!!QUEST_TITLE_ID3502,n/a,n/a,n/a,-1,-1,n/a,-1,n/a,n/a,-1,-1,-1,-1
2043,3503,quest_complete,n/a,CaesarSalad.png,n/a,Make Mrs. Puff a Sea Sir Salad at the Krusty Krab,n/a,!!QUEST_TITLE_ID3502,n/a,n/a,n/a,-1,-1,n/a,-1,n/a,n/a,-1,-1,-1,-1
2044,3504,character,Portrait_Patrick.png,n/a,n/a,Hi Mrs. Puff!,!!QUEST_ID3504_TEXT1,n/a,n/a,n/a,n/a,-1,-1,n/a,-1,n/a,n/a,-1,-1,-1,-1
2045,3504,character,Portrait_MrsPuff.png,n/a,n/a,Ah Patrick and--,!!QUEST_ID3504_TEXT2,n/a,n/a,n/a,n/a,-1,-1,n/a,-1,n/a,n/a,-1,-1,-1,-1
2046,3504,character,Portrait_MrsPuff_Puffed.png,n/a,n/a,SPONGEBOB!,!!QUEST_ID3504_TEXT3,n/a,n/a,n/a,n/a,-1,-1,n/a,-1,n/a,n/a,-1,-1,-1,-1
2047,3504,character,Portrait_MrsPuff_Puffed.png,n/a,n/a,Wait. . . my doctor taught me what to do. . .||Breathe. . .||Exhale. . .,!!QUEST_ID3504_TEXT4,n/a,n/a,n/a,n/a,-1,-1,n/a,-1,n/a,n/a,-1,-1,-1,-1
2048,3504,character,Portrait_MrsPuff.png,n/a,n/a,Now then what can I do for you boys?,!!QUEST_ID3504_TEXT5,n/a,n/a,n/a,n/a,-1,-1,n/a,-1,n/a,n/a,-1,-1,-1,-1
2049,3504,character,spongebob_happy.png,n/a,n/a,I'm ready to take my driving test again!||Which boat should we take?,!!QUEST_ID3504_TEXT6,n/a,n/a,n/a,n/a,-1,-1,n/a,-1,n/a,n/a,-1,-1,-1,-1
2050,3504,character,Portrait_MrsPuff.png,n/a,n/a,Put the brakes on SpongeBob. . . assuming you've learned what brakes are. . .||You have to pass a WRITTEN test first.,!!QUEST_ID3504_TEXT7,n/a,n/a,n/a,n/a,-1,-1,n/a,-1,n/a,n/a,-1,-1,-1,-1
2051,3504,character,spongebob_quizzical.png,n/a,n/a,I already answered all your questions last time!,!!QUEST_ID3504_TEXT8,n/a,n/a,n/a,n/a,-1,-1,n/a,-1,n/a,n/a,-1,-1,-1,-1
2052,3504,character,Portrait_MrsPuff.png,n/a,n/a,And then you DESTROYED. . .||Ahem it clearly wasn't a good test.||This one is MUCH HARDER.,!!QUEST_ID3504_TEXT9,n/a,n/a,n/a,n/a,-1,-1,n/a,-1,n/a,n/a,-1,-1,-1,-1
2053,3504,character,Portrait_Patrick.png,n/a,n/a,It's okay SpongeBob.||I'll take it with you -- it'll be fun!,!!QUEST_ID3504_TEXT10,n/a,n/a,n/a,n/a,-1,-1,n/a,-1,n/a,n/a,-1,-1,-1,-1
2054,3504,quest_start,n/a,spongebob_happy.png,n/a,Driving Test Time,n/a,!!CHUNKQUEST_HEADING_ID3504,n/a,n/a,n/a,-1,-1,n/a,-1,n/a,n/a,-1,-1,-1,-1
2055,3505,quest_complete,n/a,spongebob_happy.png,n/a,Driving Test Time,n/a,!!CHUNKQUEST_HEADING_ID3504,n/a,n/a,n/a,-1,-1,n/a,-1,n/a,n/a,-1,-1,-1,-1
2056,3506,character,Portrait_MrsPuff.png,n/a,n/a,A perfect score is 100 SpongeBob and you got. . .||Zero.,!!QUEST_ID3506_TEXT1,n/a,n/a,n/a,n/a,-1,-1,n/a,-1,n/a,n/a,-1,-1,-1,-1
2057,3506,character,Portrait_Spongebob_Scared.png,n/a,n/a,ZERO?!?,!!QUEST_ID3506_TEXT2,n/a,n/a,n/a,n/a,-1,-1,n/a,-1,n/a,n/a,-1,-1,-1,-1
2058,3506,character,Portrait_MrsPuff.png,n/a,n/a,Patrick your score was a 95.||You lost 5 points for spelling your name wrong.,!!QUEST_ID3506_TEXT3,n/a,n/a,n/a,n/a,-1,-1,n/a,-1,n/a,n/a,-1,-1,-1,-1
2059,3506,character,Portrait_Spongebob_Sad.png,n/a,n/a,Oh man that means I didn't even. . .,!!QUEST_ID3506_TEXT4,n/a,n/a,n/a,n/a,-1,-1,n/a,-1,n/a,n/a,-1,-1,-1,-1
2060,3506,character,Portrait_MrsPuff.png,n/a,n/a,Sorry SpongeBob.||Here are some study guides for you to look at.,!!QUEST_ID3506_TEXT5,n/a,n/a,n/a,n/a,-1,-1,n/a,-1,n/a,n/a,-1,-1,-1,-1
2061,3506,character,spongebob_quizzical.png,n/a,n/a,How can a book help me pass a driving test?||I have a shift at the Krusty Krab now. . . Patrick can you help me study while I work?,!!QUEST_ID3506_TEXT6,n/a,n/a,n/a,n/a,-1,-1,n/a,-1,n/a,n/a,-1,-1,-1,-1
2062,3506,quest_start,n/a,Portrait_SpongeBob.png,n/a,Hit the Books,n/a,!!CHUNKQUEST_HEADING_ID3506,n/a,n/a,n/a,-1,-1,n/a,-1,n/a,n/a,-1,-1,-1,-1
2063,3507,quest_complete,n/a,Portrait_SpongeBob.png,n/a,Hit the Books,n/a,!!CHUNKQUEST_HEADING_ID3506,n/a,n/a,n/a,-1,-1,n/a,-1,n/a,n/a,-1,-1,-1,-1
2064,3508,character,spongebob_happy.png,n/a,n/a,If I have to memorize any more driving facts my head will EXPLODE!,!!QUEST_ID3508_TEXT1,n/a,n/a,n/a,n/a,-1,-1,n/a,-1,n/a,n/a,-1,-1,-1,-1
2065,3508,character,Portrait_Patrick.png,n/a,n/a,Good thing you stopped studying when you did!,!!QUEST_ID3508_TEXT2,n/a,n/a,n/a,n/a,-1,-1,n/a,-1,n/a,n/a,-1,-1,-1,-1
2066,3508,character,spongebob_happy.png,n/a,n/a,Yeah I had no idea all this stuff existed!||Like leaving space between you and the car ahead. . . and TURN SIGNALS?||Whoa!,!!QUEST_ID3508_TEXT3,n/a,n/a,n/a,n/a,-1,-1,n/a,-1,n/a,n/a,-1,-1,-1,-1
2067,3508,character,Portrait_Patrick.png,n/a,n/a,Only this time wear your glasses.||They'll make you smarter!,!!QUEST_ID3508_TEXT4,n/a,n/a,n/a,n/a,-1,-1,n/a,-1,n/a,n/a,-1,-1,-1,-1
2068,3508,character,Portrait_Spongebob_Glasses.png,n/a,n/a,Yeah great idea Patrick!||Thanks for helping me study!,!!QUEST_ID3508_TEXT5,n/a,n/a,n/a,n/a,-1,-1,n/a,-1,n/a,n/a,-1,-1,-1,-1
2069,3508,quest_start,n/a,SpongebobPortrait.png,n/a,Have SpongeBob Take Boating License Written Test,n/a,!!QUEST_TITLE_ID3508,n/a,n/a,n/a,-1,-1,n/a,-1,n/a,n/a,-1,-1,-1,-1
2070,3509,quest_complete,n/a,SpongebobPortrait.png,n/a,Have SpongeBob Take Boating License Written Test,n/a,!!QUEST_TITLE_ID3508,n/a,n/a,n/a,-1,-1,n/a,-1,n/a,n/a,-1,-1,-1,-1
2071,3510,character,Portrait_Spongebob_Glasses.png,n/a,n/a,Wow that was amazing!||I studied so well it was like I could SEE all the right answers on the test!,!!QUEST_ID3510_TEXT1,n/a,n/a,n/a,n/a,-1,-1,n/a,-1,n/a,n/a,-1,-1,-1,-1
2072,3510,character,Portrait_MrsPuff.png,n/a,n/a,"Well let's see. . .||You got a. . . 95?||You lost 5 for spelling your name ""SpungeBob Skwarepints"". . . odd you spelled your name wrong. . .",!!QUEST_ID3510_TEXT2,n/a,n/a,n/a,n/a,-1,-1,n/a,-1,n/a,n/a,-1,-1,-1,-1
2073,3510,character,Portrait_Spongebob_Glasses.png,n/a,n/a,I passed I passed!||Let's jump in a boat!,!!QUEST_ID3510_TEXT3,n/a,n/a,n/a,n/a,-1,-1,n/a,-1,n/a,n/a,-1,-1,-1,-1
2074,3510,character,Portrait_MrsPuff.png,n/a,n/a,Just stay calm. . .||Stay calm. . .,!!QUEST_ID3510_TEXT4,n/a,n/a,n/a,n/a,-1,-1,n/a,-1,n/a,n/a,-1,-1,-1,-1
2075,3510,character,Portrait_Spongebob_Glasses.png,n/a,n/a,I am calm Mrs. Puff.,!!QUEST_ID3510_TEXT5,n/a,n/a,n/a,n/a,-1,-1,n/a,-1,n/a,n/a,-1,-1,-1,-1
2076,3510,character,Portrait_MrsPuff.png,n/a,n/a,I wasn't talking to you.||I've made another change since. . . last time. . .,!!QUEST_ID3510_TEXT6,n/a,n/a,n/a,n/a,-1,-1,n/a,-1,n/a,n/a,-1,-1,-1,-1
2077,3510,character,Portrait_MrsPuff.png,n/a,n/a,I have a Driving Simulator.||You have to show you can drive safely in the Simulator. . .||You know. . . where it's safe.,!!QUEST_ID3510_TEXT7,n/a,n/a,n/a,n/a,-1,-1,n/a,-1,n/a,n/a,-1,-1,-1,-1
2078,3510,character,Portrait_Spongebob_Sad.png,n/a,n/a,Aw man. . .,!!QUEST_ID3510_TEXT8,n/a,n/a,n/a,n/a,-1,-1,n/a,-1,n/a,n/a,-1,-1,-1,-1
2079,3510,character,Portrait_Patrick.png,n/a,n/a,It'll be fun SpongeBob!||Just think of it like a videogame!,!!QUEST_ID3510_TEXT9,n/a,n/a,n/a,n/a,-1,-1,n/a,-1,n/a,n/a,-1,-1,-1,-1
2080,3510,quest_start,n/a,SpongebobPortrait.png,n/a,Have SpongeBob Drive in Boating Simulator,n/a,!!QUEST_TITLE_ID3510,n/a,n/a,n/a,-1,-1,n/a,-1,n/a,n/a,-1,-1,-1,-1
2081,3511,quest_complete,n/a,SpongebobPortrait.png,n/a,Have SpongeBob Drive in Boating Simulator,n/a,!!QUEST_TITLE_ID3510,n/a,n/a,n/a,-1,-1,n/a,-1,n/a,n/a,-1,-1,-1,-1
2082,3512,character,Portrait_MrsPuff_Puffed.png,n/a,n/a,SPONGEBOB!||YOU RAN OVER EVERYTHING!,!!QUEST_ID3512_TEXT1,n/a,n/a,n/a,n/a,-1,-1,n/a,-1,n/a,n/a,-1,-1,-1,-1
2083,3512,character,spongebob_quizzical.png,n/a,n/a,It's okay Mrs. Puff.||It was just a game--,!!QUEST_ID3512_TEXT2,n/a,n/a,n/a,n/a,-1,-1,n/a,-1,n/a,n/a,-1,-1,-1,-1
2084,3512,character,Portrait_MrsPuff_Puffed.png,n/a,n/a,IT'S NOT A GAME!||Breathe. . .||Exhale. . .,!!QUEST_ID3512_TEXT3,n/a,n/a,n/a,n/a,-1,-1,n/a,-1,n/a,n/a,-1,-1,-1,-1
2085,3512,character,spongebob_happy.png,n/a,n/a,It felt like a game and who drives safely in a videogame?||If I was in a real boat I promise I'd drive safely.||Let's go--,!!QUEST_ID3512_TEXT4,n/a,n/a,n/a,n/a,-1,-1,n/a,-1,n/a,n/a,-1,-1,-1,-1
2086,3512,character,Portrait_MrsPuff.png,n/a,n/a,No SpongeBob.||Until you can drive safely in the Simulator. . .||. . .no. . .real. . .boats.,!!QUEST_ID3512_TEXT5,n/a,n/a,n/a,n/a,-1,-1,n/a,-1,n/a,n/a,-1,-1,-1,-1
2087,3512,character,Portrait_Patrick.png,n/a,n/a,Don't worry SpongeBob you'll pass the test someday.||Just think positive!,!!QUEST_ID3512_TEXT6,n/a,n/a,n/a,n/a,-1,-1,n/a,-1,n/a,n/a,-1,-1,-1,-1
2088,3512,character,spongebob_happy.png,n/a,n/a,You're right Patrick!||I'm going to go out and buy a boat right now so I'll have one when I get my license!||A nice pretty white one!,!!QUEST_ID3512_TEXT7,n/a,n/a,n/a,n/a,-1,-1,n/a,-1,n/a,n/a,-1,-1,-1,-1
2089,3512,quest_start,n/a,Boat1Portrait.png,n/a,Buy Boat Mobile,n/a,!!QUEST_TITLE_ID3512,n/a,n/a,n/a,-1,-1,n/a,-1,n/a,n/a,-1,-1,-1,-1
2090,3513,quest_complete,n/a,Boat1Portrait.png,n/a,Buy Boat Mobile,n/a,!!QUEST_TITLE_ID3512,n/a,n/a,n/a,-1,-1,n/a,-1,n/a,n/a,-1,-1,-1,-1
2091,3514,character,Portrait_MrKrabs_Scared.png,n/a,n/a,How could ye pass the written test and then flunk the driving test?!||Again?!,!!QUEST_ID3514_TEXT1,n/a,n/a,n/a,n/a,-1,-1,n/a,-1,n/a,n/a,-1,-1,-1,-1
2092,3514,character,Portrait_Spongebob_Sad.png,n/a,n/a,History's repeating itself all over again. . .,!!QUEST_ID3514_TEXT2,n/a,n/a,n/a,n/a,-1,-1,n/a,-1,n/a,n/a,-1,-1,-1,-1
2093,3514,character,Portrait_MrKrabs.png,n/a,n/a,When I were a little crustacean I passed me boating tests with flying colors.||We'll set up a simulator of our own in the kitchen and I'll teach ye all I know.,!!QUEST_ID3514_TEXT3,n/a,n/a,n/a,n/a,-1,-1,n/a,-1,n/a,n/a,-1,-1,-1,-1
2094,3514,character,spongebob_happy.png,n/a,n/a,Thanks Mr. Krabs!||How can I ever thank you?!,!!QUEST_ID3514_TEXT4,n/a,n/a,n/a,n/a,-1,-1,n/a,-1,n/a,n/a,-1,-1,-1,-1
2095,3514,character,Portrait_MrKrabs.png,n/a,n/a,By working fer the rest of the month without pay.||Here pretend this here fryin' pan is a steering wheel. . .||I'll show ye how it's done.,!!QUEST_ID3514_TEXT5,n/a,n/a,n/a,n/a,-1,-1,n/a,-1,n/a,n/a,-1,-1,-1,-1
2096,3514,quest_start,n/a,MrKrabsPortrait_Whaddayamean.png,n/a,Keep Both Hands on the Frying Pan,n/a,!!CHUNKQUEST_HEADING_ID3514,n/a,n/a,n/a,-1,-1,n/a,-1,n/a,n/a,-1,-1,-1,-1
2097,3515,quest_complete,n/a,MrKrabsPortrait_Whaddayamean.png,n/a,Keep Both Hands on the Frying Pan,n/a,!!CHUNKQUEST_HEADING_ID3514,n/a,n/a,n/a,-1,-1,n/a,-1,n/a,n/a,-1,-1,-1,-1
2098,3516,character,Portrait_MrKrabs.png,n/a,n/a,"There SpongeBob I dub thee ""Captain of the Kitchen""!||Yer goin' to pass Mrs. Puff's test for sure this time.",!!QUEST_ID3516_TEXT1,n/a,n/a,n/a,n/a,-1,-1,n/a,-1,n/a,n/a,-1,-1,-1,-1
2099,3516,character,spongebob_happy.png,n/a,n/a,Able willing and ready Mr. Krabs!,!!QUEST_ID3516_TEXT2,n/a,n/a,n/a,n/a,-1,-1,n/a,-1,n/a,n/a,-1,-1,-1,-1
2100,3516,quest_start,n/a,SpongebobPortrait.png,n/a,Have SpongeBob Drive in Boating Simulator,n/a,!!QUEST_TITLE_ID3516,n/a,n/a,n/a,-1,-1,n/a,-1,n/a,n/a,-1,-1,-1,-1
2101,3517,quest_complete,n/a,SpongebobPortrait.png,n/a,Have SpongeBob Drive in Boating Simulator,n/a,!!QUEST_TITLE_ID3516,n/a,n/a,n/a,-1,-1,n/a,-1,n/a,n/a,-1,-1,-1,-1
2102,3518,character,Portrait_MrKrabs.png,n/a,n/a,Well Mrs. Puff how'd he do?,!!QUEST_ID3518_TEXT1,n/a,n/a,n/a,n/a,-1,-1,n/a,-1,n/a,n/a,-1,-1,-1,-1
2103,3518,character,Portrait_MrsPuff.png,n/a,n/a,He failed.||Miserably.||He ran over everything.||Every thing.,!!QUEST_ID3518_TEXT2,n/a,n/a,n/a,n/a,-1,-1,n/a,-1,n/a,n/a,-1,-1,-1,-1
2104,3518,character,Portrait_MrKrabs_Scared.png,n/a,n/a,"What?!||How can that be?||There must be something wrong with yer ""simulator""!||Let me at it!",!!QUEST_ID3518_TEXT3,n/a,n/a,n/a,n/a,-1,-1,n/a,-1,n/a,n/a,-1,-1,-1,-1
2105,3518,quest_start,n/a,MrKrabsPortrait.png,n/a,Have Krabs Drive in Boating Simulator,n/a,!!QUEST_TITLE_ID3518,n/a,n/a,n/a,-1,-1,n/a,-1,n/a,n/a,-1,-1,-1,-1
2106,3519,quest_complete,n/a,MrKrabsPortrait.png,n/a,Have Krabs Drive in Boating Simulator,n/a,!!QUEST_TITLE_ID3518,n/a,n/a,n/a,-1,-1,n/a,-1,n/a,n/a,-1,-1,-1,-1
2107,3519,character,mrkrabsportrait_stern.png,n/a,n/a,Everything were jumpin' under me boat!||That game be rigged!,!!QUEST_ID3519_TEXT1,n/a,n/a,n/a,n/a,-1,-1,n/a,-1,n/a,n/a,-1,-1,-1,-1
2108,3519,character,Portrait_MrsPuff_Puffed.png,n/a,n/a,IT'S NOT A GAME!||YOU'RE JUST A TERRIBLE DRIVER!,!!QUEST_ID3519_TEXT2,n/a,n/a,n/a,n/a,-1,-1,n/a,-1,n/a,n/a,-1,-1,-1,-1
2109,3519,character,mrkrabsportrait_stern.png,n/a,n/a,Well me LICENSE which I got before I even got me hard shell sez otherwise!||SEE?,!!QUEST_ID3519_TEXT3,n/a,n/a,n/a,n/a,-1,-1,n/a,-1,n/a,n/a,-1,-1,-1,-1
2110,3519,character,Portrait_MrsPuff_Puffed.png,n/a,n/a,THAT'S NOT A VALID LICENSE!||IT'S WRITTEN IN CRAYON!||IS THIS A KISS IN THE CORNER IN RED LIPSTICK?!,!!QUEST_ID3519_TEXT4,n/a,n/a,n/a,n/a,-1,-1,n/a,-1,n/a,n/a,-1,-1,-1,-1
2111,3519,character,mrkrabsportrait_stern.png,n/a,n/a,From me mum.||Her seal of approval--||HEY GIVE IT BACK!,!!QUEST_ID3519_TEXT5,n/a,n/a,n/a,n/a,-1,-1,n/a,-1,n/a,n/a,-1,-1,-1,-1
2112,3519,character,Portrait_MrsPuff_Puffed.png,n/a,n/a,THIS FAKE LICENSE IS HEREBY REVOKED!||YOU'LL GET A REAL LICENSE IF YOU CAN EVER PASS THE TESTS!,!!QUEST_ID3519_TEXT6,n/a,n/a,n/a,n/a,-1,-1,n/a,-1,n/a,n/a,-1,-1,-1,-1
2113,3519,character,spongebob_happy.png,n/a,n/a,It's okay Mr. Krabs we'll get our boating licenses some day.||Let's go sit in my new boat and dream about it. . .,!!QUEST_ID3519_TEXT7,n/a,n/a,n/a,n/a,-1,-1,n/a,-1,n/a,n/a,-1,-1,-1,-1
2114,3519,character,Portrait_MrsPuff.png,n/a,n/a,Phew. . .||Thank Neptune they were only simulations.||I think it's safe to rebuild the rest of my boating school.,!!QUEST_ID3519_TEXT8,n/a,n/a,n/a,n/a,-1,-1,n/a,-1,n/a,n/a,-1,-1,-1,-1
2115,3519,quest_line_complete,n/a,BoatingSchool_LighthousePortrait.png,Portrait_MrsPuff.png,Mrs. Puff's Boating School,n/a,n/a,!!EPISODE_TITLE_BOATING_SCHOOL,!!EPISODE_BODY_BOATING_SCHOOL,n/a,100,100,n/a,-1,n/a,n/a,-1,-1,-1,-1
2116,3600,character,mrkrabsportrait_moneygrubbing.png,n/a,n/a,SpongeBob!||Me old navy shipmates are coming fer a reunion!,!!QUEST_ID3600_TEXT1,n/a,n/a,n/a,n/a,-1,-1,n/a,-1,n/a,n/a,-1,-1,-1,-1
2117,3600,character,Portrait_Spongebob_Worried.png,n/a,n/a,Oh no!||We better get you to the gym right away!,!!QUEST_ID3600_TEXT2,n/a,n/a,n/a,n/a,-1,-1,n/a,-1,n/a,n/a,-1,-1,-1,-1
2118,3600,character,mrkrabsportrait_stern.png,n/a,n/a,What are ye talkin' about lad?,!!QUEST_ID3600_TEXT3,n/a,n/a,n/a,n/a,-1,-1,n/a,-1,n/a,n/a,-1,-1,-1,-1
2119,3600,character,Portrait_Spongebob_Worried.png,n/a,n/a,You don't want your navy buddies seeing you like. . . like this do you?,!!QUEST_ID3600_TEXT4,n/a,n/a,n/a,n/a,-1,-1,n/a,-1,n/a,n/a,-1,-1,-1,-1
2120,3600,character,mrkrabsportrait_stern.png,n/a,n/a,I'll have ye know SpongeBob they call me Armor Abs Krabs!||And as soon as I get me old uniform yer gonna see it still fits me like another shell!,!!QUEST_ID3600_TEXT5,n/a,n/a,n/a,n/a,-1,-1,n/a,-1,n/a,n/a,-1,-1,-1,-1
2121,3600,quest_line_start,n/a,Portrait_MrKrabs_Navy.png,mrkrabsportrait_moneygrubbing.png,The Uniform Makes The Man,n/a,n/a,!!EPISODE_TITLE_KRABS_UNIFORM,!!EPISODE_BODY_KRABS_UNIFORM,n/a,100,100,n/a,-1,n/a,n/a,-1,-1,-1,-1
2122,3600,character,mrkrabsportrait_moneygrubbing.png,n/a,n/a,While I look fer it go reserve the Bikini Bottom Convention Hall.,!!QUEST_ID3600_TEXT6,n/a,n/a,n/a,n/a,-1,-1,n/a,-1,n/a,n/a,-1,-1,-1,-1
2123,3600,character,spongebob_quizzical.png,n/a,n/a,We have one of those?,!!QUEST_ID3600_TEXT7,n/a,n/a,n/a,n/a,-1,-1,n/a,-1,n/a,n/a,-1,-1,-1,-1
2124,3600,character,mrkrabsportrait_stern.png,n/a,n/a,That be yer problem lad not mine.,!!QUEST_ID3600_TEXT8,n/a,n/a,n/a,n/a,-1,-1,n/a,-1,n/a,n/a,-1,-1,-1,-1
2125,3600,quest_start,n/a,ConventionHallPortrait.png,n/a,Build Convention Hall,n/a,!!QUEST_TITLE_ID3600,n/a,n/a,n/a,-1,-1,n/a,-1,n/a,n/a,-1,-1,-1,-1
2126,3601,quest_complete,n/a,ConventionHallPortrait.png,n/a,Build Convention Hall,n/a,!!QUEST_TITLE_ID3600,n/a,n/a,n/a,-1,-1,n/a,-1,n/a,n/a,-1,-1,-1,-1
2127,3602,character,Portrait_IronEye.png,n/a,n/a,Hey you!||Squid!,!!QUEST_ID3602_TEXT1,n/a,n/a,n/a,n/a,-1,-1,n/a,-1,n/a,n/a,-1,-1,-1,-1
2128,3602,character,Squidward_Annoyed.png,n/a,n/a,That's SquidWARD.||Can I take your order?,!!QUEST_ID3602_TEXT2,n/a,n/a,n/a,n/a,-1,-1,n/a,-1,n/a,n/a,-1,-1,-1,-1
2129,3602,character,Portrait_IronEye.png,n/a,n/a,I ORDER you to go and get me Armor Abs Krabs!,!!QUEST_ID3602_TEXT3,n/a,n/a,n/a,n/a,-1,-1,n/a,-1,n/a,n/a,-1,-1,-1,-1
2130,3602,character,Squidward_Annoyed.png,n/a,n/a,No special requests SIR.||Just what you see on the menu.,!!QUEST_ID3602_TEXT4,n/a,n/a,n/a,n/a,-1,-1,n/a,-1,n/a,n/a,-1,-1,-1,-1
2131,3602,character,Portrait_IronEye.png,n/a,n/a,I'm itchin' to punch old Eugene Krabs in the gut!||He ever tell you of the time I punched him so hard his eye stalks tied in a knot?||HA HA HA!,!!QUEST_ID3602_TEXT5,n/a,n/a,n/a,n/a,-1,-1,n/a,-1,n/a,n/a,-1,-1,-1,-1
2132,3602,character,Portrait_Spongebob_Worried.png,n/a,n/a,Um...Mr. Krabs isn't here...,!!QUEST_ID3602_TEXT6,n/a,n/a,n/a,n/a,-1,-1,n/a,-1,n/a,n/a,-1,-1,-1,-1
2133,3602,character,Squidward_Annoyed.png,n/a,n/a,But I'll tell him you came by to relive the glory days of. . . stomach punching.,!!QUEST_ID3602_TEXT7,n/a,n/a,n/a,n/a,-1,-1,n/a,-1,n/a,n/a,-1,-1,-1,-1
2134,3602,character,Portrait_Squidward.png,n/a,n/a,Mr. Krabs some guy with an iron bar stuck in his eye was looking for you. . .||Get it?||He had an IRON BAR in his EYE and he couldn't SEE you anywhere. . . ?,!!QUEST_ID3602_TEXT8,n/a,n/a,n/a,n/a,-1,-1,n/a,-1,n/a,n/a,-1,-1,-1,-1
2135,3602,character,mrkrabsportrait_moneygrubbing.png,n/a,n/a,Iron Eye were here?||He had one heck of a left jab but it were no match fer me armor abs!,!!QUEST_ID3602_TEXT9,n/a,n/a,n/a,n/a,-1,-1,n/a,-1,n/a,n/a,-1,-1,-1,-1
2136,3602,character,Squidward_Annoyed.png,n/a,n/a,And he couldn't SEE. . .||Oh why do I bother?,!!QUEST_ID3602_TEXT10,n/a,n/a,n/a,n/a,-1,-1,n/a,-1,n/a,n/a,-1,-1,-1,-1
2137,3602,character,Portrait_MrKrabs_Scared.png,n/a,n/a,But I don't want anyone to see me out of me uniform!||SpongeBob I can't find me navy locker anywhere in me entire hoard!||Ye know what that means?,!!QUEST_ID3602_TEXT11,n/a,n/a,n/a,n/a,-1,-1,n/a,-1,n/a,n/a,-1,-1,-1,-1
2138,3602,character,Portrait_Spongebob_Sad.png,n/a,n/a,Oh Boy!||I work more for free!,!!QUEST_ID3602_TEXT12,n/a,n/a,n/a,n/a,-1,-1,n/a,-1,n/a,n/a,-1,-1,-1,-1
2139,3602,quest_start,n/a,SpongebobPortrait.png,n/a,Have SpongeBob Sift Through Mr. Krabs' Hoard,n/a,!!QUEST_TITLE_ID3602,n/a,n/a,n/a,-1,-1,n/a,-1,n/a,n/a,-1,-1,-1,-1
2140,3603,quest_complete,n/a,SpongebobPortrait.png,n/a,Have SpongeBob Sift Through Mr. Krabs' Hoard,n/a,!!QUEST_TITLE_ID3602,n/a,n/a,n/a,-1,-1,n/a,-1,n/a,n/a,-1,-1,-1,-1
2141,3604,character,Portrait_Spongebob_Worried.png,n/a,n/a,Patrick I can't find Mr. Krabs' navy locker anywhere!,!!QUEST_ID3604_TEXT1,n/a,n/a,n/a,n/a,-1,-1,n/a,-1,n/a,n/a,-1,-1,-1,-1
2142,3604,character,Portrait_Patrick_Confused.png,n/a,n/a,Hmmm. . . was it a grey box about your height that you could open and put stuff in?,!!QUEST_ID3604_TEXT2,n/a,n/a,n/a,n/a,-1,-1,n/a,-1,n/a,n/a,-1,-1,-1,-1
2143,3604,character,spongebob_happy.png,n/a,n/a,Yes!||Where did you see it!,!!QUEST_ID3604_TEXT3,n/a,n/a,n/a,n/a,-1,-1,n/a,-1,n/a,n/a,-1,-1,-1,-1
2144,3604,character,Portrait_Patrick_Confused.png,n/a,n/a,Under the dumpster behind the Krusty Krab with the rest of the junk Mr. Krabs can't get himself to throw away.,!!QUEST_ID3604_TEXT4,n/a,n/a,n/a,n/a,-1,-1,n/a,-1,n/a,n/a,-1,-1,-1,-1
2145,3604,character,spongebob_quizzical.png,n/a,n/a,There's a dumpster behind the Krusty Krab?||And here I've just been piling up our trash in closets. . .||Anyway let's go get it!,!!QUEST_ID3604_TEXT5,n/a,n/a,n/a,n/a,-1,-1,n/a,-1,n/a,n/a,-1,-1,-1,-1
2146,3604,character,Portrait_Patrick.png,n/a,n/a,Oh it's not there anymore.||I took it a long time ago to use as a table by my bed.||But then a guy saw me carrying it home and offered to buy it off me.,!!QUEST_ID3604_TEXT6,n/a,n/a,n/a,n/a,-1,-1,n/a,-1,n/a,n/a,-1,-1,-1,-1
2147,3604,character,Portrait_Spongebob_Worried.png,n/a,n/a,Patrick!||You have to go find it!||While you do that I just remembered I have to go reserve the Convention Hall. . .,!!QUEST_ID3604_TEXT7,n/a,n/a,n/a,n/a,-1,-1,n/a,-1,n/a,n/a,-1,-1,-1,-1
2148,3604,quest_start,n/a,SpongebobPortrait.png,n/a,Have SpongeBob Go To The Convention Hall,n/a,!!QUEST_TITLE_ID3604,n/a,n/a,n/a,-1,-1,n/a,-1,n/a,n/a,-1,-1,-1,-1
2149,3605,quest_complete,n/a,SpongebobPortrait.png,n/a,Have SpongeBob Go To The Convention Hall,n/a,!!QUEST_TITLE_ID3604,n/a,n/a,n/a,-1,-1,n/a,-1,n/a,n/a,-1,-1,-1,-1
2150,3606,character,Portrait_IronEye.png,n/a,n/a,Hey you're that squishy yellow brick I saw at the Krusty Krab!||You find Armor Abs Krabs yet?,!!QUEST_ID3606_TEXT1,n/a,n/a,n/a,n/a,-1,-1,n/a,-1,n/a,n/a,-1,-1,-1,-1
2151,3606,character,Portrait_Spongebob_Worried.png,n/a,n/a,Um. . . no. . . I came to reserve the hall for your reunion--,!!QUEST_ID3606_TEXT2,n/a,n/a,n/a,n/a,-1,-1,n/a,-1,n/a,n/a,-1,-1,-1,-1
2152,3606,character,Portrait_IronEye.png,n/a,n/a,Already done!||Me and Torpedo Belly here just took care of it!,!!QUEST_ID3606_TEXT3,n/a,n/a,n/a,n/a,-1,-1,n/a,-1,n/a,n/a,-1,-1,-1,-1
2153,3606,character,Portrait_TorpedoBelly.png,n/a,n/a,Hey did Armor Abs ever tell you how I got this torpedo in my belly?,!!QUEST_ID3606_TEXT4,n/a,n/a,n/a,n/a,-1,-1,n/a,-1,n/a,n/a,-1,-1,-1,-1
2154,3606,character,Portrait_Spongebob_Worried.png,n/a,n/a,Erm. . . Sir. . . I don't see any torpedo in your belly. . .,!!QUEST_ID3606_TEXT5,n/a,n/a,n/a,n/a,-1,-1,n/a,-1,n/a,n/a,-1,-1,-1,-1
2155,3606,character,Portrait_TorpedoBelly.png,n/a,n/a,What you think I'd leave it there forever?,!!QUEST_ID3606_TEXT6,n/a,n/a,n/a,n/a,-1,-1,n/a,-1,n/a,n/a,-1,-1,-1,-1
2156,3606,character,Portrait_IronEye.png,n/a,n/a,You left it in there for twenty years!,!!QUEST_ID3606_TEXT7,n/a,n/a,n/a,n/a,-1,-1,n/a,-1,n/a,n/a,-1,-1,-1,-1
2157,3606,character,Portrait_TorpedoBelly.png,n/a,n/a,I took it out eventually!||Anyway I never went back to that sandwich shop again.||Worst belly ache ever.,!!QUEST_ID3606_TEXT8,n/a,n/a,n/a,n/a,-1,-1,n/a,-1,n/a,n/a,-1,-1,-1,-1
2158,3606,character,Portrait_Patrick.png,n/a,n/a,SpongeBob I found the locker!||He said it smelled so bad he sold it again.||I guess we have to go buy it back now?,!!QUEST_ID3606_TEXT9,n/a,n/a,n/a,n/a,-1,-1,n/a,-1,n/a,n/a,-1,-1,-1,-1
2159,3606,quest_start,n/a,KrabsNavyLockerPortrait.png,n/a,Buy Krabs' Navy Locker,n/a,!!QUEST_TITLE_ID3606,n/a,n/a,n/a,-1,-1,n/a,-1,n/a,n/a,-1,-1,-1,-1
2160,3607,quest_complete,n/a,KrabsNavyLockerPortrait.png,n/a,Buy Krabs' Navy Locker,n/a,!!QUEST_TITLE_ID3606,n/a,n/a,n/a,-1,-1,n/a,-1,n/a,n/a,-1,-1,-1,-1
2161,3608,character,mrkrabsportrait_moneygrubbing.png,n/a,n/a,Ah me old navy locker!||Thanks lads!||Let me open er up. . .,!!QUEST_ID3608_TEXT1,n/a,n/a,n/a,n/a,-1,-1,n/a,-1,n/a,n/a,-1,-1,-1,-1
2162,3608,character,Portrait_Spongebob_Sick.png,n/a,n/a,Oh man. . . that reeks!||And it's got a skeleton in it!||Who is that Mr. Krabs?,!!QUEST_ID3608_TEXT2,n/a,n/a,n/a,n/a,-1,-1,n/a,-1,n/a,n/a,-1,-1,-1,-1
2163,3608,character,Portrait_MrKrabs.png,n/a,n/a,Hmmm. . . that looks to be Corporal Sterling. . .||Heh forgot all about that prank. . .,!!QUEST_ID3608_TEXT3,n/a,n/a,n/a,n/a,-1,-1,n/a,-1,n/a,n/a,-1,-1,-1,-1
2164,3608,character,mrkrabsportrait_stern.png,n/a,n/a,And me uniform isn't here!||Where could it be? ||I won't let me old chums see me dressed like. . . like the fast food king that I am!,!!QUEST_ID3608_TEXT4,n/a,n/a,n/a,n/a,-1,-1,n/a,-1,n/a,n/a,-1,-1,-1,-1
2165,3608,character,Portrait_SpongeBob.png,n/a,n/a,It's just as well Mr. Krabs.||It wouldn't have fit you now anyway.||Let's go--,!!QUEST_ID3608_TEXT5,n/a,n/a,n/a,n/a,-1,-1,n/a,-1,n/a,n/a,-1,-1,-1,-1
2166,3608,character,mrkrabsportrait_stern.png,n/a,n/a,No SpongeBob it'll fit I promise ye.||It's gotta be around here somewhere.||Keep at it!,!!QUEST_ID3608_TEXT6,n/a,n/a,n/a,n/a,-1,-1,n/a,-1,n/a,n/a,-1,-1,-1,-1
2167,3608,quest_start,n/a,SpongebobPortrait.png,n/a,Have SpongeBob Sift Through Mr. Krabs' Hoard,n/a,!!QUEST_TITLE_ID3608,n/a,n/a,n/a,-1,-1,n/a,-1,n/a,n/a,-1,-1,-1,-1
2168,3609,quest_complete,n/a,SpongebobPortrait.png,n/a,Have SpongeBob Sift Through Mr. Krabs' Hoard,n/a,!!QUEST_TITLE_ID3608,n/a,n/a,n/a,-1,-1,n/a,-1,n/a,n/a,-1,-1,-1,-1
2169,3610,character,Portrait_MrKrabs_Scared.png,n/a,n/a,Iron Eye's back and this time he brought Torpedo Belly!||Go out there and distract 'em!,!!QUEST_ID3610_TEXT1,n/a,n/a,n/a,n/a,-1,-1,n/a,-1,n/a,n/a,-1,-1,-1,-1
2170,3610,character,Portrait_IronEye.png,n/a,n/a,Hey is that you I see back there SpongeBrick!||Where's Eugene got to now?,!!QUEST_ID3610_TEXT2,n/a,n/a,n/a,n/a,-1,-1,n/a,-1,n/a,n/a,-1,-1,-1,-1
2171,3610,character,Portrait_Spongebob_Worried.png,n/a,n/a,Oh. . . hi. . . so. . . um. . .||Say what about that iron eye of yours?||I bet that's an interesting story. . .,!!QUEST_ID3610_TEXT3,n/a,n/a,n/a,n/a,-1,-1,n/a,-1,n/a,n/a,-1,-1,-1,-1
2172,3610,character,Portrait_IronEye.png,n/a,n/a,What iron eye?,!!QUEST_ID3610_TEXT4,n/a,n/a,n/a,n/a,-1,-1,n/a,-1,n/a,n/a,-1,-1,-1,-1
2173,3610,character,Portrait_Spongebob_Worried.png,n/a,n/a,Oh. . .||Erm. . .||I mean. . .,!!QUEST_ID3610_TEXT5,n/a,n/a,n/a,n/a,-1,-1,n/a,-1,n/a,n/a,-1,-1,-1,-1
2174,3610,character,Portrait_TorpedoBelly.png,n/a,n/a,HA HA HA!||He's just joshing you boy!||Just know this when you look through a spyglass it's best not to be running around at the same time!,!!QUEST_ID3610_TEXT6,n/a,n/a,n/a,n/a,-1,-1,n/a,-1,n/a,n/a,-1,-1,-1,-1
2175,3610,character,spongebob_happy.png,n/a,n/a,Oh. . . ha ha ha ha ha!||Seriously though Mr. Krabs isn't here.,!!QUEST_ID3610_TEXT7,n/a,n/a,n/a,n/a,-1,-1,n/a,-1,n/a,n/a,-1,-1,-1,-1
2176,3610,character,Portrait_IronEye.png,n/a,n/a,All righty then!||I reckon just tell him we'll SEE him at the reunion!||Bye SpongeBrick!,!!QUEST_ID3610_TEXT8,n/a,n/a,n/a,n/a,-1,-1,n/a,-1,n/a,n/a,-1,-1,-1,-1
2177,3610,character,Portrait_MrKrabs.png,n/a,n/a,Phew that were close!||Ye gots to find me uniform SpongeBob!||Did ye look in my stash under the dumpster?,!!QUEST_ID3610_TEXT9,n/a,n/a,n/a,n/a,-1,-1,n/a,-1,n/a,n/a,-1,-1,-1,-1
2178,3610,character,spongebob_quizzical.png,n/a,n/a,Patrick's right?||We really have a dumpster?,!!QUEST_ID3610_TEXT10,n/a,n/a,n/a,n/a,-1,-1,n/a,-1,n/a,n/a,-1,-1,-1,-1
2179,3610,quest_start,n/a,Dumpster_Empty_Portrait.png,n/a,Buy Dumpster for the Krusty Krab,n/a,!!QUEST_TITLE_ID3610,n/a,n/a,n/a,-1,-1,n/a,-1,n/a,n/a,-1,-1,-1,-1
2180,3611,quest_complete,n/a,Dumpster_Empty_Portrait.png,n/a,Buy Dumpster for the Krusty Krab,n/a,!!QUEST_TITLE_ID3610,n/a,n/a,n/a,-1,-1,n/a,-1,n/a,n/a,-1,-1,-1,-1
2181,3612,character,spongebob_quizzical.png,n/a,n/a,Okay so maybe now if I look under the dumpster I might find more of Mr. Krab's stuff?||That makes no sense but I'm out of ideas and almost out of time!,!!QUEST_ID3612_TEXT1,n/a,n/a,n/a,n/a,-1,-1,n/a,-1,n/a,n/a,-1,-1,-1,-1
2182,3612,character,Portrait_Patrick_Confused.png,n/a,n/a,You didn't tell me you were looking for Mr. Krabs' old navy uniform.||I took it out of the locker a long time ago to wear on Halloween but then I lost it.,!!QUEST_ID3612_TEXT2,n/a,n/a,n/a,n/a,-1,-1,n/a,-1,n/a,n/a,-1,-1,-1,-1
2183,3612,character,spongebob_quizzical.png,n/a,n/a,A Halloween costume?||And you lost it?!,!!QUEST_ID3612_TEXT3,n/a,n/a,n/a,n/a,-1,-1,n/a,-1,n/a,n/a,-1,-1,-1,-1
2184,3612,character,Portrait_Patrick.png,n/a,n/a,It's not really LOST lost. . .||It's under my rock somewhere.,!!QUEST_ID3612_TEXT4,n/a,n/a,n/a,n/a,-1,-1,n/a,-1,n/a,n/a,-1,-1,-1,-1
2185,3612,character,Portrait_Spongebob_Mad.png,n/a,n/a,You have to go find it!||Right now!,!!QUEST_ID3612_TEXT5,n/a,n/a,n/a,n/a,-1,-1,n/a,-1,n/a,n/a,-1,-1,-1,-1
2186,3612,character,Portrait_Patrick_Neutral.png,n/a,n/a,I guess I'll have to go tidy up everything to find it. . .,!!QUEST_ID3612_TEXT6,n/a,n/a,n/a,n/a,-1,-1,n/a,-1,n/a,n/a,-1,-1,-1,-1
2187,3612,quest_start,n/a,PatrickPortrait.png,n/a,Have Patrick Tidy Up,n/a,!!QUEST_TITLE_ID3612,n/a,n/a,n/a,-1,-1,n/a,-1,n/a,n/a,-1,-1,-1,-1
2188,3613,quest_complete,n/a,PatrickPortrait.png,n/a,Have Patrick Tidy Up,n/a,!!QUEST_TITLE_ID3612,n/a,n/a,n/a,-1,-1,n/a,-1,n/a,n/a,-1,-1,-1,-1
2189,3613,quest_line_complete,n/a,Portrait_MrKrabs_Navy.png,mrkrabsportrait_moneygrubbing.png,The Uniform Makes The Man,n/a,n/a,!!EPISODE_TITLE_KRABS_UNIFORM,!!EPISODE_BODY_KRABS_UNIFORM,n/a,100,100,n/a,-1,n/a,n/a,-1,-1,-1,-1
2190,3614,character,mrkrabsportrait_moneygrubbing.png,n/a,n/a,Ah me old navy uniform!||Now watch SpongeBob. . .||It'll slip right on like an old dirty sock. . .,!!QUEST_ID3614_TEXT1,n/a,n/a,n/a,n/a,-1,-1,n/a,-1,n/a,n/a,-1,-1,-1,-1
2191,3614,quest_start,n/a,MrKrabsPortrait.png,n/a,Have Mr. Krabs Put On Navy Uniform,n/a,!!QUEST_TITLE_ID3614,n/a,n/a,n/a,-1,-1,n/a,-1,n/a,n/a,-1,-1,-1,-1
2192,3615,quest_complete,n/a,MrKrabsPortrait.png,n/a,Have Mr. Krabs Put On Navy Uniform,n/a,!!QUEST_TITLE_ID3614,n/a,n/a,n/a,-1,-1,n/a,-1,n/a,n/a,-1,-1,-1,-1
2193,3616,character,Portrait_MrKrabs_Navy.png,n/a,n/a,Sailor's Surprise is me Special Wish a recipe no one craves but me and only when I be wearing me Navy Uniform.,!!QUEST_ID3616_TEXT1,n/a,n/a,n/a,n/a,-1,-1,n/a,-1,n/a,n/a,-1,-1,-1,-1
2194,3616,character,Portrait_Patrick_Confused.png,n/a,n/a,What was that noise?||It sounded like a jacket ripping but a lot louder.,!!QUEST_ID3616_TEXT2,n/a,n/a,n/a,n/a,-1,-1,n/a,-1,n/a,n/a,-1,-1,-1,-1
2195,3616,character,Portrait_Spongebob_Worried.png,n/a,n/a,See Mr. Krabs!||Your jacket tore straight up the back!,!!QUEST_ID3616_TEXT3,n/a,n/a,n/a,n/a,-1,-1,n/a,-1,n/a,n/a,-1,-1,-1,-1
2196,3616,character,Portrait_MrKrabs_Navy.png,n/a,n/a,I guess I did put on a couple pounds since the good ole days.,!!QUEST_ID3616_TEXT4,n/a,n/a,n/a,n/a,-1,-1,n/a,-1,n/a,n/a,-1,-1,-1,-1
2197,3616,character,Portrait_Spongebob_Worried.png,n/a,n/a,It's okay Mr. Krabs I'll tie it closed with some rope. . .||. . .there it looks okay. . .||From the front at least.,!!QUEST_ID3616_TEXT5,n/a,n/a,n/a,n/a,-1,-1,n/a,-1,n/a,n/a,-1,-1,-1,-1
2198,3616,character,Portrait_MrKrabs_Navy.png,n/a,n/a,That'll do SpongeBob thank ye.||I just won't turn me back on me friends!,!!QUEST_ID3616_TEXT6,n/a,n/a,n/a,n/a,-1,-1,n/a,-1,n/a,n/a,-1,-1,-1,-1
2199,3616,character,spongebob_happy.png,n/a,n/a,Ha ha ha!||Good one Mr. Krabs!||Now go show your old chums you're still the king of manly toughness!,!!QUEST_ID3616_TEXT7,n/a,n/a,n/a,n/a,-1,-1,n/a,-1,n/a,n/a,-1,-1,-1,-1
2200,3616,quest_start,n/a,MrKrabsPortrait.png,n/a,Have Krabs Go To The Convention Hall,n/a,!!QUEST_TITLE_ID3616,n/a,n/a,n/a,-1,-1,n/a,-1,n/a,n/a,-1,-1,-1,-1
2201,3617,quest_complete,n/a,MrKrabsPortrait.png,n/a,Have Krabs Go To The Convention Hall,n/a,!!QUEST_TITLE_ID3616,n/a,n/a,n/a,-1,-1,n/a,-1,n/a,n/a,-1,-1,-1,-1
2202,3617,character,Portrait_TorpedoBelly.png,n/a,n/a,Enough Krabs!||My belly can't take no more!||You're going to open up my scar!,!!QUEST_ID3617_TEXT1,n/a,n/a,n/a,n/a,-1,-1,n/a,-1,n/a,n/a,-1,-1,-1,-1
2203,3617,character,Portrait_IronEye.png,n/a,n/a,You're still a tough old shell of a man Krabs!||And you've proven again that you'd never turn your back on a friend!,!!QUEST_ID3617_TEXT2,n/a,n/a,n/a,n/a,-1,-1,n/a,-1,n/a,n/a,-1,-1,-1,-1
2204,3617,character,Portrait_MrKrabs_Navy.png,n/a,n/a,True me hearties but I can say the same of ye lot.||I've seen not but yer faces the whole time we've been here!,!!QUEST_ID3617_TEXT3,n/a,n/a,n/a,n/a,-1,-1,n/a,-1,n/a,n/a,-1,-1,-1,-1
2205,3617,character,Portrait_TorpedoBelly.png,n/a,n/a,Well there's a reason for that to be perfectly honest...||We couldn't fit in our clothes from our younger days so we can't turn our backs or you'll see all the stitching!,!!QUEST_ID3617_TEXT4,n/a,n/a,n/a,n/a,-1,-1,n/a,-1,n/a,n/a,-1,-1,-1,-1
2206,3617,character,Portrait_IronEye.png,n/a,n/a,"How about you ""Armor Abs?""||Anything you want to tell us?",!!QUEST_ID3617_TEXT5,n/a,n/a,n/a,n/a,-1,-1,n/a,-1,n/a,n/a,-1,-1,-1,-1
2207,3617,character,Portrait_MrKrabs_Navy.png,n/a,n/a,I reckon I do. . .||Ye should go to the gym like I do!,!!QUEST_ID3617_TEXT6,n/a,n/a,n/a,n/a,-1,-1,n/a,-1,n/a,n/a,-1,-1,-1,-1
2208,3700,character,Portrait_Spongebob_Suitcase.png,n/a,n/a,We were only at Grandma's for a couple days Patrick but look what's happened to Bikini Bottom!||It's all SPOOKY!,!!QUEST_ID3700_TEXT1,n/a,n/a,n/a,n/a,-1,-1,n/a,-1,n/a,n/a,-1,-1,-1,-1
2209,3700,character,Portrait_Patrick_Confused.png,n/a,n/a,Turn on the TV -- let's see if there's anything on the news. . .,!!QUEST_ID3700_TEXT2,n/a,n/a,n/a,n/a,-1,-1,n/a,-1,n/a,n/a,-1,-1,-1,-1
2210,3700,character,Portrait_Martian_TV.png,n/a,n/a,--and it's called Operation: Invasion of the Bottomite Snatchers!||By replacing everyone with exact copies no one will know they've been invaded by Mars until it's too late!,!!QUEST_ID3700_TEXT3,n/a,n/a,n/a,n/a,-1,-1,n/a,-1,n/a,n/a,-1,-1,-1,-1
2211,3700,character,Portrait_Spongebob_Worried.png,n/a,n/a,We've intercepted an alien broadcast!,!!QUEST_ID3700_TEXT4,n/a,n/a,n/a,n/a,-1,-1,n/a,-1,n/a,n/a,-1,-1,-1,-1
2212,3700,character,Portrait_Patrick_Worried.png,n/a,n/a,Switch it off switch it off!||What do we do what do we do?!,!!QUEST_ID3700_TEXT5,n/a,n/a,n/a,n/a,-1,-1,n/a,-1,n/a,n/a,-1,-1,-1,-1
2213,3700,character,Portrait_Spongebob_Worried.png,n/a,n/a,We have to warn everybody we have to warn everybody!,!!QUEST_ID3700_TEXT6,n/a,n/a,n/a,n/a,-1,-1,n/a,-1,n/a,n/a,-1,-1,-1,-1
2214,3700,quest_start,n/a,SpongebobPortrait.png,n/a,Have SpongeBob Warn Bikini Bottom About Martian Invasion!,n/a,!!QUEST_TITLE_ID3700,n/a,n/a,n/a,-1,-1,n/a,-1,n/a,n/a,-1,-1,-1,-1
2215,3701,quest_complete,n/a,SpongebobPortrait.png,n/a,Have SpongeBob Warn Bikini Bottom About Martian Invasion!,n/a,!!QUEST_TITLE_ID3700,n/a,n/a,n/a,-1,-1,n/a,-1,n/a,n/a,-1,-1,-1,-1
2216,3702,character,Portrait_Spongebob_Worried.png,n/a,n/a,Martian Monsters are invading Bikini Bottom!,!!QUEST_ID3702_TEXT1,n/a,n/a,n/a,n/a,-1,-1,n/a,-1,n/a,n/a,-1,-1,-1,-1
2217,3702,character,Squidward_Annoyed.png,n/a,n/a,Did you take their order?,!!QUEST_ID3702_TEXT2,n/a,n/a,n/a,n/a,-1,-1,n/a,-1,n/a,n/a,-1,-1,-1,-1
2218,3702,character,mrkrabsportrait_moneygrubbing.png,n/a,n/a,Do they have money?,!!QUEST_ID3702_TEXT3,n/a,n/a,n/a,n/a,-1,-1,n/a,-1,n/a,n/a,-1,-1,-1,-1
2219,3702,character,Portrait_Patrick_Worried.png,n/a,n/a,This is serious!||Though hmmm. . . I wonder what Martian Monsters eat?,!!QUEST_ID3702_TEXT4,n/a,n/a,n/a,n/a,-1,-1,n/a,-1,n/a,n/a,-1,-1,-1,-1
2220,3702,character,Portrait_Spongebob_Worried.png,n/a,n/a,Probably US!||Or maybe just our brains!,!!QUEST_ID3702_TEXT5,n/a,n/a,n/a,n/a,-1,-1,n/a,-1,n/a,n/a,-1,-1,-1,-1
2221,3702,character,Squidward_Annoyed.png,n/a,n/a,YOUR brains?||I suppose even Martians would like junk food. . .||. . .in small amounts. . .,!!QUEST_ID3702_TEXT6,n/a,n/a,n/a,n/a,-1,-1,n/a,-1,n/a,n/a,-1,-1,-1,-1
2222,3702,character,mrkrabsportrait_stern.png,n/a,n/a,All right enough messin' about!||There be no Martian Invasion!||This be a ploy to get out of doing work!,!!QUEST_ID3702_TEXT7,n/a,n/a,n/a,n/a,-1,-1,n/a,-1,n/a,n/a,-1,-1,-1,-1
2223,3702,character,Portrait_Spongebob_Worried.png,n/a,n/a,They don't believe us Patrick!||Maybe there's more news on the TV!,!!QUEST_ID3702_TEXT8,n/a,n/a,n/a,n/a,-1,-1,n/a,-1,n/a,n/a,-1,-1,-1,-1
2224,3702,quest_start,n/a,SpongebobPortrait.png,n/a,Have SpongeBob Watch TV,n/a,!!QUEST_TITLE_ID3702,n/a,n/a,n/a,-1,-1,n/a,-1,n/a,n/a,-1,-1,-1,-1
2225,3703,quest_complete,n/a,SpongebobPortrait.png,n/a,Have SpongeBob Watch TV,n/a,!!QUEST_TITLE_ID3702,n/a,n/a,n/a,-1,-1,n/a,-1,n/a,n/a,-1,-1,-1,-1
2226,3704,character,Portrait_Spongebob_Worried.png,n/a,n/a,There wasn't anything more about the Invasion on TV just some talent show!||One skit was even about Martians but it was just a kid running around in a mask.,!!QUEST_ID3704_TEXT1,n/a,n/a,n/a,n/a,-1,-1,n/a,-1,n/a,n/a,-1,-1,-1,-1
2227,3704,character,Portrait_Patrick_Worried.png,n/a,n/a,Maybe the Martians took over the TV station!,!!QUEST_ID3704_TEXT2,n/a,n/a,n/a,n/a,-1,-1,n/a,-1,n/a,n/a,-1,-1,-1,-1
2228,3704,character,Portrait_Spongebob_Worried.png,n/a,n/a,Yeah. . . and at the Krusty Krab it's not that they didn't believe us. . .||They've been replaced by Martian Duplicates!,!!QUEST_ID3704_TEXT3,n/a,n/a,n/a,n/a,-1,-1,n/a,-1,n/a,n/a,-1,-1,-1,-1
2229,3704,character,Portrait_Patrick_Worried.png,n/a,n/a,Operation: Invasion of the Bottomite Snatchers!,!!QUEST_ID3704_TEXT4,n/a,n/a,n/a,n/a,-1,-1,n/a,-1,n/a,n/a,-1,-1,-1,-1
2230,3704,character,Portrait_PearlKrabs_Cross.png,n/a,n/a,SpongeBob where are those coffins you're supposed to get?||We need two!,!!QUEST_ID3704_TEXT5,n/a,n/a,n/a,n/a,-1,-1,n/a,-1,n/a,n/a,-1,-1,-1,-1
2231,3704,character,Portrait_Spongebob_Worried.png,n/a,n/a,Coffins?||Gulp.||For two?,!!QUEST_ID3704_TEXT6,n/a,n/a,n/a,n/a,-1,-1,n/a,-1,n/a,n/a,-1,-1,-1,-1
2232,3704,character,Portrait_Patrick_Worried.png,n/a,n/a,"Pssst. . . SpongeBob. . .||She must be one of those ""you know whats"" . . .and she thinks we are too!||Better play along so she doesn't suspect. . .",!!QUEST_ID3704_TEXT7,n/a,n/a,n/a,n/a,-1,-1,n/a,-1,n/a,n/a,-1,-1,-1,-1
2233,3704,character,spongebob_happy.png,n/a,n/a,Oh. . .right. . .||Yes Pearl. . .||Two coffins. . . coming right up!||I mean um I'll go buy some.,!!QUEST_ID3704_TEXT8,n/a,n/a,n/a,n/a,-1,-1,n/a,-1,n/a,n/a,-1,-1,-1,-1
2234,3704,quest_start,n/a,SardineCoffin1_Portrait.png,n/a,Buy New Not Used!,n/a,!!CHUNKQUEST_HEADING_ID3704,n/a,n/a,n/a,-1,-1,n/a,-1,n/a,n/a,-1,-1,-1,-1
2235,3705,quest_complete,n/a,SardineCoffin1_Portrait.png,n/a,Buy New Not Used!,n/a,!!CHUNKQUEST_HEADING_ID3704,n/a,n/a,n/a,-1,-1,n/a,-1,n/a,n/a,-1,-1,-1,-1
2236,3706,character,Portrait_Spongebob_Worried.png,n/a,n/a,I have a plan about how to stop this Martian Invasion!,!!QUEST_ID3706_TEXT1,n/a,n/a,n/a,n/a,-1,-1,n/a,-1,n/a,n/a,-1,-1,-1,-1
2237,3706,character,Portrait_Patrick.png,n/a,n/a,You mean ask Sandy how to do it?,!!QUEST_ID3706_TEXT2,n/a,n/a,n/a,n/a,-1,-1,n/a,-1,n/a,n/a,-1,-1,-1,-1
2238,3706,character,spongebob_determined.png,n/a,n/a,No we'll fly Sandy's rocket to Mars and convince the Martians to go away!,!!QUEST_ID3706_TEXT3,n/a,n/a,n/a,n/a,-1,-1,n/a,-1,n/a,n/a,-1,-1,-1,-1
2239,3706,character,Portrait_Patrick.png,n/a,n/a,Sounds easy!||I mean sounds hard!||How will you convince them to stop the invasion?,!!QUEST_ID3706_TEXT4,n/a,n/a,n/a,n/a,-1,-1,n/a,-1,n/a,n/a,-1,-1,-1,-1
2240,3706,character,spongebob_determined.png,n/a,n/a,Let's get there first then we can worry about what to say.||I saw Sandy at the Barg'N-Mart -- let's go!,!!QUEST_ID3706_TEXT5,n/a,n/a,n/a,n/a,-1,-1,n/a,-1,n/a,n/a,-1,-1,-1,-1
2241,3706,quest_line_start,n/a,RocketPortrait.png,Portrait_Spongebob_Worried.png,Invaders from Mars!,n/a,n/a,!!EPISODE_TITLE_MARS_INVASION,!!EPISODE_BODY_MARS_INVASION,n/a,100,100,n/a,-1,n/a,n/a,-1,-1,-1,-1
2242,3706,quest_start,n/a,SpongebobPortrait.png,n/a,Have SpongeBob Talk to Sandy in the Barg'N-Mart,n/a,!!QUEST_TITLE_ID3706,n/a,n/a,n/a,-1,-1,n/a,-1,n/a,n/a,-1,-1,-1,-1
2243,3707,quest_complete,n/a,SpongebobPortrait.png,n/a,Have SpongeBob Talk to Sandy in the Barg'N-Mart,n/a,!!QUEST_TITLE_ID3706,n/a,n/a,n/a,-1,-1,n/a,-1,n/a,n/a,-1,-1,-1,-1
2244,3708,character,Portrait_Sandy_Happy.png,n/a,n/a,Martian Monster invaders?||Replacing everyone with exact duplicates?||Fly to Mars and stop them?||That's amazing!,!!QUEST_ID3708_TEXT1,n/a,n/a,n/a,n/a,-1,-1,n/a,-1,n/a,n/a,-1,-1,-1,-1
2245,3708,character,spongebob_happy.png,n/a,n/a,You believe us!,!!QUEST_ID3708_TEXT2,n/a,n/a,n/a,n/a,-1,-1,n/a,-1,n/a,n/a,-1,-1,-1,-1
2246,3708,character,Portrait_Sandy_Happy.png,n/a,n/a,Of course not!||There's no such thing as Martians!||But usually your crazy ideas aren't so entertaining!,!!QUEST_ID3708_TEXT3,n/a,n/a,n/a,n/a,-1,-1,n/a,-1,n/a,n/a,-1,-1,-1,-1
2247,3708,character,Portrait_Patrick_Worried.png,n/a,n/a,"Pssst. . . SpongeBob. . .||She's one of those ""you know whats"". . .",!!QUEST_ID3708_TEXT4,n/a,n/a,n/a,n/a,-1,-1,n/a,-1,n/a,n/a,-1,-1,-1,-1
2248,3708,character,Portrait_Sandy.png,n/a,n/a,I can hear you Patrick.,!!QUEST_ID3708_TEXT5,n/a,n/a,n/a,n/a,-1,-1,n/a,-1,n/a,n/a,-1,-1,-1,-1
2249,3708,character,Portrait_SpongeBob.png,n/a,n/a,Nevermind Sandy. . .||We're. . . just kidding.||It was just a show the high school kids put on TV.||We'll see you later.,!!QUEST_ID3708_TEXT6,n/a,n/a,n/a,n/a,-1,-1,n/a,-1,n/a,n/a,-1,-1,-1,-1
2250,3708,character,Portrait_PearlKrabs_Cross.png,n/a,n/a,SpongeBob we need that big pot now like a witch's cauldron.||Where's your list!,!!QUEST_ID3708_TEXT7,n/a,n/a,n/a,n/a,-1,-1,n/a,-1,n/a,n/a,-1,-1,-1,-1
2251,3708,character,Portrait_Spongebob_Worried.png,n/a,n/a,One Witch's Cauldron. . . to boil folks in I guess. . . ?||Right away your Leadership!,!!QUEST_ID3708_TEXT8,n/a,n/a,n/a,n/a,-1,-1,n/a,-1,n/a,n/a,-1,-1,-1,-1
2252,3708,quest_start,n/a,WitchesCauldron_Portrait.png,n/a,Buy Witch's Cauldron,n/a,!!QUEST_TITLE_ID3708,n/a,n/a,n/a,-1,-1,n/a,-1,n/a,n/a,-1,-1,-1,-1
2253,3709,quest_complete,n/a,WitchesCauldron_Portrait.png,n/a,Buy Witch's Cauldron,n/a,!!QUEST_TITLE_ID3708,n/a,n/a,n/a,-1,-1,n/a,-1,n/a,n/a,-1,-1,-1,-1
2254,3710,character,Portrait_Sandy.png,n/a,n/a,Hey guys. . .||This invasion thing. . . there's nothing I can say to convince you it's a load of poppycock is there?,!!QUEST_ID3710_TEXT1,n/a,n/a,n/a,n/a,-1,-1,n/a,-1,n/a,n/a,-1,-1,-1,-1
2255,3710,character,Portrait_Patrick_Neutral.png,n/a,n/a,Correct!,!!QUEST_ID3710_TEXT2,n/a,n/a,n/a,n/a,-1,-1,n/a,-1,n/a,n/a,-1,-1,-1,-1
2256,3710,character,Portrait_Sandy.png,n/a,n/a,Sigh. . .||Okay well. . . I was just testing you I reckon.||You can't be too careful -- I didn't know if you were Martian duplicates right?,!!QUEST_ID3710_TEXT3,n/a,n/a,n/a,n/a,-1,-1,n/a,-1,n/a,n/a,-1,-1,-1,-1
2257,3710,character,spongebob_happy.png,n/a,n/a,Right!||And we're pretty sure we're not!||Where's your rocket Sandy?,!!QUEST_ID3710_TEXT4,n/a,n/a,n/a,n/a,-1,-1,n/a,-1,n/a,n/a,-1,-1,-1,-1
2258,3710,character,Portrait_Sandy.png,n/a,n/a,You don't remember?||You broke it on the moon?||Chasing aliens that don't exist?,!!QUEST_ID3710_TEXT5,n/a,n/a,n/a,n/a,-1,-1,n/a,-1,n/a,n/a,-1,-1,-1,-1
2259,3710,character,spongebob_happy.png,n/a,n/a,Sounds familiar. . . but. . .||Nope!||Don't remember that!,!!QUEST_ID3710_TEXT6,n/a,n/a,n/a,n/a,-1,-1,n/a,-1,n/a,n/a,-1,-1,-1,-1
2260,3710,character,Portrait_Sandy.png,n/a,n/a,Okay well seeing as it was broke and all I sold it for scrap.,!!QUEST_ID3710_TEXT7,n/a,n/a,n/a,n/a,-1,-1,n/a,-1,n/a,n/a,-1,-1,-1,-1
2261,3710,character,spongebob_happy.png,n/a,n/a,We'll go get it back!||Who'd you sell it to?,!!QUEST_ID3710_TEXT8,n/a,n/a,n/a,n/a,-1,-1,n/a,-1,n/a,n/a,-1,-1,-1,-1
2262,3710,character,Portrait_Sandy.png,n/a,n/a,The Junkers Iron Eye and Torpedo Belly.||I think I saw them at the Krusty Krab a bit ago.,!!QUEST_ID3710_TEXT9,n/a,n/a,n/a,n/a,-1,-1,n/a,-1,n/a,n/a,-1,-1,-1,-1
2263,3710,quest_start,n/a,SpongebobPortrait.png,n/a,Have SpongeBob Talk to the Junkers at the Krusty Krab,n/a,!!QUEST_TITLE_ID3710,n/a,n/a,n/a,-1,-1,n/a,-1,n/a,n/a,-1,-1,-1,-1
2264,3711,quest_complete,n/a,SpongebobPortrait.png,n/a,Have SpongeBob Talk to the Junkers at the Krusty Krab,n/a,!!QUEST_TITLE_ID3710,n/a,n/a,n/a,-1,-1,n/a,-1,n/a,n/a,-1,-1,-1,-1
2265,3712,character,Portrait_TorpedoBelly.png,n/a,n/a,You want our rocket?||HA HA HA!||That bucket o' bolts'll never fly again!,!!QUEST_ID3712_TEXT1,n/a,n/a,n/a,n/a,-1,-1,n/a,-1,n/a,n/a,-1,-1,-1,-1
2266,3712,character,spongebob_determined.png,n/a,n/a,How much you want for it?,!!QUEST_ID3712_TEXT2,n/a,n/a,n/a,n/a,-1,-1,n/a,-1,n/a,n/a,-1,-1,-1,-1
2267,3712,character,Portrait_IronEye.png,n/a,n/a,It's a work of art now!||High class wrought iron post-modern sculpture!,!!QUEST_ID3712_TEXT3,n/a,n/a,n/a,n/a,-1,-1,n/a,-1,n/a,n/a,-1,-1,-1,-1
2268,3712,character,spongebob_determined.png,n/a,n/a,HOW. . . MUCH. . . ?||Name your price.,!!QUEST_ID3712_TEXT4,n/a,n/a,n/a,n/a,-1,-1,n/a,-1,n/a,n/a,-1,-1,-1,-1
2269,3712,character,Portrait_TorpedoBelly.png,n/a,n/a,HA HA HA you're a funny ol' sponge!||Let me discuss it with my partner. . .,!!QUEST_ID3712_TEXT5,n/a,n/a,n/a,n/a,-1,-1,n/a,-1,n/a,n/a,-1,-1,-1,-1
2270,3712,character,Portrait_IronEye.png,n/a,n/a,(Whisper. . . whisper. . .),!!QUEST_ID3712_TEXT6,n/a,n/a,n/a,n/a,-1,-1,n/a,-1,n/a,n/a,-1,-1,-1,-1
2271,3712,character,Portrait_TorpedoBelly.png,n/a,n/a,HA HA HA!,!!QUEST_ID3712_TEXT7,n/a,n/a,n/a,n/a,-1,-1,n/a,-1,n/a,n/a,-1,-1,-1,-1
2272,3712,character,Portrait_TorpedoBelly.png,n/a,n/a,All right SpongeBob.||'Cause yer a friend and so darned yellow. . .||. . .we'll make ya a deal.,!!QUEST_ID3712_TEXT8,n/a,n/a,n/a,n/a,-1,-1,n/a,-1,n/a,n/a,-1,-1,-1,-1
2273,3712,character,Portrait_TorpedoBelly.png,n/a,n/a,We heard ol' Plankton's back bless his tiny cold heart.||We want to see what he's servin' up now HA HA!||Nice and fresh not old stuff but made right now.,!!QUEST_ID3712_TEXT9,n/a,n/a,n/a,n/a,-1,-1,n/a,-1,n/a,n/a,-1,-1,-1,-1
2274,3712,character,Portrait_IronEye.png,n/a,n/a,Then we'll CONSIDER selling you that junked rock--||I mean our PRICELESS post-modern sculpture!,!!QUEST_ID3712_TEXT10,n/a,n/a,n/a,n/a,-1,-1,n/a,-1,n/a,n/a,-1,-1,-1,-1
2275,3712,quest_start,n/a,icon_ChumBucket.png,n/a,...TO GO!,n/a,!!CHUNKQUEST_HEADING_ID3712,n/a,n/a,n/a,-1,-1,n/a,-1,n/a,n/a,-1,-1,-1,-1
2276,3713,quest_complete,n/a,icon_ChumBucket.png,n/a,...TO GO!,n/a,!!CHUNKQUEST_HEADING_ID3712,n/a,n/a,n/a,-1,-1,n/a,-1,n/a,n/a,-1,-1,-1,-1
2277,3714,character,Portrait_Plankton_Neutral.png,n/a,n/a,Boys before you go. . . why the sudden interest in my. . . high class cuisine?||Did my wife put you up to this?,!!QUEST_ID3714_TEXT1,n/a,n/a,n/a,n/a,-1,-1,n/a,-1,n/a,n/a,-1,-1,-1,-1
2278,3714,character,Portrait_Spongebob_Worried.png,n/a,n/a,No no. . . it's for. . .||It's for a friend.,!!QUEST_ID3714_TEXT2,n/a,n/a,n/a,n/a,-1,-1,n/a,-1,n/a,n/a,-1,-1,-1,-1
2279,3714,character,Portrait_Karen.png,n/a,n/a,If you had any friends Plankton you'd know things like this happen sometimes.,!!QUEST_ID3714_TEXT3,n/a,n/a,n/a,n/a,-1,-1,n/a,-1,n/a,n/a,-1,-1,-1,-1
2280,3714,character,Portrait_PearlKrabs_Cross.png,n/a,n/a,SpongeBob there you are!||Where's that Wagon Wheel you were supposed to get!||Do I have to do everything myself?!,!!QUEST_ID3714_TEXT4,n/a,n/a,n/a,n/a,-1,-1,n/a,-1,n/a,n/a,-1,-1,-1,-1
2281,3714,character,Portrait_Spongebob_Worried.png,n/a,n/a,No no I'll get it I'll get it!||Don't report me to. . . your overlords. . . or. . . whoever. . .,!!QUEST_ID3714_TEXT5,n/a,n/a,n/a,n/a,-1,-1,n/a,-1,n/a,n/a,-1,-1,-1,-1
2282,3714,quest_start,n/a,SubmergedWagonWheel_Portrait.png,n/a,Buy Wagon Wheel,n/a,!!QUEST_TITLE_ID3714,n/a,n/a,n/a,-1,-1,n/a,-1,n/a,n/a,-1,-1,-1,-1
2283,3715,quest_complete,n/a,SubmergedWagonWheel_Portrait.png,n/a,Buy Wagon Wheel,n/a,!!QUEST_TITLE_ID3714,n/a,n/a,n/a,-1,-1,n/a,-1,n/a,n/a,-1,-1,-1,-1
2284,3716,character,Portrait_Patrick.png,n/a,n/a,Quick let's show the Chum food to the Junkers before they change their minds.,!!QUEST_ID3716_TEXT1,n/a,n/a,n/a,n/a,-1,-1,n/a,-1,n/a,n/a,-1,-1,-1,-1
2285,3716,character,spongebob_quizzical.png,n/a,n/a,Yeah but. . .||What do the Martians need with a caudron and this spooky old wagon wheel?,!!QUEST_ID3716_TEXT2,n/a,n/a,n/a,n/a,-1,-1,n/a,-1,n/a,n/a,-1,-1,-1,-1
2286,3716,character,Portrait_Patrick.png,n/a,n/a,Maybe to make some diabolical torture device?,!!QUEST_ID3716_TEXT3,n/a,n/a,n/a,n/a,-1,-1,n/a,-1,n/a,n/a,-1,-1,-1,-1
2287,3716,character,Portrait_Spongebob_Worried.png,n/a,n/a,Yikes!||I know we need to play along so we don't get caught but. . .||. . .it sorta feels like WE are the Martian invaders!,!!QUEST_ID3716_TEXT4,n/a,n/a,n/a,n/a,-1,-1,n/a,-1,n/a,n/a,-1,-1,-1,-1
2288,3716,character,Portrait_Patrick_Neutral.png,n/a,n/a,It's a strange bottom of the sea we live in SpongeBob. . .||. . .no doubt about it.,!!QUEST_ID3716_TEXT5,n/a,n/a,n/a,n/a,-1,-1,n/a,-1,n/a,n/a,-1,-1,-1,-1
2289,3716,quest_start,n/a,SpongebobPortrait.png,n/a,Have SpongeBob Talk to the Junkers at the Krusty Krab,n/a,!!QUEST_TITLE_ID3716,n/a,n/a,n/a,-1,-1,n/a,-1,n/a,n/a,-1,-1,-1,-1
2290,3717,quest_complete,n/a,SpongebobPortrait.png,n/a,Have SpongeBob Talk to the Junkers at the Krusty Krab,n/a,!!QUEST_TITLE_ID3716,n/a,n/a,n/a,-1,-1,n/a,-1,n/a,n/a,-1,-1,-1,-1
2291,3718,character,spongebob_happy.png,n/a,n/a,Here's the food from the Chum Bucket!,!!QUEST_ID3718_TEXT1,n/a,n/a,n/a,n/a,-1,-1,n/a,-1,n/a,n/a,-1,-1,-1,-1
2292,3718,character,Portrait_TorpedoBelly.png,n/a,n/a,HA HA HA!||That looks even worse than I expected!,!!QUEST_ID3718_TEXT2,n/a,n/a,n/a,n/a,-1,-1,n/a,-1,n/a,n/a,-1,-1,-1,-1
2293,3718,character,Portrait_IronEye.png,n/a,n/a,And it smells like a dead pile of decomposing. . . dead things.,!!QUEST_ID3718_TEXT3,n/a,n/a,n/a,n/a,-1,-1,n/a,-1,n/a,n/a,-1,-1,-1,-1
2294,3718,character,Portrait_TorpedoBelly.png,n/a,n/a,But ya gotta admit it's pretty darn greasy HA HA!,!!QUEST_ID3718_TEXT4,n/a,n/a,n/a,n/a,-1,-1,n/a,-1,n/a,n/a,-1,-1,-1,-1
2295,3718,character,Portrait_IronEye.png,n/a,n/a,(Whisper. . . whisper. . .),!!QUEST_ID3718_TEXT5,n/a,n/a,n/a,n/a,-1,-1,n/a,-1,n/a,n/a,-1,-1,-1,-1
2296,3718,character,Portrait_TorpedoBelly.png,n/a,n/a,Yep these Chum Shakes will do the trick!||Make us ten of these and Sandy's Rocket is all yours again HA HA HA!,!!QUEST_ID3718_TEXT6,n/a,n/a,n/a,n/a,-1,-1,n/a,-1,n/a,n/a,-1,-1,-1,-1
2297,3718,character,Portrait_Spongebob_Sick.png,n/a,n/a,You want TEN Chum Shakes?||Just thinking about it makes me want to--,!!QUEST_ID3718_TEXT7,n/a,n/a,n/a,n/a,-1,-1,n/a,-1,n/a,n/a,-1,-1,-1,-1
2298,3718,character,Portrait_Patrick.png,n/a,n/a,THROW A PARTY!||Let's go SpongeBob!||Time's running out -- we might be the last real Bottomites here!,!!QUEST_ID3718_TEXT8,n/a,n/a,n/a,n/a,-1,-1,n/a,-1,n/a,n/a,-1,-1,-1,-1
2299,3718,quest_start,n/a,ChumShake.png,n/a,Make 10 Chum Shakes,n/a,!!QUEST_TITLE_ID3718,n/a,n/a,n/a,-1,-1,n/a,-1,n/a,n/a,-1,-1,-1,-1
2300,3719,quest_complete,n/a,ChumShake.png,n/a,Make 10 Chum Shakes,n/a,!!QUEST_TITLE_ID3718,n/a,n/a,n/a,-1,-1,n/a,-1,n/a,n/a,-1,-1,-1,-1
2301,3720,character,Portrait_Plankton_Energized.png,n/a,n/a,You sure you boys don't want burgers and fries to go with these shakes!||Not that I'm complaining or anything it's just that. . .,!!QUEST_ID3720_TEXT1,n/a,n/a,n/a,n/a,-1,-1,n/a,-1,n/a,n/a,-1,-1,-1,-1
2302,3720,character,Portrait_Karen.png,n/a,n/a,It's just that you ARE complaining Sheldon.,!!QUEST_ID3720_TEXT2,n/a,n/a,n/a,n/a,-1,-1,n/a,-1,n/a,n/a,-1,-1,-1,-1
2303,3720,character,Portrait_Spongebob_Sick.png,n/a,n/a,No no this is what they asked for!||Please don't give us any free samples!,!!QUEST_ID3720_TEXT3,n/a,n/a,n/a,n/a,-1,-1,n/a,-1,n/a,n/a,-1,-1,-1,-1
2304,3720,character,Portrait_Plankton_Angry.png,n/a,n/a,Free samples!||Don't try to use reverse psychology on me SpongeBob!||I'm one step ahead of you!,!!QUEST_ID3720_TEXT4,n/a,n/a,n/a,n/a,-1,-1,n/a,-1,n/a,n/a,-1,-1,-1,-1
2305,3720,character,Portrait_Karen.png,n/a,n/a,And walking backwards. . .,!!QUEST_ID3720_TEXT5,n/a,n/a,n/a,n/a,-1,-1,n/a,-1,n/a,n/a,-1,-1,-1,-1
2306,3720,quest_start,n/a,SpongebobPortrait.png,n/a,Have SpongeBob Talk to the Junkers at the Krusty Krab,n/a,!!QUEST_TITLE_ID3720,n/a,n/a,n/a,-1,-1,n/a,-1,n/a,n/a,-1,-1,-1,-1
2307,3721,quest_complete,n/a,SpongebobPortrait.png,n/a,Have SpongeBob Talk to the Junkers at the Krusty Krab,n/a,!!QUEST_TITLE_ID3720,n/a,n/a,n/a,-1,-1,n/a,-1,n/a,n/a,-1,-1,-1,-1
2308,3722,character,Portrait_Spongebob_Sick.png,n/a,n/a,Here you go. . .||(glurp)||TEN Chum Shakes.,!!QUEST_ID3722_TEXT1,n/a,n/a,n/a,n/a,-1,-1,n/a,-1,n/a,n/a,-1,-1,-1,-1
2309,3722,character,Portrait_TorpedoBelly.png,n/a,n/a,Perfect!||This greasy chum will do the trick HA HA!,!!QUEST_ID3722_TEXT2,n/a,n/a,n/a,n/a,-1,-1,n/a,-1,n/a,n/a,-1,-1,-1,-1
2310,3722,character,Portrait_Plankton_Energized.png,n/a,n/a,And there's plenty more where that came from!||Come back to eat at the Chum Bucket anytime!,!!QUEST_ID3722_TEXT3,n/a,n/a,n/a,n/a,-1,-1,n/a,-1,n/a,n/a,-1,-1,-1,-1
2311,3722,character,Portrait_TorpedoBelly.png,n/a,n/a,HA HA HA!||We're not going to EAT this slime -- it's to grease the bulldozer engine!||We won't need more for another year or so!,!!QUEST_ID3722_TEXT4,n/a,n/a,n/a,n/a,-1,-1,n/a,-1,n/a,n/a,-1,-1,-1,-1
2312,3722,character,Portrait_Plankton_Bummed.png,n/a,n/a,Aw nuts!||And now I owe Karen five bucks too!,!!QUEST_ID3722_TEXT5,n/a,n/a,n/a,n/a,-1,-1,n/a,-1,n/a,n/a,-1,-1,-1,-1
2313,3722,character,Portrait_IronEye.png,n/a,n/a,A deal's a deal SpongeBob.||That hunk of junk rocket is all yours.||Where d'ya want it?,!!QUEST_ID3722_TEXT6,n/a,n/a,n/a,n/a,-1,-1,n/a,-1,n/a,n/a,-1,-1,-1,-1
2314,3722,quest_line_complete,n/a,RocketPortrait.png,Portrait_Spongebob_Worried.png,Invaders from Mars!,n/a,n/a,!!EPISODE_TITLE_MARS_INVASION,!!EPISODE_BODY_MARS_INVASION,n/a,100,100,n/a,-1,n/a,n/a,-1,-1,-1,-1
2315,3722,character,Portrait_Sandy.png,n/a,n/a,Okay I'm a gonna. . . er. . . fix. . . the rocket so's it can fly. . .||. . .yeah. . .||Are you guys ready for yer. . . misson?,!!QUEST_ID3722_TEXT8,n/a,n/a,n/a,n/a,-1,-1,n/a,-1,n/a,n/a,-1,-1,-1,-1
2316,3722,character,Portrait_Patrick_Neutral.png,n/a,n/a,SpongeBob how are you going to convince the Martians to stop the invasion?,!!QUEST_ID3722_TEXT9,n/a,n/a,n/a,n/a,-1,-1,n/a,-1,n/a,n/a,-1,-1,-1,-1
2317,3722,character,spongebob_happy.png,n/a,n/a,How about I pretend I'm the Martian SpongeBob Duplicate!||Then I'll tell them the mission's a failure and they have to call it off!,!!QUEST_ID3722_TEXT10,n/a,n/a,n/a,n/a,-1,-1,n/a,-1,n/a,n/a,-1,-1,-1,-1
2318,3722,character,Portrait_Patrick_Neutral.png,n/a,n/a,What if they think you're the real SpongeBob!,!!QUEST_ID3722_TEXT11,n/a,n/a,n/a,n/a,-1,-1,n/a,-1,n/a,n/a,-1,-1,-1,-1
2319,3722,character,spongebob_determined.png,n/a,n/a,You're right Patrick!||You'll need to disguise yourself as a Martian like we saw on TV!||Then they'll believe!,!!QUEST_ID3722_TEXT12,n/a,n/a,n/a,n/a,-1,-1,n/a,-1,n/a,n/a,-1,-1,-1,-1
2320,3722,character,spongebob_determined.png,n/a,n/a,Maybe there's a costume in the store that looks close enough and we can fix it up!,!!QUEST_ID3722_TEXT13,n/a,n/a,n/a,n/a,-1,-1,n/a,-1,n/a,n/a,-1,-1,-1,-1
2321,3722,quest_start,n/a,PatrickPortrait.png,n/a,Buy and Put On Patrick's Martian Monster Costume,n/a,!!QUEST_TITLE_ID3722,n/a,n/a,n/a,-1,-1,n/a,-1,n/a,n/a,-1,-1,-1,-1
2322,3723,quest_complete,n/a,PatrickPortrait.png,n/a,Buy and Put On Patrick's Martian Monster Costume,n/a,!!QUEST_TITLE_ID3722,n/a,n/a,n/a,-1,-1,n/a,-1,n/a,n/a,-1,-1,-1,-1
2323,3724,character,spongebob_quizzical.png,n/a,n/a,Huh isn't it odd that the store had a costume EXACTLY like the Martian on TV?,!!QUEST_ID3724_TEXT1,n/a,n/a,n/a,n/a,-1,-1,n/a,-1,n/a,n/a,-1,-1,-1,-1
2324,3724,character,Portrait_Patrick_Martian.png,n/a,n/a,And they said a kid bought it to put on a show but then afterwards he returned it. . .||So we're DOUBLE LUCKY!,!!QUEST_ID3724_TEXT2,n/a,n/a,n/a,n/a,-1,-1,n/a,-1,n/a,n/a,-1,-1,-1,-1
2325,3724,character,Portrait_PearlKrabs_Cross.png,n/a,n/a,SpongeBob there you are!||Looks like we need another coffin.,!!QUEST_ID3724_TEXT3,n/a,n/a,n/a,n/a,-1,-1,n/a,-1,n/a,n/a,-1,-1,-1,-1
2326,3724,character,Portrait_Spongebob_Worried.png,n/a,n/a,A third coffin. . . ?||Okay you can count on me. . .,!!QUEST_ID3724_TEXT4,n/a,n/a,n/a,n/a,-1,-1,n/a,-1,n/a,n/a,-1,-1,-1,-1
2327,3724,quest_start,n/a,SardineCoffin3_Portrait.png,n/a,Buy Coffin #3,n/a,!!QUEST_TITLE_ID3724,n/a,n/a,n/a,-1,-1,n/a,-1,n/a,n/a,-1,-1,-1,-1
2328,3725,quest_complete,n/a,SardineCoffin3_Portrait.png,n/a,Buy Coffin #3,n/a,!!QUEST_TITLE_ID3724,n/a,n/a,n/a,-1,-1,n/a,-1,n/a,n/a,-1,-1,-1,-1
2329,3726,character,Portrait_Sandy.png,n/a,n/a,The rocket's fixed guys but when you get to uh Mars it'll look just like Bikini Bottom.||I bet they made a duplicate town up there to. . . train the duplicates.,!!QUEST_ID3726_TEXT1,n/a,n/a,n/a,n/a,-1,-1,n/a,-1,n/a,n/a,-1,-1,-1,-1
2330,3726,character,Portrait_Sandy.png,n/a,n/a,And the Martians are probably taking the real Bottomites up there when they get replaced down here.||Anyway it'll look the same up there as it does down here.,!!QUEST_ID3726_TEXT2,n/a,n/a,n/a,n/a,-1,-1,n/a,-1,n/a,n/a,-1,-1,-1,-1
2331,3726,character,spongebob_quizzical.png,n/a,n/a,But then how will I know who's in charge!,!!QUEST_ID3726_TEXT3,n/a,n/a,n/a,n/a,-1,-1,n/a,-1,n/a,n/a,-1,-1,-1,-1
2332,3726,character,Portrait_Sandy.png,n/a,n/a,Well ya know I'm real right?||So if ya see me up there that has to be my Martian duplicate right?||And I bet she's in charge of all space missions of course.,!!QUEST_ID3726_TEXT4,n/a,n/a,n/a,n/a,-1,-1,n/a,-1,n/a,n/a,-1,-1,-1,-1
2333,3726,character,spongebob_happy.png,n/a,n/a,Boy I'm sure glad you're on our side Sandy!||You're probably smarter than everyone here combined!,!!QUEST_ID3726_TEXT5,n/a,n/a,n/a,n/a,-1,-1,n/a,-1,n/a,n/a,-1,-1,-1,-1
2334,3726,character,Portrait_Sandy.png,n/a,n/a,Yeah probably.||Now git on the rocket boys scoot!,!!QUEST_ID3726_TEXT6,n/a,n/a,n/a,n/a,-1,-1,n/a,-1,n/a,n/a,-1,-1,-1,-1
2335,3726,quest_start,n/a,BoatingSchool_LighthousePortrait.png,n/a,MARS!,n/a,!!CHUNKQUEST_HEADING_ID3726,n/a,n/a,n/a,-1,-1,n/a,-1,n/a,n/a,-1,-1,-1,-1
2336,3727,quest_complete,n/a,BoatingSchool_LighthousePortrait.png,n/a,MARS!,n/a,!!CHUNKQUEST_HEADING_ID3726,n/a,n/a,n/a,-1,-1,n/a,-1,n/a,n/a,-1,-1,-1,-1
2337,3728,character,Portrait_Patrick_Martian.png,n/a,n/a,That didn't take long!||I guess Mars is closer than I thought.||And Sandy's right it looks the same on Mars as back home!,!!QUEST_ID3728_TEXT1,n/a,n/a,n/a,n/a,-1,-1,n/a,-1,n/a,n/a,-1,-1,-1,-1
2338,3728,character,spongebob_quizzical.png,n/a,n/a,Yeah. . .||But shouldn't the trip have been more. . . exciting?||It was like someone was just outside shaking the rocket and humming!,!!QUEST_ID3728_TEXT2,n/a,n/a,n/a,n/a,-1,-1,n/a,-1,n/a,n/a,-1,-1,-1,-1
2339,3728,character,Portrait_Sandy_Angry.png,n/a,n/a,You there!||Martian SpongeBob!||Martian Monster!||Give me your report!,!!QUEST_ID3728_TEXT3,n/a,n/a,n/a,n/a,-1,-1,n/a,-1,n/a,n/a,-1,-1,-1,-1
2340,3728,character,spongebob_determined.png,n/a,n/a,Um yes sir. . . I mean Ma'am -- Martian Ma'am!||Martian Duplicate SpongeBob reporting from Bikini Bottom!||The. . . er. . . invasion. . . it isn't. . . um. . . it isn't going so good!,!!QUEST_ID3728_TEXT4,n/a,n/a,n/a,n/a,-1,-1,n/a,-1,n/a,n/a,-1,-1,-1,-1
2341,3728,character,Portrait_Sandy_Angry.png,n/a,n/a,Understood -- I'll cancel Operation: Invasion of the Bottomite Snatchers immediately!||Take this rocket back to the real Bikini Bottom so they don't get suspicious!,!!QUEST_ID3728_TEXT5,n/a,n/a,n/a,n/a,-1,-1,n/a,-1,n/a,n/a,-1,-1,-1,-1
2342,3728,character,spongebob_determined.png,n/a,n/a,Yes Martian Ma'am!,!!QUEST_ID3728_TEXT6,n/a,n/a,n/a,n/a,-1,-1,n/a,-1,n/a,n/a,-1,-1,-1,-1
2343,3728,character,Portrait_Sandy_Angry.png,n/a,n/a,Everything will be back to normal when you get there.||You'll be stranded but your sacrifice will be remembered!||You Martian Monster go with him. . . to keep him company!,!!QUEST_ID3728_TEXT7,n/a,n/a,n/a,n/a,-1,-1,n/a,-1,n/a,n/a,-1,-1,-1,-1
2344,3728,character,Portrait_Patrick_Martian.png,n/a,n/a,Yes Martian Sandy Ma'am!||Wow SpongeBob -- uh I mean Martian SpongeBob. . .||That was easy!,!!QUEST_ID3728_TEXT8,n/a,n/a,n/a,n/a,-1,-1,n/a,-1,n/a,n/a,-1,-1,-1,-1
2345,3728,quest_start,n/a,BoatingSchool_LighthousePortrait.png,n/a,HOME!,n/a,!!CHUNKQUEST_HEADING_ID3728,n/a,n/a,n/a,-1,-1,n/a,-1,n/a,n/a,-1,-1,-1,-1
2346,3729,quest_complete,n/a,BoatingSchool_LighthousePortrait.png,n/a,HOME!,n/a,!!CHUNKQUEST_HEADING_ID3728,n/a,n/a,n/a,-1,-1,n/a,-1,n/a,n/a,-1,-1,-1,-1
2347,3729,character,Portrait_Patrick_Martian.png,n/a,n/a,Home again!,!!QUEST_ID3729_TEXT1,n/a,n/a,n/a,n/a,-1,-1,n/a,-1,n/a,n/a,-1,-1,-1,-1
2348,3729,character,spongebob_quizzical.png,n/a,n/a,That time the rocket shook even less and I didn't hear any humming. . .||It's almost like the rocket was getting tired!,!!QUEST_ID3729_TEXT2,n/a,n/a,n/a,n/a,-1,-1,n/a,-1,n/a,n/a,-1,-1,-1,-1
2349,3729,character,Portrait_Patrick_Martian.png,n/a,n/a,But look everything's still spooky!||Maybe everything's not back to normal yet!,!!QUEST_ID3729_TEXT3,n/a,n/a,n/a,n/a,-1,-1,n/a,-1,n/a,n/a,-1,-1,-1,-1
2350,3729,character,Portrait_PearlKrabs.png,n/a,n/a,Hey guys thanks for helping with the party!,!!QUEST_ID3729_TEXT4,n/a,n/a,n/a,n/a,-1,-1,n/a,-1,n/a,n/a,-1,-1,-1,-1
2351,3729,character,spongebob_quizzical.png,n/a,n/a,What party?,!!QUEST_ID3729_TEXT5,n/a,n/a,n/a,n/a,-1,-1,n/a,-1,n/a,n/a,-1,-1,-1,-1
2352,3729,character,Portrait_PearlKrabs.png,n/a,n/a,Duh the Halloween party you've been helping me decorate for!||Thanks again -- it was totally coral!,!!QUEST_ID3729_TEXT6,n/a,n/a,n/a,n/a,-1,-1,n/a,-1,n/a,n/a,-1,-1,-1,-1
2353,3729,character,Portrait_Patrick_Martian.png,n/a,n/a,Oh yeah I remember now. . .||I signed up to do decorations then I changed my mind and put your name instead SpongeBob.,!!QUEST_ID3729_TEXT7,n/a,n/a,n/a,n/a,-1,-1,n/a,-1,n/a,n/a,-1,-1,-1,-1
2354,3729,character,Portrait_PearlKrabs.png,n/a,n/a,Nice Martian costume Patrick!||We used it to put on that play for TV but then we took it back to the store afterwards because it smelled terrible!,!!QUEST_ID3729_TEXT8,n/a,n/a,n/a,n/a,-1,-1,n/a,-1,n/a,n/a,-1,-1,-1,-1
2355,3729,character,Portrait_Patrick_Martian.png,n/a,n/a,Geez. . . when it comes to noses some folks can be so picky. . .,!!QUEST_ID3729_TEXT9,n/a,n/a,n/a,n/a,-1,-1,n/a,-1,n/a,n/a,-1,-1,-1,-1
2356,3729,character,Portrait_Sandy_Happy.png,n/a,n/a,Hey SpongeBob Patrick you're back!,!!QUEST_ID3729_TEXT10,n/a,n/a,n/a,n/a,-1,-1,n/a,-1,n/a,n/a,-1,-1,-1,-1
2357,3729,character,Portrait_Spongebob_Mad.png,n/a,n/a,Sandy. . . tell us the truth. . . did we actually really go anywhere?,!!QUEST_ID3729_TEXT11,n/a,n/a,n/a,n/a,-1,-1,n/a,-1,n/a,n/a,-1,-1,-1,-1
2358,3729,character,Portrait_Sandy_Happy.png,n/a,n/a,Well. . . you're a hero in your own mind that's all that matters.||Right Patrick?,!!QUEST_ID3729_TEXT12,n/a,n/a,n/a,n/a,-1,-1,n/a,-1,n/a,n/a,-1,-1,-1,-1
2359,3729,character,Portrait_Patrick_Martian.png,n/a,n/a,Hey!||How'd you know it was me?!,!!QUEST_ID3729_TEXT13,n/a,n/a,n/a,n/a,-1,-1,n/a,-1,n/a,n/a,-1,-1,-1,-1
2360,3730,character,spongebob_happy.png,n/a,n/a,Bikini Bottom isn't spooky anymore!||Looks like everything's back to normal!,!!QUEST_ID3730_TEXT1,n/a,n/a,n/a,n/a,-1,-1,n/a,-1,n/a,n/a,-1,-1,-1,-1
2361,3730,character,Portrait_Patrick.png,n/a,n/a,Yeah maybe it was just some Halloween thing. . .||But I feel like we missed out on something big. . .,!!QUEST_ID3730_TEXT2,n/a,n/a,n/a,n/a,-1,-1,n/a,-1,n/a,n/a,-1,-1,-1,-1
2362,3730,character,spongebob_happy.png,n/a,n/a,We probably did. . .||There's always next year!,!!QUEST_ID3730_TEXT3,n/a,n/a,n/a,n/a,-1,-1,n/a,-1,n/a,n/a,-1,-1,-1,-1
2363,2430,character,Portrait_Patrick_Martian.png,n/a,n/a,Berry Blast is my Special Wish a recipe no one craves but me and only when I'm wearing my Martian Monster Costume.,!!QUEST_ID2430_TEXT1,n/a,n/a,n/a,n/a,-1,-1,n/a,-1,n/a,n/a,-1,-1,-1,-1
2364,2432,character,Portrait_Patrick_Mummy.png,n/a,n/a,Citrus Slurvey is my Special Wish a recipe no one craves but me and only when I'm wearing my Mummy Star Costume.,!!QUEST_ID2432_TEXT1,n/a,n/a,n/a,n/a,-1,-1,n/a,-1,n/a,n/a,-1,-1,-1,-1
2365,2434,character,Portrait_Spongebob_Skeleton.png,n/a,n/a,Cherry Slurvey is my Special Wish a recipe no one craves but me and only when I'm wearing my Invertebrate Skeleton Costume.,!!QUEST_ID2434_TEXT1,n/a,n/a,n/a,n/a,-1,-1,n/a,-1,n/a,n/a,-1,-1,-1,-1
2366,3800,character,spongebob_happy.png,n/a,n/a,Patrick!||It's SNOW!,!!QUEST_ID3800_TEXT1,n/a,n/a,n/a,n/a,-1,-1,n/a,-1,n/a,n/a,-1,-1,-1,-1
2367,3800,character,Portrait_Patrick.png,n/a,n/a,It's no...what?,!!QUEST_ID3800_TEXT2,n/a,n/a,n/a,n/a,-1,-1,n/a,-1,n/a,n/a,-1,-1,-1,-1
2368,3800,character,spongebob_happy.png,n/a,n/a,No it's snow!||On the ground!||All around!,!!QUEST_ID3800_TEXT3,n/a,n/a,n/a,n/a,-1,-1,n/a,-1,n/a,n/a,-1,-1,-1,-1
2369,3800,character,Portrait_Patrick.png,n/a,n/a,Yay!||What's it gonna be this year SpongeBob?||Snow Wars or renew our Peace Treaty?,!!QUEST_ID3800_TEXT4,n/a,n/a,n/a,n/a,-1,-1,n/a,-1,n/a,n/a,-1,-1,-1,-1
2370,3800,character,spongebob_happy.png,n/a,n/a,We better renew the treaty.||Our snowball fights got really out of hand before...||Let's have a Peaceful Holiday this year!,!!QUEST_ID3800_TEXT5,n/a,n/a,n/a,n/a,-1,-1,n/a,-1,n/a,n/a,-1,-1,-1,-1
2371,3800,character,Portrait_TalkingTunaFish.png,n/a,n/a,Meanwhile up in Squidward's Moai...,!!QUEST_ID3800_TEXT6,n/a,n/a,n/a,n/a,-1,-1,n/a,-1,n/a,n/a,-1,-1,-1,-1
2372,3800,character,Squidward_Annoyed.png,n/a,n/a,"Look at those two down there with their ""Peace Talks"".||Bah Humbug!||That just means they're going to team up against me!",!!QUEST_ID3800_TEXT7,n/a,n/a,n/a,n/a,-1,-1,n/a,-1,n/a,n/a,-1,-1,-1,-1
2373,3800,character,Portrait_Squidward.png,n/a,n/a,I need to prepare!||And I know just how to do it!||Bikini Bottom prepare for the return of...Fort Squidward!,!!QUEST_ID3800_TEXT8,n/a,n/a,n/a,n/a,-1,-1,n/a,-1,n/a,n/a,-1,-1,-1,-1
2374,3800,character,Squidward_Annoyed.png,n/a,n/a,But I need something stronger this time...||Something permanent...,!!QUEST_ID3800_TEXT9,n/a,n/a,n/a,n/a,-1,-1,n/a,-1,n/a,n/a,-1,-1,-1,-1
2375,3800,quest_line_start,n/a,FortSquidwardPortrait.png,Squidward_Annoyed.png,Snow Wars!,n/a,n/a,!!EPISODE_TITLE_SNOW_WARS,!!EPISODE_BODY_SNOW_WARS,n/a,100,100,n/a,-1,n/a,n/a,-1,-1,-1,-1
2376,3800,character,Portrait_Squidward.png,n/a,n/a,Plankton!||Just the protozoan I need!,!!QUEST_ID3800_TEXT11,n/a,n/a,n/a,n/a,-1,-1,n/a,-1,n/a,n/a,-1,-1,-1,-1
2377,3800,character,Portrait_Plankton_Angry.png,n/a,n/a,What are you doing here?!||What do you want?!,!!QUEST_ID3800_TEXT12,n/a,n/a,n/a,n/a,-1,-1,n/a,-1,n/a,n/a,-1,-1,-1,-1
2378,3800,character,Portrait_Karen.png,n/a,n/a,Sheldon you're never going to get customers if that's how you greet everyone.,!!QUEST_ID3800_TEXT13,n/a,n/a,n/a,n/a,-1,-1,n/a,-1,n/a,n/a,-1,-1,-1,-1
2379,3800,character,Portrait_Plankton_Energized.png,n/a,n/a,Er...||Good day to you Sir!||What can I get for you?||How about one of our new Chummy Meals perhaps?,!!QUEST_ID3800_TEXT14,n/a,n/a,n/a,n/a,-1,-1,n/a,-1,n/a,n/a,-1,-1,-1,-1
2380,3800,character,Portrait_Squidward.png,n/a,n/a,I want to rebuild Fort Squidward.||Can you invent some way to make it stronger this year and last all year round?,!!QUEST_ID3800_TEXT15,n/a,n/a,n/a,n/a,-1,-1,n/a,-1,n/a,n/a,-1,-1,-1,-1
2381,3800,character,Portrait_Plankton_Angry.png,n/a,n/a,What?!||No!||We're not friends we're not allies and if you're not a customer then get out!,!!QUEST_ID3800_TEXT16,n/a,n/a,n/a,n/a,-1,-1,n/a,-1,n/a,n/a,-1,-1,-1,-1
2382,3800,character,Portrait_Karen.png,n/a,n/a,You tell him Sheldon.||Make sure he never comes back.,!!QUEST_ID3800_TEXT17,n/a,n/a,n/a,n/a,-1,-1,n/a,-1,n/a,n/a,-1,-1,-1,-1
2383,3800,character,Portrait_Plankton_Energized.png,n/a,n/a,Er...||But if you change your mind and want a Chummy Meal they're half price this week!||Come back anytime!,!!QUEST_ID3800_TEXT18,n/a,n/a,n/a,n/a,-1,-1,n/a,-1,n/a,n/a,-1,-1,-1,-1
2384,3800,character,Squidward_Annoyed.png,n/a,n/a,"Hmmm...||I have an idea about how to convince him...||But first I need to break SpongeBob's and Patrick's so-called ""Peace Treaty"".",!!QUEST_ID3800_TEXT19,n/a,n/a,n/a,n/a,-1,-1,n/a,-1,n/a,n/a,-1,-1,-1,-1
2385,3800,quest_start,n/a,SquidwardPortrait.png,n/a,Have Squidward Snowball SpongeBob's House!,n/a,!!QUEST_TITLE_ID3800,n/a,n/a,n/a,-1,-1,n/a,-1,n/a,n/a,-1,-1,-1,-1
2386,3801,quest_complete,n/a,SquidwardPortrait.png,n/a,Have Squidward Snowball SpongeBob's House!,n/a,!!QUEST_TITLE_ID3800,n/a,n/a,n/a,-1,-1,n/a,-1,n/a,n/a,-1,-1,-1,-1
2387,3802,character,spongebob_quizzical.png,n/a,n/a,Squidward someone snowballed my house!,!!QUEST_ID3802_TEXT1,n/a,n/a,n/a,n/a,-1,-1,n/a,-1,n/a,n/a,-1,-1,-1,-1
2388,3802,character,Squidward_Annoyed.png,n/a,n/a,"I know It was Patrick.||I thought you two had a ""Peace Treaty"".",!!QUEST_ID3802_TEXT2,n/a,n/a,n/a,n/a,-1,-1,n/a,-1,n/a,n/a,-1,-1,-1,-1
2389,3802,character,Portrait_Spongebob_Mad.png,n/a,n/a,NOT ANYMORE.||THIS...MEANS...WAR!,!!QUEST_ID3802_TEXT3,n/a,n/a,n/a,n/a,-1,-1,n/a,-1,n/a,n/a,-1,-1,-1,-1
2390,3802,quest_start,n/a,SpongebobPortrait.png,n/a,Have SpongeBob Snowball Patrick's House!,n/a,!!QUEST_TITLE_ID3802,n/a,n/a,n/a,-1,-1,n/a,-1,n/a,n/a,-1,-1,-1,-1
2391,3803,quest_complete,n/a,SpongebobPortrait.png,n/a,Have SpongeBob Snowball Patrick's House!,n/a,!!QUEST_TITLE_ID3802,n/a,n/a,n/a,-1,-1,n/a,-1,n/a,n/a,-1,-1,-1,-1
2392,3804,character,Portrait_Patrick_Angry.png,n/a,n/a,SpongeBob what have you done?!||You've shattered our fragile armistice with your reckless and short-sighted aggression!,!!QUEST_ID3804_TEXT1,n/a,n/a,n/a,n/a,-1,-1,n/a,-1,n/a,n/a,-1,-1,-1,-1
2393,3804,character,Portrait_Spongebob_Mad.png,n/a,n/a,No I didn't!||I snowballed your rock!||Because you deserved it!,!!QUEST_ID3804_TEXT2,n/a,n/a,n/a,n/a,-1,-1,n/a,-1,n/a,n/a,-1,-1,-1,-1
2394,3804,character,Portrait_Patrick_Angry.png,n/a,n/a,Oh yeah?||OH...YEAH???||NOT AS MUCH AS YOU DESERVE...THIS!||I'll be back in a minute...,!!QUEST_ID3804_TEXT3,n/a,n/a,n/a,n/a,-1,-1,n/a,-1,n/a,n/a,-1,-1,-1,-1
2395,3804,quest_start,n/a,PatrickPortrait.png,n/a,Have Patrick Snowball SpongeBob's House!,n/a,!!QUEST_TITLE_ID3804,n/a,n/a,n/a,-1,-1,n/a,-1,n/a,n/a,-1,-1,-1,-1
2396,3805,quest_complete,n/a,PatrickPortrait.png,n/a,Have Patrick Snowball SpongeBob's House!,n/a,!!QUEST_TITLE_ID3804,n/a,n/a,n/a,-1,-1,n/a,-1,n/a,n/a,-1,-1,-1,-1
2397,3806,character,Portrait_Squidward.png,n/a,n/a,Ah the sweet sweet sound of revenge...||It sure sounds sweet!,!!QUEST_ID3806_TEXT1,n/a,n/a,n/a,n/a,-1,-1,n/a,-1,n/a,n/a,-1,-1,-1,-1
2398,3806,character,spongebob_happy.png,n/a,n/a,Hey there Squidward old buddy old pal!,!!QUEST_ID3806_TEXT2,n/a,n/a,n/a,n/a,-1,-1,n/a,-1,n/a,n/a,-1,-1,-1,-1
2399,3806,character,Squidward_Annoyed.png,n/a,n/a,What do you want SpongeBob?,!!QUEST_ID3806_TEXT3,n/a,n/a,n/a,n/a,-1,-1,n/a,-1,n/a,n/a,-1,-1,-1,-1
2400,3806,character,spongebob_happy.png,n/a,n/a,Just checking in with my new best friend!,!!QUEST_ID3806_TEXT4,n/a,n/a,n/a,n/a,-1,-1,n/a,-1,n/a,n/a,-1,-1,-1,-1
2401,3806,character,Squidward_Annoyed.png,n/a,n/a,Best...friend?,!!QUEST_ID3806_TEXT5,n/a,n/a,n/a,n/a,-1,-1,n/a,-1,n/a,n/a,-1,-1,-1,-1
2402,3806,character,spongebob_happy.png,n/a,n/a,Of course Squidward!||When you get betrayed by your ex-best friend your new best friend is the one who told you about it!||You're my new best friend!,!!QUEST_ID3806_TEXT6,n/a,n/a,n/a,n/a,-1,-1,n/a,-1,n/a,n/a,-1,-1,-1,-1
2403,3806,character,Squidward_Annoyed.png,n/a,n/a,Oh no...,!!QUEST_ID3806_TEXT7,n/a,n/a,n/a,n/a,-1,-1,n/a,-1,n/a,n/a,-1,-1,-1,-1
2404,3806,character,spongebob_happy.png,n/a,n/a,To show my thanks I'm going to get you a holiday present!,!!QUEST_ID3806_TEXT8,n/a,n/a,n/a,n/a,-1,-1,n/a,-1,n/a,n/a,-1,-1,-1,-1
2405,3806,character,Squidward_Annoyed.png,n/a,n/a,Please don't...,!!QUEST_ID3806_TEXT9,n/a,n/a,n/a,n/a,-1,-1,n/a,-1,n/a,n/a,-1,-1,-1,-1
2406,3806,quest_start,n/a,icon_PinkHolidayCoralTree.png,n/a,Buy Pink Holiday Coral Tree,n/a,!!QUEST_TITLE_ID3806,n/a,n/a,n/a,-1,-1,n/a,-1,n/a,n/a,-1,-1,-1,-1
2407,3807,quest_complete,n/a,icon_PinkHolidayCoralTree.png,n/a,Buy Pink Holiday Coral Tree,n/a,!!QUEST_TITLE_ID3806,n/a,n/a,n/a,-1,-1,n/a,-1,n/a,n/a,-1,-1,-1,-1
2408,3808,character,spongebob_happy.png,n/a,n/a,"Do you like it Squidward?||I got it because I'm ""tickled pink"" that we're best buddies now!||Get it...TICKLED PINK?",!!QUEST_ID3808_TEXT1,n/a,n/a,n/a,n/a,-1,-1,n/a,-1,n/a,n/a,-1,-1,-1,-1
2409,3808,character,Squidward_Annoyed.png,n/a,n/a,That has got to be the UGLIEST thing I've ever seen!||I don't want that within ten miles of my home!,!!QUEST_ID3808_TEXT2,n/a,n/a,n/a,n/a,-1,-1,n/a,-1,n/a,n/a,-1,-1,-1,-1
2410,3808,character,spongebob_happy.png,n/a,n/a,Aw shucks Squidward...||You're just saying that!||You're welcome!||Let's watch TV!,!!QUEST_ID3808_TEXT3,n/a,n/a,n/a,n/a,-1,-1,n/a,-1,n/a,n/a,-1,-1,-1,-1
2411,3808,character,Squidward_Annoyed.png,n/a,n/a,Let's not.,!!QUEST_ID3808_TEXT4,n/a,n/a,n/a,n/a,-1,-1,n/a,-1,n/a,n/a,-1,-1,-1,-1
2412,3808,character,spongebob_happy.png,n/a,n/a,You're so funny Buddy!||Let's watch Crustacean Crime Theater!,!!QUEST_ID3808_TEXT5,n/a,n/a,n/a,n/a,-1,-1,n/a,-1,n/a,n/a,-1,-1,-1,-1
2413,3808,character,Portrait_TalkingTunaFish.png,n/a,n/a,Meanwhile just outside...,!!QUEST_ID3808_TEXT6,n/a,n/a,n/a,n/a,-1,-1,n/a,-1,n/a,n/a,-1,-1,-1,-1
2414,3808,character,Portrait_Patrick_Angry.png,n/a,n/a,So Squidward is SpongeBob's new best friend huh?,!!QUEST_ID3808_TEXT7,n/a,n/a,n/a,n/a,-1,-1,n/a,-1,n/a,n/a,-1,-1,-1,-1
2415,3808,quest_start,n/a,PatrickPortrait.png,n/a,Have Patrick Snowball Squidward's House!,n/a,!!QUEST_TITLE_ID3808,n/a,n/a,n/a,-1,-1,n/a,-1,n/a,n/a,-1,-1,-1,-1
2416,3809,quest_complete,n/a,PatrickPortrait.png,n/a,Have Patrick Snowball Squidward's House!,n/a,!!QUEST_TITLE_ID3808,n/a,n/a,n/a,-1,-1,n/a,-1,n/a,n/a,-1,-1,-1,-1
2417,3810,character,Squidward_Annoyed.png,n/a,n/a,My plan is backfiring!||Now I'm getting snowballed AND I can't get SpongeBob to leave me alone!,!!QUEST_ID3810_TEXT1,n/a,n/a,n/a,n/a,-1,-1,n/a,-1,n/a,n/a,-1,-1,-1,-1
2418,3810,character,Squidward_Annoyed.png,n/a,n/a,"And when I managed to turn on MY favorite show ""As The Tide Turns"" he kept laughing at it!",!!QUEST_ID3810_TEXT2,n/a,n/a,n/a,n/a,-1,-1,n/a,-1,n/a,n/a,-1,-1,-1,-1
2419,3810,character,Portrait_Squidward.png,n/a,n/a,I need to convince Plankton to build Fort Squidward!||And SpongeBob just gave me an idea of how to do it!,!!QUEST_ID3810_TEXT3,n/a,n/a,n/a,n/a,-1,-1,n/a,-1,n/a,n/a,-1,-1,-1,-1
2420,3810,character,Portrait_Squidward.png,n/a,n/a,I'll just switch the TV back to his show and sneak out for a while...,!!QUEST_ID3810_TEXT4,n/a,n/a,n/a,n/a,-1,-1,n/a,-1,n/a,n/a,-1,-1,-1,-1
2421,3810,quest_start,n/a,SquidwardPortrait.png,n/a,Have Squidward Snowball The Chum Bucket!,n/a,!!QUEST_TITLE_ID3810,n/a,n/a,n/a,-1,-1,n/a,-1,n/a,n/a,-1,-1,-1,-1
2422,3811,quest_complete,n/a,SquidwardPortrait.png,n/a,Have Squidward Snowball The Chum Bucket!,n/a,!!QUEST_TITLE_ID3810,n/a,n/a,n/a,-1,-1,n/a,-1,n/a,n/a,-1,-1,-1,-1
2423,3812,character,Portrait_Squidward.png,n/a,n/a,See Plankton!||Look what SpongeBob did to your fine establishment!,!!QUEST_ID3812_TEXT1,n/a,n/a,n/a,n/a,-1,-1,n/a,-1,n/a,n/a,-1,-1,-1,-1
2424,3812,character,Portrait_Plankton_Angry.png,n/a,n/a,My...fine...what?||Right my restaurant -- I knew that!||SpongeBob snowballed me?||Why that dirty little sponge...,!!QUEST_ID3812_TEXT2,n/a,n/a,n/a,n/a,-1,-1,n/a,-1,n/a,n/a,-1,-1,-1,-1
2425,3812,character,Portrait_Squidward.png,n/a,n/a,You better retaliate Plankton!||If you show weakness it'll only get worse!,!!QUEST_ID3812_TEXT3,n/a,n/a,n/a,n/a,-1,-1,n/a,-1,n/a,n/a,-1,-1,-1,-1
2426,3812,character,Portrait_Plankton_Angry.png,n/a,n/a,I never show weakness!,!!QUEST_ID3812_TEXT4,n/a,n/a,n/a,n/a,-1,-1,n/a,-1,n/a,n/a,-1,-1,-1,-1
2427,3812,character,Portrait_Karen.png,n/a,n/a,Sheldon where are you!||Did you spill the toothpaste and not clean it up?||Why do we even HAVE toothpaste?,!!QUEST_ID3812_TEXT5,n/a,n/a,n/a,n/a,-1,-1,n/a,-1,n/a,n/a,-1,-1,-1,-1
2428,3812,character,Portrait_Plankton_Neutral.png,n/a,n/a,I'll get to it in a minute.,!!QUEST_ID3812_TEXT6,n/a,n/a,n/a,n/a,-1,-1,n/a,-1,n/a,n/a,-1,-1,-1,-1
2429,3812,character,Portrait_Squidward.png,n/a,n/a,And make sure Patrick sees you so he can tell SpongeBob it was you who snowballed his house!,!!QUEST_ID3812_TEXT7,n/a,n/a,n/a,n/a,-1,-1,n/a,-1,n/a,n/a,-1,-1,-1,-1
2430,3812,character,Portrait_Plankton_Angry.png,n/a,n/a,Right!||Which house is Patrick's?,!!QUEST_ID3812_TEXT8,n/a,n/a,n/a,n/a,-1,-1,n/a,-1,n/a,n/a,-1,-1,-1,-1
2431,3812,quest_start,n/a,PlanktonPortrait.png,n/a,Have Plankton Snowball SpongeBob's House!,n/a,!!QUEST_TITLE_ID3812,n/a,n/a,n/a,-1,-1,n/a,-1,n/a,n/a,-1,-1,-1,-1
2432,3813,quest_complete,n/a,PlanktonPortrait.png,n/a,Have Plankton Snowball SpongeBob's House!,n/a,!!QUEST_TITLE_ID3812,n/a,n/a,n/a,-1,-1,n/a,-1,n/a,n/a,-1,-1,-1,-1
2433,3814,character,Portrait_Patrick.png,n/a,n/a,Plankton!||I saw you snowball SpongeBob's house!,!!QUEST_ID3814_TEXT1,n/a,n/a,n/a,n/a,-1,-1,n/a,-1,n/a,n/a,-1,-1,-1,-1
2434,3814,character,Portrait_Plankton_Energized.png,n/a,n/a,All according to my design!||Did you inform him of my revenge?,!!QUEST_ID3814_TEXT2,n/a,n/a,n/a,n/a,-1,-1,n/a,-1,n/a,n/a,-1,-1,-1,-1
2435,3814,character,Portrait_Patrick.png,n/a,n/a,Of course not!||I wouldn't tattle on my new best friend!,!!QUEST_ID3814_TEXT3,n/a,n/a,n/a,n/a,-1,-1,n/a,-1,n/a,n/a,-1,-1,-1,-1
2436,3814,character,Portrait_Plankton_Baffled.png,n/a,n/a,Your...what?,!!QUEST_ID3814_TEXT4,n/a,n/a,n/a,n/a,-1,-1,n/a,-1,n/a,n/a,-1,-1,-1,-1
2437,3814,character,Portrait_Patrick.png,n/a,n/a,The Best Enemy of my Ex Best Friend is my New Best Friend!,!!QUEST_ID3814_TEXT5,n/a,n/a,n/a,n/a,-1,-1,n/a,-1,n/a,n/a,-1,-1,-1,-1
2438,3814,character,Portrait_Plankton_Baffled.png,n/a,n/a,Your...who?,!!QUEST_ID3814_TEXT6,n/a,n/a,n/a,n/a,-1,-1,n/a,-1,n/a,n/a,-1,-1,-1,-1
2439,3814,character,Portrait_Patrick.png,n/a,n/a,Let's watch some TV...Buddy!||What's on?,!!QUEST_ID3814_TEXT7,n/a,n/a,n/a,n/a,-1,-1,n/a,-1,n/a,n/a,-1,-1,-1,-1
2440,3814,character,Portrait_Karen.png,n/a,n/a,DON'T TOUCH ME!,!!QUEST_ID3814_TEXT8,n/a,n/a,n/a,n/a,-1,-1,n/a,-1,n/a,n/a,-1,-1,-1,-1
2441,3814,character,Portrait_Patrick_Confused.png,n/a,n/a,I think your TV is broken.||Nevermind I'll go get you something special for the holidays...best friend!||Back soon!,!!QUEST_ID3814_TEXT9,n/a,n/a,n/a,n/a,-1,-1,n/a,-1,n/a,n/a,-1,-1,-1,-1
2442,3814,character,Portrait_Karen.png,n/a,n/a,Don't bring your rude friends in the house anymore Sheldon.,!!QUEST_ID3814_TEXT10,n/a,n/a,n/a,n/a,-1,-1,n/a,-1,n/a,n/a,-1,-1,-1,-1
2443,3814,character,Portrait_Plankton_Neutral.png,n/a,n/a,He's not...my...||Sigh.,!!QUEST_ID3814_TEXT11,n/a,n/a,n/a,n/a,-1,-1,n/a,-1,n/a,n/a,-1,-1,-1,-1
2444,3814,quest_start,n/a,SilverChristmasTree_Portrait.png,n/a,Buy Silver Christmas Tree,n/a,!!QUEST_TITLE_ID3814,n/a,n/a,n/a,-1,-1,n/a,-1,n/a,n/a,-1,-1,-1,-1
2445,3815,quest_complete,n/a,SilverChristmasTree_Portrait.png,n/a,Buy Silver Christmas Tree,n/a,!!QUEST_TITLE_ID3814,n/a,n/a,n/a,-1,-1,n/a,-1,n/a,n/a,-1,-1,-1,-1
2446,3816,character,Portrait_Patrick.png,n/a,n/a,Happy Holidays Plankton!,!!QUEST_ID3816_TEXT1,n/a,n/a,n/a,n/a,-1,-1,n/a,-1,n/a,n/a,-1,-1,-1,-1
2447,3816,character,Portrait_Plankton_Sneezing.png,n/a,n/a,AH-CHOO!,!!QUEST_ID3816_TEXT2,n/a,n/a,n/a,n/a,-1,-1,n/a,-1,n/a,n/a,-1,-1,-1,-1
2448,3816,character,Portrait_Patrick.png,n/a,n/a,"I guess that's how creatures with only one eye say ""thank you""...||You're welcome!",!!QUEST_ID3816_TEXT3,n/a,n/a,n/a,n/a,-1,-1,n/a,-1,n/a,n/a,-1,-1,-1,-1
2449,3816,character,Portrait_Plankton_Sneezing.png,n/a,n/a,What...is...AH...AHHH...||What is...that...AH...AHHH...||AH-CHOO!,!!QUEST_ID3816_TEXT4,n/a,n/a,n/a,n/a,-1,-1,n/a,-1,n/a,n/a,-1,-1,-1,-1
2450,3816,character,Portrait_Patrick.png,n/a,n/a,It's a holiday tree!||It can't be what's making you sneeze though.||It doesn't have pollen -- it's made of silver!,!!QUEST_ID3816_TEXT5,n/a,n/a,n/a,n/a,-1,-1,n/a,-1,n/a,n/a,-1,-1,-1,-1
2451,3816,character,Portrait_Plankton_Sneezing.png,n/a,n/a,I'm...allergic...to...AHH...||AHHHH-CHOO!||Silver!,!!QUEST_ID3816_TEXT6,n/a,n/a,n/a,n/a,-1,-1,n/a,-1,n/a,n/a,-1,-1,-1,-1
2452,3816,character,Portrait_Patrick.png,n/a,n/a,That can't be true!||Did you fix your TV yet?||Oh by the way I think SpongeBob saw you snowballing his house.,!!QUEST_ID3816_TEXT7,n/a,n/a,n/a,n/a,-1,-1,n/a,-1,n/a,n/a,-1,-1,-1,-1
2453,3816,quest_start,n/a,SpongebobPortrait.png,n/a,Have SpongeBob Snowball The Chum Bucket!,n/a,!!QUEST_TITLE_ID3816,n/a,n/a,n/a,-1,-1,n/a,-1,n/a,n/a,-1,-1,-1,-1
2454,3817,quest_complete,n/a,SpongebobPortrait.png,n/a,Have SpongeBob Snowball The Chum Bucket!,n/a,!!QUEST_TITLE_ID3816,n/a,n/a,n/a,-1,-1,n/a,-1,n/a,n/a,-1,-1,-1,-1
2455,3818,character,Portrait_Squidward.png,n/a,n/a,Are you ready to talk about rebuilding Fort Squidward Plankton?||It's only going to get worse!,!!QUEST_ID3818_TEXT1,n/a,n/a,n/a,n/a,-1,-1,n/a,-1,n/a,n/a,-1,-1,-1,-1
2456,3818,character,Portrait_Plankton_Angry.png,n/a,n/a,Of course not!||Building some kind of snow castle is a defensive manuever!||Everyone knows the best defense is a strong offense!,!!QUEST_ID3818_TEXT2,n/a,n/a,n/a,n/a,-1,-1,n/a,-1,n/a,n/a,-1,-1,-1,-1
2457,3818,character,Portrait_Plankton_Angry.png,n/a,n/a,Now those pitiful fools will see how offensive I can be!,!!QUEST_ID3818_TEXT3,n/a,n/a,n/a,n/a,-1,-1,n/a,-1,n/a,n/a,-1,-1,-1,-1
2458,3818,quest_start,n/a,icon_PileOfSnow_Small.png,n/a,Going On The Offensive!,n/a,!!CHUNKQUEST_HEADING_ID3818,n/a,n/a,n/a,-1,-1,n/a,-1,n/a,n/a,-1,-1,-1,-1
2459,3819,quest_complete,n/a,icon_PileOfSnow_Small.png,n/a,Going On The Offensive!,n/a,!!CHUNKQUEST_HEADING_ID3818,n/a,n/a,n/a,-1,-1,n/a,-1,n/a,n/a,-1,-1,-1,-1
2460,3820,character,Portrait_Plankton_Neutral.png,n/a,n/a,All right all right...even a superior organism like myself can have a significant disadvantage in...size...||I'll start thinking about an invention to make a permanent Fort Squidward...,!!QUEST_ID3820_TEXT1,n/a,n/a,n/a,n/a,-1,-1,n/a,-1,n/a,n/a,-1,-1,-1,-1
2461,3820,character,Portrait_Squidward.png,n/a,n/a,Yes...it's working!,!!QUEST_ID3820_TEXT2,n/a,n/a,n/a,n/a,-1,-1,n/a,-1,n/a,n/a,-1,-1,-1,-1
2462,3820,character,spongebob_happy.png,n/a,n/a,SQUID-WARD...?||Where ARE you...?||I have a new workout video for us to try!,!!QUEST_ID3820_TEXT3,n/a,n/a,n/a,n/a,-1,-1,n/a,-1,n/a,n/a,-1,-1,-1,-1
2463,3820,character,Squidward_Annoyed.png,n/a,n/a,Sigh...||It better work...and soon!,!!QUEST_ID3820_TEXT4,n/a,n/a,n/a,n/a,-1,-1,n/a,-1,n/a,n/a,-1,-1,-1,-1
2464,3820,character,spongebob_happy.png,n/a,n/a,Hey I'll make Squidward a holiday treat for when I find him!||I'm not sure what yet... maybe I need to browse a Treat Shop...,!!QUEST_ID3820_TEXT5,n/a,n/a,n/a,n/a,-1,-1,n/a,-1,n/a,n/a,-1,-1,-1,-1
2465,3820,quest_start,n/a,TreatShop_Portrait.png,n/a,Buy Treat Shop,n/a,!!QUEST_TITLE_ID3820,n/a,n/a,n/a,-1,-1,n/a,-1,n/a,n/a,-1,-1,-1,-1
2466,3821,quest_complete,n/a,TreatShop_Portrait.png,n/a,Buy Treat Shop,n/a,!!QUEST_TITLE_ID3820,n/a,n/a,n/a,-1,-1,n/a,-1,n/a,n/a,-1,-1,-1,-1
2467,3822,character,spongebob_happy.png,n/a,n/a,I know I'll make Squidward Chocolates!||Everybody likes Chocolates!,!!QUEST_ID3822_TEXT1,n/a,n/a,n/a,n/a,-1,-1,n/a,-1,n/a,n/a,-1,-1,-1,-1
2468,3822,character,Portrait_SpongeBob.png,n/a,n/a,Patrick especially liked Chocolates...,!!QUEST_ID3822_TEXT2,n/a,n/a,n/a,n/a,-1,-1,n/a,-1,n/a,n/a,-1,-1,-1,-1
2469,3822,character,spongebob_determined.png,n/a,n/a,But I have a new best friend now!||And he's going to get Chocolates!,!!QUEST_ID3822_TEXT3,n/a,n/a,n/a,n/a,-1,-1,n/a,-1,n/a,n/a,-1,-1,-1,-1
2470,3822,quest_start,n/a,valentines_Chocolates.png,n/a,Make A Dozen (12) Chocolates,n/a,!!QUEST_TITLE_ID3822,n/a,n/a,n/a,-1,-1,n/a,-1,n/a,n/a,-1,-1,-1,-1
2471,3823,quest_complete,n/a,valentines_Chocolates.png,n/a,Make A Dozen (12) Chocolates,n/a,!!QUEST_TITLE_ID3822,n/a,n/a,n/a,-1,-1,n/a,-1,n/a,n/a,-1,-1,-1,-1
2472,3824,character,Portrait_Patrick_Confused.png,n/a,n/a,Plankton seems upset and worried about something...||Since I'm his best friend now I should cheer him up...but how?,!!QUEST_ID3824_TEXT1,n/a,n/a,n/a,n/a,-1,-1,n/a,-1,n/a,n/a,-1,-1,-1,-1
2473,3824,character,Portrait_Patrick.png,n/a,n/a,I know!||I'll bake him holiday goodies!||I'm not sure what but it's gonna have lots of sugar!,!!QUEST_ID3824_TEXT2,n/a,n/a,n/a,n/a,-1,-1,n/a,-1,n/a,n/a,-1,-1,-1,-1
2474,3824,quest_start,n/a,SpiceShackSnowy_Portrait.png,n/a,Buy Spice Shack,n/a,!!QUEST_TITLE_ID3824,n/a,n/a,n/a,-1,-1,n/a,-1,n/a,n/a,-1,-1,-1,-1
2475,3825,quest_complete,n/a,SpiceShackSnowy_Portrait.png,n/a,Buy Spice Shack,n/a,!!QUEST_TITLE_ID3824,n/a,n/a,n/a,-1,-1,n/a,-1,n/a,n/a,-1,-1,-1,-1
2476,3826,character,Portrait_Patrick_Confused.png,n/a,n/a,I wonder what kind of sugary treat Plankton would like...,!!QUEST_ID3826_TEXT1,n/a,n/a,n/a,n/a,-1,-1,n/a,-1,n/a,n/a,-1,-1,-1,-1
2477,3826,character,Portrait_Patrick.png,n/a,n/a,I know -- Snickerdoodles!||I think I have the recipe for Snickerdoodles from SpongeBob's Grandma around somewhere...,!!QUEST_ID3826_TEXT2,n/a,n/a,n/a,n/a,-1,-1,n/a,-1,n/a,n/a,-1,-1,-1,-1
2478,3826,character,Portrait_Patrick_Confused.png,n/a,n/a,I know SpongeBob would like some...,!!QUEST_ID3826_TEXT3,n/a,n/a,n/a,n/a,-1,-1,n/a,-1,n/a,n/a,-1,-1,-1,-1
2479,3826,character,Portrait_Patrick_Angry.png,n/a,n/a,I guess he shouldn't have made Squidward his best friend instead of me then!||I'll bake Snickerdoodles for my REAL best friend Plankton!,!!QUEST_ID3826_TEXT4,n/a,n/a,n/a,n/a,-1,-1,n/a,-1,n/a,n/a,-1,-1,-1,-1
2480,3826,quest_start,n/a,sb_item_snickerdoodle.png,n/a,Bake A Dozen (12) Snickerdoodles,n/a,!!QUEST_TITLE_ID3826,n/a,n/a,n/a,-1,-1,n/a,-1,n/a,n/a,-1,-1,-1,-1
2481,3827,quest_complete,n/a,sb_item_snickerdoodle.png,n/a,Bake A Dozen (12) Snickerdoodles,n/a,!!QUEST_TITLE_ID3826,n/a,n/a,n/a,-1,-1,n/a,-1,n/a,n/a,-1,-1,-1,-1
2482,3828,character,Portrait_Plankton_Energized.png,n/a,n/a,I think I've figured out how to make Fort Squidward invincible and last all year round!||To the Laboratory!,!!QUEST_ID3828_TEXT1,n/a,n/a,n/a,n/a,-1,-1,n/a,-1,n/a,n/a,-1,-1,-1,-1
2483,3828,quest_start,n/a,PlanktonPortrait.png,n/a,Have Plankton Try To Invent Something Cool,n/a,!!QUEST_TITLE_ID3828,n/a,n/a,n/a,-1,-1,n/a,-1,n/a,n/a,-1,-1,-1,-1
2484,3829,quest_complete,n/a,PlanktonPortrait.png,n/a,Have Plankton Try To Invent Something Cool,n/a,!!QUEST_TITLE_ID3828,n/a,n/a,n/a,-1,-1,n/a,-1,n/a,n/a,-1,-1,-1,-1
2485,3829,character,Portrait_Plankton_Energized.png,n/a,n/a,Eureka!||I've done it!||Fort Squidward will be indestructable AND will last all year long -- by generating its own snow!,!!QUEST_ID3829_TEXT1,n/a,n/a,n/a,n/a,-1,-1,n/a,-1,n/a,n/a,-1,-1,-1,-1
2486,3829,character,Portrait_Squidward.png,n/a,n/a,Great news Plankton!||Let's get inside before--,!!QUEST_ID3829_TEXT2,n/a,n/a,n/a,n/a,-1,-1,n/a,-1,n/a,n/a,-1,-1,-1,-1
2487,3829,character,Portrait_Plankton_Energized.png,n/a,n/a,Hold on there Squidward!||Before I hand over the keys I have some paperwork for you to sign.,!!QUEST_ID3829_TEXT3,n/a,n/a,n/a,n/a,-1,-1,n/a,-1,n/a,n/a,-1,-1,-1,-1
2488,3829,character,Squidward_Annoyed.png,n/a,n/a,Paperwork?,!!QUEST_ID3829_TEXT4,n/a,n/a,n/a,n/a,-1,-1,n/a,-1,n/a,n/a,-1,-1,-1,-1
2489,3829,character,Portrait_Plankton_Energized.png,n/a,n/a,Just a few hundred pages of legal contract...||A peace treaty between you and me plus granting me all access rights to Fort Squidward at all times in perpetuity and so forth etc.,!!QUEST_ID3829_TEXT5,n/a,n/a,n/a,n/a,-1,-1,n/a,-1,n/a,n/a,-1,-1,-1,-1
2490,3829,character,Squidward_Annoyed.png,n/a,n/a,"Fine FINE!||Let's just get it done so we can go inside where it's safe from this endless snow war and our new ""best friends""!!",!!QUEST_ID3829_TEXT6,n/a,n/a,n/a,n/a,-1,-1,n/a,-1,n/a,n/a,-1,-1,-1,-1
2491,3830,character,Squidward_Annoyed.png,n/a,n/a,It's exhausting avoiding SpongeBob!||I hope Plankton makes Fort Squidward soon!||This Snow War is getting out of control!,!!QUEST_ID3830_TEXT1,n/a,n/a,n/a,n/a,-1,-1,n/a,-1,n/a,n/a,-1,-1,-1,-1
2492,3830,quest_start,n/a,icon_PileOfSnow_Small.png,n/a,The Snow Wars Saga Continues!,n/a,!!CHUNKQUEST_HEADING_ID3830,n/a,n/a,n/a,-1,-1,n/a,-1,n/a,n/a,-1,-1,-1,-1
2493,3831,quest_complete,n/a,icon_PileOfSnow_Small.png,n/a,The Snow Wars Saga Continues!,n/a,!!CHUNKQUEST_HEADING_ID3830,n/a,n/a,n/a,-1,-1,n/a,-1,n/a,n/a,-1,-1,-1,-1
2494,3832,quest_line_complete,n/a,FortSquidwardPortrait.png,Squidward_Annoyed.png,Rebuild Fort Squidward... Only stronger... And permanent!,n/a,n/a,!!EPISODE_TITLE_SNOW_WARS,!!EPISODE_BODY_SNOW_WARS,n/a,100,100,n/a,-1,n/a,n/a,-1,-1,-1,-1
2495,3832,character,Portrait_Plankton_Energized.png,n/a,n/a,Thank you Squidward everything seems to be in order -- everything has been independently notarized by Karen official and complete!||Where do you want it?,!!QUEST_ID3832_TEXT1,n/a,n/a,n/a,n/a,-1,-1,n/a,-1,n/a,n/a,-1,-1,-1,-1
2496,3832,quest_start,n/a,FortSquidwardPortrait.png,n/a,Move Fort Squidward from the Suitcase into Bikini Bottom,n/a,!!QUEST_TITLE_ID3832,n/a,n/a,n/a,-1,-1,n/a,-1,n/a,n/a,-1,-1,-1,-1
2497,3833,quest_complete,n/a,FortSquidwardPortrait.png,n/a,Move Fort Squidward from the Suitcase into Bikini Bottom,n/a,!!QUEST_TITLE_ID3832,n/a,n/a,n/a,-1,-1,n/a,-1,n/a,n/a,-1,-1,-1,-1
2498,3834,character,Portrait_Squidward.png,n/a,n/a,Thank goodness!||Just in time!||Let's MOVE IN!,!!QUEST_ID3834_TEXT1,n/a,n/a,n/a,n/a,-1,-1,n/a,-1,n/a,n/a,-1,-1,-1,-1
2499,3834,quest_start,n/a,FortSquidwardPortrait.png,n/a,Squidward and Plankton...,n/a,!!CHUNKQUEST_HEADING_ID3834,n/a,n/a,n/a,-1,-1,n/a,-1,n/a,n/a,-1,-1,-1,-1
2500,3835,quest_complete,n/a,FortSquidwardPortrait.png,n/a,Squidward and Plankton...,n/a,!!CHUNKQUEST_HEADING_ID3834,n/a,n/a,n/a,-1,-1,n/a,-1,n/a,n/a,-1,-1,-1,-1
2501,3836,character,Squidward_Annoyed.png,n/a,n/a,Plankton what is all this...JUNK?,!!QUEST_ID3836_TEXT1,n/a,n/a,n/a,n/a,-1,-1,n/a,-1,n/a,n/a,-1,-1,-1,-1
2502,3836,character,Portrait_Plankton_Angry.png,n/a,n/a,Junk?!||That for example is a full scale diorama of my nursery made of chum of course!||Karen won't let me keep it in the house...,!!QUEST_ID3836_TEXT2,n/a,n/a,n/a,n/a,-1,-1,n/a,-1,n/a,n/a,-1,-1,-1,-1
2503,3836,character,Squidward_Annoyed.png,n/a,n/a,Of course not -- it smells like...chum!,!!QUEST_ID3836_TEXT3,n/a,n/a,n/a,n/a,-1,-1,n/a,-1,n/a,n/a,-1,-1,-1,-1
2504,3836,character,Portrait_Plankton_Angry.png,n/a,n/a,What about you?!||Just how many portraits of yourself did you paint when you were in kindergarten?!,!!QUEST_ID3836_TEXT4,n/a,n/a,n/a,n/a,-1,-1,n/a,-1,n/a,n/a,-1,-1,-1,-1
2505,3836,character,Squidward_Annoyed.png,n/a,n/a,Kindergarten?!||I painted those just last week!,!!QUEST_ID3836_TEXT5,n/a,n/a,n/a,n/a,-1,-1,n/a,-1,n/a,n/a,-1,-1,-1,-1
2506,3836,character,Portrait_TalkingTunaFish.png,n/a,n/a,Meanwhile just outside of Fort Squidward...,!!QUEST_ID3836_TEXT6,n/a,n/a,n/a,n/a,-1,-1,n/a,-1,n/a,n/a,-1,-1,-1,-1
2507,3836,quest_start,n/a,FortSquidwardPortrait.png,n/a,SpongeBob and Patrick,n/a,!!CHUNKQUEST_HEADING_ID3836,n/a,n/a,n/a,-1,-1,n/a,-1,n/a,n/a,-1,-1,-1,-1
2508,3837,quest_complete,n/a,FortSquidwardPortrait.png,n/a,SpongeBob and Patrick,n/a,!!CHUNKQUEST_HEADING_ID3836,n/a,n/a,n/a,-1,-1,n/a,-1,n/a,n/a,-1,-1,-1,-1
2509,3838,character,Portrait_Squidward_Shocked.png,n/a,n/a,SpongeBob!||Patrick!||How did you get in here?!,!!QUEST_ID3838_TEXT1,n/a,n/a,n/a,n/a,-1,-1,n/a,-1,n/a,n/a,-1,-1,-1,-1
2510,3838,character,spongebob_happy.png,n/a,n/a,Through the door!||Is there a better way?,!!QUEST_ID3838_TEXT2,n/a,n/a,n/a,n/a,-1,-1,n/a,-1,n/a,n/a,-1,-1,-1,-1
2511,3838,character,Portrait_Patrick.png,n/a,n/a,Here Plankton I made you Snickerdoodles!,!!QUEST_ID3838_TEXT3,n/a,n/a,n/a,n/a,-1,-1,n/a,-1,n/a,n/a,-1,-1,-1,-1
2512,3838,character,Portrait_Plankton_Angry.png,n/a,n/a,What are Snickerdoodles?!||Is that some kind of parasite?!||Keep them away!,!!QUEST_ID3838_TEXT4,n/a,n/a,n/a,n/a,-1,-1,n/a,-1,n/a,n/a,-1,-1,-1,-1
2513,3838,character,spongebob_happy.png,n/a,n/a,I made you Chocolates Squidward!,!!QUEST_ID3838_TEXT5,n/a,n/a,n/a,n/a,-1,-1,n/a,-1,n/a,n/a,-1,-1,-1,-1
2514,3838,character,Portrait_Squidward_Shocked.png,n/a,n/a,Oh sure it's Chocolates with one hand but a snowball in the face with the other hand!,!!QUEST_ID3838_TEXT6,n/a,n/a,n/a,n/a,-1,-1,n/a,-1,n/a,n/a,-1,-1,-1,-1
2515,3838,character,spongebob_happy.png,n/a,n/a,I didn't make you a snowball but if you want one--,!!QUEST_ID3838_TEXT7,n/a,n/a,n/a,n/a,-1,-1,n/a,-1,n/a,n/a,-1,-1,-1,-1
2516,3838,character,Portrait_Squidward_Shocked.png,n/a,n/a,The whole point of Fort Squidward is for US to be INSIDE and for YOU TWO to be OUTSIDE thowing snowballs at us!||So GO OUTSIDE and throw snowballs at us!,!!QUEST_ID3838_TEXT8,n/a,n/a,n/a,n/a,-1,-1,n/a,-1,n/a,n/a,-1,-1,-1,-1
2517,3838,character,spongebob_happy.png,n/a,n/a,Okaaaaay if you're sure that's what you want.,!!QUEST_ID3838_TEXT9,n/a,n/a,n/a,n/a,-1,-1,n/a,-1,n/a,n/a,-1,-1,-1,-1
2518,3838,character,Portrait_Patrick.png,n/a,n/a,I'll just watch SpongeBob.||I've had my fill of war.,!!QUEST_ID3838_TEXT10,n/a,n/a,n/a,n/a,-1,-1,n/a,-1,n/a,n/a,-1,-1,-1,-1
2519,3838,quest_start,n/a,SpongebobPortrait.png,n/a,Have SpongeBob Snowball Fort Squidward!,n/a,!!QUEST_TITLE_ID3838,n/a,n/a,n/a,-1,-1,n/a,-1,n/a,n/a,-1,-1,-1,-1
2520,3839,quest_complete,n/a,SpongebobPortrait.png,n/a,Have SpongeBob Snowball Fort Squidward!,n/a,!!QUEST_TITLE_ID3838,n/a,n/a,n/a,-1,-1,n/a,-1,n/a,n/a,-1,-1,-1,-1
2521,3839,character,spongebob_happy.png,n/a,n/a,These Snickerdoodles are great Patrick!||Just like Grandma SquarePants makes!,!!QUEST_ID3839_TEXT1,n/a,n/a,n/a,n/a,-1,-1,n/a,-1,n/a,n/a,-1,-1,-1,-1
2522,3839,character,Portrait_Patrick.png,n/a,n/a,So are these Chocolates!||Even if you did make them for your best friend Squidward.,!!QUEST_ID3839_TEXT2,n/a,n/a,n/a,n/a,-1,-1,n/a,-1,n/a,n/a,-1,-1,-1,-1
2523,3839,character,spongebob_happy.png,n/a,n/a,Who says you only get to have one best friend?||We can still be best friends too!,!!QUEST_ID3839_TEXT3,n/a,n/a,n/a,n/a,-1,-1,n/a,-1,n/a,n/a,-1,-1,-1,-1
2524,3839,character,Portrait_Patrick.png,n/a,n/a,That's right!||What were we fighting about anyway?,!!QUEST_ID3839_TEXT4,n/a,n/a,n/a,n/a,-1,-1,n/a,-1,n/a,n/a,-1,-1,-1,-1
2525,3839,character,spongebob_happy.png,n/a,n/a,I can't remember.||Doesn't matter now best friend!,!!QUEST_ID3839_TEXT5,n/a,n/a,n/a,n/a,-1,-1,n/a,-1,n/a,n/a,-1,-1,-1,-1
2526,3839,character,Portrait_Plankton_Angry.png,n/a,n/a,Fine Squidward stay up in your fortress of solitude with your kindergarten portraits!||I'm going home!||There won't be snow for snowballs soon anyway!,!!QUEST_ID3839_TEXT6,n/a,n/a,n/a,n/a,-1,-1,n/a,-1,n/a,n/a,-1,-1,-1,-1
2527,3839,character,Portrait_Patrick.png,n/a,n/a,You sure you don't want some Chocolates Plankton?,!!QUEST_ID3839_TEXT7,n/a,n/a,n/a,n/a,-1,-1,n/a,-1,n/a,n/a,-1,-1,-1,-1
2528,3839,character,Portrait_Plankton_Angry.png,n/a,n/a,Ack!||Stay away from me!,!!QUEST_ID3839_TEXT8,n/a,n/a,n/a,n/a,-1,-1,n/a,-1,n/a,n/a,-1,-1,-1,-1
2529,3839,character,Portrait_Patrick.png,n/a,n/a,Oh well.||Hey SpongeBob old best friend let's go watch some holiday TV specials!,!!QUEST_ID3839_TEXT9,n/a,n/a,n/a,n/a,-1,-1,n/a,-1,n/a,n/a,-1,-1,-1,-1
2530,3839,character,spongebob_happy.png,n/a,n/a,Okay!||Oh wait...||HAPPY HOLIDAYS SQUIDWARD!,!!QUEST_ID3839_TEXT10,n/a,n/a,n/a,n/a,-1,-1,n/a,-1,n/a,n/a,-1,-1,-1,-1
2531,3839,character,Portrait_Squidward.png,n/a,n/a,Yeah Happy Holidays to you guys too!||Like I'm gonna fall for that...||I got your Happy Hollidays right here armed and ready...,!!QUEST_ID3839_TEXT11,n/a,n/a,n/a,n/a,-1,-1,n/a,-1,n/a,n/a,-1,-1,-1,-1
2532,3840,character,Portrait_Patrick_Confused.png,n/a,n/a,Hey where did all the snow go?,!!QUEST_ID3840_TEXT1,n/a,n/a,n/a,n/a,-1,-1,n/a,-1,n/a,n/a,-1,-1,-1,-1
2533,3840,character,Squidward_Annoyed.png,n/a,n/a,Winter doesn't last forever...thank goodness!,!!QUEST_ID3840_TEXT2,n/a,n/a,n/a,n/a,-1,-1,n/a,-1,n/a,n/a,-1,-1,-1,-1
2534,3840,character,Portrait_Plankton_Angry.png,n/a,n/a,I'm working on it!,!!QUEST_ID3840_TEXT3,n/a,n/a,n/a,n/a,-1,-1,n/a,-1,n/a,n/a,-1,-1,-1,-1
2535,3840,character,spongebob_happy.png,n/a,n/a,Don't worry it'll be back next year!,!!QUEST_ID3840_TEXT4,n/a,n/a,n/a,n/a,-1,-1,n/a,-1,n/a,n/a,-1,-1,-1,-1
2536,3842,character,spongebob_happy.png,n/a,n/a,Brrr. . . it's so cold I can use my nose drippings as chopsticks!||That can only mean one thing. . . the Holidays are here!,!!QUEST_ID3842_TEXT1,n/a,n/a,n/a,n/a,-1,-1,n/a,-1,n/a,n/a,-1,-1,-1,-1
2537,3842,character,spongebob_happy.png,n/a,n/a,Better start decking these halls. . . but where should I start Gary?,!!QUEST_ID3842_TEXT2,n/a,n/a,n/a,n/a,-1,-1,n/a,-1,n/a,n/a,-1,-1,-1,-1
2538,3842,character,Gary_Neutral.png,n/a,n/a,Meow.,!!QUEST_ID3842_TEXT3,n/a,n/a,n/a,n/a,-1,-1,n/a,-1,n/a,n/a,-1,-1,-1,-1
2539,3842,character,spongebob_happy.png,n/a,n/a,Great idea Gary! I'll hang our stockings!,!!QUEST_ID3842_TEXT4,n/a,n/a,n/a,n/a,-1,-1,n/a,-1,n/a,n/a,-1,-1,-1,-1
2540,3842,quest_start,n/a,SpongebobPortrait.png,n/a,Have SpongeBob Hang Stockings,n/a,!!QUEST_TITLE_ID3842,n/a,n/a,n/a,-1,-1,n/a,-1,n/a,n/a,-1,-1,-1,-1
2541,3843,quest_complete,n/a,SpongebobPortrait.png,n/a,Have SpongeBob Hang Stockings,n/a,!!QUEST_TITLE_ID3842,n/a,n/a,n/a,-1,-1,n/a,-1,n/a,n/a,-1,-1,-1,-1
2542,3843,character,spongebob_happy.png,n/a,n/a,Look Gary!||I found some leftover stuff inside our stockings!||It's some kind of Holiday Bonus Reward!,!!QUEST_ID3843_TEXT1,n/a,n/a,n/a,n/a,-1,-1,n/a,-1,n/a,n/a,-1,-1,-1,-1
2543,3843,character,BonusRewardIcon.png,n/a,n/a,If I keep doing the Holiday activities that show this Holiday Gift I might get MORE Holiday Bonuses!||BEST HOLIDAY EVER!,!!QUEST_ID3843_TEXT2,n/a,n/a,n/a,n/a,-1,-1,n/a,-1,n/a,n/a,-1,-1,-1,-1
