i:ID,s:Type,s:Name,s:File,s:Character,i:Set Sounds,s:Set Sound 1,s:Set Sound 2,s:Set Sound 3,s:Set Sound 4,s:Set Sound 5,s:Set Sound 6,s:Set Sound 7,s:Set Sound 8,s:Set Sound 9,s:Set Sound 10,s:Set Sound 11,s:Set Sound 12,s:Set Sound 13,s:Set Sound 14,s:Set Sound 15,s:Set Sound 16,s:Set Sound 17,s:Set Sound 18,s:Set Sound 19
,,,,,,,,,,,,,,,,,,,,,,,,
3,music,InGame,Music/MUSIC_InGame_MultiMix,n/a,19,n/a,n/a,n/a,n/a,n/a,n/a,n/a,n/a,n/a,n/a,n/a,n/a,n/a,n/a,n/a,n/a,n/a,n/a,n/a
2,music,Credits,Music/MUSIC_Menu_AmbientOnly,n/a,-1,n/a,n/a,n/a,n/a,n/a,n/a,n/a,n/a,n/a,n/a,n/a,n/a,n/a,n/a,n/a,n/a,n/a,n/a,n/a
7,music,GalleyGrub,Music/MUSIC_Menu_AmbientOnly,n/a,-1,n/a,n/a,n/a,n/a,n/a,n/a,n/a,n/a,n/a,n/a,n/a,n/a,n/a,n/a,n/a,n/a,n/a,n/a,n/a
1,music,Intro,Music/MUSIC_Menu_AmbientOnly,n/a,-1,n/a,n/a,n/a,n/a,n/a,n/a,n/a,n/a,n/a,n/a,n/a,n/a,n/a,n/a,n/a,n/a,n/a,n/a,n/a
4,music,Menu,Music/MUSIC_Menu_AmbientOnly,n/a,-1,n/a,n/a,n/a,n/a,n/a,n/a,n/a,n/a,n/a,n/a,n/a,n/a,n/a,n/a,n/a,n/a,n/a,n/a,n/a
5,music,Minigame,Music/MUSIC_Menu_AmbientOnly,n/a,-1,n/a,n/a,n/a,n/a,n/a,n/a,n/a,n/a,n/a,n/a,n/a,n/a,n/a,n/a,n/a,n/a,n/a,n/a,n/a
6,music,SeedStore,Music/MUSIC_Menu_AmbientOnly,n/a,-1,n/a,n/a,n/a,n/a,n/a,n/a,n/a,n/a,n/a,n/a,n/a,n/a,n/a,n/a,n/a,n/a,n/a,n/a,n/a
42,sound_effects,Bell_Bakery,SoundEffects/Bell_Bakery,n/a,-1,n/a,n/a,n/a,n/a,n/a,n/a,n/a,n/a,n/a,n/a,n/a,n/a,n/a,n/a,n/a,n/a,n/a,n/a,n/a
48,sound_effects,Bell_Seedshop,SoundEffects/Bell_Seedshop,n/a,-1,n/a,n/a,n/a,n/a,n/a,n/a,n/a,n/a,n/a,n/a,n/a,n/a,n/a,n/a,n/a,n/a,n/a,n/a,n/a
140,sound_effects,RecipeDropExplodeInPlace,SoundEffects/BottleBreak,n/a,-1,n/a,n/a,n/a,n/a,n/a,n/a,n/a,n/a,n/a,n/a,n/a,n/a,n/a,n/a,n/a,n/a,n/a,n/a,n/a
40,sound_effects,Bwoop,SoundEffects/Bwoop,n/a,-1,n/a,n/a,n/a,n/a,n/a,n/a,n/a,n/a,n/a,n/a,n/a,n/a,n/a,n/a,n/a,n/a,n/a,n/a,n/a
106,sound_effects,FriedItemStarted,SoundEffects/Bwoop,n/a,-1,n/a,n/a,n/a,n/a,n/a,n/a,n/a,n/a,n/a,n/a,n/a,n/a,n/a,n/a,n/a,n/a,n/a,n/a,n/a
105,sound_effects,GardenCropStarted,SoundEffects/Bwoop,n/a,-1,n/a,n/a,n/a,n/a,n/a,n/a,n/a,n/a,n/a,n/a,n/a,n/a,n/a,n/a,n/a,n/a,n/a,n/a,n/a
114,sound_effects,SoupItemStarted,SoundEffects/Bwoop,n/a,-1,n/a,n/a,n/a,n/a,n/a,n/a,n/a,n/a,n/a,n/a,n/a,n/a,n/a,n/a,n/a,n/a,n/a,n/a,n/a
37,sound_effects,Cancel,SoundEffects/Cancel,n/a,-1,n/a,n/a,n/a,n/a,n/a,n/a,n/a,n/a,n/a,n/a,n/a,n/a,n/a,n/a,n/a,n/a,n/a,n/a,n/a
47,sound_effects,ChestOpen,SoundEffects/ChestOpen,n/a,-1,n/a,n/a,n/a,n/a,n/a,n/a,n/a,n/a,n/a,n/a,n/a,n/a,n/a,n/a,n/a,n/a,n/a,n/a,n/a
83,sound_effects,MatchBonus_Open,SoundEffects/ChestOpen,n/a,-1,n/a,n/a,n/a,n/a,n/a,n/a,n/a,n/a,n/a,n/a,n/a,n/a,n/a,n/a,n/a,n/a,n/a,n/a,n/a
157,sound_effects,Dialog_MultiQuestCompleteChristmas,SoundEffects/Christmas/Holiday_multiple_quest_complete,n/a,-1,n/a,n/a,n/a,n/a,n/a,n/a,n/a,n/a,n/a,n/a,n/a,n/a,n/a,n/a,n/a,n/a,n/a,n/a,n/a
156,sound_effects,Dialog_MultiQuestStartChristmas,SoundEffects/Christmas/Holiday_multiple_quest_start,n/a,-1,n/a,n/a,n/a,n/a,n/a,n/a,n/a,n/a,n/a,n/a,n/a,n/a,n/a,n/a,n/a,n/a,n/a,n/a,n/a
159,sound_effects,Dialog_SimpleQuestCompleteChristmas,SoundEffects/Christmas/Holiday_simple_quest_complete,n/a,-1,n/a,n/a,n/a,n/a,n/a,n/a,n/a,n/a,n/a,n/a,n/a,n/a,n/a,n/a,n/a,n/a,n/a,n/a,n/a
158,sound_effects,Dialog_SimpleQuestStartChristmas,SoundEffects/Christmas/Holiday_simple_quest_start,n/a,-1,n/a,n/a,n/a,n/a,n/a,n/a,n/a,n/a,n/a,n/a,n/a,n/a,n/a,n/a,n/a,n/a,n/a,n/a,n/a
93,sound_effects,RecipeCollected,SoundEffects/Christmas/sfx_find_recipe,n/a,-1,n/a,n/a,n/a,n/a,n/a,n/a,n/a,n/a,n/a,n/a,n/a,n/a,n/a,n/a,n/a,n/a,n/a,n/a,n/a
297,sound_effects,SpiceShackSelect,SoundEffects/Christmas/sfx_open_market,n/a,-1,n/a,n/a,n/a,n/a,n/a,n/a,n/a,n/a,n/a,n/a,n/a,n/a,n/a,n/a,n/a,n/a,n/a,n/a,n/a
298,sound_effects,TreatShopSelect,SoundEffects/Christmas/sfx_open_treat_shop,n/a,-1,n/a,n/a,n/a,n/a,n/a,n/a,n/a,n/a,n/a,n/a,n/a,n/a,n/a,n/a,n/a,n/a,n/a,n/a,n/a
97,sound_effects,ChristmasCurrencyCollected,SoundEffects/Christmas/sfx_snowflake_collect,n/a,-1,n/a,n/a,n/a,n/a,n/a,n/a,n/a,n/a,n/a,n/a,n/a,n/a,n/a,n/a,n/a,n/a,n/a,n/a,n/a
95,sound_effects,MoneyCollected,SoundEffects/CoinCollectWave,n/a,-1,n/a,n/a,n/a,n/a,n/a,n/a,n/a,n/a,n/a,n/a,n/a,n/a,n/a,n/a,n/a,n/a,n/a,n/a,n/a
89,sound_effects,RemovePavement,SoundEffects/CoinCollectWave,n/a,-1,n/a,n/a,n/a,n/a,n/a,n/a,n/a,n/a,n/a,n/a,n/a,n/a,n/a,n/a,n/a,n/a,n/a,n/a,n/a
39,sound_effects,Sell,SoundEffects/CoinCollectWave,n/a,-1,n/a,n/a,n/a,n/a,n/a,n/a,n/a,n/a,n/a,n/a,n/a,n/a,n/a,n/a,n/a,n/a,n/a,n/a,n/a
87,sound_effects,Construction,SoundEffects/Construction,n/a,-1,n/a,n/a,n/a,n/a,n/a,n/a,n/a,n/a,n/a,n/a,n/a,n/a,n/a,n/a,n/a,n/a,n/a,n/a,n/a
149,sound_effects,DebrisCleared,SoundEffects/DebrisCleared,n/a,-1,n/a,n/a,n/a,n/a,n/a,n/a,n/a,n/a,n/a,n/a,n/a,n/a,n/a,n/a,n/a,n/a,n/a,n/a,n/a
85,sound_effects,FailDragFeed,SoundEffects/DebrisCleared,n/a,-1,n/a,n/a,n/a,n/a,n/a,n/a,n/a,n/a,n/a,n/a,n/a,n/a,n/a,n/a,n/a,n/a,n/a,n/a,n/a
148,sound_effects,StartDebrisClearing,SoundEffects/DebrisCleared,n/a,-1,n/a,n/a,n/a,n/a,n/a,n/a,n/a,n/a,n/a,n/a,n/a,n/a,n/a,n/a,n/a,n/a,n/a,n/a,n/a
691,sound_effects,DiggingForTreasure,SoundEffects/Dig_Shovel,n/a,-1,n/a,n/a,n/a,n/a,n/a,n/a,n/a,n/a,n/a,n/a,n/a,n/a,n/a,n/a,n/a,n/a,n/a,n/a,n/a
139,sound_effects,LiquidSlurp,SoundEffects/Drink,n/a,-1,n/a,n/a,n/a,n/a,n/a,n/a,n/a,n/a,n/a,n/a,n/a,n/a,n/a,n/a,n/a,n/a,n/a,n/a,n/a
136,sound_effects,BakedItemEaten,SoundEffects/Eat,n/a,-1,n/a,n/a,n/a,n/a,n/a,n/a,n/a,n/a,n/a,n/a,n/a,n/a,n/a,n/a,n/a,n/a,n/a,n/a,n/a
84,sound_effects,FeedUnit,SoundEffects/Eat,n/a,-1,n/a,n/a,n/a,n/a,n/a,n/a,n/a,n/a,n/a,n/a,n/a,n/a,n/a,n/a,n/a,n/a,n/a,n/a,n/a
109,sound_effects,FriedItemEaten,SoundEffects/Eat,n/a,-1,n/a,n/a,n/a,n/a,n/a,n/a,n/a,n/a,n/a,n/a,n/a,n/a,n/a,n/a,n/a,n/a,n/a,n/a,n/a
101,sound_effects,GardenCropEaten,SoundEffects/Eat,n/a,-1,n/a,n/a,n/a,n/a,n/a,n/a,n/a,n/a,n/a,n/a,n/a,n/a,n/a,n/a,n/a,n/a,n/a,n/a,n/a
102,sound_effects,GrilledItemEaten,SoundEffects/Eat,n/a,-1,n/a,n/a,n/a,n/a,n/a,n/a,n/a,n/a,n/a,n/a,n/a,n/a,n/a,n/a,n/a,n/a,n/a,n/a,n/a
135,sound_effects,IceCreamEaten,SoundEffects/Eat,n/a,-1,n/a,n/a,n/a,n/a,n/a,n/a,n/a,n/a,n/a,n/a,n/a,n/a,n/a,n/a,n/a,n/a,n/a,n/a,n/a
117,sound_effects,SoupItemEaten,SoundEffects/Eat,n/a,-1,n/a,n/a,n/a,n/a,n/a,n/a,n/a,n/a,n/a,n/a,n/a,n/a,n/a,n/a,n/a,n/a,n/a,n/a,n/a
113,sound_effects,VeggieItemEaten,SoundEffects/Eat,n/a,-1,n/a,n/a,n/a,n/a,n/a,n/a,n/a,n/a,n/a,n/a,n/a,n/a,n/a,n/a,n/a,n/a,n/a,n/a,n/a
38,sound_effects,Error,SoundEffects/Error,n/a,-1,n/a,n/a,n/a,n/a,n/a,n/a,n/a,n/a,n/a,n/a,n/a,n/a,n/a,n/a,n/a,n/a,n/a,n/a,n/a
137,sound_effects,FlowersGiven,SoundEffects/Flowers,n/a,-1,n/a,n/a,n/a,n/a,n/a,n/a,n/a,n/a,n/a,n/a,n/a,n/a,n/a,n/a,n/a,n/a,n/a,n/a,n/a
36,sound_effects,Accept,SoundEffects/GenericCloseWindow,n/a,-1,n/a,n/a,n/a,n/a,n/a,n/a,n/a,n/a,n/a,n/a,n/a,n/a,n/a,n/a,n/a,n/a,n/a,n/a,n/a
195,sound_effects,CloseFoundItemDialog,SoundEffects/GenericCloseWindow,n/a,-1,n/a,n/a,n/a,n/a,n/a,n/a,n/a,n/a,n/a,n/a,n/a,n/a,n/a,n/a,n/a,n/a,n/a,n/a,n/a
52,sound_effects,CloseIngredientWidget,SoundEffects/GenericCloseWindow,n/a,-1,n/a,n/a,n/a,n/a,n/a,n/a,n/a,n/a,n/a,n/a,n/a,n/a,n/a,n/a,n/a,n/a,n/a,n/a,n/a
194,sound_effects,CloseLevelUpDialog,SoundEffects/GenericCloseWindow,n/a,-1,n/a,n/a,n/a,n/a,n/a,n/a,n/a,n/a,n/a,n/a,n/a,n/a,n/a,n/a,n/a,n/a,n/a,n/a,n/a
193,sound_effects,CloseQuestDialog,SoundEffects/GenericCloseWindow,n/a,-1,n/a,n/a,n/a,n/a,n/a,n/a,n/a,n/a,n/a,n/a,n/a,n/a,n/a,n/a,n/a,n/a,n/a,n/a,n/a
53,sound_effects,OpenTasksDefault,SoundEffects/GenericCloseWindow,n/a,-1,n/a,n/a,n/a,n/a,n/a,n/a,n/a,n/a,n/a,n/a,n/a,n/a,n/a,n/a,n/a,n/a,n/a,n/a,n/a
196,sound_effects,SelectSimulated,SoundEffects/GenericCloseWindow,n/a,-1,n/a,n/a,n/a,n/a,n/a,n/a,n/a,n/a,n/a,n/a,n/a,n/a,n/a,n/a,n/a,n/a,n/a,n/a,n/a
66,sound_effects,SwitchTab,SoundEffects/GenericCloseWindow,n/a,-1,n/a,n/a,n/a,n/a,n/a,n/a,n/a,n/a,n/a,n/a,n/a,n/a,n/a,n/a,n/a,n/a,n/a,n/a,n/a
54,sound_effects,TaskSelected,SoundEffects/GenericCloseWindow,n/a,-1,n/a,n/a,n/a,n/a,n/a,n/a,n/a,n/a,n/a,n/a,n/a,n/a,n/a,n/a,n/a,n/a,n/a,n/a,n/a
153,sound_effects,Dialog_QuestStatus,SoundEffects/GenericOpenWindow,n/a,-1,n/a,n/a,n/a,n/a,n/a,n/a,n/a,n/a,n/a,n/a,n/a,n/a,n/a,n/a,n/a,n/a,n/a,n/a,n/a
71,sound_effects,OpenGalleyGrubMenu,SoundEffects/GenericOpenWindow,n/a,-1,n/a,n/a,n/a,n/a,n/a,n/a,n/a,n/a,n/a,n/a,n/a,n/a,n/a,n/a,n/a,n/a,n/a,n/a,n/a
51,sound_effects,OpenIngredientWidget,SoundEffects/GenericOpenWindow,n/a,-1,n/a,n/a,n/a,n/a,n/a,n/a,n/a,n/a,n/a,n/a,n/a,n/a,n/a,n/a,n/a,n/a,n/a,n/a,n/a
94,sound_effects,BuildingCollected,SoundEffects/Happiness,n/a,-1,n/a,n/a,n/a,n/a,n/a,n/a,n/a,n/a,n/a,n/a,n/a,n/a,n/a,n/a,n/a,n/a,n/a,n/a,n/a
171,sound_effects,Dialog_Explanation,SoundEffects/Happiness,n/a,-1,n/a,n/a,n/a,n/a,n/a,n/a,n/a,n/a,n/a,n/a,n/a,n/a,n/a,n/a,n/a,n/a,n/a,n/a,n/a
160,sound_effects,Dialog_FoundItem,SoundEffects/Happiness,n/a,-1,n/a,n/a,n/a,n/a,n/a,n/a,n/a,n/a,n/a,n/a,n/a,n/a,n/a,n/a,n/a,n/a,n/a,n/a,n/a
96,sound_effects,JellyFishJuiceCollected,SoundEffects/Happiness,n/a,-1,n/a,n/a,n/a,n/a,n/a,n/a,n/a,n/a,n/a,n/a,n/a,n/a,n/a,n/a,n/a,n/a,n/a,n/a,n/a
92,sound_effects,MovieCollected,SoundEffects/Happiness,n/a,-1,n/a,n/a,n/a,n/a,n/a,n/a,n/a,n/a,n/a,n/a,n/a,n/a,n/a,n/a,n/a,n/a,n/a,n/a,n/a
91,sound_effects,XPCollected,SoundEffects/Happiness,n/a,-1,n/a,n/a,n/a,n/a,n/a,n/a,n/a,n/a,n/a,n/a,n/a,n/a,n/a,n/a,n/a,n/a,n/a,n/a,n/a
75,sound_effects,ItemDropBounce,SoundEffects/ItemDropBounce,n/a,-1,n/a,n/a,n/a,n/a,n/a,n/a,n/a,n/a,n/a,n/a,n/a,n/a,n/a,n/a,n/a,n/a,n/a,n/a,n/a
9,sound_effects,bake_button,SoundEffects/newSounds/bake_button,n/a,-1,n/a,n/a,n/a,n/a,n/a,n/a,n/a,n/a,n/a,n/a,n/a,n/a,n/a,n/a,n/a,n/a,n/a,n/a,n/a
10,sound_effects,checkbox,SoundEffects/newSounds/checkbox,n/a,-1,n/a,n/a,n/a,n/a,n/a,n/a,n/a,n/a,n/a,n/a,n/a,n/a,n/a,n/a,n/a,n/a,n/a,n/a,n/a
44,sound_effects,HighlightItem,SoundEffects/newSounds/checkbox,n/a,-1,n/a,n/a,n/a,n/a,n/a,n/a,n/a,n/a,n/a,n/a,n/a,n/a,n/a,n/a,n/a,n/a,n/a,n/a,n/a
88,sound_effects,PlaceBuilding,SoundEffects/newSounds/checkbox,n/a,-1,n/a,n/a,n/a,n/a,n/a,n/a,n/a,n/a,n/a,n/a,n/a,n/a,n/a,n/a,n/a,n/a,n/a,n/a,n/a
11,sound_effects,coin_big,SoundEffects/newSounds/coin_big,n/a,-1,n/a,n/a,n/a,n/a,n/a,n/a,n/a,n/a,n/a,n/a,n/a,n/a,n/a,n/a,n/a,n/a,n/a,n/a,n/a
12,sound_effects,coin_single,SoundEffects/newSounds/coin_single,n/a,-1,n/a,n/a,n/a,n/a,n/a,n/a,n/a,n/a,n/a,n/a,n/a,n/a,n/a,n/a,n/a,n/a,n/a,n/a,n/a
120,sound_effects,BakedItemCollected,SoundEffects/newSounds/collect_finished_food,n/a,-1,n/a,n/a,n/a,n/a,n/a,n/a,n/a,n/a,n/a,n/a,n/a,n/a,n/a,n/a,n/a,n/a,n/a,n/a,n/a
13,sound_effects,collect_finished_food,SoundEffects/newSounds/collect_finished_food,n/a,-1,n/a,n/a,n/a,n/a,n/a,n/a,n/a,n/a,n/a,n/a,n/a,n/a,n/a,n/a,n/a,n/a,n/a,n/a,n/a
123,sound_effects,FlowerItemCollected,SoundEffects/newSounds/collect_finished_food,n/a,-1,n/a,n/a,n/a,n/a,n/a,n/a,n/a,n/a,n/a,n/a,n/a,n/a,n/a,n/a,n/a,n/a,n/a,n/a,n/a
108,sound_effects,FriedItemCollected,SoundEffects/newSounds/collect_finished_food,n/a,-1,n/a,n/a,n/a,n/a,n/a,n/a,n/a,n/a,n/a,n/a,n/a,n/a,n/a,n/a,n/a,n/a,n/a,n/a,n/a
107,sound_effects,FriedItemReady,SoundEffects/newSounds/collect_finished_food,n/a,-1,n/a,n/a,n/a,n/a,n/a,n/a,n/a,n/a,n/a,n/a,n/a,n/a,n/a,n/a,n/a,n/a,n/a,n/a,n/a
104,sound_effects,GrilledItemCollected,SoundEffects/newSounds/collect_finished_food,n/a,-1,n/a,n/a,n/a,n/a,n/a,n/a,n/a,n/a,n/a,n/a,n/a,n/a,n/a,n/a,n/a,n/a,n/a,n/a,n/a
103,sound_effects,GrilledItemReady,SoundEffects/newSounds/collect_finished_food,n/a,-1,n/a,n/a,n/a,n/a,n/a,n/a,n/a,n/a,n/a,n/a,n/a,n/a,n/a,n/a,n/a,n/a,n/a,n/a,n/a
90,sound_effects,ItemCollected,SoundEffects/newSounds/collect_finished_food,n/a,-1,n/a,n/a,n/a,n/a,n/a,n/a,n/a,n/a,n/a,n/a,n/a,n/a,n/a,n/a,n/a,n/a,n/a,n/a,n/a
126,sound_effects,PerfumeItemCollected,SoundEffects/newSounds/collect_finished_food,n/a,-1,n/a,n/a,n/a,n/a,n/a,n/a,n/a,n/a,n/a,n/a,n/a,n/a,n/a,n/a,n/a,n/a,n/a,n/a,n/a
116,sound_effects,SoupItemCollected,SoundEffects/newSounds/collect_finished_food,n/a,-1,n/a,n/a,n/a,n/a,n/a,n/a,n/a,n/a,n/a,n/a,n/a,n/a,n/a,n/a,n/a,n/a,n/a,n/a,n/a
115,sound_effects,SoupItemReady,SoundEffects/newSounds/collect_finished_food,n/a,-1,n/a,n/a,n/a,n/a,n/a,n/a,n/a,n/a,n/a,n/a,n/a,n/a,n/a,n/a,n/a,n/a,n/a,n/a,n/a
129,sound_effects,StinkyItemCollected,SoundEffects/newSounds/collect_finished_food,n/a,-1,n/a,n/a,n/a,n/a,n/a,n/a,n/a,n/a,n/a,n/a,n/a,n/a,n/a,n/a,n/a,n/a,n/a,n/a,n/a
112,sound_effects,VeggieItemCollected,SoundEffects/newSounds/collect_finished_food,n/a,-1,n/a,n/a,n/a,n/a,n/a,n/a,n/a,n/a,n/a,n/a,n/a,n/a,n/a,n/a,n/a,n/a,n/a,n/a,n/a
14,sound_effects,collect_ingredients,SoundEffects/newSounds/collect_ingredients,n/a,-1,n/a,n/a,n/a,n/a,n/a,n/a,n/a,n/a,n/a,n/a,n/a,n/a,n/a,n/a,n/a,n/a,n/a,n/a,n/a
100,sound_effects,GardenCropCollected,SoundEffects/newSounds/collect_ingredients,n/a,-1,n/a,n/a,n/a,n/a,n/a,n/a,n/a,n/a,n/a,n/a,n/a,n/a,n/a,n/a,n/a,n/a,n/a,n/a,n/a
99,sound_effects,GardenCropReady,SoundEffects/newSounds/collect_ingredients,n/a,-1,n/a,n/a,n/a,n/a,n/a,n/a,n/a,n/a,n/a,n/a,n/a,n/a,n/a,n/a,n/a,n/a,n/a,n/a,n/a
15,sound_effects,error_not_enough_money,SoundEffects/newSounds/error_not_enough_money,n/a,-1,n/a,n/a,n/a,n/a,n/a,n/a,n/a,n/a,n/a,n/a,n/a,n/a,n/a,n/a,n/a,n/a,n/a,n/a,n/a
16,sound_effects,error_not_enough_resources,SoundEffects/newSounds/error_not_enough_resources,n/a,-1,n/a,n/a,n/a,n/a,n/a,n/a,n/a,n/a,n/a,n/a,n/a,n/a,n/a,n/a,n/a,n/a,n/a,n/a,n/a
192,sound_effects,Dialog_Expansion,SoundEffects/newSounds/expand_land,n/a,-1,n/a,n/a,n/a,n/a,n/a,n/a,n/a,n/a,n/a,n/a,n/a,n/a,n/a,n/a,n/a,n/a,n/a,n/a,n/a
17,sound_effects,expand_land,SoundEffects/newSounds/expand_land,n/a,-1,n/a,n/a,n/a,n/a,n/a,n/a,n/a,n/a,n/a,n/a,n/a,n/a,n/a,n/a,n/a,n/a,n/a,n/a,n/a
18,sound_effects,feed_spongebob,SoundEffects/newSounds/feed_spongebob,n/a,-1,n/a,n/a,n/a,n/a,n/a,n/a,n/a,n/a,n/a,n/a,n/a,n/a,n/a,n/a,n/a,n/a,n/a,n/a,n/a
19,sound_effects,grab_wish,SoundEffects/newSounds/grab_wish,n/a,-1,n/a,n/a,n/a,n/a,n/a,n/a,n/a,n/a,n/a,n/a,n/a,n/a,n/a,n/a,n/a,n/a,n/a,n/a,n/a
20,sound_effects,happiness_star_bounce,SoundEffects/newSounds/happiness_star_bounce,n/a,-1,n/a,n/a,n/a,n/a,n/a,n/a,n/a,n/a,n/a,n/a,n/a,n/a,n/a,n/a,n/a,n/a,n/a,n/a,n/a
21,sound_effects,lettuce_ready,SoundEffects/newSounds/lettuce_ready,n/a,-1,n/a,n/a,n/a,n/a,n/a,n/a,n/a,n/a,n/a,n/a,n/a,n/a,n/a,n/a,n/a,n/a,n/a,n/a,n/a
22,sound_effects,new_wish,SoundEffects/newSounds/new_wish,n/a,-1,n/a,n/a,n/a,n/a,n/a,n/a,n/a,n/a,n/a,n/a,n/a,n/a,n/a,n/a,n/a,n/a,n/a,n/a,n/a
23,sound_effects,quest_bubbles,SoundEffects/newSounds/quest_bubbles,n/a,-1,n/a,n/a,n/a,n/a,n/a,n/a,n/a,n/a,n/a,n/a,n/a,n/a,n/a,n/a,n/a,n/a,n/a,n/a,n/a
24,sound_effects,scrolling,SoundEffects/newSounds/scrolling,n/a,-1,n/a,n/a,n/a,n/a,n/a,n/a,n/a,n/a,n/a,n/a,n/a,n/a,n/a,n/a,n/a,n/a,n/a,n/a,n/a
25,sound_effects,special_item_bounce,SoundEffects/newSounds/special_item_bounce,n/a,-1,n/a,n/a,n/a,n/a,n/a,n/a,n/a,n/a,n/a,n/a,n/a,n/a,n/a,n/a,n/a,n/a,n/a,n/a,n/a
26,sound_effects,tap_screen,SoundEffects/newSounds/tap_screen,n/a,-1,n/a,n/a,n/a,n/a,n/a,n/a,n/a,n/a,n/a,n/a,n/a,n/a,n/a,n/a,n/a,n/a,n/a,n/a,n/a
27,sound_effects,tap_screen2,SoundEffects/newSounds/tap_screen2,n/a,-1,n/a,n/a,n/a,n/a,n/a,n/a,n/a,n/a,n/a,n/a,n/a,n/a,n/a,n/a,n/a,n/a,n/a,n/a,n/a
28,sound_effects,tomato_ready,SoundEffects/newSounds/tomato_ready,n/a,-1,n/a,n/a,n/a,n/a,n/a,n/a,n/a,n/a,n/a,n/a,n/a,n/a,n/a,n/a,n/a,n/a,n/a,n/a,n/a
29,sound_effects,touch_seaweed,SoundEffects/newSounds/touch_seaweed,n/a,-1,n/a,n/a,n/a,n/a,n/a,n/a,n/a,n/a,n/a,n/a,n/a,n/a,n/a,n/a,n/a,n/a,n/a,n/a,n/a
197,sound_effects,TouchSimulated,SoundEffects/newSounds/touch_seaweed,n/a,-1,n/a,n/a,n/a,n/a,n/a,n/a,n/a,n/a,n/a,n/a,n/a,n/a,n/a,n/a,n/a,n/a,n/a,n/a,n/a
30,sound_effects,touch_seaweed2,SoundEffects/newSounds/touch_seaweed2,n/a,-1,n/a,n/a,n/a,n/a,n/a,n/a,n/a,n/a,n/a,n/a,n/a,n/a,n/a,n/a,n/a,n/a,n/a,n/a,n/a
31,sound_effects,touch_seaweed3,SoundEffects/newSounds/touch_seaweed3,n/a,-1,n/a,n/a,n/a,n/a,n/a,n/a,n/a,n/a,n/a,n/a,n/a,n/a,n/a,n/a,n/a,n/a,n/a,n/a,n/a
32,sound_effects,tutorial_arrow,SoundEffects/newSounds/tutorial_arrow,n/a,-1,n/a,n/a,n/a,n/a,n/a,n/a,n/a,n/a,n/a,n/a,n/a,n/a,n/a,n/a,n/a,n/a,n/a,n/a,n/a
33,sound_effects,underwater_loop,SoundEffects/newSounds/underwater_loop,n/a,-1,n/a,n/a,n/a,n/a,n/a,n/a,n/a,n/a,n/a,n/a,n/a,n/a,n/a,n/a,n/a,n/a,n/a,n/a,n/a
688,sound_effects,PirateTheme,SoundEffects/PirateTheme,n/a,-1,n/a,n/a,n/a,n/a,n/a,n/a,n/a,n/a,n/a,n/a,n/a,n/a,n/a,n/a,n/a,n/a,n/a,n/a,n/a
62,sound_effects,ConfettiPop,SoundEffects/Pop,n/a,-1,n/a,n/a,n/a,n/a,n/a,n/a,n/a,n/a,n/a,n/a,n/a,n/a,n/a,n/a,n/a,n/a,n/a,n/a,n/a
690,sound_effects,EditModePickup,SoundEffects/Pop,n/a,-1,n/a,n/a,n/a,n/a,n/a,n/a,n/a,n/a,n/a,n/a,n/a,n/a,n/a,n/a,n/a,n/a,n/a,n/a,n/a
689,sound_effects,EditModePlace,SoundEffects/Pop,n/a,-1,n/a,n/a,n/a,n/a,n/a,n/a,n/a,n/a,n/a,n/a,n/a,n/a,n/a,n/a,n/a,n/a,n/a,n/a,n/a
69,sound_effects,Pickup,SoundEffects/Pop,n/a,-1,n/a,n/a,n/a,n/a,n/a,n/a,n/a,n/a,n/a,n/a,n/a,n/a,n/a,n/a,n/a,n/a,n/a,n/a,n/a
74,sound_effects,PopResourceBubble,SoundEffects/Pop,n/a,-1,n/a,n/a,n/a,n/a,n/a,n/a,n/a,n/a,n/a,n/a,n/a,n/a,n/a,n/a,n/a,n/a,n/a,n/a,n/a
147,sound_effects,ProducingBuildingTap,SoundEffects/Pop,n/a,-1,n/a,n/a,n/a,n/a,n/a,n/a,n/a,n/a,n/a,n/a,n/a,n/a,n/a,n/a,n/a,n/a,n/a,n/a,n/a
68,sound_effects,Rotate,SoundEffects/Pop,n/a,-1,n/a,n/a,n/a,n/a,n/a,n/a,n/a,n/a,n/a,n/a,n/a,n/a,n/a,n/a,n/a,n/a,n/a,n/a,n/a
61,sound_effects,SeaflowerWipe,SoundEffects/Pop,n/a,-1,n/a,n/a,n/a,n/a,n/a,n/a,n/a,n/a,n/a,n/a,n/a,n/a,n/a,n/a,n/a,n/a,n/a,n/a,n/a
77,sound_effects,SomewhatTempted,SoundEffects/Pop,n/a,-1,n/a,n/a,n/a,n/a,n/a,n/a,n/a,n/a,n/a,n/a,n/a,n/a,n/a,n/a,n/a,n/a,n/a,n/a,n/a
146,sound_effects,TaskRewardTap,SoundEffects/Pop,n/a,-1,n/a,n/a,n/a,n/a,n/a,n/a,n/a,n/a,n/a,n/a,n/a,n/a,n/a,n/a,n/a,n/a,n/a,n/a,n/a
78,sound_effects,VeryTempted,SoundEffects/Pop,n/a,-1,n/a,n/a,n/a,n/a,n/a,n/a,n/a,n/a,n/a,n/a,n/a,n/a,n/a,n/a,n/a,n/a,n/a,n/a,n/a
59,sound_effects,AcceptPlacementDecoration,SoundEffects/Pop_2,n/a,-1,n/a,n/a,n/a,n/a,n/a,n/a,n/a,n/a,n/a,n/a,n/a,n/a,n/a,n/a,n/a,n/a,n/a,n/a,n/a
58,sound_effects,AcceptPlacementGarden,SoundEffects/Pop_2,n/a,-1,n/a,n/a,n/a,n/a,n/a,n/a,n/a,n/a,n/a,n/a,n/a,n/a,n/a,n/a,n/a,n/a,n/a,n/a,n/a
57,sound_effects,AcceptPlacementTree,SoundEffects/Pop_2,n/a,-1,n/a,n/a,n/a,n/a,n/a,n/a,n/a,n/a,n/a,n/a,n/a,n/a,n/a,n/a,n/a,n/a,n/a,n/a,n/a
143,sound_effects,TapFallenBuildingItem,SoundEffects/Pop_2,n/a,-1,n/a,n/a,n/a,n/a,n/a,n/a,n/a,n/a,n/a,n/a,n/a,n/a,n/a,n/a,n/a,n/a,n/a,n/a,n/a
142,sound_effects,TapFallenItem,SoundEffects/Pop_2,n/a,-1,n/a,n/a,n/a,n/a,n/a,n/a,n/a,n/a,n/a,n/a,n/a,n/a,n/a,n/a,n/a,n/a,n/a,n/a,n/a
144,sound_effects,TapFallenMovieItem,SoundEffects/Pop_2,n/a,-1,n/a,n/a,n/a,n/a,n/a,n/a,n/a,n/a,n/a,n/a,n/a,n/a,n/a,n/a,n/a,n/a,n/a,n/a,n/a
145,sound_effects,TapFallenRecipeItem,SoundEffects/Pop_2,n/a,-1,n/a,n/a,n/a,n/a,n/a,n/a,n/a,n/a,n/a,n/a,n/a,n/a,n/a,n/a,n/a,n/a,n/a,n/a,n/a
63,sound_effects,Purchase,SoundEffects/Purchase,n/a,-1,n/a,n/a,n/a,n/a,n/a,n/a,n/a,n/a,n/a,n/a,n/a,n/a,n/a,n/a,n/a,n/a,n/a,n/a,n/a
65,sound_effects,PurchaseExpansion,SoundEffects/Purchase,n/a,-1,n/a,n/a,n/a,n/a,n/a,n/a,n/a,n/a,n/a,n/a,n/a,n/a,n/a,n/a,n/a,n/a,n/a,n/a,n/a
64,sound_effects,PurchaseHardCurrency,SoundEffects/Purchase,n/a,-1,n/a,n/a,n/a,n/a,n/a,n/a,n/a,n/a,n/a,n/a,n/a,n/a,n/a,n/a,n/a,n/a,n/a,n/a,n/a
98,sound_effects,PlacePavement,SoundEffects/RoadPlacement,n/a,-1,n/a,n/a,n/a,n/a,n/a,n/a,n/a,n/a,n/a,n/a,n/a,n/a,n/a,n/a,n/a,n/a,n/a,n/a,n/a
325,sound_effects,Banjo,SoundEffects/SB_BANJO_FX,n/a,-1,n/a,n/a,n/a,n/a,n/a,n/a,n/a,n/a,n/a,n/a,n/a,n/a,n/a,n/a,n/a,n/a,n/a,n/a,n/a
60,sound_effects,BubbleWipe,SoundEffects/SB_CASH_REGISTER_FX,n/a,-1,n/a,n/a,n/a,n/a,n/a,n/a,n/a,n/a,n/a,n/a,n/a,n/a,n/a,n/a,n/a,n/a,n/a,n/a,n/a
289,sound_effects,CashRegister,SoundEffects/SB_CASH_REGISTER_FX,n/a,-1,n/a,n/a,n/a,n/a,n/a,n/a,n/a,n/a,n/a,n/a,n/a,n/a,n/a,n/a,n/a,n/a,n/a,n/a,n/a
292,sound_effects,WellCoinDrop,SoundEffects/SB_CoinWellDrop,n/a,-1,n/a,n/a,n/a,n/a,n/a,n/a,n/a,n/a,n/a,n/a,n/a,n/a,n/a,n/a,n/a,n/a,n/a,n/a,n/a
321,sound_effects,HeartMonitor,SoundEffects/SB_Heart_Monitor,n/a,-1,n/a,n/a,n/a,n/a,n/a,n/a,n/a,n/a,n/a,n/a,n/a,n/a,n/a,n/a,n/a,n/a,n/a,n/a,n/a
328,sound_effects,JailClose,SoundEffects/SB_JAIL_CLOSE_FX,n/a,-1,n/a,n/a,n/a,n/a,n/a,n/a,n/a,n/a,n/a,n/a,n/a,n/a,n/a,n/a,n/a,n/a,n/a,n/a,n/a
317,sound_effects,MapOpen,SoundEffects/SB_MAP_OPEN_FX,n/a,-1,n/a,n/a,n/a,n/a,n/a,n/a,n/a,n/a,n/a,n/a,n/a,n/a,n/a,n/a,n/a,n/a,n/a,n/a,n/a
141,sound_effects,MovieDropExplodeInPlace,SoundEffects/SB_MovieProjector,n/a,-1,n/a,n/a,n/a,n/a,n/a,n/a,n/a,n/a,n/a,n/a,n/a,n/a,n/a,n/a,n/a,n/a,n/a,n/a,n/a
323,sound_effects,MovieProjector,SoundEffects/SB_MovieProjector,n/a,-1,n/a,n/a,n/a,n/a,n/a,n/a,n/a,n/a,n/a,n/a,n/a,n/a,n/a,n/a,n/a,n/a,n/a,n/a,n/a
318,sound_effects,JellyfishNet,SoundEffects/SB_NET_FX,n/a,-1,n/a,n/a,n/a,n/a,n/a,n/a,n/a,n/a,n/a,n/a,n/a,n/a,n/a,n/a,n/a,n/a,n/a,n/a,n/a
290,sound_effects,OrderUpBell,SoundEffects/SB_ORDER_UP_BELL,n/a,-1,n/a,n/a,n/a,n/a,n/a,n/a,n/a,n/a,n/a,n/a,n/a,n/a,n/a,n/a,n/a,n/a,n/a,n/a,n/a
288,sound_effects,OvenTimer,SoundEffects/SB_OVEN_TIMER_DING_FX,n/a,-1,n/a,n/a,n/a,n/a,n/a,n/a,n/a,n/a,n/a,n/a,n/a,n/a,n/a,n/a,n/a,n/a,n/a,n/a,n/a
327,sound_effects,PoliceSiren,SoundEffects/SB_Police_Siren,n/a,-1,n/a,n/a,n/a,n/a,n/a,n/a,n/a,n/a,n/a,n/a,n/a,n/a,n/a,n/a,n/a,n/a,n/a,n/a,n/a
322,sound_effects,PotsClang,SoundEffects/SB_POTS_CLANG_FX,n/a,-1,n/a,n/a,n/a,n/a,n/a,n/a,n/a,n/a,n/a,n/a,n/a,n/a,n/a,n/a,n/a,n/a,n/a,n/a,n/a
319,sound_effects,RockingChair,SoundEffects/SB_ROCKING_CHAIR,n/a,-1,n/a,n/a,n/a,n/a,n/a,n/a,n/a,n/a,n/a,n/a,n/a,n/a,n/a,n/a,n/a,n/a,n/a,n/a,n/a
287,sound_effects,SchoolBell,SoundEffects/SB_SCHOOL_BELL_FX,n/a,-1,n/a,n/a,n/a,n/a,n/a,n/a,n/a,n/a,n/a,n/a,n/a,n/a,n/a,n/a,n/a,n/a,n/a,n/a,n/a
324,sound_effects,SpitCan,SoundEffects/SB_SPIT_FX,n/a,-1,n/a,n/a,n/a,n/a,n/a,n/a,n/a,n/a,n/a,n/a,n/a,n/a,n/a,n/a,n/a,n/a,n/a,n/a,n/a
291,sound_effects,StoveFireUp,SoundEffects/SB_STOVE_FIRE_FX,n/a,-1,n/a,n/a,n/a,n/a,n/a,n/a,n/a,n/a,n/a,n/a,n/a,n/a,n/a,n/a,n/a,n/a,n/a,n/a,n/a
326,sound_effects,Weights,SoundEffects/SB_WEIGHTS_FX,n/a,-1,n/a,n/a,n/a,n/a,n/a,n/a,n/a,n/a,n/a,n/a,n/a,n/a,n/a,n/a,n/a,n/a,n/a,n/a,n/a
286,sound_effects,Doorbell,SoundEffects/SFX_Doorbell2,n/a,-1,n/a,n/a,n/a,n/a,n/a,n/a,n/a,n/a,n/a,n/a,n/a,n/a,n/a,n/a,n/a,n/a,n/a,n/a,n/a
152,sound_effects,Beat_JellyfishFields_ComingSoon,SoundEffects/Silence,n/a,-1,n/a,n/a,n/a,n/a,n/a,n/a,n/a,n/a,n/a,n/a,n/a,n/a,n/a,n/a,n/a,n/a,n/a,n/a,n/a
174,sound_effects,Beat_MoveIn,SoundEffects/Silence,n/a,-1,n/a,n/a,n/a,n/a,n/a,n/a,n/a,n/a,n/a,n/a,n/a,n/a,n/a,n/a,n/a,n/a,n/a,n/a,n/a
81,sound_effects,BonusSlotSpin_Complete,SoundEffects/Silence,n/a,-1,n/a,n/a,n/a,n/a,n/a,n/a,n/a,n/a,n/a,n/a,n/a,n/a,n/a,n/a,n/a,n/a,n/a,n/a,n/a
80,sound_effects,BonusSlotSpin_Start,SoundEffects/Silence,n/a,-1,n/a,n/a,n/a,n/a,n/a,n/a,n/a,n/a,n/a,n/a,n/a,n/a,n/a,n/a,n/a,n/a,n/a,n/a,n/a
86,sound_effects,EatComplete,SoundEffects/Silence,n/a,-1,n/a,n/a,n/a,n/a,n/a,n/a,n/a,n/a,n/a,n/a,n/a,n/a,n/a,n/a,n/a,n/a,n/a,n/a,n/a
82,sound_effects,MatchBonus_Ready,SoundEffects/Silence,n/a,-1,n/a,n/a,n/a,n/a,n/a,n/a,n/a,n/a,n/a,n/a,n/a,n/a,n/a,n/a,n/a,n/a,n/a,n/a,n/a
283,sound_effects,Silence,SoundEffects/Silence,n/a,-1,n/a,n/a,n/a,n/a,n/a,n/a,n/a,n/a,n/a,n/a,n/a,n/a,n/a,n/a,n/a,n/a,n/a,n/a,n/a
55,sound_effects,UnveilBuilding,SoundEffects/Silence,n/a,-1,n/a,n/a,n/a,n/a,n/a,n/a,n/a,n/a,n/a,n/a,n/a,n/a,n/a,n/a,n/a,n/a,n/a,n/a,n/a
56,sound_effects,UnveilTree,SoundEffects/Silence,n/a,-1,n/a,n/a,n/a,n/a,n/a,n/a,n/a,n/a,n/a,n/a,n/a,n/a,n/a,n/a,n/a,n/a,n/a,n/a,n/a
138,sound_effects,PerfumeGiven,SoundEffects/Spritz,n/a,-1,n/a,n/a,n/a,n/a,n/a,n/a,n/a,n/a,n/a,n/a,n/a,n/a,n/a,n/a,n/a,n/a,n/a,n/a,n/a
67,sound_effects,Stash,SoundEffects/Stash,n/a,-1,n/a,n/a,n/a,n/a,n/a,n/a,n/a,n/a,n/a,n/a,n/a,n/a,n/a,n/a,n/a,n/a,n/a,n/a,n/a
41,sound_effects,Telephone_Ring,SoundEffects/Telephone_Ring,n/a,-1,n/a,n/a,n/a,n/a,n/a,n/a,n/a,n/a,n/a,n/a,n/a,n/a,n/a,n/a,n/a,n/a,n/a,n/a,n/a
72,sound_effects,CloseGalleyGrubMenu,SoundEffects/WindowClose,n/a,-1,n/a,n/a,n/a,n/a,n/a,n/a,n/a,n/a,n/a,n/a,n/a,n/a,n/a,n/a,n/a,n/a,n/a,n/a,n/a
46,sound_effects,CloseMenu,SoundEffects/WindowClose,n/a,-1,n/a,n/a,n/a,n/a,n/a,n/a,n/a,n/a,n/a,n/a,n/a,n/a,n/a,n/a,n/a,n/a,n/a,n/a,n/a
50,sound_effects,CloseQuestList,SoundEffects/WindowClose,n/a,-1,n/a,n/a,n/a,n/a,n/a,n/a,n/a,n/a,n/a,n/a,n/a,n/a,n/a,n/a,n/a,n/a,n/a,n/a,n/a
73,sound_effects,OpenGardenMenu,SoundEffects/WindowClose,n/a,-1,n/a,n/a,n/a,n/a,n/a,n/a,n/a,n/a,n/a,n/a,n/a,n/a,n/a,n/a,n/a,n/a,n/a,n/a,n/a
45,sound_effects,OpenMenu,SoundEffects/WindowOpen,n/a,-1,n/a,n/a,n/a,n/a,n/a,n/a,n/a,n/a,n/a,n/a,n/a,n/a,n/a,n/a,n/a,n/a,n/a,n/a,n/a
49,sound_effects,OpenQuestList,SoundEffects/WindowOpen,n/a,-1,n/a,n/a,n/a,n/a,n/a,n/a,n/a,n/a,n/a,n/a,n/a,n/a,n/a,n/a,n/a,n/a,n/a,n/a,n/a
76,sound_effects,NotTempted,SoundEffects/Woosh,n/a,-1,n/a,n/a,n/a,n/a,n/a,n/a,n/a,n/a,n/a,n/a,n/a,n/a,n/a,n/a,n/a,n/a,n/a,n/a,n/a
70,sound_effects,Rush,SoundEffects/Woosh,n/a,-1,n/a,n/a,n/a,n/a,n/a,n/a,n/a,n/a,n/a,n/a,n/a,n/a,n/a,n/a,n/a,n/a,n/a,n/a,n/a
430,sound_effects,Citizen_Hey,VO/EN/Bottomite1_16_EN,n/a,-1,n/a,n/a,n/a,n/a,n/a,n/a,n/a,n/a,n/a,n/a,n/a,n/a,n/a,n/a,n/a,n/a,n/a,n/a,n/a
431,sound_effects,Citizen_Ouch,VO/EN/Bottomite1_17_EN,n/a,-1,n/a,n/a,n/a,n/a,n/a,n/a,n/a,n/a,n/a,n/a,n/a,n/a,n/a,n/a,n/a,n/a,n/a,n/a,n/a
432,sound_effects,Citizen_WatchWhereTapping,VO/EN/Bottomite1_18_EN,n/a,-1,n/a,n/a,n/a,n/a,n/a,n/a,n/a,n/a,n/a,n/a,n/a,n/a,n/a,n/a,n/a,n/a,n/a,n/a,n/a
433,sound_effects,Citizen_ThatTickles,VO/EN/Bottomite1_19_EN,n/a,-1,n/a,n/a,n/a,n/a,n/a,n/a,n/a,n/a,n/a,n/a,n/a,n/a,n/a,n/a,n/a,n/a,n/a,n/a,n/a
434,sound_effects,Citizen_Ow,VO/EN/Bottomite1_20_EN,n/a,-1,n/a,n/a,n/a,n/a,n/a,n/a,n/a,n/a,n/a,n/a,n/a,n/a,n/a,n/a,n/a,n/a,n/a,n/a,n/a
548,sound_effects,Reg_MoveIn,VO/EN/Reg_6_EN,n/a,-1,n/a,n/a,n/a,n/a,n/a,n/a,n/a,n/a,n/a,n/a,n/a,n/a,n/a,n/a,n/a,n/a,n/a,n/a,n/a
562,sound_effects,Sandy_MoveIn,VO/EN/Sandy_7,n/a,-1,n/a,n/a,n/a,n/a,n/a,n/a,n/a,n/a,n/a,n/a,n/a,n/a,n/a,n/a,n/a,n/a,n/a,n/a,n/a
692,sound_effects,SB_HappyHolidays,VO/EN/SB912_EN,n/a,-1,n/a,n/a,n/a,n/a,n/a,n/a,n/a,n/a,n/a,n/a,n/a,n/a,n/a,n/a,n/a,n/a,n/a,n/a,n/a
693,sound_effects,SB_MerryChristmas,VO/EN/SB922_EN,n/a,-1,n/a,n/a,n/a,n/a,n/a,n/a,n/a,n/a,n/a,n/a,n/a,n/a,n/a,n/a,n/a,n/a,n/a,n/a,n/a
694,sound_effects,SB_WeGotPresents,VO/EN/SB923_EN,n/a,-1,n/a,n/a,n/a,n/a,n/a,n/a,n/a,n/a,n/a,n/a,n/a,n/a,n/a,n/a,n/a,n/a,n/a,n/a,n/a
695,sound_effects,SB_SendFriendsGifts,VO/EN/SB924_EN,n/a,-1,n/a,n/a,n/a,n/a,n/a,n/a,n/a,n/a,n/a,n/a,n/a,n/a,n/a,n/a,n/a,n/a,n/a,n/a,n/a
696,sound_effects,SB_HoHoHo,VO/EN/SB925_EN,n/a,-1,n/a,n/a,n/a,n/a,n/a,n/a,n/a,n/a,n/a,n/a,n/a,n/a,n/a,n/a,n/a,n/a,n/a,n/a,n/a
697,sound_effects,SB_LookingFestive,VO/EN/SB926_EN,n/a,-1,n/a,n/a,n/a,n/a,n/a,n/a,n/a,n/a,n/a,n/a,n/a,n/a,n/a,n/a,n/a,n/a,n/a,n/a,n/a
698,sound_effects,SB_LookMistletoe,VO/EN/SB927_EN,n/a,-1,n/a,n/a,n/a,n/a,n/a,n/a,n/a,n/a,n/a,n/a,n/a,n/a,n/a,n/a,n/a,n/a,n/a,n/a,n/a
699,sound_effects,SB_PatrickMistletoe,VO/EN/SB928_EN,n/a,-1,n/a,n/a,n/a,n/a,n/a,n/a,n/a,n/a,n/a,n/a,n/a,n/a,n/a,n/a,n/a,n/a,n/a,n/a,n/a
700,sound_effects,SB_SnowballFight,VO/EN/SB929_EN,n/a,-1,n/a,n/a,n/a,n/a,n/a,n/a,n/a,n/a,n/a,n/a,n/a,n/a,n/a,n/a,n/a,n/a,n/a,n/a,n/a
701,sound_effects,SB_BuildASnowman,VO/EN/SB930_EN,n/a,-1,n/a,n/a,n/a,n/a,n/a,n/a,n/a,n/a,n/a,n/a,n/a,n/a,n/a,n/a,n/a,n/a,n/a,n/a,n/a
8,sound_effects,BuildingReady,VO/EN/SFX_BuildingReady_EN,n/a,-1,n/a,n/a,n/a,n/a,n/a,n/a,n/a,n/a,n/a,n/a,n/a,n/a,n/a,n/a,n/a,n/a,n/a,n/a,n/a
175,sound_effects,Dialog_LevelUp,VO/EN/SFX_FanFare_EN,n/a,-1,n/a,n/a,n/a,n/a,n/a,n/a,n/a,n/a,n/a,n/a,n/a,n/a,n/a,n/a,n/a,n/a,n/a,n/a,n/a
43,sound_effects,GrillSizzle,VO/EN/SFX_Grill_EN,n/a,-1,n/a,n/a,n/a,n/a,n/a,n/a,n/a,n/a,n/a,n/a,n/a,n/a,n/a,n/a,n/a,n/a,n/a,n/a,n/a
154,sound_effects,Dialog_QuestComplete,VO/EN/SFX_QuestComplete_EN,n/a,-1,n/a,n/a,n/a,n/a,n/a,n/a,n/a,n/a,n/a,n/a,n/a,n/a,n/a,n/a,n/a,n/a,n/a,n/a,n/a
150,sound_effects,Dialog_QuestStart,VO/EN/SFX_QuestStart_EN,n/a,-1,n/a,n/a,n/a,n/a,n/a,n/a,n/a,n/a,n/a,n/a,n/a,n/a,n/a,n/a,n/a,n/a,n/a,n/a,n/a
34,sound_effects,wish_flies,VO/EN/SFX_wish_flies_EN,n/a,-1,n/a,n/a,n/a,n/a,n/a,n/a,n/a,n/a,n/a,n/a,n/a,n/a,n/a,n/a,n/a,n/a,n/a,n/a,n/a
482,sound_effects,Squidward_MoveIn,VO/EN/Squidward_7,n/a,-1,n/a,n/a,n/a,n/a,n/a,n/a,n/a,n/a,n/a,n/a,n/a,n/a,n/a,n/a,n/a,n/a,n/a,n/a,n/a
563,sound_effects,Squilliam_MoveIn,VO/EN/SquilliamFancyson_6,n/a,-1,n/a,n/a,n/a,n/a,n/a,n/a,n/a,n/a,n/a,n/a,n/a,n/a,n/a,n/a,n/a,n/a,n/a,n/a,n/a
320,sound_effects,FanFareExample,VO/EXT/SFX_FanFare,n/a,-1,n/a,n/a,n/a,n/a,n/a,n/a,n/a,n/a,n/a,n/a,n/a,n/a,n/a,n/a,n/a,n/a,n/a,n/a,n/a
35,sound_effects,wish_flies2,VO/EXT/SFX_wish_flies,n/a,-1,n/a,n/a,n/a,n/a,n/a,n/a,n/a,n/a,n/a,n/a,n/a,n/a,n/a,n/a,n/a,n/a,n/a,n/a,n/a
339,sound_effects,BB_LaughBrief,VO/EN/BB_186_EN,barnacleboy,-1,n/a,n/a,n/a,n/a,n/a,n/a,n/a,n/a,n/a,n/a,n/a,n/a,n/a,n/a,n/a,n/a,n/a,n/a,n/a
340,sound_effects,BB_CutItOut,VO/EN/BB_192_EN,barnacleboy,-1,n/a,n/a,n/a,n/a,n/a,n/a,n/a,n/a,n/a,n/a,n/a,n/a,n/a,n/a,n/a,n/a,n/a,n/a,n/a
341,sound_effects,BB_DagnabbitStop,VO/EN/BB_195_EN,barnacleboy,-1,n/a,n/a,n/a,n/a,n/a,n/a,n/a,n/a,n/a,n/a,n/a,n/a,n/a,n/a,n/a,n/a,n/a,n/a,n/a
342,sound_effects,BB_WhatWrongWithYou,VO/EN/BB_196_EN,barnacleboy,-1,n/a,n/a,n/a,n/a,n/a,n/a,n/a,n/a,n/a,n/a,n/a,n/a,n/a,n/a,n/a,n/a,n/a,n/a,n/a
329,sound_effects,BB_MoveIn,VO/EN/BB_4_EN,barnacleboy,-1,n/a,n/a,n/a,n/a,n/a,n/a,n/a,n/a,n/a,n/a,n/a,n/a,n/a,n/a,n/a,n/a,n/a,n/a,n/a
330,sound_effects,BB_TapTapTappingAway,VO/EN/BB_45_EN,barnacleboy,-1,n/a,n/a,n/a,n/a,n/a,n/a,n/a,n/a,n/a,n/a,n/a,n/a,n/a,n/a,n/a,n/a,n/a,n/a,n/a
331,sound_effects,BB_ThatTickles,VO/EN/BB_48_EN,barnacleboy,-1,n/a,n/a,n/a,n/a,n/a,n/a,n/a,n/a,n/a,n/a,n/a,n/a,n/a,n/a,n/a,n/a,n/a,n/a,n/a
332,sound_effects,BB_Ouch,VO/EN/BB_49_EN,barnacleboy,-1,n/a,n/a,n/a,n/a,n/a,n/a,n/a,n/a,n/a,n/a,n/a,n/a,n/a,n/a,n/a,n/a,n/a,n/a,n/a
333,sound_effects,BB_Ow,VO/EN/BB_50_EN,barnacleboy,-1,n/a,n/a,n/a,n/a,n/a,n/a,n/a,n/a,n/a,n/a,n/a,n/a,n/a,n/a,n/a,n/a,n/a,n/a,n/a
343,sound_effects,BB_ImNotHungry,VO/EN/BB_89_EN,barnacleboy,-1,n/a,n/a,n/a,n/a,n/a,n/a,n/a,n/a,n/a,n/a,n/a,n/a,n/a,n/a,n/a,n/a,n/a,n/a,n/a
334,sound_effects,BB_WaitAMinute,VO/EN/BB_90_EN,barnacleboy,-1,n/a,n/a,n/a,n/a,n/a,n/a,n/a,n/a,n/a,n/a,n/a,n/a,n/a,n/a,n/a,n/a,n/a,n/a,n/a
335,sound_effects,BB_WhatIsItKid,VO/EN/BB_91_EN,barnacleboy,-1,n/a,n/a,n/a,n/a,n/a,n/a,n/a,n/a,n/a,n/a,n/a,n/a,n/a,n/a,n/a,n/a,n/a,n/a,n/a
336,sound_effects,BB_Holy,VO/EN/BB_93_EN,barnacleboy,-1,n/a,n/a,n/a,n/a,n/a,n/a,n/a,n/a,n/a,n/a,n/a,n/a,n/a,n/a,n/a,n/a,n/a,n/a,n/a
337,sound_effects,BB_NuclearTouch,VO/EN/BB_95_EN,barnacleboy,-1,n/a,n/a,n/a,n/a,n/a,n/a,n/a,n/a,n/a,n/a,n/a,n/a,n/a,n/a,n/a,n/a,n/a,n/a,n/a
338,sound_effects,BB_GreatGravy,VO/EN/BB_96_EN,barnacleboy,-1,n/a,n/a,n/a,n/a,n/a,n/a,n/a,n/a,n/a,n/a,n/a,n/a,n/a,n/a,n/a,n/a,n/a,n/a,n/a
636,sound_effects,DD_TotallyNeedHouse,VO/EN/Ding Dong_2_EN,dingdong,-1,n/a,n/a,n/a,n/a,n/a,n/a,n/a,n/a,n/a,n/a,n/a,n/a,n/a,n/a,n/a,n/a,n/a,n/a,n/a
637,sound_effects,DD_LikeMostDefinitely,VO/EN/Ding Dong_8_EN,dingdong,-1,n/a,n/a,n/a,n/a,n/a,n/a,n/a,n/a,n/a,n/a,n/a,n/a,n/a,n/a,n/a,n/a,n/a,n/a,n/a
284,sound_effects,GaryMeow_Normal,VO/EN/GA006_rev1,gary,-1,n/a,n/a,n/a,n/a,n/a,n/a,n/a,n/a,n/a,n/a,n/a,n/a,n/a,n/a,n/a,n/a,n/a,n/a,n/a
402,sound_effects,Gene_Ouch,VO/EN/Gene_45_EN,gene,-1,n/a,n/a,n/a,n/a,n/a,n/a,n/a,n/a,n/a,n/a,n/a,n/a,n/a,n/a,n/a,n/a,n/a,n/a,n/a
403,sound_effects,Gene_WatchWhereYoureTapping,VO/EN/Gene_46_EN,gene,-1,n/a,n/a,n/a,n/a,n/a,n/a,n/a,n/a,n/a,n/a,n/a,n/a,n/a,n/a,n/a,n/a,n/a,n/a,n/a
404,sound_effects,Gene_Hey,VO/EN/Gene_48_EN,gene,-1,n/a,n/a,n/a,n/a,n/a,n/a,n/a,n/a,n/a,n/a,n/a,n/a,n/a,n/a,n/a,n/a,n/a,n/a,n/a
401,sound_effects,Gene_ThatTickles,VO/EN/Gene_50_EN,gene,-1,n/a,n/a,n/a,n/a,n/a,n/a,n/a,n/a,n/a,n/a,n/a,n/a,n/a,n/a,n/a,n/a,n/a,n/a,n/a
344,sound_effects,GS_MoveIn,VO/EN/Gene_6_EN,gene,-1,n/a,n/a,n/a,n/a,n/a,n/a,n/a,n/a,n/a,n/a,n/a,n/a,n/a,n/a,n/a,n/a,n/a,n/a,n/a
405,sound_effects,Gene_WatchTheMustache,VO/EN/Gene_93_EN,gene,-1,n/a,n/a,n/a,n/a,n/a,n/a,n/a,n/a,n/a,n/a,n/a,n/a,n/a,n/a,n/a,n/a,n/a,n/a,n/a
406,sound_effects,Gene_WatchTheHair,VO/EN/Gene_94_EN,gene,-1,n/a,n/a,n/a,n/a,n/a,n/a,n/a,n/a,n/a,n/a,n/a,n/a,n/a,n/a,n/a,n/a,n/a,n/a,n/a
407,sound_effects,Gene_ImAFoodCritic,VO/EN/Gene_95_EN,gene,-1,n/a,n/a,n/a,n/a,n/a,n/a,n/a,n/a,n/a,n/a,n/a,n/a,n/a,n/a,n/a,n/a,n/a,n/a,n/a
408,sound_effects,Gene_TwoThumbsDownTapping,VO/EN/Gene_97_EN,gene,-1,n/a,n/a,n/a,n/a,n/a,n/a,n/a,n/a,n/a,n/a,n/a,n/a,n/a,n/a,n/a,n/a,n/a,n/a,n/a
409,sound_effects,Gene_TapRightOuttaHere,VO/EN/Gene_98_EN,gene,-1,n/a,n/a,n/a,n/a,n/a,n/a,n/a,n/a,n/a,n/a,n/a,n/a,n/a,n/a,n/a,n/a,n/a,n/a,n/a
410,sound_effects,Gene_NotReviewingThisAnnoyance,VO/EN/Gene_99_EN,gene,-1,n/a,n/a,n/a,n/a,n/a,n/a,n/a,n/a,n/a,n/a,n/a,n/a,n/a,n/a,n/a,n/a,n/a,n/a,n/a
411,sound_effects,Kevin_Hey,VO/EN/Kevin_47_EN,kevin,-1,n/a,n/a,n/a,n/a,n/a,n/a,n/a,n/a,n/a,n/a,n/a,n/a,n/a,n/a,n/a,n/a,n/a,n/a,n/a
412,sound_effects,Kevin_Ouch,VO/EN/Kevin_48_EN,kevin,-1,n/a,n/a,n/a,n/a,n/a,n/a,n/a,n/a,n/a,n/a,n/a,n/a,n/a,n/a,n/a,n/a,n/a,n/a,n/a
413,sound_effects,Kevin_WatchWhereYoureTapping,VO/EN/Kevin_49_EN,kevin,-1,n/a,n/a,n/a,n/a,n/a,n/a,n/a,n/a,n/a,n/a,n/a,n/a,n/a,n/a,n/a,n/a,n/a,n/a,n/a
414,sound_effects,Kevin_Hey2,VO/EN/Kevin_51_EN,kevin,-1,n/a,n/a,n/a,n/a,n/a,n/a,n/a,n/a,n/a,n/a,n/a,n/a,n/a,n/a,n/a,n/a,n/a,n/a,n/a
415,sound_effects,Kevin_Ouch2,VO/EN/Kevin_53_EN,kevin,-1,n/a,n/a,n/a,n/a,n/a,n/a,n/a,n/a,n/a,n/a,n/a,n/a,n/a,n/a,n/a,n/a,n/a,n/a,n/a
416,sound_effects,Kevin_Ow,VO/EN/Kevin_54_EN,kevin,-1,n/a,n/a,n/a,n/a,n/a,n/a,n/a,n/a,n/a,n/a,n/a,n/a,n/a,n/a,n/a,n/a,n/a,n/a,n/a
345,sound_effects,Kevin_MoveIn,VO/EN/Kevin_6_EN,kevin,-1,n/a,n/a,n/a,n/a,n/a,n/a,n/a,n/a,n/a,n/a,n/a,n/a,n/a,n/a,n/a,n/a,n/a,n/a,n/a
417,sound_effects,Kevin_HowYouFeelTapLikeThis,VO/EN/Kevin_88_EN,kevin,-1,n/a,n/a,n/a,n/a,n/a,n/a,n/a,n/a,n/a,n/a,n/a,n/a,n/a,n/a,n/a,n/a,n/a,n/a,n/a
418,sound_effects,Kevin_Security,VO/EN/Kevin_90_EN,kevin,-1,n/a,n/a,n/a,n/a,n/a,n/a,n/a,n/a,n/a,n/a,n/a,n/a,n/a,n/a,n/a,n/a,n/a,n/a,n/a
419,sound_effects,Kevin_WahWahWah,VO/EN/Kevin_91_EN,kevin,-1,n/a,n/a,n/a,n/a,n/a,n/a,n/a,n/a,n/a,n/a,n/a,n/a,n/a,n/a,n/a,n/a,n/a,n/a,n/a
420,sound_effects,Kevin_HelpMeMommieBlankie,VO/EN/Kevin_92_EN,kevin,-1,n/a,n/a,n/a,n/a,n/a,n/a,n/a,n/a,n/a,n/a,n/a,n/a,n/a,n/a,n/a,n/a,n/a,n/a,n/a
421,sound_effects,Kevin_Loser,VO/EN/Kevin_93_EN,kevin,-1,n/a,n/a,n/a,n/a,n/a,n/a,n/a,n/a,n/a,n/a,n/a,n/a,n/a,n/a,n/a,n/a,n/a,n/a,n/a
422,sound_effects,Kevin_WillYouCutThatOut,VO/EN/Kevin_94_EN,kevin,-1,n/a,n/a,n/a,n/a,n/a,n/a,n/a,n/a,n/a,n/a,n/a,n/a,n/a,n/a,n/a,n/a,n/a,n/a,n/a
437,sound_effects,MK_Laugh_Original,VO/EN/Krabs_Laugh,krabs,-1,n/a,n/a,n/a,n/a,n/a,n/a,n/a,n/a,n/a,n/a,n/a,n/a,n/a,n/a,n/a,n/a,n/a,n/a,n/a
648,sound_effects,MK_YoureGoodAtThis,VO/EN/MrKrabs_102_EN,krabs,-1,n/a,n/a,n/a,n/a,n/a,n/a,n/a,n/a,n/a,n/a,n/a,n/a,n/a,n/a,n/a,n/a,n/a,n/a,n/a
672,sound_effects,MK_Woohoo,VO/EN/MrKrabs_113_EN,krabs,-1,n/a,n/a,n/a,n/a,n/a,n/a,n/a,n/a,n/a,n/a,n/a,n/a,n/a,n/a,n/a,n/a,n/a,n/a,n/a
649,sound_effects,MK_GrowFixins,VO/EN/MrKrabs_116_EN,krabs,-1,n/a,n/a,n/a,n/a,n/a,n/a,n/a,n/a,n/a,n/a,n/a,n/a,n/a,n/a,n/a,n/a,n/a,n/a,n/a
451,sound_effects,MK_MeKrustyKrab,VO/EN/MrKrabs_119_EN,krabs,-1,n/a,n/a,n/a,n/a,n/a,n/a,n/a,n/a,n/a,n/a,n/a,n/a,n/a,n/a,n/a,n/a,n/a,n/a,n/a
654,sound_effects,MK_SniffSniff,VO/EN/MrKrabs_120_EN,krabs,-1,n/a,n/a,n/a,n/a,n/a,n/a,n/a,n/a,n/a,n/a,n/a,n/a,n/a,n/a,n/a,n/a,n/a,n/a,n/a
449,sound_effects,MK_LetsGetStarted,VO/EN/MrKrabs_152_EN,krabs,-1,n/a,n/a,n/a,n/a,n/a,n/a,n/a,n/a,n/a,n/a,n/a,n/a,n/a,n/a,n/a,n/a,n/a,n/a,n/a
454,sound_effects,MK_AreYouReady,VO/EN/MrKrabs_153_EN,krabs,-1,n/a,n/a,n/a,n/a,n/a,n/a,n/a,n/a,n/a,n/a,n/a,n/a,n/a,n/a,n/a,n/a,n/a,n/a,n/a
668,sound_effects,MK_WhatATeam,VO/EN/MrKrabs_154_EN,krabs,-1,n/a,n/a,n/a,n/a,n/a,n/a,n/a,n/a,n/a,n/a,n/a,n/a,n/a,n/a,n/a,n/a,n/a,n/a,n/a
641,sound_effects,MK_PlantWillGrow,VO/EN/MrKrabs_157_EN,krabs,-1,n/a,n/a,n/a,n/a,n/a,n/a,n/a,n/a,n/a,n/a,n/a,n/a,n/a,n/a,n/a,n/a,n/a,n/a,n/a
640,sound_effects,MK_EugeneWelcome,VO/EN/MrKrabs_159_EN,krabs,-1,n/a,n/a,n/a,n/a,n/a,n/a,n/a,n/a,n/a,n/a,n/a,n/a,n/a,n/a,n/a,n/a,n/a,n/a,n/a
673,sound_effects,MK_BackToWork,VO/EN/MrKrabs_16_EN,krabs,-1,n/a,n/a,n/a,n/a,n/a,n/a,n/a,n/a,n/a,n/a,n/a,n/a,n/a,n/a,n/a,n/a,n/a,n/a,n/a
655,sound_effects,MK_MoneyCantCountItself,VO/EN/MrKrabs_160_EN,krabs,-1,n/a,n/a,n/a,n/a,n/a,n/a,n/a,n/a,n/a,n/a,n/a,n/a,n/a,n/a,n/a,n/a,n/a,n/a,n/a
670,sound_effects,MK_MoneyGonnaMakeMoney,VO/EN/MrKrabs_161_EN,krabs,-1,n/a,n/a,n/a,n/a,n/a,n/a,n/a,n/a,n/a,n/a,n/a,n/a,n/a,n/a,n/a,n/a,n/a,n/a,n/a
658,sound_effects,MK_Congratulations,VO/EN/MrKrabs_196_EN,krabs,-1,n/a,n/a,n/a,n/a,n/a,n/a,n/a,n/a,n/a,n/a,n/a,n/a,n/a,n/a,n/a,n/a,n/a,n/a,n/a
647,sound_effects,MK_GreatJob,VO/EN/MrKrabs_199_EN,krabs,-1,n/a,n/a,n/a,n/a,n/a,n/a,n/a,n/a,n/a,n/a,n/a,n/a,n/a,n/a,n/a,n/a,n/a,n/a,n/a
652,sound_effects,MK_ThataBoyorGirl,VO/EN/MrKrabs_203_EN,krabs,-1,n/a,n/a,n/a,n/a,n/a,n/a,n/a,n/a,n/a,n/a,n/a,n/a,n/a,n/a,n/a,n/a,n/a,n/a,n/a
651,sound_effects,MK_KrustyKrabEmployee,VO/EN/MrKrabs_204_EN,krabs,-1,n/a,n/a,n/a,n/a,n/a,n/a,n/a,n/a,n/a,n/a,n/a,n/a,n/a,n/a,n/a,n/a,n/a,n/a,n/a
674,sound_effects,MK_LaughBrief,VO/EN/MrKrabs_206_EN,krabs,-1,n/a,n/a,n/a,n/a,n/a,n/a,n/a,n/a,n/a,n/a,n/a,n/a,n/a,n/a,n/a,n/a,n/a,n/a,n/a
646,sound_effects,MK_QuitLollygagging,VO/EN/MrKrabs_235_EN,krabs,-1,n/a,n/a,n/a,n/a,n/a,n/a,n/a,n/a,n/a,n/a,n/a,n/a,n/a,n/a,n/a,n/a,n/a,n/a,n/a
448,sound_effects,MK_DontJustStandThere,VO/EN/MrKrabs_237_EN,krabs,-1,n/a,n/a,n/a,n/a,n/a,n/a,n/a,n/a,n/a,n/a,n/a,n/a,n/a,n/a,n/a,n/a,n/a,n/a,n/a
653,sound_effects,MK_PattiesNeedFlipping,VO/EN/MrKrabs_241_EN,krabs,-1,n/a,n/a,n/a,n/a,n/a,n/a,n/a,n/a,n/a,n/a,n/a,n/a,n/a,n/a,n/a,n/a,n/a,n/a,n/a
452,sound_effects,MK_ReadyToCollect,VO/EN/MrKrabs_245_EN,krabs,-1,n/a,n/a,n/a,n/a,n/a,n/a,n/a,n/a,n/a,n/a,n/a,n/a,n/a,n/a,n/a,n/a,n/a,n/a,n/a
664,sound_effects,MK_SweetSmellOfMoney,VO/EN/MrKrabs_248_EN,krabs,-1,n/a,n/a,n/a,n/a,n/a,n/a,n/a,n/a,n/a,n/a,n/a,n/a,n/a,n/a,n/a,n/a,n/a,n/a,n/a
656,sound_effects,MK_Chaching,VO/EN/MrKrabs_273_EN,krabs,-1,n/a,n/a,n/a,n/a,n/a,n/a,n/a,n/a,n/a,n/a,n/a,n/a,n/a,n/a,n/a,n/a,n/a,n/a,n/a
662,sound_effects,MK_MoneyHowILoveThee,VO/EN/MrKrabs_274_EN,krabs,-1,n/a,n/a,n/a,n/a,n/a,n/a,n/a,n/a,n/a,n/a,n/a,n/a,n/a,n/a,n/a,n/a,n/a,n/a,n/a
660,sound_effects,MK_GonnaMakeMoneyNow,VO/EN/MrKrabs_286_EN,krabs,-1,n/a,n/a,n/a,n/a,n/a,n/a,n/a,n/a,n/a,n/a,n/a,n/a,n/a,n/a,n/a,n/a,n/a,n/a,n/a
638,sound_effects,MK_AhoyBucko,VO/EN/MrKrabs_31_EN,krabs,-1,n/a,n/a,n/a,n/a,n/a,n/a,n/a,n/a,n/a,n/a,n/a,n/a,n/a,n/a,n/a,n/a,n/a,n/a,n/a
666,sound_effects,MK_OnTheDouble,VO/EN/MrKrabs_37_EN,krabs,-1,n/a,n/a,n/a,n/a,n/a,n/a,n/a,n/a,n/a,n/a,n/a,n/a,n/a,n/a,n/a,n/a,n/a,n/a,n/a
438,sound_effects,MK_Hey,VO/EN/MrKrabs_44_EN,krabs,-1,n/a,n/a,n/a,n/a,n/a,n/a,n/a,n/a,n/a,n/a,n/a,n/a,n/a,n/a,n/a,n/a,n/a,n/a,n/a
439,sound_effects,MK_Ouch,VO/EN/MrKrabs_45_EN,krabs,-1,n/a,n/a,n/a,n/a,n/a,n/a,n/a,n/a,n/a,n/a,n/a,n/a,n/a,n/a,n/a,n/a,n/a,n/a,n/a
443,sound_effects,MK_WatchWhereTapping,VO/EN/MrKrabs_46_EN,krabs,-1,n/a,n/a,n/a,n/a,n/a,n/a,n/a,n/a,n/a,n/a,n/a,n/a,n/a,n/a,n/a,n/a,n/a,n/a,n/a
450,sound_effects,MK_KKOpenAllHolidays,VO/EN/MrKrabs_479_EN,krabs,-1,n/a,n/a,n/a,n/a,n/a,n/a,n/a,n/a,n/a,n/a,n/a,n/a,n/a,n/a,n/a,n/a,n/a,n/a,n/a
441,sound_effects,MK_ThatTickles,VO/EN/MrKrabs_50_EN,krabs,-1,n/a,n/a,n/a,n/a,n/a,n/a,n/a,n/a,n/a,n/a,n/a,n/a,n/a,n/a,n/a,n/a,n/a,n/a,n/a
453,sound_effects,MK_TapLikeYouMeanIt,VO/EN/MrKrabs_87_EN,krabs,-1,n/a,n/a,n/a,n/a,n/a,n/a,n/a,n/a,n/a,n/a,n/a,n/a,n/a,n/a,n/a,n/a,n/a,n/a,n/a
444,sound_effects,MK_YoullWalkThePlank,VO/EN/MrKrabs_92_EN,krabs,-1,n/a,n/a,n/a,n/a,n/a,n/a,n/a,n/a,n/a,n/a,n/a,n/a,n/a,n/a,n/a,n/a,n/a,n/a,n/a
445,sound_effects,MK_WhatYouDoingThatFor,VO/EN/MrKrabs_93_EN,krabs,-1,n/a,n/a,n/a,n/a,n/a,n/a,n/a,n/a,n/a,n/a,n/a,n/a,n/a,n/a,n/a,n/a,n/a,n/a,n/a
440,sound_effects,MK_TasteOfMeClaws,VO/EN/MrKrabs_94_EN,krabs,-1,n/a,n/a,n/a,n/a,n/a,n/a,n/a,n/a,n/a,n/a,n/a,n/a,n/a,n/a,n/a,n/a,n/a,n/a,n/a
447,sound_effects,MK_WhatsWithTapping,VO/EN/MrKrabs_95_EN,krabs,-1,n/a,n/a,n/a,n/a,n/a,n/a,n/a,n/a,n/a,n/a,n/a,n/a,n/a,n/a,n/a,n/a,n/a,n/a,n/a
446,sound_effects,MK_TappingOnMyDime,VO/EN/MrKrabs_98_EN,krabs,-1,n/a,n/a,n/a,n/a,n/a,n/a,n/a,n/a,n/a,n/a,n/a,n/a,n/a,n/a,n/a,n/a,n/a,n/a,n/a
442,sound_effects,MK_ChargeForEachTap,VO/EN/MrKrabs_99_EN,krabs,-1,n/a,n/a,n/a,n/a,n/a,n/a,n/a,n/a,n/a,n/a,n/a,n/a,n/a,n/a,n/a,n/a,n/a,n/a,n/a
205,sound_effects,Krabs_Alright,VO/Krabs_Alright,krabs,-1,n/a,n/a,n/a,n/a,n/a,n/a,n/a,n/a,n/a,n/a,n/a,n/a,n/a,n/a,n/a,n/a,n/a,n/a,n/a
208,sound_effects,Krabs_Laugh,VO/Krabs_Laugh,krabs,-1,n/a,n/a,n/a,n/a,n/a,n/a,n/a,n/a,n/a,n/a,n/a,n/a,n/a,n/a,n/a,n/a,n/a,n/a,n/a
209,sound_effects,Krabs_Oh,VO/Krabs_Oh,krabs,-1,n/a,n/a,n/a,n/a,n/a,n/a,n/a,n/a,n/a,n/a,n/a,n/a,n/a,n/a,n/a,n/a,n/a,n/a,n/a
206,sound_effects,Krabs_WhatThe,VO/Krabs_WhatThe,krabs,-1,n/a,n/a,n/a,n/a,n/a,n/a,n/a,n/a,n/a,n/a,n/a,n/a,n/a,n/a,n/a,n/a,n/a,n/a,n/a
207,sound_effects,Krabs_Yippie,VO/Krabs_Yippie,krabs,-1,n/a,n/a,n/a,n/a,n/a,n/a,n/a,n/a,n/a,n/a,n/a,n/a,n/a,n/a,n/a,n/a,n/a,n/a,n/a
360,sound_effects,LL_GreatJobMovingMeIn,VO/EN/LL_03_EN,larry,-1,n/a,n/a,n/a,n/a,n/a,n/a,n/a,n/a,n/a,n/a,n/a,n/a,n/a,n/a,n/a,n/a,n/a,n/a,n/a
347,sound_effects,LL_MoveIn,VO/EN/LL_04_EN,larry,-1,n/a,n/a,n/a,n/a,n/a,n/a,n/a,n/a,n/a,n/a,n/a,n/a,n/a,n/a,n/a,n/a,n/a,n/a,n/a
348,sound_effects,LL_Nice,VO/EN/LL_49_EN,larry,-1,n/a,n/a,n/a,n/a,n/a,n/a,n/a,n/a,n/a,n/a,n/a,n/a,n/a,n/a,n/a,n/a,n/a,n/a,n/a
349,sound_effects,LL_ComeOn,VO/EN/LL_50_EN,larry,-1,n/a,n/a,n/a,n/a,n/a,n/a,n/a,n/a,n/a,n/a,n/a,n/a,n/a,n/a,n/a,n/a,n/a,n/a,n/a
350,sound_effects,LL_TapLikeYouMeanIt,VO/EN/LL_51_EN,larry,-1,n/a,n/a,n/a,n/a,n/a,n/a,n/a,n/a,n/a,n/a,n/a,n/a,n/a,n/a,n/a,n/a,n/a,n/a,n/a
351,sound_effects,LL_TapCrazy,VO/EN/LL_52_EN,larry,-1,n/a,n/a,n/a,n/a,n/a,n/a,n/a,n/a,n/a,n/a,n/a,n/a,n/a,n/a,n/a,n/a,n/a,n/a,n/a
352,sound_effects,LL_PunchInGut,VO/EN/LL_53_EN,larry,-1,n/a,n/a,n/a,n/a,n/a,n/a,n/a,n/a,n/a,n/a,n/a,n/a,n/a,n/a,n/a,n/a,n/a,n/a,n/a
353,sound_effects,LL_TapHarder,VO/EN/LL_54_EN,larry,-1,n/a,n/a,n/a,n/a,n/a,n/a,n/a,n/a,n/a,n/a,n/a,n/a,n/a,n/a,n/a,n/a,n/a,n/a,n/a
354,sound_effects,LL_WorkingOutFinger,VO/EN/LL_55_EN,larry,-1,n/a,n/a,n/a,n/a,n/a,n/a,n/a,n/a,n/a,n/a,n/a,n/a,n/a,n/a,n/a,n/a,n/a,n/a,n/a
355,sound_effects,LL_ToldYouWouldntHurt,VO/EN/LL_57_EN,larry,-1,n/a,n/a,n/a,n/a,n/a,n/a,n/a,n/a,n/a,n/a,n/a,n/a,n/a,n/a,n/a,n/a,n/a,n/a,n/a
356,sound_effects,LL_AbsOfSteel,VO/EN/LL_58_EN,larry,-1,n/a,n/a,n/a,n/a,n/a,n/a,n/a,n/a,n/a,n/a,n/a,n/a,n/a,n/a,n/a,n/a,n/a,n/a,n/a
357,sound_effects,LL_HardBody,VO/EN/LL_59_EN,larry,-1,n/a,n/a,n/a,n/a,n/a,n/a,n/a,n/a,n/a,n/a,n/a,n/a,n/a,n/a,n/a,n/a,n/a,n/a,n/a
358,sound_effects,LL_FeelMyMuscles,VO/EN/LL_60_EN,larry,-1,n/a,n/a,n/a,n/a,n/a,n/a,n/a,n/a,n/a,n/a,n/a,n/a,n/a,n/a,n/a,n/a,n/a,n/a,n/a
359,sound_effects,LL_ICanTakeIt,VO/EN/LL_61_EN,larry,-1,n/a,n/a,n/a,n/a,n/a,n/a,n/a,n/a,n/a,n/a,n/a,n/a,n/a,n/a,n/a,n/a,n/a,n/a,n/a
372,sound_effects,MR_MoveIn,VO/EN/MR_4_EN,manray,-1,n/a,n/a,n/a,n/a,n/a,n/a,n/a,n/a,n/a,n/a,n/a,n/a,n/a,n/a,n/a,n/a,n/a,n/a,n/a
373,sound_effects,MR_Hey,VO/EN/MR_44_EN,manray,-1,n/a,n/a,n/a,n/a,n/a,n/a,n/a,n/a,n/a,n/a,n/a,n/a,n/a,n/a,n/a,n/a,n/a,n/a,n/a
374,sound_effects,MR_Ouch,VO/EN/MR_45_EN,manray,-1,n/a,n/a,n/a,n/a,n/a,n/a,n/a,n/a,n/a,n/a,n/a,n/a,n/a,n/a,n/a,n/a,n/a,n/a,n/a
375,sound_effects,MR_WatchWhereTapping,VO/EN/MR_46_EN,manray,-1,n/a,n/a,n/a,n/a,n/a,n/a,n/a,n/a,n/a,n/a,n/a,n/a,n/a,n/a,n/a,n/a,n/a,n/a,n/a
376,sound_effects,MR_TapTapTappingAway,VO/EN/MR_47_EN,manray,-1,n/a,n/a,n/a,n/a,n/a,n/a,n/a,n/a,n/a,n/a,n/a,n/a,n/a,n/a,n/a,n/a,n/a,n/a,n/a
377,sound_effects,MR_ThatTickles,VO/EN/MR_50_EN,manray,-1,n/a,n/a,n/a,n/a,n/a,n/a,n/a,n/a,n/a,n/a,n/a,n/a,n/a,n/a,n/a,n/a,n/a,n/a,n/a
378,sound_effects,MR_Ow,VO/EN/MR_52_EN,manray,-1,n/a,n/a,n/a,n/a,n/a,n/a,n/a,n/a,n/a,n/a,n/a,n/a,n/a,n/a,n/a,n/a,n/a,n/a,n/a
379,sound_effects,MR_TomFoolery,VO/EN/MR_91_EN,manray,-1,n/a,n/a,n/a,n/a,n/a,n/a,n/a,n/a,n/a,n/a,n/a,n/a,n/a,n/a,n/a,n/a,n/a,n/a,n/a
380,sound_effects,MR_HeadAroundThis,VO/EN/MR_92_EN,manray,-1,n/a,n/a,n/a,n/a,n/a,n/a,n/a,n/a,n/a,n/a,n/a,n/a,n/a,n/a,n/a,n/a,n/a,n/a,n/a
381,sound_effects,MR_NotFastEnough,VO/EN/MR_94_EN,manray,-1,n/a,n/a,n/a,n/a,n/a,n/a,n/a,n/a,n/a,n/a,n/a,n/a,n/a,n/a,n/a,n/a,n/a,n/a,n/a
382,sound_effects,MR_Wha,VO/EN/MR_96_EN,manray,-1,n/a,n/a,n/a,n/a,n/a,n/a,n/a,n/a,n/a,n/a,n/a,n/a,n/a,n/a,n/a,n/a,n/a,n/a,n/a
383,sound_effects,MR_TeachingsTransformedMe,VO/EN/MR_97_EN,manray,-1,n/a,n/a,n/a,n/a,n/a,n/a,n/a,n/a,n/a,n/a,n/a,n/a,n/a,n/a,n/a,n/a,n/a,n/a,n/a
384,sound_effects,MR_TimeForSpinCycle,VO/EN/MR_99_EN,manray,-1,n/a,n/a,n/a,n/a,n/a,n/a,n/a,n/a,n/a,n/a,n/a,n/a,n/a,n/a,n/a,n/a,n/a,n/a,n/a
361,sound_effects,MM_MoveIn,VO/EN/MMan_32_EN,mermaidman,-1,n/a,n/a,n/a,n/a,n/a,n/a,n/a,n/a,n/a,n/a,n/a,n/a,n/a,n/a,n/a,n/a,n/a,n/a,n/a
362,sound_effects,MM_Hey,VO/EN/MMan_45_EN,mermaidman,-1,n/a,n/a,n/a,n/a,n/a,n/a,n/a,n/a,n/a,n/a,n/a,n/a,n/a,n/a,n/a,n/a,n/a,n/a,n/a
363,sound_effects,MM_Ouch,VO/EN/MMan_46_EN,mermaidman,-1,n/a,n/a,n/a,n/a,n/a,n/a,n/a,n/a,n/a,n/a,n/a,n/a,n/a,n/a,n/a,n/a,n/a,n/a,n/a
364,sound_effects,MM_WatchWhereYoureTapping,VO/EN/MMan_47_EN,mermaidman,-1,n/a,n/a,n/a,n/a,n/a,n/a,n/a,n/a,n/a,n/a,n/a,n/a,n/a,n/a,n/a,n/a,n/a,n/a,n/a
365,sound_effects,MM_ThatTickles,VO/EN/MMan_51_EN,mermaidman,-1,n/a,n/a,n/a,n/a,n/a,n/a,n/a,n/a,n/a,n/a,n/a,n/a,n/a,n/a,n/a,n/a,n/a,n/a,n/a
366,sound_effects,MM_Ouch2,VO/EN/MMan_52_EN,mermaidman,-1,n/a,n/a,n/a,n/a,n/a,n/a,n/a,n/a,n/a,n/a,n/a,n/a,n/a,n/a,n/a,n/a,n/a,n/a,n/a
367,sound_effects,MM_Ow,VO/EN/MMan_53_EN,mermaidman,-1,n/a,n/a,n/a,n/a,n/a,n/a,n/a,n/a,n/a,n/a,n/a,n/a,n/a,n/a,n/a,n/a,n/a,n/a,n/a
368,sound_effects,MM_GreatBarrierReef,VO/EN/MMan_57_EN,mermaidman,-1,n/a,n/a,n/a,n/a,n/a,n/a,n/a,n/a,n/a,n/a,n/a,n/a,n/a,n/a,n/a,n/a,n/a,n/a,n/a
369,sound_effects,MM_YoureGoingTapCrazy,VO/EN/MMan_91_EN,mermaidman,-1,n/a,n/a,n/a,n/a,n/a,n/a,n/a,n/a,n/a,n/a,n/a,n/a,n/a,n/a,n/a,n/a,n/a,n/a,n/a
370,sound_effects,MM_Evil,VO/EN/MMan_92_EN,mermaidman,-1,n/a,n/a,n/a,n/a,n/a,n/a,n/a,n/a,n/a,n/a,n/a,n/a,n/a,n/a,n/a,n/a,n/a,n/a,n/a
371,sound_effects,MM_ToTheChiropractorAway,VO/EN/MMan_93_EN,mermaidman,-1,n/a,n/a,n/a,n/a,n/a,n/a,n/a,n/a,n/a,n/a,n/a,n/a,n/a,n/a,n/a,n/a,n/a,n/a,n/a
346,sound_effects,KingNeptune_MoveIn,VO/EN/Nep_07_EN,neptune,-1,n/a,n/a,n/a,n/a,n/a,n/a,n/a,n/a,n/a,n/a,n/a,n/a,n/a,n/a,n/a,n/a,n/a,n/a,n/a
423,sound_effects,Neptune_Hey,VO/EN/Nep_43_EN,neptune,-1,n/a,n/a,n/a,n/a,n/a,n/a,n/a,n/a,n/a,n/a,n/a,n/a,n/a,n/a,n/a,n/a,n/a,n/a,n/a
424,sound_effects,Neptune_Ouch,VO/EN/Nep_44_EN,neptune,-1,n/a,n/a,n/a,n/a,n/a,n/a,n/a,n/a,n/a,n/a,n/a,n/a,n/a,n/a,n/a,n/a,n/a,n/a,n/a
425,sound_effects,Neptune_ThatTickles,VO/EN/Nep_48_EN,neptune,-1,n/a,n/a,n/a,n/a,n/a,n/a,n/a,n/a,n/a,n/a,n/a,n/a,n/a,n/a,n/a,n/a,n/a,n/a,n/a
426,sound_effects,Neptune_Ow,VO/EN/Nep_50_EN,neptune,-1,n/a,n/a,n/a,n/a,n/a,n/a,n/a,n/a,n/a,n/a,n/a,n/a,n/a,n/a,n/a,n/a,n/a,n/a,n/a
427,sound_effects,Neptune_EnoughWithTappingAlready,VO/EN/Nep_92_EN,neptune,-1,n/a,n/a,n/a,n/a,n/a,n/a,n/a,n/a,n/a,n/a,n/a,n/a,n/a,n/a,n/a,n/a,n/a,n/a,n/a
428,sound_effects,Neptune_WhoDaresTapRoyalPerson,VO/EN/Nep_95_EN,neptune,-1,n/a,n/a,n/a,n/a,n/a,n/a,n/a,n/a,n/a,n/a,n/a,n/a,n/a,n/a,n/a,n/a,n/a,n/a,n/a
429,sound_effects,Neptune_ConcedeToCommonTapper,VO/EN/Nep_97_EN,neptune,-1,n/a,n/a,n/a,n/a,n/a,n/a,n/a,n/a,n/a,n/a,n/a,n/a,n/a,n/a,n/a,n/a,n/a,n/a,n/a
385,sound_effects,OMJ_Chewing,VO/EN/OMJ_001_EN,oldmanjenkins,-1,n/a,n/a,n/a,n/a,n/a,n/a,n/a,n/a,n/a,n/a,n/a,n/a,n/a,n/a,n/a,n/a,n/a,n/a,n/a
386,sound_effects,OMJ_RustyonRyePlease,VO/EN/OMJ_002_EN,oldmanjenkins,-1,n/a,n/a,n/a,n/a,n/a,n/a,n/a,n/a,n/a,n/a,n/a,n/a,n/a,n/a,n/a,n/a,n/a,n/a,n/a
387,sound_effects,OMJ_TreataCustomer,VO/EN/OMJ_003_EN,oldmanjenkins,-1,n/a,n/a,n/a,n/a,n/a,n/a,n/a,n/a,n/a,n/a,n/a,n/a,n/a,n/a,n/a,n/a,n/a,n/a,n/a
526,sound_effects,P_WhoAreYouPeople,VO/EN/P_102_EN,patrick,-1,n/a,n/a,n/a,n/a,n/a,n/a,n/a,n/a,n/a,n/a,n/a,n/a,n/a,n/a,n/a,n/a,n/a,n/a,n/a
527,sound_effects,P_WhatInThe,VO/EN/P_103_EN,patrick,-1,n/a,n/a,n/a,n/a,n/a,n/a,n/a,n/a,n/a,n/a,n/a,n/a,n/a,n/a,n/a,n/a,n/a,n/a,n/a
528,sound_effects,P_ItsTheApocalypse,VO/EN/P_105_EN,patrick,-1,n/a,n/a,n/a,n/a,n/a,n/a,n/a,n/a,n/a,n/a,n/a,n/a,n/a,n/a,n/a,n/a,n/a,n/a,n/a
529,sound_effects,P_TappedOutYet,VO/EN/P_106_EN,patrick,-1,n/a,n/a,n/a,n/a,n/a,n/a,n/a,n/a,n/a,n/a,n/a,n/a,n/a,n/a,n/a,n/a,n/a,n/a,n/a
530,sound_effects,P_DoItAgain,VO/EN/P_107_EN,patrick,-1,n/a,n/a,n/a,n/a,n/a,n/a,n/a,n/a,n/a,n/a,n/a,n/a,n/a,n/a,n/a,n/a,n/a,n/a,n/a
531,sound_effects,P_IsThisGoingAnywhere,VO/EN/P_108_EN,patrick,-1,n/a,n/a,n/a,n/a,n/a,n/a,n/a,n/a,n/a,n/a,n/a,n/a,n/a,n/a,n/a,n/a,n/a,n/a,n/a
532,sound_effects,P_ImNotYourToy,VO/EN/P_109_EN,patrick,-1,n/a,n/a,n/a,n/a,n/a,n/a,n/a,n/a,n/a,n/a,n/a,n/a,n/a,n/a,n/a,n/a,n/a,n/a,n/a
533,sound_effects,P_TheHorror,VO/EN/P_110_EN,patrick,-1,n/a,n/a,n/a,n/a,n/a,n/a,n/a,n/a,n/a,n/a,n/a,n/a,n/a,n/a,n/a,n/a,n/a,n/a,n/a
534,sound_effects,P_MoveToTheLeft,VO/EN/P_111_EN,patrick,-1,n/a,n/a,n/a,n/a,n/a,n/a,n/a,n/a,n/a,n/a,n/a,n/a,n/a,n/a,n/a,n/a,n/a,n/a,n/a
521,sound_effects,P_Hey,VO/EN/P_46_EN,patrick,-1,n/a,n/a,n/a,n/a,n/a,n/a,n/a,n/a,n/a,n/a,n/a,n/a,n/a,n/a,n/a,n/a,n/a,n/a,n/a
522,sound_effects,P_WatchWhereTapping,VO/EN/P_48_EN,patrick,-1,n/a,n/a,n/a,n/a,n/a,n/a,n/a,n/a,n/a,n/a,n/a,n/a,n/a,n/a,n/a,n/a,n/a,n/a,n/a
523,sound_effects,P_ThatTickles,VO/EN/P_52_EN,patrick,-1,n/a,n/a,n/a,n/a,n/a,n/a,n/a,n/a,n/a,n/a,n/a,n/a,n/a,n/a,n/a,n/a,n/a,n/a,n/a
524,sound_effects,P_Ouch,VO/EN/P_53_EN,patrick,-1,n/a,n/a,n/a,n/a,n/a,n/a,n/a,n/a,n/a,n/a,n/a,n/a,n/a,n/a,n/a,n/a,n/a,n/a,n/a
525,sound_effects,P_Ow,VO/EN/P_54_EN,patrick,-1,n/a,n/a,n/a,n/a,n/a,n/a,n/a,n/a,n/a,n/a,n/a,n/a,n/a,n/a,n/a,n/a,n/a,n/a,n/a
520,sound_effects,P_MoveIn,VO/EN/P_9_EN,patrick,-1,n/a,n/a,n/a,n/a,n/a,n/a,n/a,n/a,n/a,n/a,n/a,n/a,n/a,n/a,n/a,n/a,n/a,n/a,n/a
211,sound_effects,Patrick_Gosh,VO/Patrick_Gosh,patrick,-1,n/a,n/a,n/a,n/a,n/a,n/a,n/a,n/a,n/a,n/a,n/a,n/a,n/a,n/a,n/a,n/a,n/a,n/a,n/a
210,sound_effects,Patrick_Hey,VO/Patrick_Hey,patrick,-1,n/a,n/a,n/a,n/a,n/a,n/a,n/a,n/a,n/a,n/a,n/a,n/a,n/a,n/a,n/a,n/a,n/a,n/a,n/a
214,sound_effects,Patrick_HeyWaitAMinute,VO/Patrick_HeyWaitAMinute,patrick,-1,n/a,n/a,n/a,n/a,n/a,n/a,n/a,n/a,n/a,n/a,n/a,n/a,n/a,n/a,n/a,n/a,n/a,n/a,n/a
212,sound_effects,Patrick_Laugh,VO/Patrick_Laugh,patrick,-1,n/a,n/a,n/a,n/a,n/a,n/a,n/a,n/a,n/a,n/a,n/a,n/a,n/a,n/a,n/a,n/a,n/a,n/a,n/a
213,sound_effects,Patrick_Okay,VO/Patrick_Okay,patrick,-1,n/a,n/a,n/a,n/a,n/a,n/a,n/a,n/a,n/a,n/a,n/a,n/a,n/a,n/a,n/a,n/a,n/a,n/a,n/a
536,sound_effects,PK_Hey,VO/EN/PK_43_EN,pearl,-1,n/a,n/a,n/a,n/a,n/a,n/a,n/a,n/a,n/a,n/a,n/a,n/a,n/a,n/a,n/a,n/a,n/a,n/a,n/a
539,sound_effects,PK_Ouch,VO/EN/PK_44_EN,pearl,-1,n/a,n/a,n/a,n/a,n/a,n/a,n/a,n/a,n/a,n/a,n/a,n/a,n/a,n/a,n/a,n/a,n/a,n/a,n/a
545,sound_effects,PK_WatchYourTapping,VO/EN/PK_45_EN,pearl,-1,n/a,n/a,n/a,n/a,n/a,n/a,n/a,n/a,n/a,n/a,n/a,n/a,n/a,n/a,n/a,n/a,n/a,n/a,n/a
538,sound_effects,PK_TapTapTappingAway,VO/EN/PK_46_EN,pearl,-1,n/a,n/a,n/a,n/a,n/a,n/a,n/a,n/a,n/a,n/a,n/a,n/a,n/a,n/a,n/a,n/a,n/a,n/a,n/a
537,sound_effects,PK_DontTapMe,VO/EN/PK_47_EN,pearl,-1,n/a,n/a,n/a,n/a,n/a,n/a,n/a,n/a,n/a,n/a,n/a,n/a,n/a,n/a,n/a,n/a,n/a,n/a,n/a
541,sound_effects,PK_ThatTickles,VO/EN/PK_49_EN,pearl,-1,n/a,n/a,n/a,n/a,n/a,n/a,n/a,n/a,n/a,n/a,n/a,n/a,n/a,n/a,n/a,n/a,n/a,n/a,n/a
540,sound_effects,PK_Ow,VO/EN/PK_51_EN,pearl,-1,n/a,n/a,n/a,n/a,n/a,n/a,n/a,n/a,n/a,n/a,n/a,n/a,n/a,n/a,n/a,n/a,n/a,n/a,n/a
535,sound_effects,PK_MoveIn,VO/EN/PK_7_EN,pearl,-1,n/a,n/a,n/a,n/a,n/a,n/a,n/a,n/a,n/a,n/a,n/a,n/a,n/a,n/a,n/a,n/a,n/a,n/a,n/a
546,sound_effects,PK_WhaddayaWant,VO/EN/PK_90_EN,pearl,-1,n/a,n/a,n/a,n/a,n/a,n/a,n/a,n/a,n/a,n/a,n/a,n/a,n/a,n/a,n/a,n/a,n/a,n/a,n/a
542,sound_effects,PK_AhCooties,VO/EN/PK_94_EN,pearl,-1,n/a,n/a,n/a,n/a,n/a,n/a,n/a,n/a,n/a,n/a,n/a,n/a,n/a,n/a,n/a,n/a,n/a,n/a,n/a
543,sound_effects,PK_EnoughWithTapping,VO/EN/PK_96_EN,pearl,-1,n/a,n/a,n/a,n/a,n/a,n/a,n/a,n/a,n/a,n/a,n/a,n/a,n/a,n/a,n/a,n/a,n/a,n/a,n/a
544,sound_effects,PK_TappedOutYet,VO/EN/PK_98_EN,pearl,-1,n/a,n/a,n/a,n/a,n/a,n/a,n/a,n/a,n/a,n/a,n/a,n/a,n/a,n/a,n/a,n/a,n/a,n/a,n/a
500,sound_effects,PL_MoveIn,VO/EN/PL_09_EN,plankton,-1,n/a,n/a,n/a,n/a,n/a,n/a,n/a,n/a,n/a,n/a,n/a,n/a,n/a,n/a,n/a,n/a,n/a,n/a,n/a
501,sound_effects,PL_Hey,VO/EN/PL_56_EN,plankton,-1,n/a,n/a,n/a,n/a,n/a,n/a,n/a,n/a,n/a,n/a,n/a,n/a,n/a,n/a,n/a,n/a,n/a,n/a,n/a
502,sound_effects,PL_Ouch,VO/EN/PL_57_EN,plankton,-1,n/a,n/a,n/a,n/a,n/a,n/a,n/a,n/a,n/a,n/a,n/a,n/a,n/a,n/a,n/a,n/a,n/a,n/a,n/a
503,sound_effects,PL_WatchWhereTapping,VO/EN/PL_58_EN,plankton,-1,n/a,n/a,n/a,n/a,n/a,n/a,n/a,n/a,n/a,n/a,n/a,n/a,n/a,n/a,n/a,n/a,n/a,n/a,n/a
504,sound_effects,PL_WatchMyEye,VO/EN/PL_61_EN,plankton,-1,n/a,n/a,n/a,n/a,n/a,n/a,n/a,n/a,n/a,n/a,n/a,n/a,n/a,n/a,n/a,n/a,n/a,n/a,n/a
505,sound_effects,PL_Ow,VO/EN/PL_63_EN,plankton,-1,n/a,n/a,n/a,n/a,n/a,n/a,n/a,n/a,n/a,n/a,n/a,n/a,n/a,n/a,n/a,n/a,n/a,n/a,n/a
506,sound_effects,PL_SurelyYouJest,VO/EN/PL_69_EN,plankton,-1,n/a,n/a,n/a,n/a,n/a,n/a,n/a,n/a,n/a,n/a,n/a,n/a,n/a,n/a,n/a,n/a,n/a,n/a,n/a
507,sound_effects,PL_KeepItDown,VO/EN/PL_73_EN,plankton,-1,n/a,n/a,n/a,n/a,n/a,n/a,n/a,n/a,n/a,n/a,n/a,n/a,n/a,n/a,n/a,n/a,n/a,n/a,n/a
508,sound_effects,PL_WatchWhereYouPoint,VO/EN/PL_74_EN,plankton,-1,n/a,n/a,n/a,n/a,n/a,n/a,n/a,n/a,n/a,n/a,n/a,n/a,n/a,n/a,n/a,n/a,n/a,n/a,n/a
509,sound_effects,PL_TakeItEasy,VO/EN/PL_75_EN,plankton,-1,n/a,n/a,n/a,n/a,n/a,n/a,n/a,n/a,n/a,n/a,n/a,n/a,n/a,n/a,n/a,n/a,n/a,n/a,n/a
510,sound_effects,PL_WhatNow,VO/EN/PL_76_EN,plankton,-1,n/a,n/a,n/a,n/a,n/a,n/a,n/a,n/a,n/a,n/a,n/a,n/a,n/a,n/a,n/a,n/a,n/a,n/a,n/a
511,sound_effects,PL_SeeImBusy,VO/EN/PL_77_EN,plankton,-1,n/a,n/a,n/a,n/a,n/a,n/a,n/a,n/a,n/a,n/a,n/a,n/a,n/a,n/a,n/a,n/a,n/a,n/a,n/a
512,sound_effects,PL_DearNeptuneAbove,VO/EN/PL_78_EN,plankton,-1,n/a,n/a,n/a,n/a,n/a,n/a,n/a,n/a,n/a,n/a,n/a,n/a,n/a,n/a,n/a,n/a,n/a,n/a,n/a
513,sound_effects,PL_LostBrainPriveleges,VO/EN/PL_79_EN,plankton,-1,n/a,n/a,n/a,n/a,n/a,n/a,n/a,n/a,n/a,n/a,n/a,n/a,n/a,n/a,n/a,n/a,n/a,n/a,n/a
514,sound_effects,PL_IWentToCollege,VO/EN/PL_80_EN,plankton,-1,n/a,n/a,n/a,n/a,n/a,n/a,n/a,n/a,n/a,n/a,n/a,n/a,n/a,n/a,n/a,n/a,n/a,n/a,n/a
515,sound_effects,PL_BlastedBarnacleHead,VO/EN/PL_81_EN,plankton,-1,n/a,n/a,n/a,n/a,n/a,n/a,n/a,n/a,n/a,n/a,n/a,n/a,n/a,n/a,n/a,n/a,n/a,n/a,n/a
516,sound_effects,PL_WishToRuleYou,VO/EN/PL_82_EN,plankton,-1,n/a,n/a,n/a,n/a,n/a,n/a,n/a,n/a,n/a,n/a,n/a,n/a,n/a,n/a,n/a,n/a,n/a,n/a,n/a
517,sound_effects,PL_AnythingBetterToDo,VO/EN/PL_83_EN,plankton,-1,n/a,n/a,n/a,n/a,n/a,n/a,n/a,n/a,n/a,n/a,n/a,n/a,n/a,n/a,n/a,n/a,n/a,n/a,n/a
518,sound_effects,PL_YouIncompetentFool,VO/EN/PL_84_EN,plankton,-1,n/a,n/a,n/a,n/a,n/a,n/a,n/a,n/a,n/a,n/a,n/a,n/a,n/a,n/a,n/a,n/a,n/a,n/a,n/a
519,sound_effects,PL_EnjoyYourTapping,VO/EN/PL_85_EN,plankton,-1,n/a,n/a,n/a,n/a,n/a,n/a,n/a,n/a,n/a,n/a,n/a,n/a,n/a,n/a,n/a,n/a,n/a,n/a,n/a
218,sound_effects,Plankton_Curses,VO/Plankton_Curses,plankton,-1,n/a,n/a,n/a,n/a,n/a,n/a,n/a,n/a,n/a,n/a,n/a,n/a,n/a,n/a,n/a,n/a,n/a,n/a,n/a
215,sound_effects,Plankton_Laugh,VO/Plankton_Laugh,plankton,-1,n/a,n/a,n/a,n/a,n/a,n/a,n/a,n/a,n/a,n/a,n/a,n/a,n/a,n/a,n/a,n/a,n/a,n/a,n/a
216,sound_effects,Plankton_Meow,VO/Plankton_Meow,plankton,-1,n/a,n/a,n/a,n/a,n/a,n/a,n/a,n/a,n/a,n/a,n/a,n/a,n/a,n/a,n/a,n/a,n/a,n/a,n/a
217,sound_effects,Plankton_Wait,VO/Plankton_Wait,plankton,-1,n/a,n/a,n/a,n/a,n/a,n/a,n/a,n/a,n/a,n/a,n/a,n/a,n/a,n/a,n/a,n/a,n/a,n/a,n/a
219,sound_effects,Plankton_Yes,VO/Plankton_Yes,plankton,-1,n/a,n/a,n/a,n/a,n/a,n/a,n/a,n/a,n/a,n/a,n/a,n/a,n/a,n/a,n/a,n/a,n/a,n/a,n/a
549,sound_effects,Reg_Hey,VO/EN/Reg_43_EN,reg,-1,n/a,n/a,n/a,n/a,n/a,n/a,n/a,n/a,n/a,n/a,n/a,n/a,n/a,n/a,n/a,n/a,n/a,n/a,n/a
550,sound_effects,Reg_Ouch,VO/EN/Reg_44_EN,reg,-1,n/a,n/a,n/a,n/a,n/a,n/a,n/a,n/a,n/a,n/a,n/a,n/a,n/a,n/a,n/a,n/a,n/a,n/a,n/a
551,sound_effects,Reg_WatchWhereYoureTapping,VO/EN/Reg_45_EN,reg,-1,n/a,n/a,n/a,n/a,n/a,n/a,n/a,n/a,n/a,n/a,n/a,n/a,n/a,n/a,n/a,n/a,n/a,n/a,n/a
552,sound_effects,Reg_ThatTickles,VO/EN/Reg_49_EN,reg,-1,n/a,n/a,n/a,n/a,n/a,n/a,n/a,n/a,n/a,n/a,n/a,n/a,n/a,n/a,n/a,n/a,n/a,n/a,n/a
553,sound_effects,Reg_Ow,VO/EN/Reg_51_EN,reg,-1,n/a,n/a,n/a,n/a,n/a,n/a,n/a,n/a,n/a,n/a,n/a,n/a,n/a,n/a,n/a,n/a,n/a,n/a,n/a
554,sound_effects,Reg_EnoughWithTheTapping,VO/EN/Reg_91_EN,reg,-1,n/a,n/a,n/a,n/a,n/a,n/a,n/a,n/a,n/a,n/a,n/a,n/a,n/a,n/a,n/a,n/a,n/a,n/a,n/a
555,sound_effects,Reg_WhatHappenedLastPersonTapMe,VO/EN/Reg_92_EN,reg,-1,n/a,n/a,n/a,n/a,n/a,n/a,n/a,n/a,n/a,n/a,n/a,n/a,n/a,n/a,n/a,n/a,n/a,n/a,n/a
556,sound_effects,Reg_TappingDontMakeYouTough,VO/EN/Reg_93_EN,reg,-1,n/a,n/a,n/a,n/a,n/a,n/a,n/a,n/a,n/a,n/a,n/a,n/a,n/a,n/a,n/a,n/a,n/a,n/a,n/a
557,sound_effects,Reg_IWasQuiteTheTapper,VO/EN/Reg_94_EN,reg,-1,n/a,n/a,n/a,n/a,n/a,n/a,n/a,n/a,n/a,n/a,n/a,n/a,n/a,n/a,n/a,n/a,n/a,n/a,n/a
558,sound_effects,Reg_IsThatAllYouGot,VO/EN/Reg_95_EN,reg,-1,n/a,n/a,n/a,n/a,n/a,n/a,n/a,n/a,n/a,n/a,n/a,n/a,n/a,n/a,n/a,n/a,n/a,n/a,n/a
559,sound_effects,Reg_Weenie,VO/EN/Reg_96_EN,reg,-1,n/a,n/a,n/a,n/a,n/a,n/a,n/a,n/a,n/a,n/a,n/a,n/a,n/a,n/a,n/a,n/a,n/a,n/a,n/a
560,sound_effects,Reg_HeyTryTappingThis,VO/EN/Reg_97_EN,reg,-1,n/a,n/a,n/a,n/a,n/a,n/a,n/a,n/a,n/a,n/a,n/a,n/a,n/a,n/a,n/a,n/a,n/a,n/a,n/a
561,sound_effects,Reg_AintYouTappedOutAlready,VO/EN/Reg_98_EN,reg,-1,n/a,n/a,n/a,n/a,n/a,n/a,n/a,n/a,n/a,n/a,n/a,n/a,n/a,n/a,n/a,n/a,n/a,n/a,n/a
464,sound_effects,Sandy_YoureMinceMeat,VO/EN/Sandy_100,sandy,-1,n/a,n/a,n/a,n/a,n/a,n/a,n/a,n/a,n/a,n/a,n/a,n/a,n/a,n/a,n/a,n/a,n/a,n/a,n/a
465,sound_effects,Sandy_DoggoneIt,VO/EN/Sandy_101,sandy,-1,n/a,n/a,n/a,n/a,n/a,n/a,n/a,n/a,n/a,n/a,n/a,n/a,n/a,n/a,n/a,n/a,n/a,n/a,n/a
466,sound_effects,Sandy_DontLoseYourBarnacles,VO/EN/Sandy_102,sandy,-1,n/a,n/a,n/a,n/a,n/a,n/a,n/a,n/a,n/a,n/a,n/a,n/a,n/a,n/a,n/a,n/a,n/a,n/a,n/a
467,sound_effects,Sandy_TappingMeTappingTexas,VO/EN/Sandy_103,sandy,-1,n/a,n/a,n/a,n/a,n/a,n/a,n/a,n/a,n/a,n/a,n/a,n/a,n/a,n/a,n/a,n/a,n/a,n/a,n/a
468,sound_effects,Sandy_MightyFineTappingWork,VO/EN/Sandy_104,sandy,-1,n/a,n/a,n/a,n/a,n/a,n/a,n/a,n/a,n/a,n/a,n/a,n/a,n/a,n/a,n/a,n/a,n/a,n/a,n/a
455,sound_effects,Sandy_Hey,VO/EN/Sandy_49,sandy,-1,n/a,n/a,n/a,n/a,n/a,n/a,n/a,n/a,n/a,n/a,n/a,n/a,n/a,n/a,n/a,n/a,n/a,n/a,n/a
456,sound_effects,Sandy_Ouch,VO/EN/Sandy_50,sandy,-1,n/a,n/a,n/a,n/a,n/a,n/a,n/a,n/a,n/a,n/a,n/a,n/a,n/a,n/a,n/a,n/a,n/a,n/a,n/a
457,sound_effects,Sandy_WatchWhereYoureTapping,VO/EN/Sandy_51,sandy,-1,n/a,n/a,n/a,n/a,n/a,n/a,n/a,n/a,n/a,n/a,n/a,n/a,n/a,n/a,n/a,n/a,n/a,n/a,n/a
458,sound_effects,Sandy_ThatTickles,VO/EN/Sandy_55,sandy,-1,n/a,n/a,n/a,n/a,n/a,n/a,n/a,n/a,n/a,n/a,n/a,n/a,n/a,n/a,n/a,n/a,n/a,n/a,n/a
459,sound_effects,Sandy_Ow,VO/EN/Sandy_57,sandy,-1,n/a,n/a,n/a,n/a,n/a,n/a,n/a,n/a,n/a,n/a,n/a,n/a,n/a,n/a,n/a,n/a,n/a,n/a,n/a
460,sound_effects,Sandy_WhatsWithAllTappingYall,VO/EN/Sandy_96,sandy,-1,n/a,n/a,n/a,n/a,n/a,n/a,n/a,n/a,n/a,n/a,n/a,n/a,n/a,n/a,n/a,n/a,n/a,n/a,n/a
461,sound_effects,Sandy_Yeehaw,VO/EN/Sandy_97,sandy,-1,n/a,n/a,n/a,n/a,n/a,n/a,n/a,n/a,n/a,n/a,n/a,n/a,n/a,n/a,n/a,n/a,n/a,n/a,n/a
462,sound_effects,Sandy_HolyGuacamole,VO/EN/Sandy_98,sandy,-1,n/a,n/a,n/a,n/a,n/a,n/a,n/a,n/a,n/a,n/a,n/a,n/a,n/a,n/a,n/a,n/a,n/a,n/a,n/a
463,sound_effects,Sandy_WhatInTarnation,VO/EN/Sandy_99,sandy,-1,n/a,n/a,n/a,n/a,n/a,n/a,n/a,n/a,n/a,n/a,n/a,n/a,n/a,n/a,n/a,n/a,n/a,n/a,n/a
223,sound_effects,Sandy_HoldOn,VO/Sandy_HoldOn,sandy,-1,n/a,n/a,n/a,n/a,n/a,n/a,n/a,n/a,n/a,n/a,n/a,n/a,n/a,n/a,n/a,n/a,n/a,n/a,n/a
220,sound_effects,Sandy_HowdyYall,VO/Sandy_HowdyYall,sandy,-1,n/a,n/a,n/a,n/a,n/a,n/a,n/a,n/a,n/a,n/a,n/a,n/a,n/a,n/a,n/a,n/a,n/a,n/a,n/a
221,sound_effects,Sandy_OhWell,VO/Sandy_OhWell,sandy,-1,n/a,n/a,n/a,n/a,n/a,n/a,n/a,n/a,n/a,n/a,n/a,n/a,n/a,n/a,n/a,n/a,n/a,n/a,n/a
224,sound_effects,Sandy_Ready,VO/Sandy_Ready,sandy,-1,n/a,n/a,n/a,n/a,n/a,n/a,n/a,n/a,n/a,n/a,n/a,n/a,n/a,n/a,n/a,n/a,n/a,n/a,n/a
225,sound_effects,Sandy_Wowie,VO/Sandy_Wowie,sandy,-1,n/a,n/a,n/a,n/a,n/a,n/a,n/a,n/a,n/a,n/a,n/a,n/a,n/a,n/a,n/a,n/a,n/a,n/a,n/a
222,sound_effects,Sandy_Yes,VO/Sandy_Yes,sandy,-1,n/a,n/a,n/a,n/a,n/a,n/a,n/a,n/a,n/a,n/a,n/a,n/a,n/a,n/a,n/a,n/a,n/a,n/a,n/a
226,sound_effects,Sandy_YES_Excited,VO/Sandy_YES_Excited,sandy,-1,n/a,n/a,n/a,n/a,n/a,n/a,n/a,n/a,n/a,n/a,n/a,n/a,n/a,n/a,n/a,n/a,n/a,n/a,n/a
267,sound_effects,SB_SirYesSir,VO/EN/SB_SirYesSir_EN,spongebob,-1,n/a,n/a,n/a,n/a,n/a,n/a,n/a,n/a,n/a,n/a,n/a,n/a,n/a,n/a,n/a,n/a,n/a,n/a,n/a
274,sound_effects,SB_MovingIn,VO/EN/SB001_EN,spongebob,-1,n/a,n/a,n/a,n/a,n/a,n/a,n/a,n/a,n/a,n/a,n/a,n/a,n/a,n/a,n/a,n/a,n/a,n/a,n/a
278,sound_effects,SB_TimeToMoveIn,VO/EN/SB006_EN,spongebob,-1,n/a,n/a,n/a,n/a,n/a,n/a,n/a,n/a,n/a,n/a,n/a,n/a,n/a,n/a,n/a,n/a,n/a,n/a,n/a
262,sound_effects,SB_ItsBeautiful,VO/EN/SB013_EN,spongebob,-1,n/a,n/a,n/a,n/a,n/a,n/a,n/a,n/a,n/a,n/a,n/a,n/a,n/a,n/a,n/a,n/a,n/a,n/a,n/a
579,sound_effects,SB_MyMasterpiece,VO/EN/SB014_EN,spongebob,-1,n/a,n/a,n/a,n/a,n/a,n/a,n/a,n/a,n/a,n/a,n/a,n/a,n/a,n/a,n/a,n/a,n/a,n/a,n/a
610,sound_effects,SB_YouMovedSandyIn,VO/EN/SB015_EN,spongebob,-1,n/a,n/a,n/a,n/a,n/a,n/a,n/a,n/a,n/a,n/a,n/a,n/a,n/a,n/a,n/a,n/a,n/a,n/a,n/a
611,sound_effects,SB_YouMovedPatrickIn,VO/EN/SB016_EN,spongebob,-1,n/a,n/a,n/a,n/a,n/a,n/a,n/a,n/a,n/a,n/a,n/a,n/a,n/a,n/a,n/a,n/a,n/a,n/a,n/a
612,sound_effects,SB_YouMovedSquidwardIn,VO/EN/SB018_EN,spongebob,-1,n/a,n/a,n/a,n/a,n/a,n/a,n/a,n/a,n/a,n/a,n/a,n/a,n/a,n/a,n/a,n/a,n/a,n/a,n/a
613,sound_effects,SB_YouMovedPlanktonIn,VO/EN/SB019_EN,spongebob,-1,n/a,n/a,n/a,n/a,n/a,n/a,n/a,n/a,n/a,n/a,n/a,n/a,n/a,n/a,n/a,n/a,n/a,n/a,n/a
614,sound_effects,SB_YouMovedPearlKrabsIn,VO/EN/SB020_EN,spongebob,-1,n/a,n/a,n/a,n/a,n/a,n/a,n/a,n/a,n/a,n/a,n/a,n/a,n/a,n/a,n/a,n/a,n/a,n/a,n/a
615,sound_effects,SB_YouMovedLarryTheLobsterIn,VO/EN/SB021_EN,spongebob,-1,n/a,n/a,n/a,n/a,n/a,n/a,n/a,n/a,n/a,n/a,n/a,n/a,n/a,n/a,n/a,n/a,n/a,n/a,n/a
616,sound_effects,SB_YouMovedMMandBBIn,VO/EN/SB023_EN,spongebob,-1,n/a,n/a,n/a,n/a,n/a,n/a,n/a,n/a,n/a,n/a,n/a,n/a,n/a,n/a,n/a,n/a,n/a,n/a,n/a
617,sound_effects,SB_YouMovedKingNeptuneIn,VO/EN/SB026_EN,spongebob,-1,n/a,n/a,n/a,n/a,n/a,n/a,n/a,n/a,n/a,n/a,n/a,n/a,n/a,n/a,n/a,n/a,n/a,n/a,n/a
618,sound_effects,SB_YouMovedManRayIn,VO/EN/SB027_EN,spongebob,-1,n/a,n/a,n/a,n/a,n/a,n/a,n/a,n/a,n/a,n/a,n/a,n/a,n/a,n/a,n/a,n/a,n/a,n/a,n/a
619,sound_effects,SB_YouMovedRegIn,VO/EN/SB028_EN,spongebob,-1,n/a,n/a,n/a,n/a,n/a,n/a,n/a,n/a,n/a,n/a,n/a,n/a,n/a,n/a,n/a,n/a,n/a,n/a,n/a
620,sound_effects,SB_YouMovedSquilliamIn,VO/EN/SB029_EN,spongebob,-1,n/a,n/a,n/a,n/a,n/a,n/a,n/a,n/a,n/a,n/a,n/a,n/a,n/a,n/a,n/a,n/a,n/a,n/a,n/a
621,sound_effects,SB_YouMovedKevinIn,VO/EN/SB030_EN,spongebob,-1,n/a,n/a,n/a,n/a,n/a,n/a,n/a,n/a,n/a,n/a,n/a,n/a,n/a,n/a,n/a,n/a,n/a,n/a,n/a
622,sound_effects,SB_YouMovedGeneScallopIn,VO/EN/SB033_EN,spongebob,-1,n/a,n/a,n/a,n/a,n/a,n/a,n/a,n/a,n/a,n/a,n/a,n/a,n/a,n/a,n/a,n/a,n/a,n/a,n/a
249,sound_effects,SB_DragHighlightedAreaCheckmark,VO/EN/SB035_EN,spongebob,-1,n/a,n/a,n/a,n/a,n/a,n/a,n/a,n/a,n/a,n/a,n/a,n/a,n/a,n/a,n/a,n/a,n/a,n/a,n/a
248,sound_effects,SB_DragPlaceCheckmark,VO/EN/SB037_EN,spongebob,-1,n/a,n/a,n/a,n/a,n/a,n/a,n/a,n/a,n/a,n/a,n/a,n/a,n/a,n/a,n/a,n/a,n/a,n/a,n/a
269,sound_effects,SB_TapRemoveMess,VO/EN/SB038_EN,spongebob,-1,n/a,n/a,n/a,n/a,n/a,n/a,n/a,n/a,n/a,n/a,n/a,n/a,n/a,n/a,n/a,n/a,n/a,n/a,n/a
242,sound_effects,SB_TapFinishConstruction,VO/EN/SB040_rev_EN,spongebob,-1,n/a,n/a,n/a,n/a,n/a,n/a,n/a,n/a,n/a,n/a,n/a,n/a,n/a,n/a,n/a,n/a,n/a,n/a,n/a
238,sound_effects,SB_ClearDebris,VO/EN/SB041_EN,spongebob,-1,n/a,n/a,n/a,n/a,n/a,n/a,n/a,n/a,n/a,n/a,n/a,n/a,n/a,n/a,n/a,n/a,n/a,n/a,n/a
246,sound_effects,SB_TapPlaceRoadPiece,VO/EN/SB043_EN,spongebob,-1,n/a,n/a,n/a,n/a,n/a,n/a,n/a,n/a,n/a,n/a,n/a,n/a,n/a,n/a,n/a,n/a,n/a,n/a,n/a
239,sound_effects,SB_TapOpenStoreMenu,VO/EN/SB050_EN,spongebob,-1,n/a,n/a,n/a,n/a,n/a,n/a,n/a,n/a,n/a,n/a,n/a,n/a,n/a,n/a,n/a,n/a,n/a,n/a,n/a
277,sound_effects,SB_TapOpenDecorations,VO/EN/SB051_EN,spongebob,-1,n/a,n/a,n/a,n/a,n/a,n/a,n/a,n/a,n/a,n/a,n/a,n/a,n/a,n/a,n/a,n/a,n/a,n/a,n/a
247,sound_effects,SB_TapOpenBuildings,VO/EN/SB052_EN,spongebob,-1,n/a,n/a,n/a,n/a,n/a,n/a,n/a,n/a,n/a,n/a,n/a,n/a,n/a,n/a,n/a,n/a,n/a,n/a,n/a
240,sound_effects,SB_TapCharacterGiveWantLevelUp,VO/EN/SB056_EN,spongebob,-1,n/a,n/a,n/a,n/a,n/a,n/a,n/a,n/a,n/a,n/a,n/a,n/a,n/a,n/a,n/a,n/a,n/a,n/a,n/a
252,sound_effects,SB_JJTaskBuildingTimes,VO/EN/SB057_EN,spongebob,-1,n/a,n/a,n/a,n/a,n/a,n/a,n/a,n/a,n/a,n/a,n/a,n/a,n/a,n/a,n/a,n/a,n/a,n/a,n/a
276,sound_effects,SB_JJSpeedUpBuildingTimes,VO/EN/SB057-B_EN,spongebob,-1,n/a,n/a,n/a,n/a,n/a,n/a,n/a,n/a,n/a,n/a,n/a,n/a,n/a,n/a,n/a,n/a,n/a,n/a,n/a
275,sound_effects,SB_JJSpeedUp,VO/EN/SB057-C_EN,spongebob,-1,n/a,n/a,n/a,n/a,n/a,n/a,n/a,n/a,n/a,n/a,n/a,n/a,n/a,n/a,n/a,n/a,n/a,n/a,n/a
285,sound_effects,TapKKOpenGG,VO/EN/SB059_EN,spongebob,-1,n/a,n/a,n/a,n/a,n/a,n/a,n/a,n/a,n/a,n/a,n/a,n/a,n/a,n/a,n/a,n/a,n/a,n/a,n/a
227,sound_effects,SB_HomeSweetPineapple,VO/EN/SB064_EN,spongebob,-1,n/a,n/a,n/a,n/a,n/a,n/a,n/a,n/a,n/a,n/a,n/a,n/a,n/a,n/a,n/a,n/a,n/a,n/a,n/a
280,sound_effects,SB_TapHere,VO/EN/SB065_EN,spongebob,-1,n/a,n/a,n/a,n/a,n/a,n/a,n/a,n/a,n/a,n/a,n/a,n/a,n/a,n/a,n/a,n/a,n/a,n/a,n/a
260,sound_effects,SB_SwipeLeftRight,VO/EN/SB067_EN,spongebob,-1,n/a,n/a,n/a,n/a,n/a,n/a,n/a,n/a,n/a,n/a,n/a,n/a,n/a,n/a,n/a,n/a,n/a,n/a,n/a
228,sound_effects,SB_SwipeUpDown,VO/EN/SB068_EN,spongebob,-1,n/a,n/a,n/a,n/a,n/a,n/a,n/a,n/a,n/a,n/a,n/a,n/a,n/a,n/a,n/a,n/a,n/a,n/a,n/a
241,sound_effects,SB_TapPopBubbles,VO/EN/SB072_EN,spongebob,-1,n/a,n/a,n/a,n/a,n/a,n/a,n/a,n/a,n/a,n/a,n/a,n/a,n/a,n/a,n/a,n/a,n/a,n/a,n/a
263,sound_effects,SB_ThoughtBubbleGiveCombo,VO/EN/SB073_EN,spongebob,-1,n/a,n/a,n/a,n/a,n/a,n/a,n/a,n/a,n/a,n/a,n/a,n/a,n/a,n/a,n/a,n/a,n/a,n/a,n/a
257,sound_effects,SB_ThoughtBubbleMakeWantLevelUp,VO/EN/SB073_EN,spongebob,-1,n/a,n/a,n/a,n/a,n/a,n/a,n/a,n/a,n/a,n/a,n/a,n/a,n/a,n/a,n/a,n/a,n/a,n/a,n/a
258,sound_effects,SB_GiveWhatTheyWant,VO/EN/SB074_EN,spongebob,-1,n/a,n/a,n/a,n/a,n/a,n/a,n/a,n/a,n/a,n/a,n/a,n/a,n/a,n/a,n/a,n/a,n/a,n/a,n/a
265,sound_effects,SB_TapToCollectCoins,VO/EN/SB075_EN,spongebob,-1,n/a,n/a,n/a,n/a,n/a,n/a,n/a,n/a,n/a,n/a,n/a,n/a,n/a,n/a,n/a,n/a,n/a,n/a,n/a
264,sound_effects,SB_MyFirstMoveInStory,VO/EN/SB091_EN,spongebob,-1,n/a,n/a,n/a,n/a,n/a,n/a,n/a,n/a,n/a,n/a,n/a,n/a,n/a,n/a,n/a,n/a,n/a,n/a,n/a
161,sound_effects,FoundMovie_SB01,VO/EN/SB092_EN,spongebob,-1,n/a,n/a,n/a,n/a,n/a,n/a,n/a,n/a,n/a,n/a,n/a,n/a,n/a,n/a,n/a,n/a,n/a,n/a,n/a
162,sound_effects,SB_AnotherMoveInStory,VO/EN/SB092_EN,spongebob,-1,n/a,n/a,n/a,n/a,n/a,n/a,n/a,n/a,n/a,n/a,n/a,n/a,n/a,n/a,n/a,n/a,n/a,n/a,n/a
161,sound_effects,FoundMovie_SB02,VO/EN/SB093_EN,spongebob,-1,n/a,n/a,n/a,n/a,n/a,n/a,n/a,n/a,n/a,n/a,n/a,n/a,n/a,n/a,n/a,n/a,n/a,n/a,n/a
163,sound_effects,SB_CantWaitToSeeThisOne,VO/EN/SB093_EN,spongebob,-1,n/a,n/a,n/a,n/a,n/a,n/a,n/a,n/a,n/a,n/a,n/a,n/a,n/a,n/a,n/a,n/a,n/a,n/a,n/a
161,sound_effects,FoundMovie_SB03,VO/EN/SB094_EN,spongebob,-1,n/a,n/a,n/a,n/a,n/a,n/a,n/a,n/a,n/a,n/a,n/a,n/a,n/a,n/a,n/a,n/a,n/a,n/a,n/a
164,sound_effects,SB_WonderWhatThisOnesAbout,VO/EN/SB094_EN,spongebob,-1,n/a,n/a,n/a,n/a,n/a,n/a,n/a,n/a,n/a,n/a,n/a,n/a,n/a,n/a,n/a,n/a,n/a,n/a,n/a
161,sound_effects,FoundMovie_SB04,VO/EN/SB095_EN,spongebob,-1,n/a,n/a,n/a,n/a,n/a,n/a,n/a,n/a,n/a,n/a,n/a,n/a,n/a,n/a,n/a,n/a,n/a,n/a,n/a
165,sound_effects,SB_LoveWatchingTheseThings,VO/EN/SB095_EN,spongebob,-1,n/a,n/a,n/a,n/a,n/a,n/a,n/a,n/a,n/a,n/a,n/a,n/a,n/a,n/a,n/a,n/a,n/a,n/a,n/a
581,sound_effects,SB_ThatsMeCaptain,VO/EN/SB142_EN,spongebob,-1,n/a,n/a,n/a,n/a,n/a,n/a,n/a,n/a,n/a,n/a,n/a,n/a,n/a,n/a,n/a,n/a,n/a,n/a,n/a
626,sound_effects,SB_MyHero,VO/EN/SB149_EN,spongebob,-1,n/a,n/a,n/a,n/a,n/a,n/a,n/a,n/a,n/a,n/a,n/a,n/a,n/a,n/a,n/a,n/a,n/a,n/a,n/a
624,sound_effects,SB_MrsPuffIsTheBest,VO/EN/SB163_EN,spongebob,-1,n/a,n/a,n/a,n/a,n/a,n/a,n/a,n/a,n/a,n/a,n/a,n/a,n/a,n/a,n/a,n/a,n/a,n/a,n/a
582,sound_effects,SB_HeyMrKrabs,VO/EN/SB184_EN,spongebob,-1,n/a,n/a,n/a,n/a,n/a,n/a,n/a,n/a,n/a,n/a,n/a,n/a,n/a,n/a,n/a,n/a,n/a,n/a,n/a
583,sound_effects,SB_AhoyMrKrabs,VO/EN/SB185_EN,spongebob,-1,n/a,n/a,n/a,n/a,n/a,n/a,n/a,n/a,n/a,n/a,n/a,n/a,n/a,n/a,n/a,n/a,n/a,n/a,n/a
235,sound_effects,SB_Ahoy,VO/EN/SB199_EN,spongebob,-1,n/a,n/a,n/a,n/a,n/a,n/a,n/a,n/a,n/a,n/a,n/a,n/a,n/a,n/a,n/a,n/a,n/a,n/a,n/a
237,sound_effects,SB_HeyBuddy,VO/EN/SB201_EN,spongebob,-1,n/a,n/a,n/a,n/a,n/a,n/a,n/a,n/a,n/a,n/a,n/a,n/a,n/a,n/a,n/a,n/a,n/a,n/a,n/a
236,sound_effects,SB_HeyYou,VO/EN/SB206_EN,spongebob,-1,n/a,n/a,n/a,n/a,n/a,n/a,n/a,n/a,n/a,n/a,n/a,n/a,n/a,n/a,n/a,n/a,n/a,n/a,n/a
596,sound_effects,SB_ComingRightUp,VO/EN/SB229_EN,spongebob,-1,n/a,n/a,n/a,n/a,n/a,n/a,n/a,n/a,n/a,n/a,n/a,n/a,n/a,n/a,n/a,n/a,n/a,n/a,n/a
256,sound_effects,SB_GrillIsReady,VO/EN/SB231_EN,spongebob,-1,n/a,n/a,n/a,n/a,n/a,n/a,n/a,n/a,n/a,n/a,n/a,n/a,n/a,n/a,n/a,n/a,n/a,n/a,n/a
595,sound_effects,SB_OnTheDouble,VO/EN/SB232_EN,spongebob,-1,n/a,n/a,n/a,n/a,n/a,n/a,n/a,n/a,n/a,n/a,n/a,n/a,n/a,n/a,n/a,n/a,n/a,n/a,n/a
594,sound_effects,SB_IllGetThatForYouInAJiffy,VO/EN/SB233_EN,spongebob,-1,n/a,n/a,n/a,n/a,n/a,n/a,n/a,n/a,n/a,n/a,n/a,n/a,n/a,n/a,n/a,n/a,n/a,n/a,n/a
593,sound_effects,SB_YesChef,VO/EN/SB234_EN,spongebob,-1,n/a,n/a,n/a,n/a,n/a,n/a,n/a,n/a,n/a,n/a,n/a,n/a,n/a,n/a,n/a,n/a,n/a,n/a,n/a
592,sound_effects,SB_FiringAllBurners,VO/EN/SB235_EN,spongebob,-1,n/a,n/a,n/a,n/a,n/a,n/a,n/a,n/a,n/a,n/a,n/a,n/a,n/a,n/a,n/a,n/a,n/a,n/a,n/a
261,sound_effects,SB_OrderUp2,VO/EN/SB236_EN,spongebob,-1,n/a,n/a,n/a,n/a,n/a,n/a,n/a,n/a,n/a,n/a,n/a,n/a,n/a,n/a,n/a,n/a,n/a,n/a,n/a
591,sound_effects,SB_Ready,VO/EN/SB237_EN,spongebob,-1,n/a,n/a,n/a,n/a,n/a,n/a,n/a,n/a,n/a,n/a,n/a,n/a,n/a,n/a,n/a,n/a,n/a,n/a,n/a
590,sound_effects,SB_ComeAndGetIt,VO/EN/SB239_EN,spongebob,-1,n/a,n/a,n/a,n/a,n/a,n/a,n/a,n/a,n/a,n/a,n/a,n/a,n/a,n/a,n/a,n/a,n/a,n/a,n/a
669,sound_effects,SB_FreshPreparedWithLove,VO/EN/SB241_EN,spongebob,-1,n/a,n/a,n/a,n/a,n/a,n/a,n/a,n/a,n/a,n/a,n/a,n/a,n/a,n/a,n/a,n/a,n/a,n/a,n/a
589,sound_effects,SB_OneMouthWateringKrabbyPatty,VO/EN/SB244_EN,spongebob,-1,n/a,n/a,n/a,n/a,n/a,n/a,n/a,n/a,n/a,n/a,n/a,n/a,n/a,n/a,n/a,n/a,n/a,n/a,n/a
588,sound_effects,SB_KrabbyPatty,VO/EN/SB245_EN,spongebob,-1,n/a,n/a,n/a,n/a,n/a,n/a,n/a,n/a,n/a,n/a,n/a,n/a,n/a,n/a,n/a,n/a,n/a,n/a,n/a
587,sound_effects,SB_YourOrderIsReady,VO/EN/SB276_EN,spongebob,-1,n/a,n/a,n/a,n/a,n/a,n/a,n/a,n/a,n/a,n/a,n/a,n/a,n/a,n/a,n/a,n/a,n/a,n/a,n/a
586,sound_effects,SB_IBelieveThisOrderIsYours,VO/EN/SB277_EN,spongebob,-1,n/a,n/a,n/a,n/a,n/a,n/a,n/a,n/a,n/a,n/a,n/a,n/a,n/a,n/a,n/a,n/a,n/a,n/a,n/a
585,sound_effects,SB_OrderUp,VO/EN/SB278_EN,spongebob,-1,n/a,n/a,n/a,n/a,n/a,n/a,n/a,n/a,n/a,n/a,n/a,n/a,n/a,n/a,n/a,n/a,n/a,n/a,n/a
682,sound_effects,SB_NotEnoughIngredients,VO/EN/SB279_EN,spongebob,-1,n/a,n/a,n/a,n/a,n/a,n/a,n/a,n/a,n/a,n/a,n/a,n/a,n/a,n/a,n/a,n/a,n/a,n/a,n/a
683,sound_effects,SB_WereMissingSomething,VO/EN/SB280_EN,spongebob,-1,n/a,n/a,n/a,n/a,n/a,n/a,n/a,n/a,n/a,n/a,n/a,n/a,n/a,n/a,n/a,n/a,n/a,n/a,n/a
684,sound_effects,SB_WeNeedMoreIngredients,VO/EN/SB281_EN,spongebob,-1,n/a,n/a,n/a,n/a,n/a,n/a,n/a,n/a,n/a,n/a,n/a,n/a,n/a,n/a,n/a,n/a,n/a,n/a,n/a
685,sound_effects,SB_WhatsMissingHere,VO/EN/SB282_EN,spongebob,-1,n/a,n/a,n/a,n/a,n/a,n/a,n/a,n/a,n/a,n/a,n/a,n/a,n/a,n/a,n/a,n/a,n/a,n/a,n/a
167,sound_effects,SB_ANewRecipe,VO/EN/SB283_EN,spongebob,-1,n/a,n/a,n/a,n/a,n/a,n/a,n/a,n/a,n/a,n/a,n/a,n/a,n/a,n/a,n/a,n/a,n/a,n/a,n/a
168,sound_effects,SB_ShhItsASecretRecipe,VO/EN/SB286_EN,spongebob,-1,n/a,n/a,n/a,n/a,n/a,n/a,n/a,n/a,n/a,n/a,n/a,n/a,n/a,n/a,n/a,n/a,n/a,n/a,n/a
625,sound_effects,SB_WannaHelpMeGrill,VO/EN/SB288_EN,spongebob,-1,n/a,n/a,n/a,n/a,n/a,n/a,n/a,n/a,n/a,n/a,n/a,n/a,n/a,n/a,n/a,n/a,n/a,n/a,n/a
597,sound_effects,SB_WannaHelpMeGrillUpSomeKrabbyPattys,VO/EN/SB288_EN,spongebob,-1,n/a,n/a,n/a,n/a,n/a,n/a,n/a,n/a,n/a,n/a,n/a,n/a,n/a,n/a,n/a,n/a,n/a,n/a,n/a
584,sound_effects,SB_ILoveKrabbyPatties,VO/EN/SB289_EN,spongebob,-1,n/a,n/a,n/a,n/a,n/a,n/a,n/a,n/a,n/a,n/a,n/a,n/a,n/a,n/a,n/a,n/a,n/a,n/a,n/a
599,sound_effects,SB_AllDone,VO/EN/SB292_EN,spongebob,-1,n/a,n/a,n/a,n/a,n/a,n/a,n/a,n/a,n/a,n/a,n/a,n/a,n/a,n/a,n/a,n/a,n/a,n/a,n/a
598,sound_effects,SB_Finished,VO/EN/SB293_EN,spongebob,-1,n/a,n/a,n/a,n/a,n/a,n/a,n/a,n/a,n/a,n/a,n/a,n/a,n/a,n/a,n/a,n/a,n/a,n/a,n/a
131,sound_effects,SB_ReadyToCollect,VO/EN/SB294_EN,spongebob,-1,n/a,n/a,n/a,n/a,n/a,n/a,n/a,n/a,n/a,n/a,n/a,n/a,n/a,n/a,n/a,n/a,n/a,n/a,n/a
627,sound_effects,SB_MrPoliceman,VO/EN/SB332_EN,spongebob,-1,n/a,n/a,n/a,n/a,n/a,n/a,n/a,n/a,n/a,n/a,n/a,n/a,n/a,n/a,n/a,n/a,n/a,n/a,n/a
250,sound_effects,SB_Lettuce,VO/EN/SB344_EN,spongebob,-1,n/a,n/a,n/a,n/a,n/a,n/a,n/a,n/a,n/a,n/a,n/a,n/a,n/a,n/a,n/a,n/a,n/a,n/a,n/a
251,sound_effects,SB_Tomato,VO/EN/SB345_EN,spongebob,-1,n/a,n/a,n/a,n/a,n/a,n/a,n/a,n/a,n/a,n/a,n/a,n/a,n/a,n/a,n/a,n/a,n/a,n/a,n/a
176,sound_effects,Dialog_LevelUp_SB01,VO/EN/SB357_EN,spongebob,-1,n/a,n/a,n/a,n/a,n/a,n/a,n/a,n/a,n/a,n/a,n/a,n/a,n/a,n/a,n/a,n/a,n/a,n/a,n/a
177,sound_effects,Dialog_LevelUp_SB02,VO/EN/SB358_EN,spongebob,-1,n/a,n/a,n/a,n/a,n/a,n/a,n/a,n/a,n/a,n/a,n/a,n/a,n/a,n/a,n/a,n/a,n/a,n/a,n/a
178,sound_effects,Dialog_LevelUp_SB03,VO/EN/SB359_EN,spongebob,-1,n/a,n/a,n/a,n/a,n/a,n/a,n/a,n/a,n/a,n/a,n/a,n/a,n/a,n/a,n/a,n/a,n/a,n/a,n/a
179,sound_effects,Dialog_LevelUp_SB04,VO/EN/SB360_EN,spongebob,-1,n/a,n/a,n/a,n/a,n/a,n/a,n/a,n/a,n/a,n/a,n/a,n/a,n/a,n/a,n/a,n/a,n/a,n/a,n/a
180,sound_effects,Dialog_LevelUp_SB05,VO/EN/SB361_EN,spongebob,-1,n/a,n/a,n/a,n/a,n/a,n/a,n/a,n/a,n/a,n/a,n/a,n/a,n/a,n/a,n/a,n/a,n/a,n/a,n/a
181,sound_effects,Dialog_LevelUp_SB06,VO/EN/SB362_EN,spongebob,-1,n/a,n/a,n/a,n/a,n/a,n/a,n/a,n/a,n/a,n/a,n/a,n/a,n/a,n/a,n/a,n/a,n/a,n/a,n/a
182,sound_effects,Dialog_LevelUp_SB07,VO/EN/SB363_EN,spongebob,-1,n/a,n/a,n/a,n/a,n/a,n/a,n/a,n/a,n/a,n/a,n/a,n/a,n/a,n/a,n/a,n/a,n/a,n/a,n/a
183,sound_effects,Dialog_LevelUp_SB08,VO/EN/SB364_EN,spongebob,-1,n/a,n/a,n/a,n/a,n/a,n/a,n/a,n/a,n/a,n/a,n/a,n/a,n/a,n/a,n/a,n/a,n/a,n/a,n/a
184,sound_effects,Dialog_LevelUp_SB09,VO/EN/SB365_EN,spongebob,-1,n/a,n/a,n/a,n/a,n/a,n/a,n/a,n/a,n/a,n/a,n/a,n/a,n/a,n/a,n/a,n/a,n/a,n/a,n/a
185,sound_effects,Dialog_LevelUp_SB10,VO/EN/SB366_EN,spongebob,-1,n/a,n/a,n/a,n/a,n/a,n/a,n/a,n/a,n/a,n/a,n/a,n/a,n/a,n/a,n/a,n/a,n/a,n/a,n/a
186,sound_effects,Dialog_LevelUp_SB11,VO/EN/SB367_EN,spongebob,-1,n/a,n/a,n/a,n/a,n/a,n/a,n/a,n/a,n/a,n/a,n/a,n/a,n/a,n/a,n/a,n/a,n/a,n/a,n/a
187,sound_effects,Dialog_LevelUp_SB12,VO/EN/SB368_EN,spongebob,-1,n/a,n/a,n/a,n/a,n/a,n/a,n/a,n/a,n/a,n/a,n/a,n/a,n/a,n/a,n/a,n/a,n/a,n/a,n/a
188,sound_effects,Dialog_LevelUp_SB13,VO/EN/SB369_EN,spongebob,-1,n/a,n/a,n/a,n/a,n/a,n/a,n/a,n/a,n/a,n/a,n/a,n/a,n/a,n/a,n/a,n/a,n/a,n/a,n/a
189,sound_effects,Dialog_LevelUp_SB14,VO/EN/SB370_EN,spongebob,-1,n/a,n/a,n/a,n/a,n/a,n/a,n/a,n/a,n/a,n/a,n/a,n/a,n/a,n/a,n/a,n/a,n/a,n/a,n/a
190,sound_effects,Dialog_LevelUp_SB15,VO/EN/SB371_EN,spongebob,-1,n/a,n/a,n/a,n/a,n/a,n/a,n/a,n/a,n/a,n/a,n/a,n/a,n/a,n/a,n/a,n/a,n/a,n/a,n/a
191,sound_effects,Dialog_LevelUp_SB16,VO/EN/SB372_EN,spongebob,-1,n/a,n/a,n/a,n/a,n/a,n/a,n/a,n/a,n/a,n/a,n/a,n/a,n/a,n/a,n/a,n/a,n/a,n/a,n/a
628,sound_effects,SB_Establishment,VO/EN/SB380_EN,spongebob,-1,n/a,n/a,n/a,n/a,n/a,n/a,n/a,n/a,n/a,n/a,n/a,n/a,n/a,n/a,n/a,n/a,n/a,n/a,n/a
629,sound_effects,SB_OpenForBusiness,VO/EN/SB383_EN,spongebob,-1,n/a,n/a,n/a,n/a,n/a,n/a,n/a,n/a,n/a,n/a,n/a,n/a,n/a,n/a,n/a,n/a,n/a,n/a,n/a
631,sound_effects,SB_MoreFun,VO/EN/SB385_EN,spongebob,-1,n/a,n/a,n/a,n/a,n/a,n/a,n/a,n/a,n/a,n/a,n/a,n/a,n/a,n/a,n/a,n/a,n/a,n/a,n/a
633,sound_effects,SB_ICantWaitToCheckThatPlaceOut,VO/EN/SB386_EN,spongebob,-1,n/a,n/a,n/a,n/a,n/a,n/a,n/a,n/a,n/a,n/a,n/a,n/a,n/a,n/a,n/a,n/a,n/a,n/a,n/a
630,sound_effects,SB_DoubleWeenie,VO/EN/SB388_EN,spongebob,-1,n/a,n/a,n/a,n/a,n/a,n/a,n/a,n/a,n/a,n/a,n/a,n/a,n/a,n/a,n/a,n/a,n/a,n/a,n/a
253,sound_effects,SB_ForYourSpatulaNeeds,VO/EN/SB393_EN,spongebob,-1,n/a,n/a,n/a,n/a,n/a,n/a,n/a,n/a,n/a,n/a,n/a,n/a,n/a,n/a,n/a,n/a,n/a,n/a,n/a
600,sound_effects,SB_ThisIsWhereTheMagicHappens,VO/EN/SB401_EN,spongebob,-1,n/a,n/a,n/a,n/a,n/a,n/a,n/a,n/a,n/a,n/a,n/a,n/a,n/a,n/a,n/a,n/a,n/a,n/a,n/a
134,sound_effects,SB_OooPretty,VO/EN/SB406_EN,spongebob,-1,n/a,n/a,n/a,n/a,n/a,n/a,n/a,n/a,n/a,n/a,n/a,n/a,n/a,n/a,n/a,n/a,n/a,n/a,n/a
634,sound_effects,SB_GreenThumb,VO/EN/SB407_EN,spongebob,-1,n/a,n/a,n/a,n/a,n/a,n/a,n/a,n/a,n/a,n/a,n/a,n/a,n/a,n/a,n/a,n/a,n/a,n/a,n/a
681,sound_effects,SB_GoodAtLandscaping,VO/EN/SB408_EN,spongebob,-1,n/a,n/a,n/a,n/a,n/a,n/a,n/a,n/a,n/a,n/a,n/a,n/a,n/a,n/a,n/a,n/a,n/a,n/a,n/a
132,sound_effects,SB_NiceChoice,VO/EN/SB411_EN,spongebob,-1,n/a,n/a,n/a,n/a,n/a,n/a,n/a,n/a,n/a,n/a,n/a,n/a,n/a,n/a,n/a,n/a,n/a,n/a,n/a
133,sound_effects,SB_ThatLooksFantabulous,VO/EN/SB412_EN,spongebob,-1,n/a,n/a,n/a,n/a,n/a,n/a,n/a,n/a,n/a,n/a,n/a,n/a,n/a,n/a,n/a,n/a,n/a,n/a,n/a
232,sound_effects,SB_IApprove,VO/EN/SB414_EN,spongebob,-1,n/a,n/a,n/a,n/a,n/a,n/a,n/a,n/a,n/a,n/a,n/a,n/a,n/a,n/a,n/a,n/a,n/a,n/a,n/a
602,sound_effects,SB_Sweet,VO/EN/SB419_EN,spongebob,-1,n/a,n/a,n/a,n/a,n/a,n/a,n/a,n/a,n/a,n/a,n/a,n/a,n/a,n/a,n/a,n/a,n/a,n/a,n/a
601,sound_effects,SB_LoveWhatYouveDoneWithThePlace,VO/EN/SB420_EN,spongebob,-1,n/a,n/a,n/a,n/a,n/a,n/a,n/a,n/a,n/a,n/a,n/a,n/a,n/a,n/a,n/a,n/a,n/a,n/a,n/a
270,sound_effects,SB_LetsDoThis,VO/EN/SB514_EN,spongebob,-1,n/a,n/a,n/a,n/a,n/a,n/a,n/a,n/a,n/a,n/a,n/a,n/a,n/a,n/a,n/a,n/a,n/a,n/a,n/a
229,sound_effects,SB_ImReady_1,VO/EN/SB523_EN,spongebob,-1,n/a,n/a,n/a,n/a,n/a,n/a,n/a,n/a,n/a,n/a,n/a,n/a,n/a,n/a,n/a,n/a,n/a,n/a,n/a
254,sound_effects,SB_MakeThisLookEasy,VO/EN/SB528_EN,spongebob,-1,n/a,n/a,n/a,n/a,n/a,n/a,n/a,n/a,n/a,n/a,n/a,n/a,n/a,n/a,n/a,n/a,n/a,n/a,n/a
603,sound_effects,SB_OneKrabbyPatty,VO/EN/SB546_EN,spongebob,-1,n/a,n/a,n/a,n/a,n/a,n/a,n/a,n/a,n/a,n/a,n/a,n/a,n/a,n/a,n/a,n/a,n/a,n/a,n/a
604,sound_effects,SB_SetACourse,VO/EN/SB547_EN,spongebob,-1,n/a,n/a,n/a,n/a,n/a,n/a,n/a,n/a,n/a,n/a,n/a,n/a,n/a,n/a,n/a,n/a,n/a,n/a,n/a
233,sound_effects,SB_OhThereYouAre,VO/EN/SB554_EN,spongebob,-1,n/a,n/a,n/a,n/a,n/a,n/a,n/a,n/a,n/a,n/a,n/a,n/a,n/a,n/a,n/a,n/a,n/a,n/a,n/a
564,sound_effects,SB_IAmHappySponge,VO/EN/SB556_EN,spongebob,-1,n/a,n/a,n/a,n/a,n/a,n/a,n/a,n/a,n/a,n/a,n/a,n/a,n/a,n/a,n/a,n/a,n/a,n/a,n/a
605,sound_effects,SB_WelcomeToTheKrustyKrab,VO/EN/SB558_EN,spongebob,-1,n/a,n/a,n/a,n/a,n/a,n/a,n/a,n/a,n/a,n/a,n/a,n/a,n/a,n/a,n/a,n/a,n/a,n/a,n/a
606,sound_effects,SB_Neighbor,VO/EN/SB559_EN,spongebob,-1,n/a,n/a,n/a,n/a,n/a,n/a,n/a,n/a,n/a,n/a,n/a,n/a,n/a,n/a,n/a,n/a,n/a,n/a,n/a
607,sound_effects,SB_MyPineapple,VO/EN/SB560_EN,spongebob,-1,n/a,n/a,n/a,n/a,n/a,n/a,n/a,n/a,n/a,n/a,n/a,n/a,n/a,n/a,n/a,n/a,n/a,n/a,n/a
608,sound_effects,SB_SomeoneNew,VO/EN/SB562_EN,spongebob,-1,n/a,n/a,n/a,n/a,n/a,n/a,n/a,n/a,n/a,n/a,n/a,n/a,n/a,n/a,n/a,n/a,n/a,n/a,n/a
609,sound_effects,SB_NewResident,VO/EN/SB563_EN,spongebob,-1,n/a,n/a,n/a,n/a,n/a,n/a,n/a,n/a,n/a,n/a,n/a,n/a,n/a,n/a,n/a,n/a,n/a,n/a,n/a
234,sound_effects,SB_LetsGetStarted,VO/EN/SB567_EN,spongebob,-1,n/a,n/a,n/a,n/a,n/a,n/a,n/a,n/a,n/a,n/a,n/a,n/a,n/a,n/a,n/a,n/a,n/a,n/a,n/a
272,sound_effects,SB_AreYouReady,VO/EN/SB568_EN,spongebob,-1,n/a,n/a,n/a,n/a,n/a,n/a,n/a,n/a,n/a,n/a,n/a,n/a,n/a,n/a,n/a,n/a,n/a,n/a,n/a
623,sound_effects,SB_TheNursingHomeOfHeroes,VO/EN/SB569_EN,spongebob,-1,n/a,n/a,n/a,n/a,n/a,n/a,n/a,n/a,n/a,n/a,n/a,n/a,n/a,n/a,n/a,n/a,n/a,n/a,n/a
632,sound_effects,SB_OutstandingBubble,VO/EN/SB640_EN,spongebob,-1,n/a,n/a,n/a,n/a,n/a,n/a,n/a,n/a,n/a,n/a,n/a,n/a,n/a,n/a,n/a,n/a,n/a,n/a,n/a
266,sound_effects,SB_HappinessIsKrabbyPatty,VO/EN/SB655_EN,spongebob,-1,n/a,n/a,n/a,n/a,n/a,n/a,n/a,n/a,n/a,n/a,n/a,n/a,n/a,n/a,n/a,n/a,n/a,n/a,n/a
281,sound_effects,SB_WhoaSoIntense,VO/EN/SB676_EN,spongebob,-1,n/a,n/a,n/a,n/a,n/a,n/a,n/a,n/a,n/a,n/a,n/a,n/a,n/a,n/a,n/a,n/a,n/a,n/a,n/a
282,sound_effects,SB_Oooh,VO/EN/SB706_EN,spongebob,-1,n/a,n/a,n/a,n/a,n/a,n/a,n/a,n/a,n/a,n/a,n/a,n/a,n/a,n/a,n/a,n/a,n/a,n/a,n/a
565,sound_effects,SB_Tickles,VO/EN/SB720_EN,spongebob,-1,n/a,n/a,n/a,n/a,n/a,n/a,n/a,n/a,n/a,n/a,n/a,n/a,n/a,n/a,n/a,n/a,n/a,n/a,n/a
268,sound_effects,SB_Laugh,VO/EN/SB721_EN,spongebob,-1,n/a,n/a,n/a,n/a,n/a,n/a,n/a,n/a,n/a,n/a,n/a,n/a,n/a,n/a,n/a,n/a,n/a,n/a,n/a
566,sound_effects,SB_LaughBrief,VO/EN/SB722_EN,spongebob,-1,n/a,n/a,n/a,n/a,n/a,n/a,n/a,n/a,n/a,n/a,n/a,n/a,n/a,n/a,n/a,n/a,n/a,n/a,n/a
567,sound_effects,SB_LaughGoofy,VO/EN/SB723_EN,spongebob,-1,n/a,n/a,n/a,n/a,n/a,n/a,n/a,n/a,n/a,n/a,n/a,n/a,n/a,n/a,n/a,n/a,n/a,n/a,n/a
577,sound_effects,SB_OhBarnacles,VO/EN/SB726_EN,spongebob,-1,n/a,n/a,n/a,n/a,n/a,n/a,n/a,n/a,n/a,n/a,n/a,n/a,n/a,n/a,n/a,n/a,n/a,n/a,n/a
578,sound_effects,SB_OhTarterSauce,VO/EN/SB727_EN,spongebob,-1,n/a,n/a,n/a,n/a,n/a,n/a,n/a,n/a,n/a,n/a,n/a,n/a,n/a,n/a,n/a,n/a,n/a,n/a,n/a
572,sound_effects,SB_JumpingJellyfish,VO/EN/SB728_EN,spongebob,-1,n/a,n/a,n/a,n/a,n/a,n/a,n/a,n/a,n/a,n/a,n/a,n/a,n/a,n/a,n/a,n/a,n/a,n/a,n/a
576,sound_effects,SB_GreatBarrierReef,VO/EN/SB729_EN,spongebob,-1,n/a,n/a,n/a,n/a,n/a,n/a,n/a,n/a,n/a,n/a,n/a,n/a,n/a,n/a,n/a,n/a,n/a,n/a,n/a
580,sound_effects,SB_Gibberish,VO/EN/SB730_EN,spongebob,-1,n/a,n/a,n/a,n/a,n/a,n/a,n/a,n/a,n/a,n/a,n/a,n/a,n/a,n/a,n/a,n/a,n/a,n/a,n/a
259,sound_effects,SB_Yes,VO/EN/SB732_EN,spongebob,-1,n/a,n/a,n/a,n/a,n/a,n/a,n/a,n/a,n/a,n/a,n/a,n/a,n/a,n/a,n/a,n/a,n/a,n/a,n/a
657,sound_effects,SB_YesBestDayEver,VO/EN/SB732_rev_EN,spongebob,-1,n/a,n/a,n/a,n/a,n/a,n/a,n/a,n/a,n/a,n/a,n/a,n/a,n/a,n/a,n/a,n/a,n/a,n/a,n/a
230,sound_effects,SB_ImReady_2,VO/EN/SB744_EN,spongebob,-1,n/a,n/a,n/a,n/a,n/a,n/a,n/a,n/a,n/a,n/a,n/a,n/a,n/a,n/a,n/a,n/a,n/a,n/a,n/a
231,sound_effects,SB_ImReady_3,VO/EN/SB745_EN,spongebob,-1,n/a,n/a,n/a,n/a,n/a,n/a,n/a,n/a,n/a,n/a,n/a,n/a,n/a,n/a,n/a,n/a,n/a,n/a,n/a
568,sound_effects,SB_YouAreTheBest,VO/EN/SB752_EN,spongebob,-1,n/a,n/a,n/a,n/a,n/a,n/a,n/a,n/a,n/a,n/a,n/a,n/a,n/a,n/a,n/a,n/a,n/a,n/a,n/a
569,sound_effects,SB_AnyoneTellYouHowAwesome,VO/EN/SB753_EN,spongebob,-1,n/a,n/a,n/a,n/a,n/a,n/a,n/a,n/a,n/a,n/a,n/a,n/a,n/a,n/a,n/a,n/a,n/a,n/a,n/a
255,sound_effects,SB_GreatJob,VO/EN/SB755_EN,spongebob,-1,n/a,n/a,n/a,n/a,n/a,n/a,n/a,n/a,n/a,n/a,n/a,n/a,n/a,n/a,n/a,n/a,n/a,n/a,n/a
575,sound_effects,SB_OhFishPaste,VO/EN/SB757_EN,spongebob,-1,n/a,n/a,n/a,n/a,n/a,n/a,n/a,n/a,n/a,n/a,n/a,n/a,n/a,n/a,n/a,n/a,n/a,n/a,n/a
574,sound_effects,SB_HolyShrimp,VO/EN/SB760_EN,spongebob,-1,n/a,n/a,n/a,n/a,n/a,n/a,n/a,n/a,n/a,n/a,n/a,n/a,n/a,n/a,n/a,n/a,n/a,n/a,n/a
571,sound_effects,SB_Wheee,VO/EN/SB763_EN,spongebob,-1,n/a,n/a,n/a,n/a,n/a,n/a,n/a,n/a,n/a,n/a,n/a,n/a,n/a,n/a,n/a,n/a,n/a,n/a,n/a
279,sound_effects,SB_Gasp,VO/EN/SB764_EN,spongebob,-1,n/a,n/a,n/a,n/a,n/a,n/a,n/a,n/a,n/a,n/a,n/a,n/a,n/a,n/a,n/a,n/a,n/a,n/a,n/a
273,sound_effects,SB_ComeOn,VO/EN/SB766_EN,spongebob,-1,n/a,n/a,n/a,n/a,n/a,n/a,n/a,n/a,n/a,n/a,n/a,n/a,n/a,n/a,n/a,n/a,n/a,n/a,n/a
570,sound_effects,SB_DontPanic,VO/EN/SB779_EN,spongebob,-1,n/a,n/a,n/a,n/a,n/a,n/a,n/a,n/a,n/a,n/a,n/a,n/a,n/a,n/a,n/a,n/a,n/a,n/a,n/a
573,sound_effects,SB_TappingMeAlong,VO/EN/SB795_EN,spongebob,-1,n/a,n/a,n/a,n/a,n/a,n/a,n/a,n/a,n/a,n/a,n/a,n/a,n/a,n/a,n/a,n/a,n/a,n/a,n/a
679,sound_effects,SB_TutorialFinish1,VO/EN/Spongebob_104_EN,spongebob,-1,n/a,n/a,n/a,n/a,n/a,n/a,n/a,n/a,n/a,n/a,n/a,n/a,n/a,n/a,n/a,n/a,n/a,n/a,n/a
680,sound_effects,SB_TutorialFinish2,VO/EN/Spongebob_104-2_EN,spongebob,-1,n/a,n/a,n/a,n/a,n/a,n/a,n/a,n/a,n/a,n/a,n/a,n/a,n/a,n/a,n/a,n/a,n/a,n/a,n/a
663,sound_effects,SB_NewNeighborKrabbyPatty,VO/EN/Spongebob_106_EN,spongebob,-1,n/a,n/a,n/a,n/a,n/a,n/a,n/a,n/a,n/a,n/a,n/a,n/a,n/a,n/a,n/a,n/a,n/a,n/a,n/a
635,sound_effects,SB_SpongeBobHome,VO/EN/Spongebob_11_EN,spongebob,-1,n/a,n/a,n/a,n/a,n/a,n/a,n/a,n/a,n/a,n/a,n/a,n/a,n/a,n/a,n/a,n/a,n/a,n/a,n/a
677,sound_effects,SB_MakeSureGrowFixins,VO/EN/Spongebob_112_EN,spongebob,-1,n/a,n/a,n/a,n/a,n/a,n/a,n/a,n/a,n/a,n/a,n/a,n/a,n/a,n/a,n/a,n/a,n/a,n/a,n/a
645,sound_effects,SB_KrustyKrab,VO/EN/Spongebob_12_EN,spongebob,-1,n/a,n/a,n/a,n/a,n/a,n/a,n/a,n/a,n/a,n/a,n/a,n/a,n/a,n/a,n/a,n/a,n/a,n/a,n/a
639,sound_effects,SB_SpongeBobService,VO/EN/Spongebob_14_EN,spongebob,-1,n/a,n/a,n/a,n/a,n/a,n/a,n/a,n/a,n/a,n/a,n/a,n/a,n/a,n/a,n/a,n/a,n/a,n/a,n/a
687,sound_effects,SB_ItsPinkGoo,VO/EN/Spongebob_18_EN,spongebob,-1,n/a,n/a,n/a,n/a,n/a,n/a,n/a,n/a,n/a,n/a,n/a,n/a,n/a,n/a,n/a,n/a,n/a,n/a,n/a
659,sound_effects,SB_ThankYouMrKrabs,VO/EN/Spongebob_21_EN,spongebob,-1,n/a,n/a,n/a,n/a,n/a,n/a,n/a,n/a,n/a,n/a,n/a,n/a,n/a,n/a,n/a,n/a,n/a,n/a,n/a
661,sound_effects,SB_KrabbyPattyTrueLove,VO/EN/Spongebob_22_EN,spongebob,-1,n/a,n/a,n/a,n/a,n/a,n/a,n/a,n/a,n/a,n/a,n/a,n/a,n/a,n/a,n/a,n/a,n/a,n/a,n/a
271,sound_effects,SB_LetsDoThis_Macho,VO/EN/Spongebob_30_EN,spongebob,-1,n/a,n/a,n/a,n/a,n/a,n/a,n/a,n/a,n/a,n/a,n/a,n/a,n/a,n/a,n/a,n/a,n/a,n/a,n/a
671,sound_effects,SB_MrKrabsMrKrabs,VO/EN/Spongebob_31_EN,spongebob,-1,n/a,n/a,n/a,n/a,n/a,n/a,n/a,n/a,n/a,n/a,n/a,n/a,n/a,n/a,n/a,n/a,n/a,n/a,n/a
675,sound_effects,SB_OneHorseTown,VO/EN/Spongebob_43_EN,spongebob,-1,n/a,n/a,n/a,n/a,n/a,n/a,n/a,n/a,n/a,n/a,n/a,n/a,n/a,n/a,n/a,n/a,n/a,n/a,n/a
642,sound_effects,SB_GardenForFixins,VO/EN/Spongebob_49_EN,spongebob,-1,n/a,n/a,n/a,n/a,n/a,n/a,n/a,n/a,n/a,n/a,n/a,n/a,n/a,n/a,n/a,n/a,n/a,n/a,n/a
644,sound_effects,SB_LoveItHereGary,VO/EN/Spongebob_5_EN,spongebob,-1,n/a,n/a,n/a,n/a,n/a,n/a,n/a,n/a,n/a,n/a,n/a,n/a,n/a,n/a,n/a,n/a,n/a,n/a,n/a
245,sound_effects,SB_TapCharacterGiveWant,VO/EN/Spongebob_50_rev_EN,spongebob,-1,n/a,n/a,n/a,n/a,n/a,n/a,n/a,n/a,n/a,n/a,n/a,n/a,n/a,n/a,n/a,n/a,n/a,n/a,n/a
243,sound_effects,SB_TapPlantLettuce,VO/EN/Spongebob_63_rev_EN,spongebob,-1,n/a,n/a,n/a,n/a,n/a,n/a,n/a,n/a,n/a,n/a,n/a,n/a,n/a,n/a,n/a,n/a,n/a,n/a,n/a
678,sound_effects,SB_HelpCleanUpSeaweed,VO/EN/Spongebob_67_EN,spongebob,-1,n/a,n/a,n/a,n/a,n/a,n/a,n/a,n/a,n/a,n/a,n/a,n/a,n/a,n/a,n/a,n/a,n/a,n/a,n/a
650,sound_effects,SB_FixinsYouNeed,VO/EN/Spongebob_72_EN,spongebob,-1,n/a,n/a,n/a,n/a,n/a,n/a,n/a,n/a,n/a,n/a,n/a,n/a,n/a,n/a,n/a,n/a,n/a,n/a,n/a
643,sound_effects,SB_LetsBuildPineapple,VO/EN/Spongebob_79_EN,spongebob,-1,n/a,n/a,n/a,n/a,n/a,n/a,n/a,n/a,n/a,n/a,n/a,n/a,n/a,n/a,n/a,n/a,n/a,n/a,n/a
686,sound_effects,SB_EverythingIDreamed,VO/EN/Spongebob_8_EN,spongebob,-1,n/a,n/a,n/a,n/a,n/a,n/a,n/a,n/a,n/a,n/a,n/a,n/a,n/a,n/a,n/a,n/a,n/a,n/a,n/a
244,sound_effects,SB_TapSkipSpeedUp,VO/EN/Spongebob_81_EN,spongebob,-1,n/a,n/a,n/a,n/a,n/a,n/a,n/a,n/a,n/a,n/a,n/a,n/a,n/a,n/a,n/a,n/a,n/a,n/a,n/a
667,sound_effects,SB_MoveInNewCharacters,VO/EN/Spongebob_88_EN,spongebob,-1,n/a,n/a,n/a,n/a,n/a,n/a,n/a,n/a,n/a,n/a,n/a,n/a,n/a,n/a,n/a,n/a,n/a,n/a,n/a
665,sound_effects,SB_FryCookForJob,VO/EN/Spongebob_90_EN,spongebob,-1,n/a,n/a,n/a,n/a,n/a,n/a,n/a,n/a,n/a,n/a,n/a,n/a,n/a,n/a,n/a,n/a,n/a,n/a,n/a
130,sound_effects,SB_BakedGoodsComingUp,VO/EN/Spongebob_92_EN,spongebob,-1,n/a,n/a,n/a,n/a,n/a,n/a,n/a,n/a,n/a,n/a,n/a,n/a,n/a,n/a,n/a,n/a,n/a,n/a,n/a
169,sound_effects,SB_HeyItsASecretRecipe,VO/EN/Spongebob_95_EN,spongebob,-1,n/a,n/a,n/a,n/a,n/a,n/a,n/a,n/a,n/a,n/a,n/a,n/a,n/a,n/a,n/a,n/a,n/a,n/a,n/a
170,sound_effects,SB_AnotherSecretRecipe,VO/EN/Spongebob_96_EN,spongebob,-1,n/a,n/a,n/a,n/a,n/a,n/a,n/a,n/a,n/a,n/a,n/a,n/a,n/a,n/a,n/a,n/a,n/a,n/a,n/a
676,sound_effects,SB_CantWaitMakeNewRecipe,VO/EN/Spongebob_98_EN,spongebob,-1,n/a,n/a,n/a,n/a,n/a,n/a,n/a,n/a,n/a,n/a,n/a,n/a,n/a,n/a,n/a,n/a,n/a,n/a,n/a
494,sound_effects,Squidward_WhyAreYouStillHere,VO/EN/Squidward_101,squidward,-1,n/a,n/a,n/a,n/a,n/a,n/a,n/a,n/a,n/a,n/a,n/a,n/a,n/a,n/a,n/a,n/a,n/a,n/a,n/a
495,sound_effects,Squidward_WhatDoYouWantImBusy,VO/EN/Squidward_105,squidward,-1,n/a,n/a,n/a,n/a,n/a,n/a,n/a,n/a,n/a,n/a,n/a,n/a,n/a,n/a,n/a,n/a,n/a,n/a,n/a
489,sound_effects,Squidward_ThatIsSoSoPerfect,VO/EN/Squidward_173,squidward,-1,n/a,n/a,n/a,n/a,n/a,n/a,n/a,n/a,n/a,n/a,n/a,n/a,n/a,n/a,n/a,n/a,n/a,n/a,n/a
483,sound_effects,Squidward_Hey,VO/EN/Squidward_50,squidward,-1,n/a,n/a,n/a,n/a,n/a,n/a,n/a,n/a,n/a,n/a,n/a,n/a,n/a,n/a,n/a,n/a,n/a,n/a,n/a
484,sound_effects,Squidward_Ouch,VO/EN/Squidward_51,squidward,-1,n/a,n/a,n/a,n/a,n/a,n/a,n/a,n/a,n/a,n/a,n/a,n/a,n/a,n/a,n/a,n/a,n/a,n/a,n/a
486,sound_effects,Squidward_Hey2,VO/EN/Squidward_52,squidward,-1,n/a,n/a,n/a,n/a,n/a,n/a,n/a,n/a,n/a,n/a,n/a,n/a,n/a,n/a,n/a,n/a,n/a,n/a,n/a
485,sound_effects,Squidward_WatchWhereYoureTapping,VO/EN/Squidward_52,squidward,-1,n/a,n/a,n/a,n/a,n/a,n/a,n/a,n/a,n/a,n/a,n/a,n/a,n/a,n/a,n/a,n/a,n/a,n/a,n/a
487,sound_effects,Squidward_ThatTickles,VO/EN/Squidward_56,squidward,-1,n/a,n/a,n/a,n/a,n/a,n/a,n/a,n/a,n/a,n/a,n/a,n/a,n/a,n/a,n/a,n/a,n/a,n/a,n/a
488,sound_effects,Squidward_Ouch2,VO/EN/Squidward_57,squidward,-1,n/a,n/a,n/a,n/a,n/a,n/a,n/a,n/a,n/a,n/a,n/a,n/a,n/a,n/a,n/a,n/a,n/a,n/a,n/a
490,sound_effects,Squidward_Ow,VO/EN/Squidward_58,squidward,-1,n/a,n/a,n/a,n/a,n/a,n/a,n/a,n/a,n/a,n/a,n/a,n/a,n/a,n/a,n/a,n/a,n/a,n/a,n/a
491,sound_effects,Squidward_WouldYouStopAlready,VO/EN/Squidward_96,squidward,-1,n/a,n/a,n/a,n/a,n/a,n/a,n/a,n/a,n/a,n/a,n/a,n/a,n/a,n/a,n/a,n/a,n/a,n/a,n/a
492,sound_effects,Squidward_GoAway,VO/EN/Squidward_97,squidward,-1,n/a,n/a,n/a,n/a,n/a,n/a,n/a,n/a,n/a,n/a,n/a,n/a,n/a,n/a,n/a,n/a,n/a,n/a,n/a
493,sound_effects,Squidward_CalmDownWhatWasIt,VO/EN/Squidward_98,squidward,-1,n/a,n/a,n/a,n/a,n/a,n/a,n/a,n/a,n/a,n/a,n/a,n/a,n/a,n/a,n/a,n/a,n/a,n/a,n/a
172,sound_effects,Beat_NotEnoughFood,VO/Squidward_GoWithIt,squidward,-1,n/a,n/a,n/a,n/a,n/a,n/a,n/a,n/a,n/a,n/a,n/a,n/a,n/a,n/a,n/a,n/a,n/a,n/a,n/a
173,sound_effects,Beat_NotEnoughMoney,VO/Squidward_GoWithIt,squidward,-1,n/a,n/a,n/a,n/a,n/a,n/a,n/a,n/a,n/a,n/a,n/a,n/a,n/a,n/a,n/a,n/a,n/a,n/a,n/a
199,sound_effects,Squidward_GoWithIt,VO/Squidward_GoWithIt,squidward,-1,n/a,n/a,n/a,n/a,n/a,n/a,n/a,n/a,n/a,n/a,n/a,n/a,n/a,n/a,n/a,n/a,n/a,n/a,n/a
198,sound_effects,Squidward_Grrr,VO/Squidward_Grrr,squidward,-1,n/a,n/a,n/a,n/a,n/a,n/a,n/a,n/a,n/a,n/a,n/a,n/a,n/a,n/a,n/a,n/a,n/a,n/a,n/a
203,sound_effects,Squidward_NiceRealNice,VO/Squidward_NiceRealNice,squidward,-1,n/a,n/a,n/a,n/a,n/a,n/a,n/a,n/a,n/a,n/a,n/a,n/a,n/a,n/a,n/a,n/a,n/a,n/a,n/a
200,sound_effects,Squidward_Perfect,VO/Squidward_Perfect,squidward,-1,n/a,n/a,n/a,n/a,n/a,n/a,n/a,n/a,n/a,n/a,n/a,n/a,n/a,n/a,n/a,n/a,n/a,n/a,n/a
201,sound_effects,Squidward_What,VO/Squidward_What,squidward,-1,n/a,n/a,n/a,n/a,n/a,n/a,n/a,n/a,n/a,n/a,n/a,n/a,n/a,n/a,n/a,n/a,n/a,n/a,n/a
202,sound_effects,Squidward_Whatever,VO/Squidward_Whatever,squidward,-1,n/a,n/a,n/a,n/a,n/a,n/a,n/a,n/a,n/a,n/a,n/a,n/a,n/a,n/a,n/a,n/a,n/a,n/a,n/a
204,sound_effects,Squidward_Yup,VO/Squidward_Yup,squidward,-1,n/a,n/a,n/a,n/a,n/a,n/a,n/a,n/a,n/a,n/a,n/a,n/a,n/a,n/a,n/a,n/a,n/a,n/a,n/a
469,sound_effects,Squilliam_Hey,VO/EN/SquilliamFancyson_39,squilliam,-1,n/a,n/a,n/a,n/a,n/a,n/a,n/a,n/a,n/a,n/a,n/a,n/a,n/a,n/a,n/a,n/a,n/a,n/a,n/a
470,sound_effects,Squilliam_Ouch,VO/EN/SquilliamFancyson_40,squilliam,-1,n/a,n/a,n/a,n/a,n/a,n/a,n/a,n/a,n/a,n/a,n/a,n/a,n/a,n/a,n/a,n/a,n/a,n/a,n/a
471,sound_effects,Squilliam_WatchWhereYoureTapping,VO/EN/SquilliamFancyson_41,squilliam,-1,n/a,n/a,n/a,n/a,n/a,n/a,n/a,n/a,n/a,n/a,n/a,n/a,n/a,n/a,n/a,n/a,n/a,n/a,n/a
472,sound_effects,Squilliam_ThatTickles,VO/EN/SquilliamFancyson_44,squilliam,-1,n/a,n/a,n/a,n/a,n/a,n/a,n/a,n/a,n/a,n/a,n/a,n/a,n/a,n/a,n/a,n/a,n/a,n/a,n/a
473,sound_effects,Squilliam_Ow,VO/EN/SquilliamFancyson_45,squilliam,-1,n/a,n/a,n/a,n/a,n/a,n/a,n/a,n/a,n/a,n/a,n/a,n/a,n/a,n/a,n/a,n/a,n/a,n/a,n/a
474,sound_effects,Squilliam_DontHaveToBeAnywhereTil3,VO/EN/SquilliamFancyson_76,squilliam,-1,n/a,n/a,n/a,n/a,n/a,n/a,n/a,n/a,n/a,n/a,n/a,n/a,n/a,n/a,n/a,n/a,n/a,n/a,n/a
475,sound_effects,Squilliam_OkayChumTapWithAuthority,VO/EN/SquilliamFancyson_77,squilliam,-1,n/a,n/a,n/a,n/a,n/a,n/a,n/a,n/a,n/a,n/a,n/a,n/a,n/a,n/a,n/a,n/a,n/a,n/a,n/a
476,sound_effects,Squilliam_Toodleoo,VO/EN/SquilliamFancyson_78,squilliam,-1,n/a,n/a,n/a,n/a,n/a,n/a,n/a,n/a,n/a,n/a,n/a,n/a,n/a,n/a,n/a,n/a,n/a,n/a,n/a
477,sound_effects,Squilliam_ImFilthyStinkinRich,VO/EN/SquilliamFancyson_80,squilliam,-1,n/a,n/a,n/a,n/a,n/a,n/a,n/a,n/a,n/a,n/a,n/a,n/a,n/a,n/a,n/a,n/a,n/a,n/a,n/a
478,sound_effects,Squilliam_SavorMyUnibrow,VO/EN/SquilliamFancyson_81,squilliam,-1,n/a,n/a,n/a,n/a,n/a,n/a,n/a,n/a,n/a,n/a,n/a,n/a,n/a,n/a,n/a,n/a,n/a,n/a,n/a
479,sound_effects,Squilliam_AbsolutelyMagical,VO/EN/SquilliamFancyson_83,squilliam,-1,n/a,n/a,n/a,n/a,n/a,n/a,n/a,n/a,n/a,n/a,n/a,n/a,n/a,n/a,n/a,n/a,n/a,n/a,n/a
303,sound_effects,TreedomeSelect,n/a,n/a,-1,Banjo,n/a,n/a,n/a,n/a,n/a,n/a,n/a,n/a,n/a,n/a,n/a,n/a,n/a,n/a,n/a,n/a,n/a,n/a
397,sound_effects,BB_Touch,n/a,n/a,-1,BB_TapTapTappingAway,BB_GreatGravy,BB_ThatTickles,BB_LaughBrief,BB_Ouch,BB_Ow,BB_WaitAMinute,BB_WhatIsItKid,BB_NuclearTouch,BB_CutItOut,BB_DagnabbitStop,BB_WhatWrongWithYou,BB_ImNotHungry,n/a,n/a,n/a,n/a,n/a,n/a
299,sound_effects,BakerySelect,n/a,n/a,-1,Bell_Bakery,n/a,n/a,n/a,n/a,n/a,n/a,n/a,n/a,n/a,n/a,n/a,n/a,n/a,n/a,n/a,n/a,n/a,n/a
295,sound_effects,SeedshopSelect,n/a,n/a,-1,Bell_Seedshop,n/a,n/a,n/a,n/a,n/a,n/a,n/a,n/a,n/a,n/a,n/a,n/a,n/a,n/a,n/a,n/a,n/a,n/a
118,sound_effects,BakedItemStarted,n/a,n/a,-1,Bwoop,n/a,n/a,n/a,n/a,n/a,n/a,n/a,n/a,n/a,n/a,n/a,n/a,n/a,n/a,n/a,n/a,n/a,n/a
121,sound_effects,FlowerItemStarted,n/a,n/a,-1,Bwoop,n/a,n/a,n/a,n/a,n/a,n/a,n/a,n/a,n/a,n/a,n/a,n/a,n/a,n/a,n/a,n/a,n/a,n/a
124,sound_effects,PerfumeItemStarted,n/a,n/a,-1,Bwoop,n/a,n/a,n/a,n/a,n/a,n/a,n/a,n/a,n/a,n/a,n/a,n/a,n/a,n/a,n/a,n/a,n/a,n/a
127,sound_effects,StinkyItemStarted,n/a,n/a,-1,Bwoop,n/a,n/a,n/a,n/a,n/a,n/a,n/a,n/a,n/a,n/a,n/a,n/a,n/a,n/a,n/a,n/a,n/a,n/a
111,sound_effects,VeggieItemReady,n/a,n/a,-1,Bwoop,n/a,n/a,n/a,n/a,n/a,n/a,n/a,n/a,n/a,n/a,n/a,n/a,n/a,n/a,n/a,n/a,n/a,n/a
296,sound_effects,BargnmartSelect,n/a,n/a,-1,CashRegister,n/a,n/a,n/a,n/a,n/a,n/a,n/a,n/a,n/a,n/a,n/a,n/a,n/a,n/a,n/a,n/a,n/a,n/a
311,sound_effects,MrKrabsHouseSelect,n/a,n/a,-1,Doorbell,n/a,n/a,n/a,n/a,n/a,n/a,n/a,n/a,n/a,n/a,n/a,n/a,n/a,n/a,n/a,n/a,n/a,n/a
313,sound_effects,MrsPuffsHouseSelect,n/a,n/a,-1,Doorbell,n/a,n/a,n/a,n/a,n/a,n/a,n/a,n/a,n/a,n/a,n/a,n/a,n/a,n/a,n/a,n/a,n/a,n/a
312,sound_effects,SquilliamsTowerSelect,n/a,n/a,-1,FanFareExample,n/a,n/a,n/a,n/a,n/a,n/a,n/a,n/a,n/a,n/a,n/a,n/a,n/a,n/a,n/a,n/a,n/a,n/a
161,sound_effects,Beat_FoundMovie,n/a,n/a,-1,FoundMovie_SB01,FoundMovie_SB02,FoundMovie_SB03,FoundMovie_SB04,n/a,n/a,n/a,n/a,n/a,n/a,n/a,n/a,n/a,n/a,n/a,n/a,n/a,n/a,n/a
395,sound_effects,Gene_Touch,n/a,n/a,-1,Gene_Hey,Gene_Ouch,Gene_WatchWhereYoureTapping,Gene_ThatTickles,Gene_WatchTheMustache,Gene_WatchTheHair,Gene_ImAFoodCritic,Gene_TwoThumbsDownTapping,Gene_TapRightOuttaHere,Gene_NotReviewingThisAnnoyance,n/a,n/a,n/a,n/a,n/a,n/a,n/a,n/a,n/a
307,sound_effects,FryCookMuseumSelect,n/a,n/a,-1,GrillSizzle,n/a,n/a,n/a,n/a,n/a,n/a,n/a,n/a,n/a,n/a,n/a,n/a,n/a,n/a,n/a,n/a,n/a,n/a
390,sound_effects,KP_GrilledItemStarted,n/a,n/a,-1,GrillSizzle,n/a,n/a,n/a,n/a,n/a,n/a,n/a,n/a,n/a,n/a,n/a,n/a,n/a,n/a,n/a,n/a,n/a,n/a
310,sound_effects,HospitalSelect,n/a,n/a,-1,HeartMonitor,n/a,n/a,n/a,n/a,n/a,n/a,n/a,n/a,n/a,n/a,n/a,n/a,n/a,n/a,n/a,n/a,n/a,n/a
301,sound_effects,JailSelect,n/a,n/a,-1,JailClose,n/a,n/a,n/a,n/a,n/a,n/a,n/a,n/a,n/a,n/a,n/a,n/a,n/a,n/a,n/a,n/a,n/a,n/a
315,sound_effects,JellyspottersStandSelect,n/a,n/a,-1,JellyfishNet,n/a,n/a,n/a,n/a,n/a,n/a,n/a,n/a,n/a,n/a,n/a,n/a,n/a,n/a,n/a,n/a,n/a,n/a
396,sound_effects,Kevin_Touch,n/a,n/a,-1,Kevin_Hey,Kevin_Ouch,Kevin_WatchWhereYoureTapping,Kevin_Hey2,Kevin_Ouch2,Kevin_Ow,Kevin_HowYouFeelTapLikeThis,Kevin_Security,Kevin_HelpMeMommieBlankie,Kevin_Loser,Kevin_WillYouCutThatOut,Kevin_WahWahWah,n/a,n/a,n/a,n/a,n/a,n/a,n/a
435,sound_effects,LL_Touch,n/a,n/a,-1,LL_Nice,LL_ComeOn,LL_TapLikeYouMeanIt,LL_TapCrazy,LL_PunchInGut,LL_TapHarder,LL_WorkingOutFinger,LL_ToldYouWouldntHurt,LL_AbsOfSteel,LL_HardBody,LL_FeelMyMuscles,LL_ICanTakeIt,n/a,n/a,n/a,n/a,n/a,n/a,n/a
316,sound_effects,TreasureMapStandSelect,n/a,n/a,-1,MapOpen,n/a,n/a,n/a,n/a,n/a,n/a,n/a,n/a,n/a,n/a,n/a,n/a,n/a,n/a,n/a,n/a,n/a,n/a
436,sound_effects,MK_Touch,n/a,n/a,-1,MK_Hey,MK_Ouch,MK_TasteOfMeClaws,MK_ChargeForEachTap,MK_WatchWhereTapping,MK_YoullWalkThePlank,MK_WhatYouDoingThatFor,MK_TappingOnMyDime,MK_WhatsWithTapping,MK_ThatTickles,MK_Laugh_Original,MK_Laugh_Original,MK_Laugh_Original,MK_Laugh_Original,MK_Laugh_Original,n/a,n/a,n/a,n/a
393,sound_effects,MM_Touch,n/a,n/a,-1,MM_ThatTickles,MM_Hey,MM_Ouch,MM_WatchWhereYoureTapping,MM_Ouch2,MM_Ow,MM_GreatBarrierReef,MM_Evil,MM_ToTheChiropractorAway,MM_YoureGoingTapCrazy,n/a,n/a,n/a,n/a,n/a,n/a,n/a,n/a,n/a
306,sound_effects,ReefSelect,n/a,n/a,-1,MovieProjector,n/a,n/a,n/a,n/a,n/a,n/a,n/a,n/a,n/a,n/a,n/a,n/a,n/a,n/a,n/a,n/a,n/a,n/a
392,sound_effects,MR_Touch,n/a,n/a,-1,MR_Hey,MR_Ouch,MR_WatchWhereTapping,MR_ThatTickles,MR_Ow,MR_TomFoolery,MR_HeadAroundThis,MR_NotFastEnough,MR_Wha,MR_TeachingsTransformedMe,MR_TimeForSpinCycle,n/a,n/a,n/a,n/a,n/a,n/a,n/a,n/a
394,sound_effects,Neptune_Touch,n/a,n/a,-1,Neptune_ThatTickles,Neptune_Hey,Neptune_Ouch,Neptune_Ow,Neptune_EnoughWithTappingAlready,Neptune_WhoDaresTapRoyalPerson,Neptune_ConcedeToCommonTapper,n/a,n/a,n/a,n/a,n/a,n/a,n/a,n/a,n/a,n/a,n/a,n/a
498,sound_effects,P_Touch,n/a,n/a,-1,P_Hey,P_ThatTickles,P_WatchWhereTapping,P_Ouch,P_Ow,P_WhoAreYouPeople,P_WhatInThe,P_ItsTheApocalypse,P_TappedOutYet,P_DoItAgain,P_IsThisGoingAnywhere,P_ImNotYourToy,P_TheHorror,P_MoveToTheLeft,n/a,n/a,n/a,n/a,n/a
294,sound_effects,KK_Select,n/a,n/a,-1,PirateTheme,n/a,n/a,n/a,n/a,n/a,n/a,n/a,n/a,n/a,n/a,n/a,n/a,n/a,n/a,n/a,n/a,n/a,n/a
497,sound_effects,PK_Touch,n/a,n/a,-1,PK_Hey,PK_DontTapMe,PK_TapTapTappingAway,PK_Ouch,PK_Ow,PK_ThatTickles,PK_AhCooties,PK_EnoughWithTapping,PK_WatchYourTapping,PK_WhaddayaWant,PK_TappedOutYet,n/a,n/a,n/a,n/a,n/a,n/a,n/a,n/a
499,sound_effects,PL_Touch,n/a,n/a,-1,PL_Hey,PL_Ouch,PL_WatchWhereTapping,PL_WatchMyEye,PL_Ow,PL_SurelyYouJest,PL_KeepItDown,PL_WatchWhereYouPoint,PL_TakeItEasy,PL_WhatNow,PL_SeeImBusy,PL_DearNeptuneAbove,PL_LostBrainPriveleges,PL_IWentToCollege,PL_BlastedBarnacleHead,PL_WishToRuleYou,PL_AnythingBetterToDo,PL_YouIncompetentFool,PL_EnjoyYourTapping
302,sound_effects,PoliceStationSelect,n/a,n/a,-1,PoliceSiren,n/a,n/a,n/a,n/a,n/a,n/a,n/a,n/a,n/a,n/a,n/a,n/a,n/a,n/a,n/a,n/a,n/a,n/a
308,sound_effects,ChumBucketSelect,n/a,n/a,-1,PotsClang,n/a,n/a,n/a,n/a,n/a,n/a,n/a,n/a,n/a,n/a,n/a,n/a,n/a,n/a,n/a,n/a,n/a,n/a
547,sound_effects,Reg_Touch,n/a,n/a,-1,Reg_ThatTickles,Reg_Hey,Reg_Ouch,Reg_WatchWhereYoureTapping,Reg_Ow,Reg_EnoughWithTheTapping,Reg_TappingDontMakeYouTough,Reg_IsThatAllYouGot,Reg_Weenie,Reg_WhatHappenedLastPersonTapMe,Reg_IWasQuiteTheTapper,Reg_AintYouTappedOutAlready,Reg_HeyTryTappingThis,n/a,n/a,n/a,n/a,n/a,n/a
314,sound_effects,ShadyShoalsSelect,n/a,n/a,-1,RockingChair,n/a,n/a,n/a,n/a,n/a,n/a,n/a,n/a,n/a,n/a,n/a,n/a,n/a,n/a,n/a,n/a,n/a,n/a
480,sound_effects,Sandy_Touch,n/a,n/a,-1,Sandy_ThatTickles,Sandy_Hey,Sandy_Ouch,Sandy_WatchWhereYoureTapping,Sandy_Ow,Sandy_WhatsWithAllTappingYall,Sandy_Yeehaw,Sandy_HolyGuacamole,Sandy_WhatInTarnation,Sandy_YoureMinceMeat,Sandy_DoggoneIt,Sandy_DontLoseYourBarnacles,Sandy_TappingMeTappingTexas,Sandy_MightyFineTappingWork,n/a,n/a,n/a,n/a,n/a
166,sound_effects,Beat_FoundRecipe,n/a,n/a,-1,SB_ANewRecipe,SB_HeyItsASecretRecipe,SB_AnotherSecretRecipe,SB_ShhItsASecretRecipe,n/a,n/a,n/a,n/a,n/a,n/a,n/a,n/a,n/a,n/a,n/a,n/a,n/a,n/a,n/a
119,sound_effects,BakedItemReady,n/a,n/a,-1,SB_BakedGoodsComingUp,SB_Ready,SB_AllDone,SB_Finished,n/a,n/a,n/a,n/a,n/a,n/a,n/a,n/a,n/a,n/a,n/a,n/a,n/a,n/a,n/a
110,sound_effects,VeggieItemStarted,n/a,n/a,-1,SB_ComingRightUp,SB_OnTheDouble,SB_IllGetThatForYouInAJiffy,SB_YesChef,SB_SetACourse,n/a,n/a,n/a,n/a,n/a,n/a,n/a,n/a,n/a,n/a,n/a,n/a,n/a,n/a
389,sound_effects,Global_GrilledItemStarted,n/a,n/a,-1,SB_FiringAllBurners,SB_ComingRightUp,SB_OnTheDouble,SB_IllGetThatForYouInAJiffy,SB_YesChef,SB_SetACourse,n/a,n/a,n/a,n/a,n/a,n/a,n/a,n/a,n/a,n/a,n/a,n/a,n/a
128,sound_effects,StinkyItemReady,n/a,n/a,-1,SB_Gasp,n/a,n/a,n/a,n/a,n/a,n/a,n/a,n/a,n/a,n/a,n/a,n/a,n/a,n/a,n/a,n/a,n/a,n/a
391,sound_effects,Global_GrilledItemReady,n/a,n/a,-1,SB_IBelieveThisOrderIsYours,SB_YourOrderIsReady,SB_OrderUp,SB_OrderUp2,SB_ComeAndGetIt,SB_Ready,SB_AllDone,SB_Finished,n/a,n/a,n/a,n/a,n/a,n/a,n/a,n/a,n/a,n/a,n/a
388,sound_effects,KP_GrilledItemReady,n/a,n/a,-1,SB_IBelieveThisOrderIsYours,SB_YourOrderIsReady,SB_OrderUp,SB_OrderUp2,SB_KrabbyPatty,SB_ComeAndGetIt,SB_OneMouthWateringKrabbyPatty,SB_Ready,SB_OneKrabbyPatty,SB_AllDone,SB_Finished,n/a,n/a,n/a,n/a,n/a,n/a,n/a,n/a
151,sound_effects,Beat_QuestStart,n/a,n/a,-1,SB_LetsDoThis,SB_LetsGetStarted,SB_ImReady_1,SB_ImReady_2,SB_ImReady_3,SB_AreYouReady,SB_ComeOn,SB_LetsDoThis_Macho,n/a,n/a,n/a,n/a,n/a,n/a,n/a,n/a,n/a,n/a,n/a
79,sound_effects,DontHaveAny,n/a,n/a,-1,SB_NotEnoughIngredients,SB_WereMissingSomething,SB_WeNeedMoreIngredients,SB_WhatsMissingHere,n/a,n/a,n/a,n/a,n/a,n/a,n/a,n/a,n/a,n/a,n/a,n/a,n/a,n/a,n/a
293,sound_effects,PineappleSelect,n/a,n/a,-1,SB_Oooh,GaryMeow_Normal,SB_HomeSweetPineapple,SB_MyMasterpiece,SB_ThisIsWhereTheMagicHappens,SB_MyPineapple,Doorbell,n/a,n/a,n/a,n/a,n/a,n/a,n/a,n/a,n/a,n/a,n/a,n/a
122,sound_effects,FlowerItemReady,n/a,n/a,-1,SB_ReadyToCollect,SB_NiceChoice,SB_ThatLooksFantabulous,SB_OooPretty,SB_Sweet,n/a,n/a,n/a,n/a,n/a,n/a,n/a,n/a,n/a,n/a,n/a,n/a,n/a,n/a
125,sound_effects,PerfumeItemReady,n/a,n/a,-1,SB_ReadyToCollect,SB_NiceChoice,SB_OooPretty,SB_Sweet,n/a,n/a,n/a,n/a,n/a,n/a,n/a,n/a,n/a,n/a,n/a,n/a,n/a,n/a,n/a
398,sound_effects,SB_Touch,n/a,n/a,-1,SB_Tickles,SB_Laugh,SB_LaughBrief,SB_LaughGoofy,SB_Wheee,SB_JumpingJellyfish,SB_GreatBarrierReef,SB_HolyShrimp,SB_TappingMeAlong,SB_OhBarnacles,SB_OhTarterSauce,SB_OhFishPaste,SB_Gasp,SB_OhThereYouAre,SB_IAmHappySponge,SB_YouAreTheBest,SB_AnyoneTellYouHowAwesome,SB_DontPanic,n/a
300,sound_effects,HighSchoolSelect,n/a,n/a,-1,SchoolBell,n/a,n/a,n/a,n/a,n/a,n/a,n/a,n/a,n/a,n/a,n/a,n/a,n/a,n/a,n/a,n/a,n/a,n/a
155,sound_effects,Beat_QuestComplete,n/a,n/a,-1,Silence,n/a,n/a,n/a,n/a,n/a,n/a,n/a,n/a,n/a,n/a,n/a,n/a,n/a,n/a,n/a,n/a,n/a,n/a
400,sound_effects,Citizen_Touch,n/a,n/a,-1,Silence,n/a,n/a,n/a,n/a,n/a,n/a,n/a,n/a,n/a,n/a,n/a,n/a,n/a,n/a,n/a,n/a,n/a,n/a
399,sound_effects,Generic_Touch,n/a,n/a,-1,Silence,n/a,n/a,n/a,n/a,n/a,n/a,n/a,n/a,n/a,n/a,n/a,n/a,n/a,n/a,n/a,n/a,n/a,n/a
305,sound_effects,SaltySpitoonSelect,n/a,n/a,-1,SpitCan,n/a,n/a,n/a,n/a,n/a,n/a,n/a,n/a,n/a,n/a,n/a,n/a,n/a,n/a,n/a,n/a,n/a,n/a
496,sound_effects,Squidward_Touch,n/a,n/a,-1,Squidward_ThatTickles,Squidward_Hey,Squidward_Ouch,Squidward_WatchWhereYoureTapping,Squidward_Hey2,Squidward_Ouch2,Squidward_Ow,Squidward_WouldYouStopAlready,Squidward_GoAway,Squidward_CalmDownWhatWasIt,Squidward_WhyAreYouStillHere,Squidward_WhatDoYouWantImBusy,n/a,n/a,n/a,n/a,n/a,n/a,n/a
481,sound_effects,Squilliam_Touch,n/a,n/a,-1,Squilliam_Hey,Squilliam_Ouch,Squilliam_WatchWhereYoureTapping,Squilliam_ThatTickles,Squilliam_Ow,Squilliam_DontHaveToBeAnywhereTil3,Squilliam_OkayChumTapWithAuthority,Squilliam_Toodleoo,Squilliam_ImFilthyStinkinRich,Squilliam_SavorMyUnibrow,Squilliam_AbsolutelyMagical,n/a,n/a,n/a,n/a,n/a,n/a,n/a,n/a
304,sound_effects,GymSelect,n/a,n/a,-1,Weights,n/a,n/a,n/a,n/a,n/a,n/a,n/a,n/a,n/a,n/a,n/a,n/a,n/a,n/a,n/a,n/a,n/a,n/a
309,sound_effects,WishingWellSelect,n/a,n/a,-1,WellCoinDrop,n/a,n/a,n/a,n/a,n/a,n/a,n/a,n/a,n/a,n/a,n/a,n/a,n/a,n/a,n/a,n/a,n/a,n/a
