i:ID,i:DID,i:Sort Order,s:Name,i:Source Unit DID,i:Partner Unit DID,s:Target Type,i:Target DID,i:Duration,i:Reward Gold,i:Reward Special DID,i:Reward Special Amount,i:Reward XP,s:Paytable Reward Icon,i:Min Level,i:Repeatable,i:Hidden Until Unlocked,i:Quest Unlock DID,i:Quest Relock DID,i:Quest Re-Unlock DID,i:Active During Quest DID,i:Micro Event DID,i:Event Only,i:Source Unit Required Costume,i:Partner Required Costume,s:Source Unit Display State Walk,s:Partner Display State Walk,s:Source Unit Display State Idle,s:Partner Display State Idle,f:Wander Time,f:Idle Time,s:Movement Type,f:Movement Speed,s:Target Display State,i:Position Offset from Target X,i:Position Offset from Target Y,i:Partner Position Offset from Target X,i:Partner Position Offset from Target Y,i:Source Facing,i:Partner Facing,s:Reward Thought Icon,s:Start VO,s:Finish VO,s:Start Sound,s:Finish Sound
empty,,,,,,,,,,,,,,,,,,,,,,,,,,,,,,,,,,,,,,,,,,,,
1,1,10,!!TASK_SB_BLOW_BUBBLES,1,-1,n/a,-1,10,6,-1,-1,1,n/a,1,1,0,-1,-1,-1,-1,-1,0,1,-1,bubbles_idle,n/a,idle,n/a,8,-1,wander,25,default,0,0,0,0,0,0,RentIcon.png,SB_BubbleTime,SB_Sweet,SeedshopSelect,SeedshopSelect
2,2,300,!!TASK_SB_FLY_KITE,1,-1,n/a,-1,300,11,-1,-1,5,n/a,4,1,1,-1,-1,-1,-1,-1,0,1,-1,fly_kite,n/a,fly_kite_idle,n/a,8,2,wander,40,default,0,0,0,0,0,0,RentIcon.png,SB_ImReady_1,SB_Sweet,SeedshopSelect,SeedshopSelect
3,589,1800,!!TASK_SB_CONVENTION,1,-1,building,21000,1800,20,-1,-1,8,n/a,1,1,1,-1,-1,-1,-1,-1,0,-1,-1,walk,n/a,idle,n/a,-1,-1,enter,40,default,0,0,0,0,0,0,RentIcon.png,n/a,SB_Sweet,SeedshopSelect,SeedshopSelect
4,604,1800,!!TASK_SB_TALK_JUNKERS,1,-1,building,1018,1800,20,-1,-1,8,n/a,1,1,1,-1,-1,-1,-1,-1,0,-1,-1,walk,n/a,idle,n/a,-1,-1,enter,40,default,0,0,0,0,0,0,RentIcon.png,n/a,SB_Sweet,SeedshopSelect,SeedshopSelect
5,594,3600,!!TASK_SB_EXPAND_LOCKER,1,-1,building,21001,3600,40,-1,-1,10,n/a,1,1,1,-1,-1,-1,-1,-1,0,-1,-1,walk,n/a,idle,n/a,-1,-1,enter,40,default,0,0,0,0,0,0,RentIcon.png,n/a,SB_Sweet,SeedshopSelect,SeedshopSelect
6,578,3600,!!TASK_SB_BOATING_SIM,1,-1,building,20900,3600,40,-1,-1,10,n/a,1,1,1,-1,-1,-1,-1,-1,0,-1,-1,walk,n/a,idle,n/a,-1,-1,enter,40,default,0,0,0,0,0,0,RentIcon.png,n/a,SB_Sweet,SeedshopSelect,SeedshopSelect
7,605,3600,!!TASK_SB_WATCH_TV,1,-1,building,1015,3600,40,-1,-1,10,n/a,1,1,1,-1,-1,-1,-1,-1,0,-1,-1,walk,n/a,idle,n/a,-1,-1,enter,40,default,0,0,0,0,0,0,RentIcon.png,n/a,SB_Sweet,SeedshopSelect,SeedshopSelect
8,607,3600,!!TASK_SB_SANDY_ROCKET,1,-1,building,22000,3600,40,-1,-1,10,n/a,1,1,1,-1,-1,-1,-1,-1,0,-1,-1,walk,n/a,idle,n/a,-1,-1,enter,40,default,0,0,0,0,0,0,RentIcon.png,n/a,SB_Sweet,SeedshopSelect,SeedshopSelect
9,872,3600,!!TASK_SPONGEBOB_SOAK_UP_MILK,1,-1,building,9044,3600,40,-1,-1,10,n/a,1,1,1,-1,-1,-1,-1,-1,0,-1,-1,walk,n/a,idle,n/a,-1,-1,enter,40,default,0,0,0,0,0,0,RentIcon.png,n/a,SB_Sweet,SeedshopSelect,SeedshopSelect
10,590,7200,!!TASK_SB_KRABS_HOARD,1,-1,building,1018,7200,50,-1,-1,11,n/a,6,1,1,-1,-1,-1,-1,-1,0,-1,-1,walk,n/a,idle,n/a,-1,-1,enter,40,default,0,0,0,0,0,0,RentIcon.png,n/a,SB_Sweet,SeedshopSelect,SeedshopSelect
11,579,7200,!!TASK_SB_BOAT_TEST_WRITTEN,1,-1,building,20900,7200,50,-1,-1,11,n/a,1,1,1,-1,-1,-1,-1,-1,0,-1,-1,walk,n/a,idle,n/a,-1,-1,enter,40,default,0,0,0,0,0,0,RentIcon.png,n/a,SB_Sweet,SeedshopSelect,SeedshopSelect
12,3,7200,!!TASK_SB_SEANCE,1,-1,building,20601,7200,50,-1,-1,11,n/a,1,1,1,2508,-1,-1,-1,-1,0,1,-1,walk,n/a,gimme,n/a,-1,8,stand,30,default,20,15,0,0,0,0,RentIcon.png,n/a,SB_Sweet,SeedshopSelect,SeedshopSelect
13,4,7200,!!TASK_SB_SCARY_MOVIE,1,-1,building,1007,7200,50,-1,-1,11,n/a,1,1,1,-1,-1,-1,-1,-1,0,1,-1,walk,n/a,idle,n/a,-1,-1,enter,40,default,0,0,0,0,0,0,RentIcon.png,n/a,SB_Sweet,SeedshopSelect,SeedshopSelect
14,213,7200,!!TASK_SB_WATCH_MM_MOVIE,1,-1,building,1007,7200,50,-1,-1,11,n/a,1,1,1,-1,-1,-1,-1,-1,0,-1,-1,walk,n/a,idle,n/a,-1,-1,enter,40,default,0,0,0,0,0,0,RentIcon.png,n/a,SB_Sweet,SeedshopSelect,SeedshopSelect
15,595,14400,!!TASK_SB_CLARINET_SAFE,1,-1,building,21001,14400,65,-1,-1,14,n/a,1,1,1,-1,-1,-1,-1,-1,0,-1,-1,walk,n/a,idle,n/a,-1,-1,enter,40,default,0,0,0,0,0,0,RentIcon.png,n/a,SB_Sweet,SeedshopSelect,SeedshopSelect
16,558,14400,!!TASK_SB_BROWSE_BARGNMART,1,-1,building,1021,14400,65,-1,-1,14,n/a,1,1,1,-1,-1,-1,-1,-1,0,-1,-1,walk,n/a,idle,n/a,-1,-1,enter,40,default,0,0,0,0,0,0,RentIcon.png,n/a,SB_Sweet,SeedshopSelect,SeedshopSelect
17,5,14400,!!TASK_SB_TEA_AT_SANDYS,1,-1,building,1019,14400,65,-1,-1,14,n/a,1,1,1,-1,-1,-1,-1,-1,0,1,-1,walk,n/a,idle,n/a,-1,-1,enter,40,default,0,0,0,0,0,0,RentIcon.png,SB_Cleanliness,SB_Sweet,SeedshopSelect,SeedshopSelect
18,557,14400,!!TASK_SB_CHECK_JELLYFISH,1,-1,building,20700,14400,65,-1,-1,14,n/a,1,1,1,-1,-1,-1,-1,-1,0,1,-1,walk,n/a,idle,n/a,-1,-1,stand,40,default,0,0,0,0,0,0,RentIcon.png,SB_Cleanliness,SB_Sweet,SeedshopSelect,SeedshopSelect
19,870,14400,!!TASK_SPONGEBOB_CHECK_FORT_DEFENSES,1,-1,building,23000,14400,65,-1,-1,14,n/a,1,1,1,-1,-1,-1,-1,-1,0,-1,-1,walk,n/a,idle,n/a,-1,-1,enter,40,default,0,0,0,0,0,0,RentIcon.png,n/a,SB_Sweet,SeedshopSelect,SeedshopSelect
20,580,21600,!!TASK_SB_STUDY_BOAT_TEST,1,-1,building,1018,21600,70,-1,-1,18,n/a,6,1,1,-1,-1,-1,-1,-1,0,-1,-1,walk,n/a,idle,n/a,-1,-1,enter,40,default,0,0,0,0,0,0,RentIcon.png,n/a,SB_Sweet,SeedshopSelect,SeedshopSelect
21,581,21600,!!TASK_SB_PRETEND_DRIVE,1,-1,building,1018,21600,70,-1,-1,18,n/a,6,1,1,-1,-1,-1,-1,-1,0,-1,-1,walk,n/a,idle,n/a,-1,-1,enter,40,default,0,0,0,0,0,0,RentIcon.png,n/a,SB_Sweet,SeedshopSelect,SeedshopSelect
22,871,21600,!!TASK_SPONGEBOB_CAROL_FOR_ELVES,1,-1,building,9042,21600,70,-1,-1,18,n/a,1,1,1,-1,-1,-1,-1,-1,0,-1,-1,walk,n/a,idle,n/a,-1,-1,enter,40,default,0,0,0,0,0,0,RentIcon.png,n/a,SB_Sweet,SeedshopSelect,SeedshopSelect
23,873,28800,!!TASK_SPONGEBOB_PESTER_WORKERS,1,-1,building,9043,28800,80,-1,-1,22,n/a,1,1,1,-1,-1,-1,-1,-1,0,-1,-1,walk,n/a,idle,n/a,-1,-1,enter,40,default,0,0,0,0,0,0,RentIcon.png,n/a,SB_Sweet,SeedshopSelect,SeedshopSelect
24,6,36000,!!TASK_SB_WATCH_SQUID_SLEEP,1,-1,building,1016,36000,85,-1,-1,26,n/a,1,1,1,-1,-1,-1,-1,-1,0,1,-1,walk,n/a,idle,n/a,-1,-1,enter,40,default,0,0,0,0,0,0,RentIcon.png,SB_Stare,SB_Sweet,SeedshopSelect,SeedshopSelect
25,7,86400,!!TASK_SB_24HOUR_KK_SHIFT,1,-1,building,1018,86400,120,-1,-1,30,n/a,6,1,1,-1,-1,-1,-1,-1,0,-1,-1,walk,n/a,idle,n/a,-1,-1,enter,40,default,0,0,0,0,0,0,RentIcon.png,SB_HappinessIsKrabbyPatty,SB_Sweet,SeedshopSelect,SeedshopSelect
26,220,86400,!!TASK_SB_WATCH_MM_MARATHON,1,-1,building,1015,86400,120,-1,-1,30,n/a,4,1,1,-1,-1,-1,-1,-1,0,1,-1,walk,n/a,idle,n/a,-1,-1,enter,40,default,0,0,0,0,0,0,RentIcon.png,n/a,SB_Sweet,SeedshopSelect,SeedshopSelect
27,15,300,!!TASK_SB_CHASE_EVIL,1,-1,n/a,-1,300,11,-1,-1,5,n/a,1,1,1,-1,-1,-1,-1,-1,0,2,-1,walk,n/a,idle_mermaidman,n/a,2,6,wander,30,default,0,0,0,0,0,0,RentIcon.png,SB_GreatBarrierReef,SB_Sweet,SeedshopSelect,SeedshopSelect
28,16,14400,!!TASK_SB_MM_DOUBLE_FEATURE,1,-1,building,1007,14400,65,-1,-1,14,n/a,1,1,1,-1,-1,-1,-1,-1,0,2,-1,walk,n/a,idle,n/a,-1,-1,enter,40,default,0,0,0,0,0,0,RentIcon.png,SB_LetsDoThis,SB_Sweet,SeedshopSelect,SeedshopSelect
29,17,21600,!!TASK_SB_AID_POLICE,1,-1,building,1004,21600,70,-1,-1,18,n/a,1,1,1,-1,-1,-1,-1,-1,0,2,-1,walk,n/a,idle,n/a,-1,-1,enter,40,default,0,0,0,0,0,0,RentIcon.png,SB_LetsDoThis,SB_Sweet,SeedshopSelect,SeedshopSelect
30,8,300,!!TASK_SB_STRUT,1,-1,n/a,-1,300,11,-1,-1,5,n/a,1,1,1,-1,-1,-1,-1,-1,0,3,-1,walk_underwear,n/a,idle,n/a,8,2,wander,40,default,0,0,0,0,0,0,RentIcon.png,SB_IAmHappySponge,SB_Sweet,SeedshopSelect,SeedshopSelect
31,9,14400,!!TASK_SB_LAUNDRY,1,-1,building,1015,14400,65,-1,-1,14,n/a,1,1,1,-1,-1,-1,-1,-1,0,3,-1,walk,n/a,idle,n/a,-1,-1,enter,40,default,0,0,0,0,0,0,RentIcon.png,SB_QualityTime,SB_Sweet,SeedshopSelect,SeedshopSelect
32,10,21600,!!TASK_SB_CASUAL_DRESS_CODE,1,-1,building,1018,21600,70,-1,-1,18,n/a,1,1,1,-1,-1,-1,-1,-1,0,3,-1,walk,n/a,idle,n/a,-1,-1,enter,40,default,0,0,0,0,0,0,RentIcon.png,SB_SetACourse,SB_Sweet,SeedshopSelect,SeedshopSelect
33,11,86400,!!TASK_SB_CLOTHES_DIGNITY,1,-1,building,1015,86400,120,-1,-1,30,n/a,1,1,1,-1,-1,-1,-1,-1,0,3,-1,walk,n/a,idle,n/a,-1,-1,enter,40,default,0,0,0,0,0,0,RentIcon.png,n/a,SB_Sweet,SeedshopSelect,SeedshopSelect
34,12,300,!!TASK_SB_FROWN,1,-1,n/a,-1,300,11,-1,-1,5,n/a,1,1,1,-1,-1,-1,-1,-1,0,4,-1,walk_abrasive,n/a,idle,n/a,8,2,wander,40,default,0,0,0,0,0,0,RentIcon.png,SB_AreYouReady,SB_Sweet,SeedshopSelect,SeedshopSelect
35,13,36000,!!TASK_SB_MAKE_PRISONERS_CRY,1,-1,building,1002,36000,85,-1,-1,26,n/a,1,1,1,-1,-1,-1,-1,-1,0,4,-1,walk,n/a,idle,n/a,-1,-1,enter,40,default,0,0,0,0,0,0,RentIcon.png,SB_SaltySpitoon,SB_Sweet,SeedshopSelect,SeedshopSelect
36,14,86400,!!TASK_SB_PRACTICE_TELLING_OFF,1,-1,building,1015,86400,120,-1,-1,30,n/a,1,1,1,-1,-1,-1,-1,-1,0,4,-1,walk,n/a,idle,n/a,-1,-1,enter,40,default,0,0,0,0,0,0,RentIcon.png,SB_AnybodyHome,SB_Sweet,SeedshopSelect,SeedshopSelect
37,294,5,!!TASK_ALL_LAUNCH_XMAS_WISH,1,-1,building,20109,5,6,-1,-1,1,n/a,1,1,1,2824,2835,2842,-1,-1,0,10,-1,walk,n/a,gimme,n/a,-1,-1,activate,40,shoot,10,10,0,0,0,0,RentIcon.png,n/a,SB_Sweet,SeedshopSelect,SeedshopSelect
38,340,7200,!!TASK_ALL_BROWSE_GOODIES,1,-1,building,9046,7200,50,-1,-1,11,n/a,1,1,1,-1,-1,-1,-1,-1,0,10,-1,walk,n/a,idle,n/a,-1,-1,enter,40,default,0,0,0,0,0,0,RentIcon.png,n/a,SB_Sweet,SeedshopSelect,SeedshopSelect
39,436,7200,!!TASK_SB_ENJOY_COCOA,1,-1,building,1015,7200,50,-1,-1,11,n/a,1,1,1,-1,-1,-1,-1,-1,0,10,-1,walk,n/a,idle,n/a,-1,-1,enter,40,default,0,0,0,0,0,0,RentIcon.png,n/a,SB_Sweet,SeedshopSelect,SeedshopSelect
40,433,14400,!!TASK_SB_SPREAD_SPIRIT,1,-1,n/a,-1,14400,65,-1,-1,14,n/a,1,1,1,2828,-1,-1,-1,-1,0,10,-1,walk_xmas_hat,n/a,idle,n/a,-1,-1,wander,40,default,0,0,0,0,0,0,RentIcon.png,n/a,SB_Sweet,SeedshopSelect,SeedshopSelect
41,438,7200,!!TASK_SB_ENJOY_COCOA,1,-1,building,1015,7200,50,-1,-1,11,n/a,1,1,1,2826,-1,-1,-1,-1,0,11,-1,walk,n/a,idle,n/a,-1,-1,enter,40,default,0,0,0,0,0,0,RentIcon.png,n/a,SB_Sweet,SeedshopSelect,SeedshopSelect
42,434,14400,!!TASK_SB_SPREAD_SPIRIT,1,-1,n/a,-1,14400,65,-1,-1,14,n/a,1,1,1,2828,-1,-1,-1,-1,0,11,-1,walk_xmas_suit,n/a,idle,n/a,-1,-1,wander,40,default,0,0,0,0,0,0,RentIcon.png,n/a,SB_Sweet,SeedshopSelect,SeedshopSelect
43,341,7200,!!TASK_ALL_WATCH_HOLIDAY_TV,1,-1,building,1015,7200,50,-1,-1,11,n/a,1,1,1,-1,-1,-1,-1,-1,0,11,-1,walk,n/a,idle,n/a,-1,-1,enter,40,default,0,0,0,0,0,0,RentIcon.png,n/a,SB_Sweet,SeedshopSelect,SeedshopSelect
44,342,7200,!!TASK_ALL_ENJOY_TIME_OFF,1,-1,building,1015,7200,50,-1,-1,11,n/a,1,1,1,-1,-1,-1,-1,-1,0,11,-1,walk,n/a,idle,n/a,-1,-1,enter,40,default,0,0,0,0,0,0,RentIcon.png,n/a,SB_Sweet,SeedshopSelect,SeedshopSelect
45,554,1800,!!TASK_SB_VDAY_GIVE_LOVE_TRY,1,-1,building,-1,1800,20,-1,-1,8,n/a,1,1,1,-1,-1,-1,-1,-1,0,14,-1,walk,n/a,idle_bow,n/a,5,3,wander,40,default,0,0,0,0,0,0,RentIcon.png,n/a,SB_Sweet,SeedshopSelect,SeedshopSelect
46,555,21600,!!TASK_SB_VDAY_MAKE_LOVE_HURT,1,-1,building,-1,21600,70,-1,-1,18,n/a,1,1,1,-1,-1,-1,-1,-1,0,14,-1,walk,n/a,idle_arrow,n/a,5,3,wander,40,default,0,0,0,0,0,0,RentIcon.png,n/a,SB_Sweet,SeedshopSelect,SeedshopSelect
47,567,14400,!!TASK_SPONGEBOB_DISPLAY_DELTOIDS,1,-1,building,-1,14400,65,-1,-1,14,n/a,1,1,1,-1,-1,-1,-1,-1,0,21,-1,walk_anchor,n/a,idle_flex,n/a,5,8,wander,20,default,0,0,0,0,0,0,RentIcon.png,n/a,SB_Sweet,SeedshopSelect,SeedshopSelect
48,573,3600,!!TASK_SPONGEBOB_IMPRESS_SANDY,1,-1,building,1019,3600,40,-1,-1,10,n/a,1,1,1,-1,-1,-1,-1,-1,0,21,-1,walk,n/a,idle,n/a,-1,-1,enter,40,default,0,0,0,0,0,0,RentIcon.png,n/a,SB_Sweet,SeedshopSelect,SeedshopSelect
49,574,7200,!!TASK_SPONGEBOB_BODYBUILDERS,1,-1,building,1054,7200,50,-1,-1,11,n/a,1,1,1,-1,-1,-1,-1,-1,0,21,-1,walk,n/a,idle,n/a,-1,-1,enter,40,default,0,0,0,0,0,0,RentIcon.png,n/a,SB_Sweet,SeedshopSelect,SeedshopSelect
50,575,10800,!!TASK_SPONGEBOB_INFLATE_ARMS_EGO,1,-1,building,1015,10800,60,-1,-1,13,n/a,1,1,1,-1,-1,-1,-1,-1,0,21,-1,walk,n/a,idle,n/a,-1,-1,enter,40,default,0,0,0,0,0,0,RentIcon.png,n/a,SB_Sweet,SeedshopSelect,SeedshopSelect
51,576,21600,!!TASK_SPONGEBOB_AVOID_WEIGHTS,1,-1,building,1009,21600,70,-1,-1,18,n/a,1,1,1,-1,-1,-1,-1,-1,0,21,-1,walk,n/a,idle,n/a,-1,-1,enter,40,default,0,0,0,0,0,0,RentIcon.png,n/a,SB_Sweet,SeedshopSelect,SeedshopSelect
52,611,3600,!!TASK_SPONGEBOB_MEAT_ON_BONES,1,-1,building,1009,3600,40,-1,-1,10,n/a,1,1,1,-1,-1,-1,-1,-1,0,25,-1,walk,n/a,idle,n/a,-1,-1,enter,40,default,0,0,0,0,0,0,RentIcon.png,n/a,SB_Sweet,SeedshopSelect,SeedshopSelect
53,609,14400,!!TASK_SPONGEBOB_CEMETARY_CREEP,1,-1,n/a,-1,14400,65,-1,-1,14,n/a,1,1,1,-1,-1,-1,-1,-1,0,25,-1,walk_skeleton,n/a,idle,n/a,5,-1,wander,15,default,0,0,0,0,0,0,RentIcon.png,n/a,SB_Sweet,SeedshopSelect,SeedshopSelect
54,612,21600,!!TASK_SPONGEBOB_CHILLED_TO_BONE,1,-1,building,1059,21600,70,-1,-1,18,n/a,1,1,1,-1,-1,-1,-1,-1,0,25,-1,walk,n/a,idle,n/a,-1,-1,enter,40,default,0,0,0,0,0,0,RentIcon.png,n/a,SB_Sweet,SeedshopSelect,SeedshopSelect
55,613,43200,!!TASK_SPONGEBOB_WORK_FINGERS_BONE,1,-1,building,1018,43200,90,-1,-1,28,n/a,1,1,1,-1,-1,-1,-1,-1,0,25,-1,walk,n/a,idle,n/a,-1,-1,enter,40,default,0,0,0,0,0,0,RentIcon.png,n/a,SB_Sweet,SeedshopSelect,SeedshopSelect
56,603,600,!!TASK_SB_WARN_ABOUT_INVASION,1,-1,building,1018,600,15,-1,-1,6,n/a,1,0,1,-1,-1,-1,3700,-1,0,-1,-1,walk,n/a,idle,n/a,-1,-1,enter,40,default,0,0,0,0,0,0,RentIcon.png,n/a,SB_Sweet,SeedshopSelect,SeedshopSelect
57,606,3600,!!TASK_SB_TALK_SANDY_BARGNMART,1,-1,building,1021,3600,40,-1,-1,10,n/a,1,0,1,-1,-1,-1,3706,-1,0,-1,-1,walk,n/a,idle,n/a,-1,-1,enter,40,default,0,0,0,0,0,0,RentIcon.png,n/a,SB_Sweet,SeedshopSelect,SeedshopSelect
58,869,1800,!!TASK_SB_HANG_STOCKINGS,1,-1,building,1015,1800,20,-1,-1,8,n/a,36,1,1,-1,-1,-1,3842,-1,0,-1,-1,walk,n/a,idle,n/a,-1,-1,enter,40,default,0,0,0,0,0,0,RentIcon.png,n/a,SB_Sweet,SeedshopSelect,SeedshopSelect
59,863,14400,!!TASK_ALL_SNOWBALL_FIGHT,1,-1,n/a,-1,14400,65,-1,-1,14,BonusRewardIcon.png,36,1,1,-1,-1,-1,-1,-1,0,-1,-1,walk,n/a,snowball,n/a,3,10,wander,20,default,0,0,0,0,0,0,RentIcon.png,n/a,SB_Sweet,SeedshopSelect,SeedshopSelect
60,886,14400,!!TASK_ALL_SNOWBALL_FIGHT_WEEK_2,1,-1,n/a,-1,14400,65,-1,-1,14,BonusRewardIcon.png,36,1,1,-1,-1,-1,-1,-1,0,-1,-1,walk,n/a,snowball,n/a,3,10,wander,20,default,0,0,0,0,0,0,RentIcon.png,n/a,SB_Sweet,SeedshopSelect,SeedshopSelect
61,887,14400,!!TASK_ALL_SNOWBALL_FIGHT_WEEK_3,1,-1,n/a,-1,14400,65,-1,-1,14,BonusRewardIcon.png,36,1,1,-1,-1,-1,-1,-1,0,-1,-1,walk,n/a,snowball,n/a,3,10,wander,20,default,0,0,0,0,0,0,RentIcon.png,n/a,SB_Sweet,SeedshopSelect,SeedshopSelect
62,888,14400,!!TASK_ALL_SNOWBALL_FIGHT_WEEK_4,1,-1,n/a,-1,14400,65,-1,-1,14,BonusRewardIcon.png,36,1,1,-1,-1,-1,-1,-1,0,-1,-1,walk,n/a,snowball,n/a,3,10,wander,20,default,0,0,0,0,0,0,RentIcon.png,n/a,SB_Sweet,SeedshopSelect,SeedshopSelect
63,889,14400,!!TASK_ALL_SNOWBALL_FIGHT_WEEK_5,1,-1,n/a,-1,14400,65,-1,-1,14,BonusRewardIcon.png,36,1,1,-1,-1,-1,-1,-1,0,-1,-1,walk,n/a,snowball,n/a,3,10,wander,20,default,0,0,0,0,0,0,RentIcon.png,n/a,SB_Sweet,SeedshopSelect,SeedshopSelect
64,862,14400,!!TASK_ALL_FESTIVE_FLORAL,1,-1,building,1102,14400,65,-1,-1,14,BonusRewardIcon.png,36,1,1,-1,-1,-1,-1,-1,0,-1,-1,walk,n/a,idle,n/a,-1,-1,enter,40,default,0,0,0,0,0,0,RentIcon.png,n/a,SB_Sweet,SeedshopSelect,SeedshopSelect
65,636,7200,!!TASK_ALL_MORE_BAKED_GOODS,1,-1,building,1024,7200,50,-1,-1,11,BonusRewardIcon.png,36,1,1,-1,-1,-1,-1,-1,0,-1,-1,walk,n/a,idle,n/a,-1,-1,enter,40,default,0,0,0,0,0,0,RentIcon.png,n/a,SB_Sweet,SeedshopSelect,SeedshopSelect
66,637,21600,!!TASK_ALL_SHAKE_PRESENTS,1,-1,building,1015,21600,70,-1,-1,18,BonusRewardIcon.png,36,1,1,-1,-1,-1,-1,-1,0,-1,-1,walk,n/a,idle,n/a,-1,-1,enter,40,default,0,0,0,0,0,0,RentIcon.png,n/a,SB_Sweet,SeedshopSelect,SeedshopSelect
67,638,7200,!!TASK_ALL_SING_OLD_FOLKS,1,-1,building,1026,7200,50,-1,-1,11,BonusRewardIcon.png,36,1,1,-1,-1,-1,-1,-1,0,-1,-1,walk,n/a,idle,n/a,-1,-1,enter,40,default,0,0,0,0,0,0,RentIcon.png,n/a,SB_Sweet,SeedshopSelect,SeedshopSelect
68,639,14400,!!TASK_ALL_MISTLETOE_WAIT,1,-1,building,1015,14400,65,-1,-1,14,BonusRewardIcon.png,36,1,1,-1,-1,-1,-1,-1,0,-1,-1,walk,n/a,idle,n/a,-1,-1,enter,40,default,0,0,0,0,0,0,RentIcon.png,n/a,SB_Sweet,SeedshopSelect,SeedshopSelect
69,640,7200,!!TASK_ALL_XMAS_DONUTS_POLICE,1,-1,building,1004,7200,50,-1,-1,11,BonusRewardIcon.png,36,1,1,-1,-1,-1,-1,-1,0,-1,-1,walk,n/a,idle,n/a,-1,-1,enter,40,default,0,0,0,0,0,0,RentIcon.png,n/a,SB_Sweet,SeedshopSelect,SeedshopSelect
70,641,7200,!!TASK_ALL_KNIT_FIN_MITTENS,1,-1,building,1002,7200,50,-1,-1,11,BonusRewardIcon.png,36,1,1,-1,-1,-1,-1,-1,0,-1,-1,walk,n/a,idle,n/a,-1,-1,enter,40,default,0,0,0,0,0,0,RentIcon.png,n/a,SB_Sweet,SeedshopSelect,SeedshopSelect
71,623,600,!!TASK_SB_BRING_TREATS_SQUIDWARD,1,-1,building,23000,600,15,-1,-1,6,n/a,36,0,1,-1,-1,-1,3836,-1,0,-1,-1,walk,n/a,idle,n/a,-1,-1,enter,40,default,0,0,0,0,0,0,RentIcon.png,n/a,SB_Sweet,SeedshopSelect,SeedshopSelect
72,624,7200,!!TASK_SB_SNOWBALL_FORT,1,-1,building,23000,7200,50,-1,-1,11,n/a,36,1,1,-1,-1,-1,-1,-1,0,-1,-1,walk,n/a,snowball,n/a,-1,10,stand,40,default,-50,60,0,0,0,0,RentIcon.png,n/a,SB_Sweet,SeedshopSelect,SeedshopSelect
73,625,7200,!!TASK_SB_SNOWBALL_PATRICK,1,-1,building,1017,7200,50,-1,-1,11,n/a,36,1,1,-1,-1,-1,-1,-1,0,-1,-1,walk,n/a,snowball,n/a,-1,10,stand,40,default,-50,60,0,0,0,0,RentIcon.png,n/a,SB_Sweet,SeedshopSelect,SeedshopSelect
74,626,7200,!!TASK_SB_SNOWBALL_PLANKTON,1,-1,building,1058,7200,50,-1,-1,11,n/a,36,1,1,-1,-1,-1,-1,-1,0,-1,-1,walk,n/a,snowball,n/a,-1,10,stand,40,default,-50,60,0,0,0,0,RentIcon.png,n/a,SB_Sweet,SeedshopSelect,SeedshopSelect
75,556,43200,!!TASK_SB_HIDE_CAMPING_GEAR,1,-1,building,1015,43200,90,-1,-1,28,n/a,1,1,1,-1,-1,-1,3200,-1,0,-1,-1,walk,n/a,idle,n/a,-1,-1,enter,40,default,0,0,0,0,0,0,RentIcon.png,n/a,SB_Sweet,SeedshopSelect,SeedshopSelect
76,219,28800,!!TASK_SB_SCULPT_MM,1,-1,building,1015,28800,80,-1,-1,22,n/a,1,0,1,-1,-1,-1,2604,-1,0,-1,-1,walk,n/a,idle,n/a,-1,-1,enter,40,default,0,0,0,0,0,0,RentIcon.png,n/a,SB_Sweet,SeedshopSelect,SeedshopSelect
77,217,14400,!!TASK_SB_MAKE_BB_COSTUME,1,-1,building,1015,14400,65,-1,-1,14,n/a,1,0,1,-1,-1,-1,2620,-1,0,-1,-1,walk,n/a,idle,n/a,-1,-1,enter,40,default,0,0,0,0,0,0,RentIcon.png,n/a,SB_Sweet,SeedshopSelect,SeedshopSelect
78,214,3600,!!TASK_SB_CONTEST_PRIZE,1,-1,building,1015,3600,40,-1,-1,10,n/a,1,0,1,-1,-1,-1,2628,-1,0,-1,-1,walk,n/a,idle,n/a,-1,-1,enter,40,default,0,0,0,0,0,0,RentIcon.png,n/a,SB_Sweet,SeedshopSelect,SeedshopSelect
79,215,3600,!!TASK_SB_GALA_TICKETS,1,-1,building,1015,3600,40,-1,-1,10,n/a,1,0,1,-1,-1,-1,2628,-1,0,-1,-1,walk,n/a,idle,n/a,-1,-1,enter,40,default,0,0,0,0,0,0,RentIcon.png,n/a,SB_Sweet,SeedshopSelect,SeedshopSelect
80,216,7200,!!TASK_SB_HIDE_THEATER,1,-1,building,1007,7200,50,-1,-1,11,n/a,1,0,1,-1,-1,-1,2630,-1,0,-1,-1,walk,n/a,idle,n/a,-1,-1,enter,40,default,0,0,0,0,0,0,RentIcon.png,n/a,SB_Sweet,SeedshopSelect,SeedshopSelect
81,229,1200,!!TASK_SB_WAITER_BOOK,1,-1,building,1018,1200,18,-1,-1,7,n/a,1,1,1,-1,-1,-1,2712,-1,0,-1,-1,walk,n/a,idle,n/a,-1,-1,enter,40,default,0,0,0,0,0,0,RentIcon.png,n/a,SB_Sweet,SeedshopSelect,SeedshopSelect
82,228,14400,!!TASK_SB_EMPTY_MIND,1,-1,building,1018,14400,65,-1,-1,14,n/a,1,1,1,-1,-1,-1,2714,-1,0,-1,-1,walk,n/a,idle,n/a,-1,-1,enter,40,default,0,0,0,0,0,0,RentIcon.png,n/a,SB_Sweet,SeedshopSelect,SeedshopSelect
83,230,3600,!!TASK_SB_REMEMBER_NAME,1,-1,building,1018,3600,40,-1,-1,10,n/a,1,1,1,-1,-1,-1,2720,-1,0,-1,-1,walk,n/a,idle,n/a,-1,-1,enter,40,default,0,0,0,0,0,0,RentIcon.png,n/a,SB_Sweet,SeedshopSelect,SeedshopSelect
84,435,7200,!!TASK_SB_ENJOY_COCOA,1,-1,building,1015,7200,50,-1,-1,11,n/a,1,1,1,2800,2826,-1,-1,-1,0,10,-1,walk,n/a,idle,n/a,-1,-1,enter,40,default,0,0,0,0,0,0,RentIcon.png,n/a,SB_Sweet,SeedshopSelect,SeedshopSelect
85,437,7200,!!TASK_SB_ENJOY_COCOA,1,-1,building,1015,7200,50,-1,-1,11,n/a,1,1,1,2800,2826,-1,-1,-1,0,11,-1,walk,n/a,idle,n/a,-1,-1,enter,40,default,0,0,0,0,0,0,RentIcon.png,n/a,SB_Sweet,SeedshopSelect,SeedshopSelect
86,325,7200,!!TASK_SB_FIND_DECOS_ATTIC,1,-1,building,1015,7200,50,-1,-1,11,n/a,1,0,1,-1,-1,-1,2800,-1,0,-1,-1,walk,n/a,idle,n/a,-1,-1,enter,40,default,0,0,0,0,0,0,RentIcon.png,n/a,SB_Sweet,SeedshopSelect,SeedshopSelect
87,336,14400,!!TASK_SB_SPREAD_SPIRIT,1,-1,n/a,-1,14400,65,-1,-1,14,n/a,1,0,1,-1,-1,-1,2816,-1,0,10,-1,walk_xmas_hat,n/a,idle,n/a,-1,-1,wander,40,default,0,0,0,0,0,0,RentIcon.png,n/a,SB_Sweet,SeedshopSelect,SeedshopSelect
88,328,36000,!!TASK_SB_SECRET_IDEA,1,-1,building,1015,36000,85,-1,-1,26,n/a,1,0,1,-1,-1,-1,2820,-1,0,-1,-1,walk,n/a,idle,n/a,-1,-1,enter,40,default,0,0,0,0,0,0,RentIcon.png,n/a,SB_Sweet,SeedshopSelect,SeedshopSelect
89,329,86400,!!TASK_SB_CRAFT_GIFT_SQUID,1,-1,building,1015,86400,120,-1,-1,30,n/a,1,0,1,-1,-1,-1,2834,-1,0,-1,-1,walk,n/a,idle,n/a,-1,-1,enter,40,default,0,0,0,0,0,0,RentIcon.png,n/a,SB_Sweet,SeedshopSelect,SeedshopSelect
90,327,21600,!!TASK_SB_FETCH_GIFT_SQUID,1,-1,building,1015,21600,70,-1,-1,18,n/a,1,0,1,-1,-1,-1,2836,-1,0,-1,-1,walk,n/a,idle,n/a,-1,-1,enter,40,default,0,0,0,0,0,0,RentIcon.png,n/a,SB_Sweet,SeedshopSelect,SeedshopSelect
91,337,14400,!!TASK_SB_SPREAD_SPIRIT,1,-1,n/a,-1,14400,65,-1,-1,14,n/a,1,1,1,-1,-1,-1,2842,-1,0,1,-1,walk_xmas_hat,n/a,idle,n/a,-1,-1,wander,40,default,0,0,0,0,0,0,RentIcon.png,n/a,SB_Sweet,SeedshopSelect,SeedshopSelect
92,326,14400,!!TASK_SB_SPREAD_SPIRIT,1,-1,n/a,-1,14400,65,-1,-1,14,n/a,1,0,1,-1,-1,-1,2850,-1,0,10,-1,walk_xmas_hat,n/a,idle,n/a,-1,-1,wander,40,default,0,0,0,0,0,0,RentIcon.png,n/a,SB_Sweet,SeedshopSelect,SeedshopSelect
93,233,1800,!!TASK_ALL_WATCH_MM_EPISODE,1,-1,building,1015,1800,20,-1,-1,8,n/a,9,1,1,-1,-1,-1,-1,5,1,1,-1,walk,n/a,idle,n/a,-1,-1,enter,40,default,0,0,0,0,0,0,RentIcon.png,n/a,SB_Sweet,SeedshopSelect,SeedshopSelect
94,458,7200,!!TASK_ALL_VDAY_LOAD_BOXES,1,-1,building,20624,7200,-1,57,50,11,n/a,36,1,1,3100,-1,-1,-1,-1,0,-1,-1,walk,n/a,idle,n/a,-1,-1,enter,40,default,0,0,0,0,0,0,RentIcon.png,n/a,SB_Sweet,SeedshopSelect,SeedshopSelect
95,234,7200,!!TASK_ALL_FANCY_FEAST_KK,1,-1,building,1018,7200,50,-1,-1,11,n/a,9,1,1,-1,-1,-1,-1,6,1,1,-1,walk,n/a,idle,n/a,-1,-1,enter,40,default,0,0,0,0,0,0,RentIcon.png,n/a,SB_Sweet,SeedshopSelect,SeedshopSelect
96,459,14400,!!TASK_ALL_VDAY_SOLDER_SWEET_NOTHINGS,1,-1,building,20624,14400,-1,57,65,14,n/a,36,1,1,3100,-1,-1,-1,-1,0,-1,-1,walk,n/a,idle,n/a,-1,-1,enter,40,default,0,0,0,0,0,0,RentIcon.png,n/a,SB_Sweet,SeedshopSelect,SeedshopSelect
97,460,86400,!!TASK_ALL_VDAY_FORKLIFT_GIRDERS,1,-1,building,20624,86400,-1,57,120,30,n/a,36,1,1,3100,-1,-1,-1,-1,0,-1,-1,walk,n/a,idle,n/a,-1,-1,enter,40,default,0,0,0,0,0,0,RentIcon.png,n/a,SB_Sweet,SeedshopSelect,SeedshopSelect
98,139,300,!!TASK_PATRICK_THINK,2,-1,n/a,-1,300,11,-1,-1,5,n/a,1,1,1,-1,-1,-1,-1,-1,0,6,-1,walk,n/a,idle_idea,n/a,-1,8,wander,40,default,0,0,0,0,0,0,RentIcon.png,n/a,SB_Sweet,SeedshopSelect,SeedshopSelect
99,874,3600,!!TASK_PATRICK_CHECK_ICECREAM_STASH,2,-1,building,23000,3600,40,-1,-1,10,n/a,1,1,1,-1,-1,-1,-1,-1,0,-1,-1,walk,n/a,idle,n/a,-1,-1,enter,40,default,0,0,0,0,0,0,RentIcon.png,n/a,SB_Sweet,SeedshopSelect,SeedshopSelect
100,582,7200,!!TASK_PATRICK_BOAT_TEST_WRITTEN,2,-1,building,20900,7200,50,-1,-1,11,n/a,1,1,1,-1,-1,-1,-1,-1,0,-1,-1,walk,n/a,idle,n/a,-1,-1,enter,40,default,0,0,0,0,0,0,RentIcon.png,n/a,SB_Sweet,SeedshopSelect,SeedshopSelect
101,203,7200,!!TASK_PATRICK_WATCH_MM_MOVIE,2,-1,building,1007,7200,50,-1,-1,11,n/a,1,1,1,-1,-1,-1,-1,-1,0,-1,-1,walk,n/a,idle,n/a,-1,-1,enter,40,default,0,0,0,0,0,0,RentIcon.png,n/a,SB_Sweet,SeedshopSelect,SeedshopSelect
102,877,7200,!!TASK_PATRICK_DUNK_WHOLE_STACK,2,-1,building,9044,7200,50,-1,-1,11,n/a,1,1,1,-1,-1,-1,-1,-1,0,-1,-1,walk,n/a,idle,n/a,-1,-1,enter,40,default,0,0,0,0,0,0,RentIcon.png,n/a,SB_Sweet,SeedshopSelect,SeedshopSelect
103,140,14400,!!TASK_PATRICK_REMODEL,2,-1,building,1017,14400,65,-1,-1,14,n/a,1,1,1,-1,-1,-1,-1,-1,0,6,-1,walk,n/a,idle,n/a,-1,-1,enter,40,default,0,0,0,0,0,0,RentIcon.png,P_ILeftWaterRunning,SB_Sweet,SeedshopSelect,SeedshopSelect
104,591,14400,!!TASK_PATRICK_TIDY_UP,2,-1,building,1017,14400,65,-1,-1,14,n/a,1,1,1,-1,-1,-1,-1,-1,0,6,-1,walk,n/a,idle,n/a,-1,-1,enter,40,default,0,0,0,0,0,0,RentIcon.png,n/a,SB_Sweet,SeedshopSelect,SeedshopSelect
105,875,14400,!!TASK_PATRICK_MELT_FORT_BREATHING,2,-1,building,23000,14400,65,-1,-1,14,n/a,1,1,1,-1,-1,-1,-1,-1,0,-1,-1,walk,n/a,idle,n/a,-1,-1,enter,40,default,0,0,0,0,0,0,RentIcon.png,n/a,SB_Sweet,SeedshopSelect,SeedshopSelect
106,583,21600,!!TASK_PATRICK_GOOF_AROUND_KK,2,-1,building,1018,21600,70,-1,-1,18,n/a,1,1,1,-1,-1,-1,-1,-1,0,-1,-1,walk,n/a,idle,n/a,-1,-1,enter,40,default,0,0,0,0,0,0,RentIcon.png,n/a,SB_Sweet,SeedshopSelect,SeedshopSelect
107,207,21600,!!TASK_PATRICK_AID_POLICE,2,-1,building,1004,21600,70,-1,-1,18,n/a,1,1,1,-1,-1,-1,-1,-1,0,6,-1,walk,n/a,idle,n/a,-1,-1,enter,40,default,0,0,0,0,0,0,RentIcon.png,n/a,SB_Sweet,SeedshopSelect,SeedshopSelect
108,141,36000,!!TASK_PATRICK_DO_NOTHING,2,-1,building,1017,36000,85,-1,-1,26,n/a,1,1,1,-1,-1,-1,-1,-1,0,6,-1,walk,n/a,idle,n/a,-1,-1,enter,40,default,0,0,0,0,0,0,RentIcon.png,P_ILoveYou,SB_Sweet,SeedshopSelect,SeedshopSelect
109,596,43200,!!TASK_PATRICK_RESIST_PRESSURE,2,-1,building,21001,43200,90,-1,-1,28,n/a,1,1,1,-1,-1,-1,-1,-1,0,6,-1,walk,n/a,idle,n/a,-1,-1,enter,40,default,0,0,0,0,0,0,RentIcon.png,n/a,SB_Sweet,SeedshopSelect,SeedshopSelect
110,212,86400,!!TASK_PATRICK_WATCH_MM_MARATHON,2,-1,building,1017,86400,120,-1,-1,30,n/a,1,1,1,-1,-1,-1,-1,-1,0,6,-1,walk,n/a,idle,n/a,-1,-1,enter,40,default,0,0,0,0,0,0,RentIcon.png,n/a,SB_Sweet,SeedshopSelect,SeedshopSelect
111,608,3600,!!TASK_PATRICK_SANDY_ROCKET,2,-1,building,22000,3600,40,-1,-1,10,n/a,1,1,1,-1,-1,-1,-1,-1,0,-1,-1,walk,n/a,idle,n/a,-1,-1,enter,40,default,0,0,0,0,0,0,RentIcon.png,n/a,SB_Sweet,SeedshopSelect,SeedshopSelect
112,293,300,!!TASK_PATRICK_CHASE_EVIL,2,-1,n/a,-1,300,11,-1,-1,5,n/a,1,1,1,-1,-1,-1,-1,-1,0,7,-1,walk,n/a,idle_bb,n/a,2,6,wander,30,default,0,0,0,0,0,0,RentIcon.png,n/a,SB_Sweet,SeedshopSelect,SeedshopSelect
113,295,5,!!TASK_ALL_LAUNCH_XMAS_WISH,2,-1,building,20109,5,6,-1,-1,1,n/a,1,1,1,2826,2835,2842,-1,-1,0,12,-1,walk,n/a,gimme,n/a,-1,-1,activate,40,shoot,10,10,0,0,0,0,RentIcon.png,n/a,SB_Sweet,SeedshopSelect,SeedshopSelect
114,440,7200,!!TASK_PAT_ENJOY_COCOA,2,-1,building,1017,7200,50,-1,-1,11,n/a,1,1,1,-1,-1,-1,-1,-1,0,12,-1,walk,n/a,idle,n/a,-1,-1,enter,40,default,0,0,0,0,0,0,RentIcon.png,n/a,SB_Sweet,SeedshopSelect,SeedshopSelect
115,339,7200,!!TASK_PAT_SPREAD SPIRIT,2,-1,n/a,-1,7200,50,-1,-1,11,n/a,1,1,1,-1,-1,-1,-1,-1,0,12,-1,walk,n/a,idle_tree_dance,n/a,3,5,wander,30,default,0,0,0,0,0,0,RentIcon.png,n/a,SB_Sweet,SeedshopSelect,SeedshopSelect
116,343,7200,!!TASK_ALL_BROWSE_GOODIES,2,-1,building,9046,7200,50,-1,-1,11,n/a,1,1,1,-1,-1,-1,-1,-1,0,12,-1,walk,n/a,idle,n/a,-1,-1,enter,40,default,0,0,0,0,0,0,RentIcon.png,n/a,SB_Sweet,SeedshopSelect,SeedshopSelect
117,344,7200,!!TASK_ALL_WATCH_HOLIDAY_TV,2,-1,building,1017,7200,50,-1,-1,11,n/a,1,1,1,-1,-1,-1,-1,-1,0,12,-1,walk,n/a,idle,n/a,-1,-1,enter,40,default,0,0,0,0,0,0,RentIcon.png,n/a,SB_Sweet,SeedshopSelect,SeedshopSelect
118,345,7200,!!TASK_ALL_ENJOY_TIME_OFF,2,-1,building,1017,7200,50,-1,-1,11,n/a,1,1,1,-1,-1,-1,-1,-1,0,12,-1,walk,n/a,idle,n/a,-1,-1,enter,40,default,0,0,0,0,0,0,RentIcon.png,n/a,SB_Sweet,SeedshopSelect,SeedshopSelect
119,876,28800,!!TASK_PATRICK_PRETEND_TREE,2,-1,building,9042,28800,80,-1,-1,22,n/a,1,1,1,-1,-1,-1,-1,-1,0,12,-1,walk,n/a,idle,n/a,-1,-1,enter,40,default,0,0,0,0,0,0,RentIcon.png,n/a,SB_Sweet,SeedshopSelect,SeedshopSelect
120,614,1800,!!TASK_PATRICK_SHOP_PRESERVATIVES,2,-1,building,1021,1800,20,-1,-1,8,n/a,1,1,1,-1,-1,-1,-1,-1,0,26,-1,walk,n/a,idle,n/a,-1,-1,enter,40,default,0,0,0,0,0,0,RentIcon.png,n/a,SB_Sweet,SeedshopSelect,SeedshopSelect
121,615,3600,!!TASK_PATRICK_SPARE_GAUZE,2,-1,building,1010,3600,40,-1,-1,10,n/a,1,1,1,-1,-1,-1,-1,-1,0,26,-1,walk,n/a,idle,n/a,-1,-1,enter,40,default,0,0,0,0,0,0,RentIcon.png,n/a,SB_Sweet,SeedshopSelect,SeedshopSelect
122,616,7200,!!TASK_PATRICK_FRY_PHARAOH,2,-1,building,1006,7200,50,-1,-1,11,n/a,1,1,1,-1,-1,-1,-1,-1,0,26,-1,walk,n/a,idle,n/a,-1,-1,enter,40,default,0,0,0,0,0,0,RentIcon.png,n/a,SB_Sweet,SeedshopSelect,SeedshopSelect
123,610,14400,!!TASK_PATRICK_WALK_EGYPTIAN,2,-1,n/a,-1,14400,65,-1,-1,14,n/a,1,1,1,-1,-1,-1,-1,-1,0,26,-1,walk,n/a,idle_mummy_dance,n/a,5,8,wander,25,default,0,0,0,0,0,0,RentIcon.png,n/a,SB_Sweet,SeedshopSelect,SeedshopSelect
124,617,3600,!!TASK_PATRICK_STUDY_EARTH_DIET,2,-1,building,1018,3600,40,-1,-1,10,n/a,1,1,1,-1,-1,-1,-1,-1,0,24,-1,walk,n/a,idle,n/a,-1,-1,enter,40,default,0,0,0,0,0,0,RentIcon.png,n/a,SB_Sweet,SeedshopSelect,SeedshopSelect
125,618,7200,!!TASK_PATRICK_INSPECT_SPACECRAFT,2,-1,building,22000,7200,50,-1,-1,11,n/a,1,1,1,-1,-1,-1,-1,-1,0,24,-1,walk,n/a,idle,n/a,-1,-1,enter,40,default,0,0,0,0,0,0,RentIcon.png,n/a,SB_Sweet,SeedshopSelect,SeedshopSelect
126,619,21600,!!TASK_PATRICK_COME_IN_PEACE,2,-1,building,-1,21600,70,-1,-1,18,n/a,1,1,1,-1,-1,-1,-1,-1,0,24,-1,walk_martian_raygun,n/a,idle_martian_raygun,n/a,5,8,wander,40,default,0,0,0,0,0,0,RentIcon.png,n/a,SB_Sweet,SeedshopSelect,SeedshopSelect
127,620,43200,!!TASK_PATRICK_MARTIAN_CONVENTION,2,-1,building,21000,43200,90,-1,-1,28,n/a,1,1,1,-1,-1,-1,-1,-1,0,24,-1,walk,n/a,idle,n/a,-1,-1,enter,40,default,0,0,0,0,0,0,RentIcon.png,n/a,SB_Sweet,SeedshopSelect,SeedshopSelect
128,864,14400,!!TASK_ALL_SNOWBALL_FIGHT,2,-1,n/a,-1,14400,65,-1,-1,14,BonusRewardIcon.png,36,1,1,-1,-1,-1,-1,-1,0,-1,-1,walk,n/a,snowball,n/a,3,10,wander,20,default,0,0,0,0,0,0,RentIcon.png,n/a,SB_Sweet,SeedshopSelect,SeedshopSelect
129,890,14400,!!TASK_ALL_SNOWBALL_FIGHT_WEEK_2,2,-1,n/a,-1,14400,65,-1,-1,14,BonusRewardIcon.png,36,1,1,-1,-1,-1,-1,-1,0,-1,-1,walk,n/a,snowball,n/a,3,10,wander,20,default,0,0,0,0,0,0,RentIcon.png,n/a,SB_Sweet,SeedshopSelect,SeedshopSelect
130,891,14400,!!TASK_ALL_SNOWBALL_FIGHT_WEEK_3,2,-1,n/a,-1,14400,65,-1,-1,14,BonusRewardIcon.png,36,1,1,-1,-1,-1,-1,-1,0,-1,-1,walk,n/a,snowball,n/a,3,10,wander,20,default,0,0,0,0,0,0,RentIcon.png,n/a,SB_Sweet,SeedshopSelect,SeedshopSelect
131,892,14400,!!TASK_ALL_SNOWBALL_FIGHT_WEEK_4,2,-1,n/a,-1,14400,65,-1,-1,14,BonusRewardIcon.png,36,1,1,-1,-1,-1,-1,-1,0,-1,-1,walk,n/a,snowball,n/a,3,10,wander,20,default,0,0,0,0,0,0,RentIcon.png,n/a,SB_Sweet,SeedshopSelect,SeedshopSelect
132,893,14400,!!TASK_ALL_SNOWBALL_FIGHT_WEEK_5,2,-1,n/a,-1,14400,65,-1,-1,14,BonusRewardIcon.png,36,1,1,-1,-1,-1,-1,-1,0,-1,-1,walk,n/a,snowball,n/a,3,10,wander,20,default,0,0,0,0,0,0,RentIcon.png,n/a,SB_Sweet,SeedshopSelect,SeedshopSelect
133,642,14400,!!TASK_ALL_FESTIVE_FLORAL,2,-1,building,1102,14400,65,-1,-1,14,BonusRewardIcon.png,36,1,1,-1,-1,-1,-1,-1,0,-1,-1,walk,n/a,idle,n/a,-1,-1,enter,40,default,0,0,0,0,0,0,RentIcon.png,n/a,SB_Sweet,SeedshopSelect,SeedshopSelect
134,643,7200,!!TASK_ALL_MORE_BAKED_GOODS,2,-1,building,1024,7200,50,-1,-1,11,BonusRewardIcon.png,36,1,1,-1,-1,-1,-1,-1,0,-1,-1,walk,n/a,idle,n/a,-1,-1,enter,40,default,0,0,0,0,0,0,RentIcon.png,n/a,SB_Sweet,SeedshopSelect,SeedshopSelect
135,644,21600,!!TASK_ALL_SHAKE_PRESENTS,2,-1,building,1017,21600,70,-1,-1,18,BonusRewardIcon.png,36,1,1,-1,-1,-1,-1,-1,0,-1,-1,walk,n/a,idle,n/a,-1,-1,enter,40,default,0,0,0,0,0,0,RentIcon.png,n/a,SB_Sweet,SeedshopSelect,SeedshopSelect
136,645,7200,!!TASK_ALL_SING_OLD_FOLKS,2,-1,building,1026,7200,50,-1,-1,11,BonusRewardIcon.png,36,1,1,-1,-1,-1,-1,-1,0,-1,-1,walk,n/a,idle,n/a,-1,-1,enter,40,default,0,0,0,0,0,0,RentIcon.png,n/a,SB_Sweet,SeedshopSelect,SeedshopSelect
137,646,14400,!!TASK_ALL_MISTLETOE_WAIT,2,-1,building,1017,14400,65,-1,-1,14,BonusRewardIcon.png,36,1,1,-1,-1,-1,-1,-1,0,-1,-1,walk,n/a,idle,n/a,-1,-1,enter,40,default,0,0,0,0,0,0,RentIcon.png,n/a,SB_Sweet,SeedshopSelect,SeedshopSelect
138,647,7200,!!TASK_ALL_XMAS_DONUTS_POLICE,2,-1,building,1004,7200,50,-1,-1,11,BonusRewardIcon.png,36,1,1,-1,-1,-1,-1,-1,0,-1,-1,walk,n/a,idle,n/a,-1,-1,enter,40,default,0,0,0,0,0,0,RentIcon.png,n/a,SB_Sweet,SeedshopSelect,SeedshopSelect
139,648,7200,!!TASK_ALL_KNIT_FIN_MITTENS,2,-1,building,1002,7200,50,-1,-1,11,BonusRewardIcon.png,36,1,1,-1,-1,-1,-1,-1,0,-1,-1,walk,n/a,idle,n/a,-1,-1,enter,40,default,0,0,0,0,0,0,RentIcon.png,n/a,SB_Sweet,SeedshopSelect,SeedshopSelect
140,627,600,!!TASK_PATRICK_BRING_TREATS_PLANKTON,2,-1,building,23000,600,15,-1,-1,6,n/a,36,0,1,-1,-1,-1,3836,-1,0,-1,-1,walk,n/a,idle,n/a,-1,-1,enter,40,default,0,0,0,0,0,0,RentIcon.png,n/a,SB_Sweet,SeedshopSelect,SeedshopSelect
141,628,7200,!!TASK_PATRICK_SNOWBALL_SB,2,-1,building,1015,7200,50,-1,-1,11,n/a,36,1,1,-1,-1,-1,-1,-1,0,-1,-1,walk,n/a,snowball,n/a,-1,10,stand,40,default,-50,70,0,0,0,0,RentIcon.png,n/a,SB_Sweet,SeedshopSelect,SeedshopSelect
142,629,7200,!!TASK_PATRICK_SNOWBALL_SQUIDWARD,2,-1,building,1016,7200,50,-1,-1,11,n/a,36,1,1,-1,-1,-1,-1,-1,0,-1,-1,walk,n/a,snowball,n/a,-1,10,stand,40,default,-50,70,0,0,0,0,RentIcon.png,n/a,SB_Sweet,SeedshopSelect,SeedshopSelect
143,206,14400,!!TASK_PATRICK_MAKE_BB_COSTUME,2,-1,building,1017,14400,65,-1,-1,14,n/a,1,0,1,-1,-1,-1,2606,-1,0,6,-1,walk,n/a,idle,n/a,-1,-1,enter,40,default,0,0,0,0,0,0,RentIcon.png,n/a,SB_Sweet,SeedshopSelect,SeedshopSelect
144,204,3600,!!TASK_PATRICK_EXTINGUISH_BAKERY,2,-1,building,1024,3600,40,-1,-1,10,n/a,1,0,1,-1,-1,-1,2608,-1,0,6,-1,walk,n/a,idle,n/a,-1,-1,enter,40,default,0,0,0,0,0,0,RentIcon.png,n/a,SB_Sweet,SeedshopSelect,SeedshopSelect
145,208,28800,!!TASK_PATRICK_PROCESS_PAPERWORK,2,-1,building,1004,28800,80,-1,-1,22,n/a,1,0,1,-1,-1,-1,2612,-1,0,6,-1,walk,n/a,idle,n/a,-1,-1,enter,40,default,0,0,0,0,0,0,RentIcon.png,n/a,SB_Sweet,SeedshopSelect,SeedshopSelect
146,205,7200,!!TASK_PATRICK_DELIVER_FORMS,2,-1,building,1007,7200,50,-1,-1,11,n/a,1,0,1,-1,-1,-1,2614,-1,0,6,-1,walk,n/a,idle,n/a,-1,-1,enter,40,default,0,0,0,0,0,0,RentIcon.png,n/a,SB_Sweet,SeedshopSelect,SeedshopSelect
147,210,7200,!!TASK_PATRICK_FANCY_KETCHUP,2,-1,building,1007,7200,50,-1,-1,11,n/a,1,0,1,-1,-1,-1,2622,-1,0,7,-1,walk,n/a,idle,n/a,-1,-1,enter,40,default,0,0,0,0,0,0,RentIcon.png,n/a,SB_Sweet,SeedshopSelect,SeedshopSelect
148,211,14400,!!TASK_PATRICK_THINK_FANCY,2,-1,n/a,-1,14400,65,-1,-1,14,n/a,1,0,1,-1,-1,-1,2624,-1,0,7,-1,walk,n/a,idle_idea,n/a,-1,8,wander,40,default,0,0,0,0,0,0,RentIcon.png,n/a,SB_Sweet,SeedshopSelect,SeedshopSelect
149,209,7200,!!TASK_PATRICK_HIDE_THEATER,2,-1,building,1007,7200,50,-1,-1,11,n/a,1,0,1,-1,-1,-1,2630,-1,0,7,-1,walk,n/a,idle,n/a,-1,-1,enter,40,default,0,0,0,0,0,0,RentIcon.png,n/a,SB_Sweet,SeedshopSelect,SeedshopSelect
150,439,7200,!!TASK_PAT_ENJOY_COCOA,2,-1,building,1017,7200,50,-1,-1,11,n/a,1,1,1,2800,2826,-1,-1,-1,0,12,-1,walk,n/a,idle,n/a,-1,-1,enter,40,default,0,0,0,0,0,0,RentIcon.png,n/a,SB_Sweet,SeedshopSelect,SeedshopSelect
151,447,21600,!!TASK_PATRICK_SPY_CHUM_BUCKET,2,-1,building,1058,21600,70,-1,-1,18,n/a,1,1,1,3004,-1,-1,-1,-1,0,-1,-1,walk,n/a,idle,n/a,-1,-1,enter,40,default,0,0,0,0,0,0,RentIcon.png,n/a,SB_Sweet,SeedshopSelect,SeedshopSelect
152,231,1200,!!TASK_PATRICK_TAKE_COATS,2,-1,building,1018,1200,18,-1,-1,7,n/a,1,1,0,-1,-1,-1,2712,-1,0,-1,-1,walk,n/a,idle,n/a,-1,-1,enter,40,default,0,0,0,0,0,0,RentIcon.png,n/a,SB_Sweet,SeedshopSelect,SeedshopSelect
153,335,21600,!!TASK_PAT_MAKE_XMAS_OUTFIT,2,-1,building,1017,21600,70,-1,-1,18,n/a,1,0,1,-1,-1,-1,2804,-1,0,-1,-1,walk,n/a,idle,n/a,-1,-1,enter,40,default,0,0,0,0,0,0,RentIcon.png,n/a,SB_Sweet,SeedshopSelect,SeedshopSelect
154,338,14400,!!TASK_PAT_SPREAD SPIRIT,2,-1,n/a,-1,14400,65,-1,-1,14,n/a,1,0,1,-1,-1,-1,2816,-1,0,-1,-1,walk,n/a,idle_tree_dance,n/a,3,5,wander,30,default,0,0,0,0,0,0,RentIcon.png,n/a,SB_Sweet,SeedshopSelect,SeedshopSelect
155,331,86400,!!TASK_PAT_FIND_DECOS_BASEMENT,2,-1,building,1017,86400,120,-1,-1,30,n/a,1,0,1,-1,-1,-1,2818,-1,0,-1,-1,walk,n/a,idle,n/a,-1,-1,enter,40,default,0,0,0,0,0,0,RentIcon.png,n/a,SB_Sweet,SeedshopSelect,SeedshopSelect
156,330,14400,!!TASK_PAT_SPREAD SPIRIT,2,-1,n/a,-1,14400,65,-1,-1,14,n/a,1,0,1,-1,-1,-1,2850,-1,0,-1,-1,walk,n/a,idle_tree_dance,n/a,3,5,wander,30,default,0,0,0,0,0,0,RentIcon.png,n/a,SB_Sweet,SeedshopSelect,SeedshopSelect
157,235,1800,!!TASK_ALL_WATCH_MM_EPISODE,2,-1,building,1017,1800,20,-1,-1,8,n/a,9,1,1,-1,-1,-1,-1,5,1,6,-1,walk,n/a,idle,n/a,-1,-1,enter,40,default,0,0,0,0,0,0,RentIcon.png,n/a,SB_Sweet,SeedshopSelect,SeedshopSelect
158,461,7200,!!TASK_ALL_VDAY_MAKE_IBEAMS,2,-1,building,20624,7200,-1,57,50,11,n/a,36,1,1,3100,-1,-1,-1,-1,0,-1,-1,walk,n/a,idle,n/a,-1,-1,enter,40,default,0,0,0,0,0,0,RentIcon.png,n/a,SB_Sweet,SeedshopSelect,SeedshopSelect
159,236,7200,!!TASK_ALL_FANCY_FEAST_KK,2,-1,building,1018,7200,50,-1,-1,11,n/a,9,1,1,-1,-1,-1,-1,6,1,6,-1,walk,n/a,idle,n/a,-1,-1,enter,40,default,0,0,0,0,0,0,RentIcon.png,n/a,SB_Sweet,SeedshopSelect,SeedshopSelect
160,462,14400,!!TASK_ALL_VDAY_BOLT_BROKEN_HEARTS,2,-1,building,20624,14400,-1,57,65,14,n/a,36,1,1,3100,-1,-1,-1,-1,0,-1,-1,walk,n/a,idle,n/a,-1,-1,enter,40,default,0,0,0,0,0,0,RentIcon.png,n/a,SB_Sweet,SeedshopSelect,SeedshopSelect
161,463,86400,!!TASK_ALL_VDAY_TIE_HEARTSTRINGS,2,-1,building,20624,86400,-1,57,120,30,n/a,36,1,1,3100,-1,-1,-1,-1,0,-1,-1,walk,n/a,idle,n/a,-1,-1,enter,40,default,0,0,0,0,0,0,RentIcon.png,n/a,SB_Sweet,SeedshopSelect,SeedshopSelect
162,18,300,!!TASK_MRKRABS_COUNT_MONEY,3005,-1,n/a,-1,300,11,-1,-1,5,n/a,1,1,1,-1,-1,-1,-1,-1,0,22,-1,count_money,n/a,idle,n/a,8,-1,wander,40,default,0,0,0,0,0,0,RentIcon.png,MK_Loot,SB_Sweet,SeedshopSelect,SeedshopSelect
163,19,3600,!!TASK_MRKRABS_CHECK_MATTRESS,3005,-1,building,1013,3600,40,-1,-1,10,n/a,1,1,1,-1,-1,-1,-1,-1,0,22,-1,walk,n/a,idle,n/a,-1,-1,enter,40,default,0,0,0,0,0,0,RentIcon.png,MK_MoneyDay,SB_Sweet,SeedshopSelect,SeedshopSelect
164,584,3600,!!TASK_MRKRABS_BOATING_SIM,3005,-1,building,20900,3600,40,-1,-1,10,n/a,1,1,1,-1,-1,-1,-1,-1,0,22,-1,walk,n/a,idle,n/a,-1,-1,enter,40,default,0,0,0,0,0,0,RentIcon.png,n/a,SB_Sweet,SeedshopSelect,SeedshopSelect
165,20,7200,!!TASK_MRKRABS_CHARGE_ADMISSION,3005,-1,building,1006,7200,50,-1,-1,11,n/a,1,1,1,-1,-1,-1,-1,-1,0,22,-1,walk,n/a,idle,n/a,-1,-1,enter,40,default,0,0,0,0,0,0,RentIcon.png,MK_KnewThisWouldHappen,SB_Sweet,SeedshopSelect,SeedshopSelect
166,560,14400,!!TASK_MRKRABS_SELL_KIDS_SNACKS,3005,-1,building,20800,14400,65,-1,-1,14,n/a,1,1,1,-1,-1,-1,-1,-1,0,22,-1,walk,n/a,idle,n/a,-1,-1,enter,40,default,0,0,0,0,0,0,RentIcon.png,MK_Woohoo,SB_Sweet,SeedshopSelect,SeedshopSelect
167,22,14400,!!TASK_MRKRABS_DINNER_WITH_MONEY,3005,-1,building,1018,14400,65,-1,-1,14,n/a,7,1,1,-1,-1,-1,-1,-1,0,22,-1,walk,n/a,idle,n/a,-1,-1,enter,40,default,0,0,0,0,0,0,RentIcon.png,MK_Woohoo,SB_Sweet,SeedshopSelect,SeedshopSelect
168,585,21600,!!TASK_MRKRABS_PRETEND_DRIVE,3005,-1,building,1018,21600,70,-1,-1,18,n/a,7,1,1,-1,-1,-1,-1,-1,0,22,-1,walk,n/a,idle,n/a,-1,-1,enter,40,default,0,0,0,0,0,0,RentIcon.png,n/a,SB_Sweet,SeedshopSelect,SeedshopSelect
169,21,21600,!!TASK_MRKRABS_PIRATE_FLICK,3005,-1,building,1007,21600,70,-1,-1,18,n/a,1,1,1,-1,-1,-1,-1,-1,0,22,-1,walk,n/a,idle,n/a,-1,-1,enter,40,default,0,0,0,0,0,0,RentIcon.png,MK_Yippie,SB_Sweet,SeedshopSelect,SeedshopSelect
170,559,86400,!!TASK_MRKRABS_HIDE_FROM_PEARL,3005,-1,building,1018,86400,120,-1,-1,30,n/a,1,1,1,-1,-1,-1,-1,-1,0,22,-1,walk,n/a,idle,n/a,-1,-1,enter,40,default,0,0,0,0,0,0,RentIcon.png,n/a,SB_Sweet,SeedshopSelect,SeedshopSelect
171,597,86400,!!TASK_MRKRABS_EXCITED_MONEY,3005,-1,building,21002,86400,120,-1,-1,30,n/a,1,1,1,-1,-1,-1,-1,-1,0,22,-1,walk,n/a,gimme,n/a,-1,10,stand,40,default,0,0,0,0,0,0,RentIcon.png,n/a,SB_Sweet,SeedshopSelect,SeedshopSelect
172,598,3600,!!TASK_MRKRABS_TIGHT_SHIP,3005,-1,building,1018,3600,40,-1,-1,10,n/a,1,1,1,-1,-1,-1,-1,-1,0,23,-1,walk,n/a,idle,n/a,-1,-1,enter,40,default,0,0,0,0,0,0,RentIcon.png,n/a,SB_Sweet,SeedshopSelect,SeedshopSelect
173,592,7200,!!TASK_MRKRABS_SEVEN_SEAS,3005,-1,n/a,-1,7200,50,-1,-1,11,n/a,1,1,1,-1,-1,-1,-1,-1,0,23,-1,spyglass_walk,n/a,spyglass_idle,n/a,3,8,wander,25,default,0,0,0,0,0,0,RentIcon.png,n/a,SB_Sweet,SeedshopSelect,SeedshopSelect
174,593,10800,!!TASK_MRKRABS_CONVENTION,3005,-1,building,21000,10800,60,-1,-1,13,n/a,1,1,1,-1,-1,-1,-1,-1,0,23,-1,walk,n/a,idle,n/a,-1,-1,enter,40,default,0,0,0,0,0,0,RentIcon.png,n/a,SB_Sweet,SeedshopSelect,SeedshopSelect
175,599,43200,!!TASK_MRKRABS_REMINISCE_NAVY,3005,-1,building,21000,43200,90,-1,-1,28,n/a,1,1,1,-1,-1,-1,-1,-1,0,23,-1,walk,n/a,idle,n/a,-1,-1,enter,40,default,0,0,0,0,0,0,RentIcon.png,n/a,SB_Sweet,SeedshopSelect,SeedshopSelect
176,347,7200,!!TASK_ALL_WATCH_HOLIDAY_TV,3005,-1,building,1018,7200,50,-1,-1,11,BonusRewardIcon.png,36,1,1,-1,-1,-1,-1,-1,0,-1,-1,walk,n/a,idle,n/a,-1,-1,enter,40,default,0,0,0,0,0,0,RentIcon.png,n/a,SB_Sweet,SeedshopSelect,SeedshopSelect
177,346,7200,!!TASK_ALL_BROWSE_GOODIES,3005,-1,building,9046,7200,50,-1,-1,11,BonusRewardIcon.png,36,1,1,-1,-1,-1,-1,-1,0,-1,-1,walk,n/a,idle,n/a,-1,-1,enter,40,default,0,0,0,0,0,0,RentIcon.png,n/a,SB_Sweet,SeedshopSelect,SeedshopSelect
178,649,14400,!!TASK_ALL_FESTIVE_FLORAL,3005,-1,building,1102,14400,65,-1,-1,14,BonusRewardIcon.png,36,1,1,-1,-1,-1,-1,-1,0,-1,-1,walk,n/a,idle,n/a,-1,-1,enter,40,default,0,0,0,0,0,0,RentIcon.png,n/a,SB_Sweet,SeedshopSelect,SeedshopSelect
179,650,7200,!!TASK_ALL_MORE_BAKED_GOODS,3005,-1,building,1024,7200,50,-1,-1,11,BonusRewardIcon.png,36,1,1,-1,-1,-1,-1,-1,0,-1,-1,walk,n/a,idle,n/a,-1,-1,enter,40,default,0,0,0,0,0,0,RentIcon.png,n/a,SB_Sweet,SeedshopSelect,SeedshopSelect
180,651,21600,!!TASK_ALL_SHAKE_PRESENTS,3005,-1,building,1018,21600,70,-1,-1,18,BonusRewardIcon.png,36,1,1,-1,-1,-1,-1,-1,0,-1,-1,walk,n/a,idle,n/a,-1,-1,enter,40,default,0,0,0,0,0,0,RentIcon.png,n/a,SB_Sweet,SeedshopSelect,SeedshopSelect
181,348,7200,!!TASK_ALL_ENJOY_TIME_OFF,3005,-1,building,1018,7200,50,-1,-1,11,BonusRewardIcon.png,36,1,1,-1,-1,-1,-1,-1,0,-1,-1,walk,n/a,idle,n/a,-1,-1,enter,40,default,0,0,0,0,0,0,RentIcon.png,n/a,SB_Sweet,SeedshopSelect,SeedshopSelect
182,652,7200,!!TASK_ALL_SING_OLD_FOLKS,3005,-1,building,1026,7200,50,-1,-1,11,BonusRewardIcon.png,36,1,1,-1,-1,-1,-1,-1,0,-1,-1,walk,n/a,idle,n/a,-1,-1,enter,40,default,0,0,0,0,0,0,RentIcon.png,n/a,SB_Sweet,SeedshopSelect,SeedshopSelect
183,653,14400,!!TASK_ALL_MISTLETOE_WAIT,3005,-1,building,1018,14400,65,-1,-1,14,BonusRewardIcon.png,36,1,1,-1,-1,-1,-1,-1,0,-1,-1,walk,n/a,idle,n/a,-1,-1,enter,40,default,0,0,0,0,0,0,RentIcon.png,n/a,SB_Sweet,SeedshopSelect,SeedshopSelect
184,654,7200,!!TASK_ALL_XMAS_DONUTS_POLICE,3005,-1,building,1004,7200,50,-1,-1,11,BonusRewardIcon.png,36,1,1,-1,-1,-1,-1,-1,0,-1,-1,walk,n/a,idle,n/a,-1,-1,enter,40,default,0,0,0,0,0,0,RentIcon.png,n/a,SB_Sweet,SeedshopSelect,SeedshopSelect
185,655,7200,!!TASK_ALL_KNIT_FIN_MITTENS,3005,-1,building,1002,7200,50,-1,-1,11,BonusRewardIcon.png,36,1,1,-1,-1,-1,-1,-1,0,-1,-1,walk,n/a,idle,n/a,-1,-1,enter,40,default,0,0,0,0,0,0,RentIcon.png,n/a,SB_Sweet,SeedshopSelect,SeedshopSelect
186,865,14400,!!TASK_ALL_SNOWBALL_FIGHT,3005,-1,n/a,-1,14400,65,-1,-1,14,BonusRewardIcon.png,36,1,1,-1,-1,-1,-1,-1,0,-1,-1,walk,n/a,snowball,n/a,3,10,wander,20,default,0,0,0,0,0,0,RentIcon.png,n/a,SB_Sweet,SeedshopSelect,SeedshopSelect
187,894,14400,!!TASK_ALL_SNOWBALL_FIGHT_WEEK_2,3005,-1,n/a,-1,14400,65,-1,-1,14,BonusRewardIcon.png,36,1,1,-1,-1,-1,-1,-1,0,-1,-1,walk,n/a,snowball,n/a,3,10,wander,20,default,0,0,0,0,0,0,RentIcon.png,n/a,SB_Sweet,SeedshopSelect,SeedshopSelect
188,895,14400,!!TASK_ALL_SNOWBALL_FIGHT_WEEK_3,3005,-1,n/a,-1,14400,65,-1,-1,14,BonusRewardIcon.png,36,1,1,-1,-1,-1,-1,-1,0,-1,-1,walk,n/a,snowball,n/a,3,10,wander,20,default,0,0,0,0,0,0,RentIcon.png,n/a,SB_Sweet,SeedshopSelect,SeedshopSelect
189,896,14400,!!TASK_ALL_SNOWBALL_FIGHT_WEEK_4,3005,-1,n/a,-1,14400,65,-1,-1,14,BonusRewardIcon.png,36,1,1,-1,-1,-1,-1,-1,0,-1,-1,walk,n/a,snowball,n/a,3,10,wander,20,default,0,0,0,0,0,0,RentIcon.png,n/a,SB_Sweet,SeedshopSelect,SeedshopSelect
190,897,14400,!!TASK_ALL_SNOWBALL_FIGHT_WEEK_5,3005,-1,n/a,-1,14400,65,-1,-1,14,BonusRewardIcon.png,36,1,1,-1,-1,-1,-1,-1,0,-1,-1,walk,n/a,snowball,n/a,3,10,wander,20,default,0,0,0,0,0,0,RentIcon.png,n/a,SB_Sweet,SeedshopSelect,SeedshopSelect
191,296,5,!!TASK_ALL_LAUNCH_XMAS_WISH,3005,-1,building,20109,5,6,-1,-1,1,n/a,1,1,1,2826,2835,2842,-1,9,1,-1,-1,walk,n/a,gimme,n/a,-1,-1,activate,40,shoot,10,10,0,0,0,0,RentIcon.png,n/a,SB_Sweet,SeedshopSelect,SeedshopSelect
192,464,7200,!!TASK_ALL_VDAY_MAKE_IBEAMS,3005,-1,building,20624,7200,-1,57,50,11,n/a,36,1,1,3100,-1,-1,-1,-1,0,-1,-1,walk,n/a,idle,n/a,-1,-1,enter,40,default,0,0,0,0,0,0,RentIcon.png,n/a,SB_Sweet,SeedshopSelect,SeedshopSelect
193,465,14400,!!TASK_ALL_VDAY_WELD_STRAPS,3005,-1,building,20624,14400,-1,57,65,14,n/a,36,1,1,3100,-1,-1,-1,-1,0,-1,-1,walk,n/a,idle,n/a,-1,-1,enter,40,default,0,0,0,0,0,0,RentIcon.png,n/a,SB_Sweet,SeedshopSelect,SeedshopSelect
194,466,21600,!!TASK_ALL_VDAY_BEND_HOLDERS,3005,-1,building,20624,21600,-1,57,70,18,n/a,36,1,1,3100,-1,-1,-1,-1,0,-1,-1,walk,n/a,idle,n/a,-1,-1,enter,40,default,0,0,0,0,0,0,RentIcon.png,n/a,SB_Sweet,SeedshopSelect,SeedshopSelect
195,446,21600,!!TASK_KRABS_SPY_CHUM_BUCKET,3005,-1,building,1058,21600,70,-1,-1,18,n/a,1,1,1,3006,-1,-1,-1,-1,0,-1,-1,walk,n/a,idle,n/a,-1,-1,enter,40,default,0,0,0,0,0,0,RentIcon.png,n/a,SB_Sweet,SeedshopSelect,SeedshopSelect
196,232,1200,!!TASK_MRKRABS_COOK_GOURMET,3005,-1,building,1018,1200,18,-1,-1,7,n/a,1,1,1,-1,-1,-1,2712,-1,0,-1,-1,walk,n/a,idle,n/a,-1,-1,enter,40,default,0,0,0,0,0,0,RentIcon.png,n/a,SB_Sweet,SeedshopSelect,SeedshopSelect
197,237,1800,!!TASK_ALL_WATCH_MM_EPISODE,3005,-1,building,1013,1800,20,-1,-1,8,n/a,9,1,1,-1,-1,-1,-1,5,1,-1,-1,walk,n/a,idle,n/a,-1,-1,enter,40,default,0,0,0,0,0,0,RentIcon.png,n/a,SB_Sweet,SeedshopSelect,SeedshopSelect
198,238,7200,!!TASK_ALL_FANCY_FEAST_KK,3005,-1,building,1018,7200,50,-1,-1,11,n/a,9,1,1,-1,-1,-1,-1,6,1,-1,-1,walk,n/a,idle,n/a,-1,-1,enter,40,default,0,0,0,0,0,0,RentIcon.png,n/a,SB_Sweet,SeedshopSelect,SeedshopSelect
199,23,300,!!TASK_DAVE_DROOL_KK,23,-1,building,1018,300,11,-1,-1,5,n/a,2,1,0,-1,-1,-1,-1,-1,0,-1,-1,walk,n/a,idle,n/a,-1,-1,enter,40,default,0,0,0,0,0,0,RentIcon.png,n/a,SB_Sweet,SeedshopSelect,SeedshopSelect
200,24,7200,!!TASK_DAVE_MOVIES,23,-1,building,1007,7200,50,-1,-1,11,n/a,1,1,0,-1,-1,-1,-1,-1,0,-1,-1,walk,n/a,idle,n/a,-1,-1,enter,40,default,0,0,0,0,0,0,RentIcon.png,n/a,SB_Sweet,SeedshopSelect,SeedshopSelect
201,26,14400,!!TASK_DAVE_PATTIES_ALL_DAY,23,-1,building,1018,14400,65,-1,-1,14,n/a,4,1,0,-1,-1,-1,-1,-1,0,-1,-1,walk,n/a,idle,n/a,-1,-1,enter,40,default,0,0,0,0,0,0,RentIcon.png,n/a,SB_Sweet,SeedshopSelect,SeedshopSelect
202,25,36000,!!TASK_DAVE_TAKE_IN_SIGHTS,23,-1,building,1006,36000,85,-1,-1,26,n/a,1,1,0,-1,-1,-1,-1,-1,0,-1,-1,walk,n/a,idle,n/a,-1,-1,enter,40,default,0,0,0,0,0,0,RentIcon.png,n/a,SB_Sweet,SeedshopSelect,SeedshopSelect
203,350,7200,!!TASK_ALL_WATCH_HOLIDAY_TV,23,-1,building,1022,7200,50,-1,-1,11,BonusRewardIcon.png,36,1,1,-1,-1,-1,-1,-1,0,-1,-1,walk,n/a,idle,n/a,-1,-1,enter,40,default,0,0,0,0,0,0,RentIcon.png,n/a,SB_Sweet,SeedshopSelect,SeedshopSelect
204,349,7200,!!TASK_ALL_BROWSE_GOODIES,23,-1,building,9046,7200,50,-1,-1,11,BonusRewardIcon.png,36,1,1,-1,-1,-1,-1,-1,0,-1,-1,walk,n/a,idle,n/a,-1,-1,enter,40,default,0,0,0,0,0,0,RentIcon.png,n/a,SB_Sweet,SeedshopSelect,SeedshopSelect
205,656,14400,!!TASK_ALL_FESTIVE_FLORAL,23,-1,building,1102,14400,65,-1,-1,14,BonusRewardIcon.png,36,1,1,-1,-1,-1,-1,-1,0,-1,-1,walk,n/a,idle,n/a,-1,-1,enter,40,default,0,0,0,0,0,0,RentIcon.png,n/a,SB_Sweet,SeedshopSelect,SeedshopSelect
206,657,7200,!!TASK_ALL_MORE_BAKED_GOODS,23,-1,building,1024,7200,50,-1,-1,11,BonusRewardIcon.png,36,1,1,-1,-1,-1,-1,-1,0,-1,-1,walk,n/a,idle,n/a,-1,-1,enter,40,default,0,0,0,0,0,0,RentIcon.png,n/a,SB_Sweet,SeedshopSelect,SeedshopSelect
207,658,21600,!!TASK_ALL_SHAKE_PRESENTS,23,-1,building,1022,21600,70,-1,-1,18,BonusRewardIcon.png,36,1,1,-1,-1,-1,-1,-1,0,-1,-1,walk,n/a,idle,n/a,-1,-1,enter,40,default,0,0,0,0,0,0,RentIcon.png,n/a,SB_Sweet,SeedshopSelect,SeedshopSelect
208,351,7200,!!TASK_ALL_ENJOY_TIME_OFF,23,-1,building,1022,7200,50,-1,-1,11,BonusRewardIcon.png,36,1,1,-1,-1,-1,-1,-1,0,-1,-1,walk,n/a,idle,n/a,-1,-1,enter,40,default,0,0,0,0,0,0,RentIcon.png,n/a,SB_Sweet,SeedshopSelect,SeedshopSelect
209,659,7200,!!TASK_ALL_SING_OLD_FOLKS,23,-1,building,1026,7200,50,-1,-1,11,BonusRewardIcon.png,36,1,1,-1,-1,-1,-1,-1,0,-1,-1,walk,n/a,idle,n/a,-1,-1,enter,40,default,0,0,0,0,0,0,RentIcon.png,n/a,SB_Sweet,SeedshopSelect,SeedshopSelect
210,660,14400,!!TASK_ALL_MISTLETOE_WAIT,23,-1,building,1022,14400,65,-1,-1,14,BonusRewardIcon.png,36,1,1,-1,-1,-1,-1,-1,0,-1,-1,walk,n/a,idle,n/a,-1,-1,enter,40,default,0,0,0,0,0,0,RentIcon.png,n/a,SB_Sweet,SeedshopSelect,SeedshopSelect
211,661,7200,!!TASK_ALL_XMAS_DONUTS_POLICE,23,-1,building,1004,7200,50,-1,-1,11,BonusRewardIcon.png,36,1,1,-1,-1,-1,-1,-1,0,-1,-1,walk,n/a,idle,n/a,-1,-1,enter,40,default,0,0,0,0,0,0,RentIcon.png,n/a,SB_Sweet,SeedshopSelect,SeedshopSelect
212,662,7200,!!TASK_ALL_KNIT_FIN_MITTENS,23,-1,building,1002,7200,50,-1,-1,11,BonusRewardIcon.png,36,1,1,-1,-1,-1,-1,-1,0,-1,-1,walk,n/a,idle,n/a,-1,-1,enter,40,default,0,0,0,0,0,0,RentIcon.png,n/a,SB_Sweet,SeedshopSelect,SeedshopSelect
213,297,5,!!TASK_ALL_LAUNCH_XMAS_WISH,23,-1,building,20109,5,6,-1,-1,1,n/a,1,1,1,2826,2835,2842,-1,9,1,-1,-1,walk,n/a,gimme,n/a,-1,-1,activate,40,shoot,10,10,0,0,0,0,RentIcon.png,n/a,SB_Sweet,SeedshopSelect,SeedshopSelect
214,239,1800,!!TASK_ALL_WATCH_MM_EPISODE,23,-1,building,1022,1800,20,-1,-1,8,n/a,9,1,1,-1,-1,-1,-1,5,1,-1,-1,walk,n/a,idle,n/a,-1,-1,enter,40,default,0,0,0,0,0,0,RentIcon.png,n/a,SB_Sweet,SeedshopSelect,SeedshopSelect
215,467,7200,!!TASK_ALL_VDAY_MAKE_IBEAMS,23,-1,building,20624,7200,-1,57,50,11,n/a,36,1,1,3100,-1,-1,-1,-1,0,-1,-1,walk,n/a,idle,n/a,-1,-1,enter,40,default,0,0,0,0,0,0,RentIcon.png,n/a,SB_Sweet,SeedshopSelect,SeedshopSelect
216,240,7200,!!TASK_ALL_FANCY_FEAST_KK,23,-1,building,1018,7200,50,-1,-1,11,n/a,9,1,1,-1,-1,-1,-1,6,1,-1,-1,walk,n/a,idle,n/a,-1,-1,enter,40,default,0,0,0,0,0,0,RentIcon.png,n/a,SB_Sweet,SeedshopSelect,SeedshopSelect
217,468,14400,!!TASK_ALL_VDAY_SOLDER_SWEET_NOTHINGS,23,-1,building,20624,14400,-1,57,65,14,n/a,36,1,1,3100,-1,-1,-1,-1,0,-1,-1,walk,n/a,idle,n/a,-1,-1,enter,40,default,0,0,0,0,0,0,RentIcon.png,n/a,SB_Sweet,SeedshopSelect,SeedshopSelect
218,469,21600,!!TASK_ALL_VDAY_BEND_HOLDERS,23,-1,building,20624,21600,-1,57,70,18,n/a,36,1,1,3100,-1,-1,-1,-1,0,-1,-1,walk,n/a,idle,n/a,-1,-1,enter,40,default,0,0,0,0,0,0,RentIcon.png,n/a,SB_Sweet,SeedshopSelect,SeedshopSelect
219,27,300,!!TASK_BILL_PATTY_MEAT,3034,-1,building,1018,300,11,-1,-1,5,n/a,1,1,0,-1,-1,-1,-1,-1,0,-1,-1,walk,n/a,idle,n/a,-1,-1,enter,40,default,0,0,0,0,0,0,RentIcon.png,n/a,SB_Sweet,SeedshopSelect,SeedshopSelect
220,28,3600,!!TASK_BILL_SILLY_QUESTIONS,3034,-1,building,1006,3600,40,-1,-1,10,n/a,1,1,0,-1,-1,-1,-1,-1,0,-1,-1,walk,n/a,idle,n/a,-1,-1,enter,40,default,0,0,0,0,0,0,RentIcon.png,n/a,SB_Sweet,SeedshopSelect,SeedshopSelect
221,30,14400,!!TASK_BILL_MAKE_ENDS_MEEP,3034,-1,building,1031,14400,65,-1,-1,14,n/a,1,1,0,-1,-1,-1,-1,-1,0,-1,-1,walk,n/a,idle,n/a,-1,-1,enter,40,default,0,0,0,0,0,0,RentIcon.png,n/a,SB_Sweet,SeedshopSelect,SeedshopSelect
222,29,21600,!!TASK_BILL_HONORS_MEEPING,3034,-1,building,1001,21600,70,-1,-1,18,n/a,1,1,0,-1,-1,-1,-1,-1,0,-1,-1,walk,n/a,idle,n/a,-1,-1,enter,40,default,0,0,0,0,0,0,RentIcon.png,n/a,SB_Sweet,SeedshopSelect,SeedshopSelect
223,353,7200,!!TASK_ALL_WATCH_HOLIDAY_TV,3034,-1,building,1031,7200,50,-1,-1,11,BonusRewardIcon.png,36,1,1,-1,-1,-1,-1,-1,0,-1,-1,walk,n/a,idle,n/a,-1,-1,enter,40,default,0,0,0,0,0,0,RentIcon.png,n/a,SB_Sweet,SeedshopSelect,SeedshopSelect
224,352,7200,!!TASK_ALL_BROWSE_GOODIES,3034,-1,building,9046,7200,50,-1,-1,11,BonusRewardIcon.png,36,1,1,-1,-1,-1,-1,-1,0,-1,-1,walk,n/a,idle,n/a,-1,-1,enter,40,default,0,0,0,0,0,0,RentIcon.png,n/a,SB_Sweet,SeedshopSelect,SeedshopSelect
225,663,14400,!!TASK_ALL_FESTIVE_FLORAL,3034,-1,building,1102,14400,65,-1,-1,14,BonusRewardIcon.png,36,1,1,-1,-1,-1,-1,-1,0,-1,-1,walk,n/a,idle,n/a,-1,-1,enter,40,default,0,0,0,0,0,0,RentIcon.png,n/a,SB_Sweet,SeedshopSelect,SeedshopSelect
226,664,7200,!!TASK_ALL_MORE_BAKED_GOODS,3034,-1,building,1024,7200,50,-1,-1,11,BonusRewardIcon.png,36,1,1,-1,-1,-1,-1,-1,0,-1,-1,walk,n/a,idle,n/a,-1,-1,enter,40,default,0,0,0,0,0,0,RentIcon.png,n/a,SB_Sweet,SeedshopSelect,SeedshopSelect
227,665,21600,!!TASK_ALL_SHAKE_PRESENTS,3034,-1,building,1031,21600,70,-1,-1,18,BonusRewardIcon.png,36,1,1,-1,-1,-1,-1,-1,0,-1,-1,walk,n/a,idle,n/a,-1,-1,enter,40,default,0,0,0,0,0,0,RentIcon.png,n/a,SB_Sweet,SeedshopSelect,SeedshopSelect
228,354,7200,!!TASK_ALL_ENJOY_TIME_OFF,3034,-1,building,1031,7200,50,-1,-1,11,BonusRewardIcon.png,36,1,1,-1,-1,-1,-1,-1,0,-1,-1,walk,n/a,idle,n/a,-1,-1,enter,40,default,0,0,0,0,0,0,RentIcon.png,n/a,SB_Sweet,SeedshopSelect,SeedshopSelect
229,666,7200,!!TASK_ALL_SING_OLD_FOLKS,3034,-1,building,1026,7200,50,-1,-1,11,BonusRewardIcon.png,36,1,1,-1,-1,-1,-1,-1,0,-1,-1,walk,n/a,idle,n/a,-1,-1,enter,40,default,0,0,0,0,0,0,RentIcon.png,n/a,SB_Sweet,SeedshopSelect,SeedshopSelect
230,667,14400,!!TASK_ALL_MISTLETOE_WAIT,3034,-1,building,1031,14400,65,-1,-1,14,BonusRewardIcon.png,36,1,1,-1,-1,-1,-1,-1,0,-1,-1,walk,n/a,idle,n/a,-1,-1,enter,40,default,0,0,0,0,0,0,RentIcon.png,n/a,SB_Sweet,SeedshopSelect,SeedshopSelect
231,668,7200,!!TASK_ALL_XMAS_DONUTS_POLICE,3034,-1,building,1004,7200,50,-1,-1,11,BonusRewardIcon.png,36,1,1,-1,-1,-1,-1,-1,0,-1,-1,walk,n/a,idle,n/a,-1,-1,enter,40,default,0,0,0,0,0,0,RentIcon.png,n/a,SB_Sweet,SeedshopSelect,SeedshopSelect
232,669,7200,!!TASK_ALL_KNIT_FIN_MITTENS,3034,-1,building,1002,7200,50,-1,-1,11,BonusRewardIcon.png,36,1,1,-1,-1,-1,-1,-1,0,-1,-1,walk,n/a,idle,n/a,-1,-1,enter,40,default,0,0,0,0,0,0,RentIcon.png,n/a,SB_Sweet,SeedshopSelect,SeedshopSelect
233,241,1800,!!TASK_ALL_WATCH_MM_EPISODE,3034,-1,building,1031,1800,20,-1,-1,8,n/a,9,1,1,-1,-1,-1,-1,5,1,-1,-1,walk,n/a,idle,n/a,-1,-1,enter,40,default,0,0,0,0,0,0,RentIcon.png,n/a,SB_Sweet,SeedshopSelect,SeedshopSelect
234,242,7200,!!TASK_ALL_FANCY_FEAST_KK,3034,-1,building,1018,7200,50,-1,-1,11,n/a,9,1,1,-1,-1,-1,-1,6,1,-1,-1,walk,n/a,idle,n/a,-1,-1,enter,40,default,0,0,0,0,0,0,RentIcon.png,n/a,SB_Sweet,SeedshopSelect,SeedshopSelect
235,298,5,!!TASK_ALL_LAUNCH_XMAS_WISH,3034,-1,building,20109,5,6,-1,-1,1,n/a,1,1,1,2826,2835,2842,-1,9,1,-1,-1,walk,n/a,gimme,n/a,-1,-1,activate,40,shoot,10,10,0,0,0,0,RentIcon.png,n/a,SB_Sweet,SeedshopSelect,SeedshopSelect
236,470,7200,!!TASK_ALL_VDAY_LOAD_BOXES,3034,-1,building,20624,7200,-1,57,50,11,n/a,36,1,1,3100,-1,-1,-1,-1,0,-1,-1,walk,n/a,idle,n/a,-1,-1,enter,40,default,0,0,0,0,0,0,RentIcon.png,n/a,SB_Sweet,SeedshopSelect,SeedshopSelect
237,471,21600,!!TASK_ALL_VDAY_MOLD_RAIL,3034,-1,building,20624,21600,-1,57,70,18,n/a,36,1,1,3100,-1,-1,-1,-1,0,-1,-1,walk,n/a,idle,n/a,-1,-1,enter,40,default,0,0,0,0,0,0,RentIcon.png,n/a,SB_Sweet,SeedshopSelect,SeedshopSelect
238,472,86400,!!TASK_ALL_VDAY_FORKLIFT_GIRDERS,3034,-1,building,20624,86400,-1,57,120,30,n/a,36,1,1,3100,-1,-1,-1,-1,0,-1,-1,walk,n/a,idle,n/a,-1,-1,enter,40,default,0,0,0,0,0,0,RentIcon.png,n/a,SB_Sweet,SeedshopSelect,SeedshopSelect
239,31,300,!!TASK_JUDY_SNIFF_BUNS,3020,-1,building,1024,300,11,-1,-1,5,n/a,1,1,0,-1,-1,-1,-1,-1,0,-1,-1,walk,n/a,idle,n/a,-1,-1,enter,40,default,0,0,0,0,0,0,RentIcon.png,n/a,SB_Sweet,SeedshopSelect,SeedshopSelect
240,32,7200,!!TASK_JUDY_LADIES_NIGHT,3020,-1,building,1014,7200,50,-1,-1,11,n/a,1,1,0,-1,-1,-1,-1,-1,0,-1,-1,walk,n/a,idle,n/a,-1,-1,enter,40,default,0,0,0,0,0,0,RentIcon.png,n/a,SB_Sweet,SeedshopSelect,SeedshopSelect
241,34,14400,!!TASK_JUDY_FOOD_COMA,3020,-1,building,1023,14400,65,-1,-1,14,n/a,1,1,0,-1,-1,-1,-1,-1,0,-1,-1,walk,n/a,idle,n/a,-1,-1,enter,40,default,0,0,0,0,0,0,RentIcon.png,n/a,SB_Sweet,SeedshopSelect,SeedshopSelect
242,33,36000,!!TASK_JUDY_BASK_MUSEUM,3020,-1,building,1006,36000,85,-1,-1,26,n/a,1,1,0,-1,-1,-1,-1,-1,0,-1,-1,walk,n/a,idle,n/a,-1,-1,enter,40,default,0,0,0,0,0,0,RentIcon.png,n/a,SB_Sweet,SeedshopSelect,SeedshopSelect
243,356,7200,!!TASK_ALL_WATCH_HOLIDAY_TV,3020,-1,building,1023,7200,50,-1,-1,11,BonusRewardIcon.png,36,1,1,-1,-1,-1,-1,-1,0,-1,-1,walk,n/a,idle,n/a,-1,-1,enter,40,default,0,0,0,0,0,0,RentIcon.png,n/a,SB_Sweet,SeedshopSelect,SeedshopSelect
244,355,7200,!!TASK_ALL_BROWSE_GOODIES,3020,-1,building,9046,7200,50,-1,-1,11,BonusRewardIcon.png,36,1,1,-1,-1,-1,-1,-1,0,-1,-1,walk,n/a,idle,n/a,-1,-1,enter,40,default,0,0,0,0,0,0,RentIcon.png,n/a,SB_Sweet,SeedshopSelect,SeedshopSelect
245,670,14400,!!TASK_ALL_FESTIVE_FLORAL,3020,-1,building,1102,14400,65,-1,-1,14,BonusRewardIcon.png,36,1,1,-1,-1,-1,-1,-1,0,-1,-1,walk,n/a,idle,n/a,-1,-1,enter,40,default,0,0,0,0,0,0,RentIcon.png,n/a,SB_Sweet,SeedshopSelect,SeedshopSelect
246,671,7200,!!TASK_ALL_MORE_BAKED_GOODS,3020,-1,building,1024,7200,50,-1,-1,11,BonusRewardIcon.png,36,1,1,-1,-1,-1,-1,-1,0,-1,-1,walk,n/a,idle,n/a,-1,-1,enter,40,default,0,0,0,0,0,0,RentIcon.png,n/a,SB_Sweet,SeedshopSelect,SeedshopSelect
247,672,21600,!!TASK_ALL_SHAKE_PRESENTS,3020,-1,building,1023,21600,70,-1,-1,18,BonusRewardIcon.png,36,1,1,-1,-1,-1,-1,-1,0,-1,-1,walk,n/a,idle,n/a,-1,-1,enter,40,default,0,0,0,0,0,0,RentIcon.png,n/a,SB_Sweet,SeedshopSelect,SeedshopSelect
248,357,7200,!!TASK_ALL_ENJOY_TIME_OFF,3020,-1,building,1023,7200,50,-1,-1,11,BonusRewardIcon.png,36,1,1,-1,-1,-1,-1,-1,0,-1,-1,walk,n/a,idle,n/a,-1,-1,enter,40,default,0,0,0,0,0,0,RentIcon.png,n/a,SB_Sweet,SeedshopSelect,SeedshopSelect
249,673,7200,!!TASK_ALL_SING_OLD_FOLKS,3020,-1,building,1026,7200,50,-1,-1,11,BonusRewardIcon.png,36,1,1,-1,-1,-1,-1,-1,0,-1,-1,walk,n/a,idle,n/a,-1,-1,enter,40,default,0,0,0,0,0,0,RentIcon.png,n/a,SB_Sweet,SeedshopSelect,SeedshopSelect
250,674,14400,!!TASK_ALL_MISTLETOE_WAIT,3020,-1,building,1023,14400,65,-1,-1,14,BonusRewardIcon.png,36,1,1,-1,-1,-1,-1,-1,0,-1,-1,walk,n/a,idle,n/a,-1,-1,enter,40,default,0,0,0,0,0,0,RentIcon.png,n/a,SB_Sweet,SeedshopSelect,SeedshopSelect
251,675,7200,!!TASK_ALL_XMAS_DONUTS_POLICE,3020,-1,building,1004,7200,50,-1,-1,11,BonusRewardIcon.png,36,1,1,-1,-1,-1,-1,-1,0,-1,-1,walk,n/a,idle,n/a,-1,-1,enter,40,default,0,0,0,0,0,0,RentIcon.png,n/a,SB_Sweet,SeedshopSelect,SeedshopSelect
252,676,7200,!!TASK_ALL_KNIT_FIN_MITTENS,3020,-1,building,1002,7200,50,-1,-1,11,BonusRewardIcon.png,36,1,1,-1,-1,-1,-1,-1,0,-1,-1,walk,n/a,idle,n/a,-1,-1,enter,40,default,0,0,0,0,0,0,RentIcon.png,n/a,SB_Sweet,SeedshopSelect,SeedshopSelect
253,243,1800,!!TASK_ALL_WATCH_MM_EPISODE,3020,-1,building,1023,1800,20,-1,-1,8,n/a,9,1,1,-1,-1,-1,-1,5,1,-1,-1,walk,n/a,idle,n/a,-1,-1,enter,40,default,0,0,0,0,0,0,RentIcon.png,n/a,SB_Sweet,SeedshopSelect,SeedshopSelect
254,244,7200,!!TASK_ALL_FANCY_FEAST_KK,3020,-1,building,1018,7200,50,-1,-1,11,n/a,9,1,1,-1,-1,-1,-1,6,1,-1,-1,walk,n/a,idle,n/a,-1,-1,enter,40,default,0,0,0,0,0,0,RentIcon.png,n/a,SB_Sweet,SeedshopSelect,SeedshopSelect
255,299,5,!!TASK_ALL_LAUNCH_XMAS_WISH,3020,-1,building,20109,5,6,-1,-1,1,n/a,1,1,1,2826,2835,2842,-1,9,1,-1,-1,walk,n/a,gimme,n/a,-1,-1,activate,40,shoot,10,10,0,0,0,0,RentIcon.png,n/a,SB_Sweet,SeedshopSelect,SeedshopSelect
256,473,7200,!!TASK_ALL_VDAY_LOAD_BOXES,3020,-1,building,20624,7200,-1,57,50,11,n/a,36,1,1,3100,-1,-1,-1,-1,0,-1,-1,walk,n/a,idle,n/a,-1,-1,enter,40,default,0,0,0,0,0,0,RentIcon.png,n/a,SB_Sweet,SeedshopSelect,SeedshopSelect
257,474,14400,!!TASK_ALL_VDAY_BOLT_BROKEN_HEARTS,3020,-1,building,20624,14400,-1,57,65,14,n/a,36,1,1,3100,-1,-1,-1,-1,0,-1,-1,walk,n/a,idle,n/a,-1,-1,enter,40,default,0,0,0,0,0,0,RentIcon.png,n/a,SB_Sweet,SeedshopSelect,SeedshopSelect
258,475,21600,!!TASK_ALL_VDAY_BEND_HOLDERS,3020,-1,building,20624,21600,-1,57,70,18,n/a,36,1,1,3100,-1,-1,-1,-1,0,-1,-1,walk,n/a,idle,n/a,-1,-1,enter,40,default,0,0,0,0,0,0,RentIcon.png,n/a,SB_Sweet,SeedshopSelect,SeedshopSelect
259,35,300,!!TASK_POLICE_WORK_HARDLY,3003,-1,building,1004,300,11,-1,-1,5,n/a,1,1,0,-1,-1,-1,-1,-1,0,-1,-1,walk,n/a,idle,n/a,-1,-1,enter,40,default,0,0,0,0,0,0,RentIcon.png,n/a,SB_Sweet,SeedshopSelect,SeedshopSelect
260,37,14400,!!TASK_POLICE_HEALTH_CITATION,3003,-1,building,1018,14400,65,-1,-1,14,n/a,1,1,0,-1,-1,-1,-1,-1,0,-1,-1,walk,n/a,idle,n/a,-1,-1,enter,40,default,0,0,0,0,0,0,RentIcon.png,n/a,SB_Sweet,SeedshopSelect,SeedshopSelect
261,38,21600,!!TASK_POLICE_TRAIN_GUARDWORMS,3003,-1,building,1004,21600,70,-1,-1,18,n/a,1,1,0,-1,-1,-1,-1,-1,0,-1,-1,walk,n/a,idle,n/a,-1,-1,enter,40,default,0,0,0,0,0,0,RentIcon.png,n/a,SB_Sweet,SeedshopSelect,SeedshopSelect
262,40,86400,!!TASK_POLICE_PAPERWORK,3003,-1,building,1004,86400,120,-1,-1,30,n/a,1,1,0,-1,-1,-1,-1,-1,0,-1,-1,walk,n/a,idle,n/a,-1,-1,enter,40,default,0,0,0,0,0,0,RentIcon.png,n/a,SB_Sweet,SeedshopSelect,SeedshopSelect
263,359,7200,!!TASK_ALL_WATCH_HOLIDAY_TV,3003,-1,building,1004,7200,50,-1,-1,11,BonusRewardIcon.png,36,1,1,-1,-1,-1,-1,-1,0,-1,-1,walk,n/a,idle,n/a,-1,-1,enter,40,default,0,0,0,0,0,0,RentIcon.png,n/a,SB_Sweet,SeedshopSelect,SeedshopSelect
264,358,7200,!!TASK_ALL_BROWSE_GOODIES,3003,-1,building,9046,7200,50,-1,-1,11,BonusRewardIcon.png,36,1,1,-1,-1,-1,-1,-1,0,-1,-1,walk,n/a,idle,n/a,-1,-1,enter,40,default,0,0,0,0,0,0,RentIcon.png,n/a,SB_Sweet,SeedshopSelect,SeedshopSelect
265,677,14400,!!TASK_ALL_FESTIVE_FLORAL,3003,-1,building,1102,14400,65,-1,-1,14,BonusRewardIcon.png,36,1,1,-1,-1,-1,-1,-1,0,-1,-1,walk,n/a,idle,n/a,-1,-1,enter,40,default,0,0,0,0,0,0,RentIcon.png,n/a,SB_Sweet,SeedshopSelect,SeedshopSelect
266,678,7200,!!TASK_ALL_MORE_BAKED_GOODS,3003,-1,building,1024,7200,50,-1,-1,11,BonusRewardIcon.png,36,1,1,-1,-1,-1,-1,-1,0,-1,-1,walk,n/a,idle,n/a,-1,-1,enter,40,default,0,0,0,0,0,0,RentIcon.png,n/a,SB_Sweet,SeedshopSelect,SeedshopSelect
267,679,21600,!!TASK_ALL_SHAKE_PRESENTS,3003,-1,building,1004,21600,70,-1,-1,18,BonusRewardIcon.png,36,1,1,-1,-1,-1,-1,-1,0,-1,-1,walk,n/a,idle,n/a,-1,-1,enter,40,default,0,0,0,0,0,0,RentIcon.png,n/a,SB_Sweet,SeedshopSelect,SeedshopSelect
268,360,7200,!!TASK_ALL_ENJOY_TIME_OFF,3003,-1,building,1004,7200,50,-1,-1,11,BonusRewardIcon.png,36,1,1,-1,-1,-1,-1,-1,0,-1,-1,walk,n/a,idle,n/a,-1,-1,enter,40,default,0,0,0,0,0,0,RentIcon.png,n/a,SB_Sweet,SeedshopSelect,SeedshopSelect
269,680,7200,!!TASK_ALL_SING_OLD_FOLKS,3003,-1,building,1026,7200,50,-1,-1,11,BonusRewardIcon.png,36,1,1,-1,-1,-1,-1,-1,0,-1,-1,walk,n/a,idle,n/a,-1,-1,enter,40,default,0,0,0,0,0,0,RentIcon.png,n/a,SB_Sweet,SeedshopSelect,SeedshopSelect
270,681,14400,!!TASK_ALL_MISTLETOE_WAIT,3003,-1,building,1004,14400,65,-1,-1,14,BonusRewardIcon.png,36,1,1,-1,-1,-1,-1,-1,0,-1,-1,walk,n/a,idle,n/a,-1,-1,enter,40,default,0,0,0,0,0,0,RentIcon.png,n/a,SB_Sweet,SeedshopSelect,SeedshopSelect
271,682,7200,!!TASK_ALL_XMAS_DONUTS_POLICE,3003,-1,building,1004,7200,50,-1,-1,11,BonusRewardIcon.png,36,1,1,-1,-1,-1,-1,-1,0,-1,-1,walk,n/a,idle,n/a,-1,-1,enter,40,default,0,0,0,0,0,0,RentIcon.png,n/a,SB_Sweet,SeedshopSelect,SeedshopSelect
272,683,7200,!!TASK_ALL_KNIT_FIN_MITTENS,3003,-1,building,1002,7200,50,-1,-1,11,BonusRewardIcon.png,36,1,1,-1,-1,-1,-1,-1,0,-1,-1,walk,n/a,idle,n/a,-1,-1,enter,40,default,0,0,0,0,0,0,RentIcon.png,n/a,SB_Sweet,SeedshopSelect,SeedshopSelect
273,245,1800,!!TASK_ALL_WATCH_MM_EPISODE,3003,-1,building,1004,1800,20,-1,-1,8,n/a,9,1,1,-1,-1,-1,-1,5,1,-1,-1,walk,n/a,idle,n/a,-1,-1,enter,40,default,0,0,0,0,0,0,RentIcon.png,n/a,SB_Sweet,SeedshopSelect,SeedshopSelect
274,246,7200,!!TASK_ALL_FANCY_FEAST_KK,3003,-1,building,1018,7200,50,-1,-1,11,n/a,9,1,1,-1,-1,-1,-1,6,1,-1,-1,walk,n/a,idle,n/a,-1,-1,enter,40,default,0,0,0,0,0,0,RentIcon.png,n/a,SB_Sweet,SeedshopSelect,SeedshopSelect
275,300,5,!!TASK_ALL_LAUNCH_XMAS_WISH,3003,-1,building,20109,5,6,-1,-1,1,n/a,1,1,1,2826,2835,2842,-1,9,1,-1,-1,walk,n/a,gimme,n/a,-1,-1,activate,40,shoot,10,10,0,0,0,0,RentIcon.png,n/a,SB_Sweet,SeedshopSelect,SeedshopSelect
276,476,7200,!!TASK_ALL_VDAY_MAKE_IBEAMS,3003,-1,building,20624,7200,-1,57,50,11,n/a,36,1,1,3100,-1,-1,-1,-1,0,-1,-1,walk,n/a,idle,n/a,-1,-1,enter,40,default,0,0,0,0,0,0,RentIcon.png,n/a,SB_Sweet,SeedshopSelect,SeedshopSelect
277,477,14400,!!TASK_ALL_VDAY_WELD_STRAPS,3003,-1,building,20624,14400,-1,57,65,14,n/a,36,1,1,3100,-1,-1,-1,-1,0,-1,-1,walk,n/a,idle,n/a,-1,-1,enter,40,default,0,0,0,0,0,0,RentIcon.png,n/a,SB_Sweet,SeedshopSelect,SeedshopSelect
278,478,86400,!!TASK_ALL_VDAY_FORKLIFT_GIRDERS,3003,-1,building,20624,86400,-1,57,120,30,n/a,36,1,1,3100,-1,-1,-1,-1,0,-1,-1,walk,n/a,idle,n/a,-1,-1,enter,40,default,0,0,0,0,0,0,RentIcon.png,n/a,SB_Sweet,SeedshopSelect,SeedshopSelect
279,41,300,!!TASK_SQUIDWARD_CLARINET,3016,-1,n/a,-1,300,11,-1,-1,5,n/a,1,1,1,-1,-1,-1,-1,-1,0,8,-1,walk_clarinet,n/a,idle_clarinet,n/a,8,2,wander,20,default,0,0,0,0,0,0,RentIcon.png,Squidward_HasTalent,SB_Sweet,SeedshopSelect,SeedshopSelect
280,881,1800,!!TASK_SQUIDWARD_COMPLAIN_TOY_NOISE,3016,-1,building,9043,1800,20,-1,-1,8,n/a,1,1,1,-1,-1,-1,-1,-1,0,-1,-1,walk,n/a,idle,n/a,-1,-1,enter,40,default,0,0,0,0,0,0,RentIcon.png,n/a,SB_Sweet,SeedshopSelect,SeedshopSelect
281,561,3600,!!TASK_SQUIDWARD_SMUG_POINTERS,3016,-1,building,20800,3600,40,-1,-1,10,n/a,1,1,1,-1,-1,-1,-1,-1,0,8,-1,walk,n/a,idle,n/a,-1,-1,enter,40,default,0,0,0,0,0,0,RentIcon.png,MK_Woohoo,SB_Sweet,SeedshopSelect,SeedshopSelect
282,879,3600,!!TASK_SQUIDWARD_WRING_TENTACLES,3016,-1,building,23000,3600,40,-1,-1,10,n/a,1,1,1,-1,-1,-1,-1,-1,0,-1,-1,walk,n/a,idle,n/a,-1,-1,enter,40,default,0,0,0,0,0,0,RentIcon.png,n/a,SB_Sweet,SeedshopSelect,SeedshopSelect
283,600,7200,!!TASK_SQUIDWARD_FROLIC_CLARINETS,3016,-1,building,21001,7200,50,-1,-1,11,n/a,1,1,1,-1,-1,-1,-1,-1,0,8,-1,walk,n/a,idle,n/a,-1,-1,enter,40,default,0,0,0,0,0,0,RentIcon.png,n/a,SB_Sweet,SeedshopSelect,SeedshopSelect
284,42,14400,!!TASK_SQUIDWARD_HIDE_FROM_SB,3016,-1,building,1016,14400,65,-1,-1,14,n/a,1,1,1,-1,-1,-1,-1,-1,0,8,-1,walk,n/a,idle,n/a,-1,-1,enter,40,default,0,0,0,0,0,0,RentIcon.png,Squidward_Misery,SB_Sweet,SeedshopSelect,SeedshopSelect
285,602,14400,!!TASK_SQUIDWARD_CHASE_CLARINETLAND,3016,-1,building,21001,14400,65,-1,-1,14,n/a,1,1,1,-1,-1,-1,-1,-1,0,8,-1,walk,n/a,idle,n/a,-1,-1,enter,40,default,0,0,0,0,0,0,RentIcon.png,n/a,SB_Sweet,SeedshopSelect,SeedshopSelect
286,878,14400,!!TASK_SQUIDWARD_MAKE_AMMO_SNOWBALL,3016,-1,building,23000,14400,65,-1,-1,14,n/a,1,1,1,-1,-1,-1,-1,-1,0,-1,-1,walk,n/a,idle,n/a,-1,-1,enter,40,default,0,0,0,0,0,0,RentIcon.png,n/a,SB_Sweet,SeedshopSelect,SeedshopSelect
287,44,21600,!!TASK_SQUIDWARD_READ_SB_DIARY,3016,-1,building,1015,21600,70,-1,-1,18,n/a,1,1,1,-1,-1,-1,-1,-1,0,8,-1,walk,n/a,idle,n/a,-1,-1,enter,40,default,0,0,0,0,0,0,RentIcon.png,Squidward_IHaveNoSoul,SB_Sweet,SeedshopSelect,SeedshopSelect
288,880,21600,!!TASK_SQUIDWARD_SNEER_HOLIDAY_DECOR,3016,-1,building,9042,21600,70,-1,-1,18,n/a,1,1,1,-1,-1,-1,-1,-1,0,-1,-1,walk,n/a,idle,n/a,-1,-1,enter,40,default,0,0,0,0,0,0,RentIcon.png,n/a,SB_Sweet,SeedshopSelect,SeedshopSelect
289,601,36000,!!TASK_SQUIDWARD_SEARCH_LOCKER,3016,-1,building,21001,36000,85,-1,-1,26,n/a,1,1,1,-1,-1,-1,-1,-1,0,8,-1,walk,n/a,idle,n/a,-1,-1,enter,40,default,0,0,0,0,0,0,RentIcon.png,n/a,SB_Sweet,SeedshopSelect,SeedshopSelect
290,223,43200,!!TASK_SQUIDWARD_SELF_PORTRAIT,3016,-1,building,1016,43200,90,-1,-1,28,n/a,1,1,1,-1,-1,-1,-1,-1,0,8,-1,walk,n/a,idle,n/a,-1,-1,enter,40,default,0,0,0,0,0,0,RentIcon.png,n/a,SB_Sweet,SeedshopSelect,SeedshopSelect
291,46,86400,!!TASK_SQUIDWARD_24HOUR_KK_SHIFT,3016,-1,building,1018,86400,120,-1,-1,30,n/a,1,1,1,-1,-1,-1,-1,-1,0,8,-1,walk,n/a,idle,n/a,-1,-1,enter,40,default,0,0,0,0,0,0,RentIcon.png,Squidward_IJustServeFood,SB_Sweet,SeedshopSelect,SeedshopSelect
292,224,7200,!!TASK_SQUIDWARD_FANCY_DINNER,3016,-1,building,1016,7200,50,-1,-1,11,n/a,1,1,1,-1,-1,-1,-1,-1,0,9,-1,walk,n/a,idle,n/a,-1,-1,enter,40,default,0,0,0,0,0,0,RentIcon.png,n/a,SB_Sweet,SeedshopSelect,SeedshopSelect
293,225,14400,!!TASK_SQUIDWARD_SWAGGER,3016,-1,n/a,-1,14400,65,-1,-1,14,n/a,1,1,1,-1,-1,-1,-1,-1,0,9,-1,walk_fancy,n/a,idle,n/a,8,-1,wander,40,default,0,0,0,0,0,0,RentIcon.png,n/a,SB_Sweet,SeedshopSelect,SeedshopSelect
294,227,28800,!!TASK_SQUIDWARD_MOURN_HOPES,3016,-1,building,1016,28800,80,-1,-1,22,n/a,1,1,1,-1,-1,-1,-1,-1,0,9,-1,walk,n/a,idle,n/a,-1,-1,enter,40,default,0,0,0,0,0,0,RentIcon.png,n/a,SB_Sweet,SeedshopSelect,SeedshopSelect
295,301,5,!!TASK_ALL_LAUNCH_XMAS_WISH,3016,-1,building,20109,5,6,-1,-1,1,n/a,1,1,1,2826,2835,2842,-1,-1,0,13,-1,walk,n/a,gimme,n/a,-1,-1,activate,40,shoot,10,10,0,0,0,0,RentIcon.png,n/a,SB_Sweet,SeedshopSelect,SeedshopSelect
296,361,7200,!!TASK_ALL_BROWSE_GOODIES,3016,-1,building,9046,7200,50,-1,-1,11,n/a,1,1,1,-1,-1,-1,-1,-1,0,-1,-1,walk,n/a,idle,n/a,-1,-1,enter,40,default,0,0,0,0,0,0,RentIcon.png,n/a,SB_Sweet,SeedshopSelect,SeedshopSelect
297,362,7200,!!TASK_ALL_WATCH_HOLIDAY_TV,3016,-1,building,1016,7200,50,-1,-1,11,n/a,1,1,1,-1,-1,-1,-1,-1,0,-1,-1,walk,n/a,idle,n/a,-1,-1,enter,40,default,0,0,0,0,0,0,RentIcon.png,n/a,SB_Sweet,SeedshopSelect,SeedshopSelect
298,334,14400,!!TASK_SQUID_SPREAD_SPIRIT,3016,-1,n/a,-1,14400,65,-1,-1,14,n/a,1,1,1,2840,-1,-1,-1,-1,0,13,-1,walk_xmas,n/a,idle,n/a,-1,-1,wander,40,default,0,0,0,0,0,0,RentIcon.png,n/a,SB_Sweet,SeedshopSelect,SeedshopSelect
299,363,7200,!!TASK_ALL_ENJOY_TIME_OFF,3016,-1,building,1016,7200,50,-1,-1,11,n/a,1,1,1,-1,-1,-1,-1,-1,0,-1,-1,walk,n/a,idle,n/a,-1,-1,enter,40,default,0,0,0,0,0,0,RentIcon.png,n/a,SB_Sweet,SeedshopSelect,SeedshopSelect
300,630,7200,!!TASK_SQUIDWARD_MOVE_IN,3016,-1,building,23000,7200,50,-1,-1,11,n/a,36,0,1,-1,-1,-1,3834,-1,0,-1,-1,walk,n/a,idle,n/a,-1,-1,enter,40,default,0,0,0,0,0,0,RentIcon.png,n/a,SB_Sweet,SeedshopSelect,SeedshopSelect
301,631,7200,!!TASK_SQUIDWARD_SNOWBALL_SB,3016,-1,building,1015,7200,50,-1,-1,11,n/a,36,1,1,-1,-1,-1,-1,-1,0,-1,-1,walk,n/a,snowball,n/a,-1,10,stand,40,default,-40,60,0,0,0,0,RentIcon.png,n/a,SB_Sweet,SeedshopSelect,SeedshopSelect
302,632,7200,!!TASK_SQUIDWARD_SNOWBALL_PLANKTON,3016,-1,building,1058,7200,50,-1,-1,11,n/a,36,1,1,-1,-1,-1,-1,-1,0,-1,-1,walk,n/a,snowball,n/a,-1,10,stand,40,default,-40,60,0,0,0,0,RentIcon.png,n/a,SB_Sweet,SeedshopSelect,SeedshopSelect
303,684,14400,!!TASK_ALL_FESTIVE_FLORAL,3016,-1,building,1102,14400,65,-1,-1,14,BonusRewardIcon.png,36,1,1,-1,-1,-1,-1,-1,0,-1,-1,walk,n/a,idle,n/a,-1,-1,enter,40,default,0,0,0,0,0,0,RentIcon.png,n/a,SB_Sweet,SeedshopSelect,SeedshopSelect
304,685,7200,!!TASK_ALL_MORE_BAKED_GOODS,3016,-1,building,1024,7200,50,-1,-1,11,BonusRewardIcon.png,36,1,1,-1,-1,-1,-1,-1,0,-1,-1,walk,n/a,idle,n/a,-1,-1,enter,40,default,0,0,0,0,0,0,RentIcon.png,n/a,SB_Sweet,SeedshopSelect,SeedshopSelect
305,686,21600,!!TASK_ALL_SHAKE_PRESENTS,3016,-1,building,1016,21600,70,-1,-1,18,BonusRewardIcon.png,36,1,1,-1,-1,-1,-1,-1,0,-1,-1,walk,n/a,idle,n/a,-1,-1,enter,40,default,0,0,0,0,0,0,RentIcon.png,n/a,SB_Sweet,SeedshopSelect,SeedshopSelect
306,687,7200,!!TASK_ALL_SING_OLD_FOLKS,3016,-1,building,1026,7200,50,-1,-1,11,BonusRewardIcon.png,36,1,1,-1,-1,-1,-1,-1,0,-1,-1,walk,n/a,idle,n/a,-1,-1,enter,40,default,0,0,0,0,0,0,RentIcon.png,n/a,SB_Sweet,SeedshopSelect,SeedshopSelect
307,688,14400,!!TASK_ALL_MISTLETOE_WAIT,3016,-1,building,1016,14400,65,-1,-1,14,BonusRewardIcon.png,36,1,1,-1,-1,-1,-1,-1,0,-1,-1,walk,n/a,idle,n/a,-1,-1,enter,40,default,0,0,0,0,0,0,RentIcon.png,n/a,SB_Sweet,SeedshopSelect,SeedshopSelect
308,689,7200,!!TASK_ALL_XMAS_DONUTS_POLICE,3016,-1,building,1004,7200,50,-1,-1,11,BonusRewardIcon.png,36,1,1,-1,-1,-1,-1,-1,0,-1,-1,walk,n/a,idle,n/a,-1,-1,enter,40,default,0,0,0,0,0,0,RentIcon.png,n/a,SB_Sweet,SeedshopSelect,SeedshopSelect
309,690,7200,!!TASK_ALL_KNIT_FIN_MITTENS,3016,-1,building,1002,7200,50,-1,-1,11,BonusRewardIcon.png,36,1,1,-1,-1,-1,-1,-1,0,-1,-1,walk,n/a,idle,n/a,-1,-1,enter,40,default,0,0,0,0,0,0,RentIcon.png,n/a,SB_Sweet,SeedshopSelect,SeedshopSelect
310,866,14400,!!TASK_ALL_SNOWBALL_FIGHT,3016,-1,n/a,-1,14400,65,-1,-1,14,BonusRewardIcon.png,36,1,1,-1,-1,-1,-1,-1,0,-1,-1,walk,n/a,snowball,n/a,3,10,wander,20,default,0,0,0,0,0,0,RentIcon.png,n/a,SB_Sweet,SeedshopSelect,SeedshopSelect
311,898,14400,!!TASK_ALL_SNOWBALL_FIGHT_WEEK_2,3016,-1,n/a,-1,14400,65,-1,-1,14,BonusRewardIcon.png,36,1,1,-1,-1,-1,-1,-1,0,-1,-1,walk,n/a,snowball,n/a,3,10,wander,20,default,0,0,0,0,0,0,RentIcon.png,n/a,SB_Sweet,SeedshopSelect,SeedshopSelect
312,899,14400,!!TASK_ALL_SNOWBALL_FIGHT_WEEK_3,3016,-1,n/a,-1,14400,65,-1,-1,14,BonusRewardIcon.png,36,1,1,-1,-1,-1,-1,-1,0,-1,-1,walk,n/a,snowball,n/a,3,10,wander,20,default,0,0,0,0,0,0,RentIcon.png,n/a,SB_Sweet,SeedshopSelect,SeedshopSelect
313,900,14400,!!TASK_ALL_SNOWBALL_FIGHT_WEEK_4,3016,-1,n/a,-1,14400,65,-1,-1,14,BonusRewardIcon.png,36,1,1,-1,-1,-1,-1,-1,0,-1,-1,walk,n/a,snowball,n/a,3,10,wander,20,default,0,0,0,0,0,0,RentIcon.png,n/a,SB_Sweet,SeedshopSelect,SeedshopSelect
314,901,14400,!!TASK_ALL_SNOWBALL_FIGHT_WEEK_5,3016,-1,n/a,-1,14400,65,-1,-1,14,BonusRewardIcon.png,36,1,1,-1,-1,-1,-1,-1,0,-1,-1,walk,n/a,snowball,n/a,3,10,wander,20,default,0,0,0,0,0,0,RentIcon.png,n/a,SB_Sweet,SeedshopSelect,SeedshopSelect
315,221,3600,!!TASK_SQUIDWARD_BEG_KRABS,3016,-1,building,1018,3600,40,-1,-1,10,n/a,1,1,1,-1,-1,-1,2704,-1,0,8,-1,walk,n/a,idle,n/a,-1,-1,enter,40,default,0,0,0,0,0,0,RentIcon.png,n/a,SB_Sweet,SeedshopSelect,SeedshopSelect
316,222,14400,!!TASK_SQUIDWARD_FIND_TUXEDO,3016,-1,building,1016,14400,65,-1,-1,14,n/a,1,1,1,-1,-1,-1,2706,-1,0,8,-1,walk,n/a,idle,n/a,-1,-1,enter,40,default,0,0,0,0,0,0,RentIcon.png,n/a,SB_Sweet,SeedshopSelect,SeedshopSelect
317,226,21600,!!TASK_SQUIDWARD_STORM_KK,3016,-1,building,1018,21600,70,-1,-1,18,n/a,1,1,1,-1,-1,-1,2708,-1,0,9,-1,walk,n/a,idle,n/a,-1,-1,enter,40,default,0,0,0,0,0,0,RentIcon.png,n/a,SB_Sweet,SeedshopSelect,SeedshopSelect
318,332,36000,!!TASK_SQUID_HIDE_XMAS_CHAOS,3016,-1,building,1016,36000,85,-1,-1,26,n/a,1,0,1,-1,-1,-1,2830,-1,0,8,-1,walk,n/a,idle,n/a,-1,-1,enter,40,default,0,0,0,0,0,0,RentIcon.png,n/a,SB_Sweet,SeedshopSelect,SeedshopSelect
319,333,21600,!!TASK_SQUID_MAKE_SANTA_SUIT,3016,-1,building,1016,21600,70,-1,-1,18,n/a,1,0,1,-1,-1,-1,2838,-1,0,8,-1,walk,n/a,idle,n/a,-1,-1,enter,40,default,0,0,0,0,0,0,RentIcon.png,n/a,SB_Sweet,SeedshopSelect,SeedshopSelect
320,247,1800,!!TASK_ALL_WATCH_MM_EPISODE,3016,-1,building,1016,1800,20,-1,-1,8,n/a,9,1,1,-1,-1,-1,-1,5,1,-1,-1,walk,n/a,idle,n/a,-1,-1,enter,40,default,0,0,0,0,0,0,RentIcon.png,n/a,SB_Sweet,SeedshopSelect,SeedshopSelect
321,479,7200,!!TASK_ALL_VDAY_MAKE_IBEAMS,3016,-1,building,20624,7200,-1,57,50,11,n/a,36,1,1,3100,-1,-1,-1,-1,0,-1,-1,walk,n/a,idle,n/a,-1,-1,enter,40,default,0,0,0,0,0,0,RentIcon.png,n/a,SB_Sweet,SeedshopSelect,SeedshopSelect
322,248,7200,!!TASK_ALL_FANCY_FEAST_KK,3016,-1,building,1018,7200,50,-1,-1,11,n/a,9,1,1,-1,-1,-1,-1,6,1,-1,-1,walk,n/a,idle,n/a,-1,-1,enter,40,default,0,0,0,0,0,0,RentIcon.png,n/a,SB_Sweet,SeedshopSelect,SeedshopSelect
323,480,14400,!!TASK_ALL_VDAY_BOLT_BROKEN_HEARTS,3016,-1,building,20624,14400,-1,57,65,14,n/a,36,1,1,3100,-1,-1,-1,-1,0,-1,-1,walk,n/a,idle,n/a,-1,-1,enter,40,default,0,0,0,0,0,0,RentIcon.png,n/a,SB_Sweet,SeedshopSelect,SeedshopSelect
324,481,86400,!!TASK_ALL_VDAY_FORKLIFT_GIRDERS,3016,-1,building,20624,86400,-1,57,120,30,n/a,36,1,1,3100,-1,-1,-1,-1,0,-1,-1,walk,n/a,idle,n/a,-1,-1,enter,40,default,0,0,0,0,0,0,RentIcon.png,n/a,SB_Sweet,SeedshopSelect,SeedshopSelect
325,47,300,!!TASK_GENE_JUICY_REVIEW,3011,-1,building,1054,300,11,-1,-1,5,n/a,1,1,0,-1,-1,-1,-1,-1,0,-1,-1,walk,n/a,idle,n/a,-1,-1,enter,40,default,0,0,0,0,0,0,RentIcon.png,Gene_Condemnation,SB_Sweet,SeedshopSelect,SeedshopSelect
326,48,3600,!!TASK_GENE_FAST_FOOD,3011,-1,building,1018,3600,40,-1,-1,10,n/a,1,1,0,-1,-1,-1,-1,-1,0,-1,-1,walk,n/a,idle,n/a,-1,-1,enter,40,default,0,0,0,0,0,0,RentIcon.png,Gene_SweaterDryCleaned,SB_Sweet,SeedshopSelect,SeedshopSelect
327,50,14400,!!TASK_GENE_BRAINSTORM_PUNS,3011,-1,building,1007,14400,65,-1,-1,14,n/a,1,1,0,-1,-1,-1,-1,-1,0,-1,-1,walk,n/a,idle,n/a,-1,-1,enter,40,default,0,0,0,0,0,0,RentIcon.png,Gene_Grand,SB_Sweet,SeedshopSelect,SeedshopSelect
328,365,7200,!!TASK_ALL_WATCH_HOLIDAY_TV,3011,-1,building,1007,7200,50,-1,-1,11,BonusRewardIcon.png,36,1,1,-1,-1,-1,-1,-1,0,-1,-1,walk,n/a,idle,n/a,-1,-1,enter,40,default,0,0,0,0,0,0,RentIcon.png,n/a,SB_Sweet,SeedshopSelect,SeedshopSelect
329,364,7200,!!TASK_ALL_BROWSE_GOODIES,3011,-1,building,9046,7200,50,-1,-1,11,BonusRewardIcon.png,36,1,1,-1,-1,-1,-1,-1,0,-1,-1,walk,n/a,idle,n/a,-1,-1,enter,40,default,0,0,0,0,0,0,RentIcon.png,n/a,SB_Sweet,SeedshopSelect,SeedshopSelect
330,691,14400,!!TASK_ALL_FESTIVE_FLORAL,3011,-1,building,1102,14400,65,-1,-1,14,BonusRewardIcon.png,36,1,1,-1,-1,-1,-1,-1,0,-1,-1,walk,n/a,idle,n/a,-1,-1,enter,40,default,0,0,0,0,0,0,RentIcon.png,n/a,SB_Sweet,SeedshopSelect,SeedshopSelect
331,692,7200,!!TASK_ALL_MORE_BAKED_GOODS,3011,-1,building,1024,7200,50,-1,-1,11,BonusRewardIcon.png,36,1,1,-1,-1,-1,-1,-1,0,-1,-1,walk,n/a,idle,n/a,-1,-1,enter,40,default,0,0,0,0,0,0,RentIcon.png,n/a,SB_Sweet,SeedshopSelect,SeedshopSelect
332,693,21600,!!TASK_ALL_SHAKE_PRESENTS,3011,-1,building,1007,21600,70,-1,-1,18,BonusRewardIcon.png,36,1,1,-1,-1,-1,-1,-1,0,-1,-1,walk,n/a,idle,n/a,-1,-1,enter,40,default,0,0,0,0,0,0,RentIcon.png,n/a,SB_Sweet,SeedshopSelect,SeedshopSelect
333,366,7200,!!TASK_ALL_ENJOY_TIME_OFF,3011,-1,building,1007,7200,50,-1,-1,11,BonusRewardIcon.png,36,1,1,-1,-1,-1,-1,-1,0,-1,-1,walk,n/a,idle,n/a,-1,-1,enter,40,default,0,0,0,0,0,0,RentIcon.png,n/a,SB_Sweet,SeedshopSelect,SeedshopSelect
334,694,7200,!!TASK_ALL_SING_OLD_FOLKS,3011,-1,building,1026,7200,50,-1,-1,11,BonusRewardIcon.png,36,1,1,-1,-1,-1,-1,-1,0,-1,-1,walk,n/a,idle,n/a,-1,-1,enter,40,default,0,0,0,0,0,0,RentIcon.png,n/a,SB_Sweet,SeedshopSelect,SeedshopSelect
335,695,14400,!!TASK_ALL_MISTLETOE_WAIT,3011,-1,building,1007,14400,65,-1,-1,14,BonusRewardIcon.png,36,1,1,-1,-1,-1,-1,-1,0,-1,-1,walk,n/a,idle,n/a,-1,-1,enter,40,default,0,0,0,0,0,0,RentIcon.png,n/a,SB_Sweet,SeedshopSelect,SeedshopSelect
336,696,7200,!!TASK_ALL_XMAS_DONUTS_POLICE,3011,-1,building,1004,7200,50,-1,-1,11,BonusRewardIcon.png,36,1,1,-1,-1,-1,-1,-1,0,-1,-1,walk,n/a,idle,n/a,-1,-1,enter,40,default,0,0,0,0,0,0,RentIcon.png,n/a,SB_Sweet,SeedshopSelect,SeedshopSelect
337,697,7200,!!TASK_ALL_KNIT_FIN_MITTENS,3011,-1,building,1002,7200,50,-1,-1,11,BonusRewardIcon.png,36,1,1,-1,-1,-1,-1,-1,0,-1,-1,walk,n/a,idle,n/a,-1,-1,enter,40,default,0,0,0,0,0,0,RentIcon.png,n/a,SB_Sweet,SeedshopSelect,SeedshopSelect
338,249,1800,!!TASK_ALL_WATCH_MM_EPISODE,3011,-1,building,1007,1800,20,-1,-1,8,n/a,9,1,1,-1,-1,-1,-1,5,1,-1,-1,walk,n/a,idle,n/a,-1,-1,enter,40,default,0,0,0,0,0,0,RentIcon.png,n/a,SB_Sweet,SeedshopSelect,SeedshopSelect
339,250,7200,!!TASK_ALL_FANCY_FEAST_KK,3011,-1,building,1018,7200,50,-1,-1,11,n/a,9,1,1,-1,-1,-1,-1,6,1,-1,-1,walk,n/a,idle,n/a,-1,-1,enter,40,default,0,0,0,0,0,0,RentIcon.png,n/a,SB_Sweet,SeedshopSelect,SeedshopSelect
340,302,5,!!TASK_ALL_LAUNCH_XMAS_WISH,3011,-1,building,20109,5,6,-1,-1,1,n/a,1,1,1,2826,2835,2842,-1,9,1,-1,-1,walk,n/a,gimme,n/a,-1,-1,activate,40,shoot,10,10,0,0,0,0,RentIcon.png,n/a,SB_Sweet,SeedshopSelect,SeedshopSelect
341,482,7200,!!TASK_ALL_VDAY_LOAD_BOXES,3011,-1,building,20624,7200,-1,57,50,11,n/a,36,1,1,3100,-1,-1,-1,-1,0,-1,-1,walk,n/a,idle,n/a,-1,-1,enter,40,default,0,0,0,0,0,0,RentIcon.png,n/a,SB_Sweet,SeedshopSelect,SeedshopSelect
342,483,14400,!!TASK_ALL_VDAY_SOLDER_SWEET_NOTHINGS,3011,-1,building,20624,14400,-1,57,65,14,n/a,36,1,1,3100,-1,-1,-1,-1,0,-1,-1,walk,n/a,idle,n/a,-1,-1,enter,40,default,0,0,0,0,0,0,RentIcon.png,n/a,SB_Sweet,SeedshopSelect,SeedshopSelect
343,484,21600,!!TASK_ALL_VDAY_BEND_HOLDERS,3011,-1,building,20624,21600,-1,57,70,18,n/a,36,1,1,3100,-1,-1,-1,-1,0,-1,-1,walk,n/a,idle,n/a,-1,-1,enter,40,default,0,0,0,0,0,0,RentIcon.png,n/a,SB_Sweet,SeedshopSelect,SeedshopSelect
344,51,300,!!TASK_PEARL_CHEERLEADING,3004,-1,n/a,-1,300,11,-1,-1,5,n/a,1,1,0,-1,-1,-1,-1,-1,0,-1,-1,cheer_walk,n/a,cheer_idle,n/a,8,2,wander,40,default,0,0,0,0,0,0,RentIcon.png,PK_GetEmGirls,SB_Sweet,SeedshopSelect,SeedshopSelect
345,52,3600,!!TASK_PEARL_PASS_NOTES,3004,-1,building,1001,3600,40,-1,-1,10,n/a,1,1,0,-1,-1,-1,-1,-1,0,-1,-1,walk,n/a,idle,n/a,-1,-1,enter,40,default,0,0,0,0,0,0,RentIcon.png,PK_TotallyCoral,SB_Sweet,SeedshopSelect,SeedshopSelect
346,562,3600,!!TASK_PEARL_SKIP_PE_CLASS,3004,-1,building,20800,3600,65,-1,-1,14,n/a,1,1,1,-1,-1,-1,-1,-1,0,-1,-1,walk,n/a,idle,n/a,-1,-1,enter,40,default,0,0,0,0,0,0,RentIcon.png,MK_Woohoo,SB_Sweet,SeedshopSelect,SeedshopSelect
347,563,7200,!!TASK_PEARL_TALK_ASSEMBLY,3004,-1,building,20800,7200,50,-1,-1,11,n/a,1,1,1,-1,-1,-1,-1,-1,0,-1,-1,walk,n/a,idle,n/a,-1,-1,enter,40,default,0,0,0,0,0,0,RentIcon.png,MK_Woohoo,SB_Sweet,SeedshopSelect,SeedshopSelect
348,564,14400,!!TASK_PEARL_DANCE_PLANNING,3004,-1,building,20800,14400,65,-1,-1,14,n/a,1,1,1,-1,-1,-1,-1,-1,0,-1,-1,walk,n/a,idle,n/a,-1,-1,enter,40,default,0,0,0,0,0,0,RentIcon.png,MK_Woohoo,SB_Sweet,SeedshopSelect,SeedshopSelect
349,54,14400,!!TASK_PEARL_DEMAND_ALLOWANCE,3004,-1,building,1018,14400,65,-1,-1,14,n/a,1,1,0,-1,-1,-1,-1,-1,0,-1,-1,walk,n/a,idle,n/a,-1,-1,enter,40,default,0,0,0,0,0,0,RentIcon.png,PK_CuttingIntoSocialLife,SB_Sweet,SeedshopSelect,SeedshopSelect
350,55,86400,!!TASK_PEARL_TEXT_FRIENDS,3004,-1,building,1013,86400,120,-1,-1,30,n/a,1,1,0,-1,-1,-1,-1,-1,0,-1,-1,walk,n/a,idle,n/a,-1,-1,enter,40,default,0,0,0,0,0,0,RentIcon.png,PK_CraigMammalton,SB_Sweet,SeedshopSelect,SeedshopSelect
351,368,7200,!!TASK_ALL_WATCH_HOLIDAY_TV,3004,-1,building,1013,7200,50,-1,-1,11,BonusRewardIcon.png,36,1,1,-1,-1,-1,-1,-1,0,-1,-1,walk,n/a,idle,n/a,-1,-1,enter,40,default,0,0,0,0,0,0,RentIcon.png,n/a,SB_Sweet,SeedshopSelect,SeedshopSelect
352,367,7200,!!TASK_ALL_BROWSE_GOODIES,3004,-1,building,9046,7200,50,-1,-1,11,BonusRewardIcon.png,36,1,1,-1,-1,-1,-1,-1,0,-1,-1,walk,n/a,idle,n/a,-1,-1,enter,40,default,0,0,0,0,0,0,RentIcon.png,n/a,SB_Sweet,SeedshopSelect,SeedshopSelect
353,698,14400,!!TASK_ALL_FESTIVE_FLORAL,3004,-1,building,1102,14400,65,-1,-1,14,BonusRewardIcon.png,36,1,1,-1,-1,-1,-1,-1,0,-1,-1,walk,n/a,idle,n/a,-1,-1,enter,40,default,0,0,0,0,0,0,RentIcon.png,n/a,SB_Sweet,SeedshopSelect,SeedshopSelect
354,699,7200,!!TASK_ALL_MORE_BAKED_GOODS,3004,-1,building,1024,7200,50,-1,-1,11,BonusRewardIcon.png,36,1,1,-1,-1,-1,-1,-1,0,-1,-1,walk,n/a,idle,n/a,-1,-1,enter,40,default,0,0,0,0,0,0,RentIcon.png,n/a,SB_Sweet,SeedshopSelect,SeedshopSelect
355,700,21600,!!TASK_ALL_SHAKE_PRESENTS,3004,-1,building,1013,21600,70,-1,-1,18,BonusRewardIcon.png,36,1,1,-1,-1,-1,-1,-1,0,-1,-1,walk,n/a,idle,n/a,-1,-1,enter,40,default,0,0,0,0,0,0,RentIcon.png,n/a,SB_Sweet,SeedshopSelect,SeedshopSelect
356,369,7200,!!TASK_ALL_ENJOY_TIME_OFF,3004,-1,building,1013,7200,50,-1,-1,11,BonusRewardIcon.png,36,1,1,-1,-1,-1,-1,-1,0,-1,-1,walk,n/a,idle,n/a,-1,-1,enter,40,default,0,0,0,0,0,0,RentIcon.png,n/a,SB_Sweet,SeedshopSelect,SeedshopSelect
357,701,7200,!!TASK_ALL_SING_OLD_FOLKS,3004,-1,building,1026,7200,50,-1,-1,11,BonusRewardIcon.png,36,1,1,-1,-1,-1,-1,-1,0,-1,-1,walk,n/a,idle,n/a,-1,-1,enter,40,default,0,0,0,0,0,0,RentIcon.png,n/a,SB_Sweet,SeedshopSelect,SeedshopSelect
358,702,14400,!!TASK_ALL_MISTLETOE_WAIT,3004,-1,building,1013,14400,65,-1,-1,14,BonusRewardIcon.png,36,1,1,-1,-1,-1,-1,-1,0,-1,-1,walk,n/a,idle,n/a,-1,-1,enter,40,default,0,0,0,0,0,0,RentIcon.png,n/a,SB_Sweet,SeedshopSelect,SeedshopSelect
359,703,7200,!!TASK_ALL_XMAS_DONUTS_POLICE,3004,-1,building,1004,7200,50,-1,-1,11,BonusRewardIcon.png,36,1,1,-1,-1,-1,-1,-1,0,-1,-1,walk,n/a,idle,n/a,-1,-1,enter,40,default,0,0,0,0,0,0,RentIcon.png,n/a,SB_Sweet,SeedshopSelect,SeedshopSelect
360,704,7200,!!TASK_ALL_KNIT_FIN_MITTENS,3004,-1,building,1002,7200,50,-1,-1,11,BonusRewardIcon.png,36,1,1,-1,-1,-1,-1,-1,0,-1,-1,walk,n/a,idle,n/a,-1,-1,enter,40,default,0,0,0,0,0,0,RentIcon.png,n/a,SB_Sweet,SeedshopSelect,SeedshopSelect
361,251,1800,!!TASK_ALL_WATCH_MM_EPISODE,3004,-1,building,1013,1800,20,-1,-1,8,n/a,9,1,1,-1,-1,-1,-1,5,1,-1,-1,walk,n/a,idle,n/a,-1,-1,enter,40,default,0,0,0,0,0,0,RentIcon.png,n/a,SB_Sweet,SeedshopSelect,SeedshopSelect
362,252,7200,!!TASK_ALL_FANCY_FEAST_KK,3004,-1,building,1018,7200,50,-1,-1,11,n/a,9,1,1,-1,-1,-1,-1,6,1,-1,-1,walk,n/a,idle,n/a,-1,-1,enter,40,default,0,0,0,0,0,0,RentIcon.png,n/a,SB_Sweet,SeedshopSelect,SeedshopSelect
363,303,5,!!TASK_ALL_LAUNCH_XMAS_WISH,3004,-1,building,20109,5,6,-1,-1,1,n/a,1,1,1,2826,2835,2842,-1,9,1,-1,-1,walk,n/a,gimme,n/a,-1,-1,activate,40,shoot,10,10,0,0,0,0,RentIcon.png,n/a,SB_Sweet,SeedshopSelect,SeedshopSelect
364,485,7200,!!TASK_ALL_VDAY_MAKE_IBEAMS,3004,-1,building,20624,7200,-1,57,50,11,n/a,36,1,1,3100,-1,-1,-1,-1,0,-1,-1,walk,n/a,idle,n/a,-1,-1,enter,40,default,0,0,0,0,0,0,RentIcon.png,n/a,SB_Sweet,SeedshopSelect,SeedshopSelect
365,486,14400,!!TASK_ALL_VDAY_WELD_STRAPS,3004,-1,building,20624,14400,-1,57,65,14,n/a,36,1,1,3100,-1,-1,-1,-1,0,-1,-1,walk,n/a,idle,n/a,-1,-1,enter,40,default,0,0,0,0,0,0,RentIcon.png,n/a,SB_Sweet,SeedshopSelect,SeedshopSelect
366,487,21600,!!TASK_ALL_VDAY_MOLD_RAIL,3004,-1,building,20624,21600,-1,57,70,18,n/a,36,1,1,3100,-1,-1,-1,-1,0,-1,-1,walk,n/a,idle,n/a,-1,-1,enter,40,default,0,0,0,0,0,0,RentIcon.png,n/a,SB_Sweet,SeedshopSelect,SeedshopSelect
367,56,300,!!TASK_FRANK_ORGANIZE_RECEIPTS,3033,-1,building,9009,300,11,-1,-1,5,n/a,1,1,0,-1,-1,-1,-1,-1,0,-1,-1,walk,n/a,idle,n/a,-1,-1,enter,40,default,0,0,0,0,0,0,RentIcon.png,n/a,SB_Sweet,SeedshopSelect,SeedshopSelect
368,57,14400,!!TASK_FRANK_BOIL_MONEY,3033,-1,building,9009,14400,65,-1,-1,14,n/a,1,1,0,-1,-1,-1,-1,-1,0,-1,-1,walk,n/a,idle,n/a,-1,-1,enter,40,default,0,0,0,0,0,0,RentIcon.png,n/a,SB_Sweet,SeedshopSelect,SeedshopSelect
369,60,36000,!!TASK_FRANK_AIR_FRESHENER,3033,-1,building,1057,36000,85,-1,-1,26,n/a,1,1,0,-1,-1,-1,-1,-1,0,-1,-1,walk,n/a,idle,n/a,-1,-1,enter,40,default,0,0,0,0,0,0,RentIcon.png,n/a,SB_Sweet,SeedshopSelect,SeedshopSelect
370,61,86400,!!TASK_FRANK_DEEP_CLEAN,3033,-1,building,9009,86400,120,-1,-1,30,n/a,1,1,0,-1,-1,-1,-1,-1,0,-1,-1,walk,n/a,idle,n/a,-1,-1,enter,40,default,0,0,0,0,0,0,RentIcon.png,n/a,SB_Sweet,SeedshopSelect,SeedshopSelect
371,371,7200,!!TASK_ALL_WATCH_HOLIDAY_TV,3033,-1,building,9009,7200,50,-1,-1,11,BonusRewardIcon.png,36,1,1,-1,-1,-1,-1,-1,0,-1,-1,walk,n/a,idle,n/a,-1,-1,enter,40,default,0,0,0,0,0,0,RentIcon.png,n/a,SB_Sweet,SeedshopSelect,SeedshopSelect
372,370,7200,!!TASK_ALL_BROWSE_GOODIES,3033,-1,building,9046,7200,50,-1,-1,11,BonusRewardIcon.png,36,1,1,-1,-1,-1,-1,-1,0,-1,-1,walk,n/a,idle,n/a,-1,-1,enter,40,default,0,0,0,0,0,0,RentIcon.png,n/a,SB_Sweet,SeedshopSelect,SeedshopSelect
373,705,14400,!!TASK_ALL_FESTIVE_FLORAL,3033,-1,building,1102,14400,65,-1,-1,14,BonusRewardIcon.png,36,1,1,-1,-1,-1,-1,-1,0,-1,-1,walk,n/a,idle,n/a,-1,-1,enter,40,default,0,0,0,0,0,0,RentIcon.png,n/a,SB_Sweet,SeedshopSelect,SeedshopSelect
374,706,7200,!!TASK_ALL_MORE_BAKED_GOODS,3033,-1,building,1024,7200,50,-1,-1,11,BonusRewardIcon.png,36,1,1,-1,-1,-1,-1,-1,0,-1,-1,walk,n/a,idle,n/a,-1,-1,enter,40,default,0,0,0,0,0,0,RentIcon.png,n/a,SB_Sweet,SeedshopSelect,SeedshopSelect
375,707,21600,!!TASK_ALL_SHAKE_PRESENTS,3033,-1,building,9009,21600,70,-1,-1,18,BonusRewardIcon.png,36,1,1,-1,-1,-1,-1,-1,0,-1,-1,walk,n/a,idle,n/a,-1,-1,enter,40,default,0,0,0,0,0,0,RentIcon.png,n/a,SB_Sweet,SeedshopSelect,SeedshopSelect
376,372,7200,!!TASK_ALL_ENJOY_TIME_OFF,3033,-1,building,9009,7200,50,-1,-1,11,BonusRewardIcon.png,36,1,1,-1,-1,-1,-1,-1,0,-1,-1,walk,n/a,idle,n/a,-1,-1,enter,40,default,0,0,0,0,0,0,RentIcon.png,n/a,SB_Sweet,SeedshopSelect,SeedshopSelect
377,708,7200,!!TASK_ALL_SING_OLD_FOLKS,3033,-1,building,1026,7200,50,-1,-1,11,BonusRewardIcon.png,36,1,1,-1,-1,-1,-1,-1,0,-1,-1,walk,n/a,idle,n/a,-1,-1,enter,40,default,0,0,0,0,0,0,RentIcon.png,n/a,SB_Sweet,SeedshopSelect,SeedshopSelect
378,709,14400,!!TASK_ALL_MISTLETOE_WAIT,3033,-1,building,9009,14400,65,-1,-1,14,BonusRewardIcon.png,36,1,1,-1,-1,-1,-1,-1,0,-1,-1,walk,n/a,idle,n/a,-1,-1,enter,40,default,0,0,0,0,0,0,RentIcon.png,n/a,SB_Sweet,SeedshopSelect,SeedshopSelect
379,710,7200,!!TASK_ALL_XMAS_DONUTS_POLICE,3033,-1,building,1004,7200,50,-1,-1,11,BonusRewardIcon.png,36,1,1,-1,-1,-1,-1,-1,0,-1,-1,walk,n/a,idle,n/a,-1,-1,enter,40,default,0,0,0,0,0,0,RentIcon.png,n/a,SB_Sweet,SeedshopSelect,SeedshopSelect
380,711,7200,!!TASK_ALL_KNIT_FIN_MITTENS,3033,-1,building,1002,7200,50,-1,-1,11,BonusRewardIcon.png,36,1,1,-1,-1,-1,-1,-1,0,-1,-1,walk,n/a,idle,n/a,-1,-1,enter,40,default,0,0,0,0,0,0,RentIcon.png,n/a,SB_Sweet,SeedshopSelect,SeedshopSelect
381,253,1800,!!TASK_ALL_WATCH_MM_EPISODE,3033,-1,building,9009,1800,20,-1,-1,8,n/a,36,1,1,-1,-1,-1,-1,5,1,-1,-1,walk,n/a,idle,n/a,-1,-1,enter,40,default,0,0,0,0,0,0,RentIcon.png,n/a,SB_Sweet,SeedshopSelect,SeedshopSelect
382,254,7200,!!TASK_ALL_FANCY_FEAST_KK,3033,-1,building,1018,7200,50,-1,-1,11,n/a,36,1,1,-1,-1,-1,-1,6,1,-1,-1,walk,n/a,idle,n/a,-1,-1,enter,40,default,0,0,0,0,0,0,RentIcon.png,n/a,SB_Sweet,SeedshopSelect,SeedshopSelect
383,304,5,!!TASK_ALL_LAUNCH_XMAS_WISH,3033,-1,building,20109,5,6,-1,-1,1,n/a,36,1,1,2826,2835,2842,-1,9,1,-1,-1,walk,n/a,gimme,n/a,-1,-1,activate,40,shoot,10,10,0,0,0,0,RentIcon.png,n/a,SB_Sweet,SeedshopSelect,SeedshopSelect
384,488,7200,!!TASK_ALL_VDAY_LOAD_BOXES,3033,-1,building,20624,7200,-1,57,50,11,n/a,36,1,1,3100,-1,-1,-1,-1,0,-1,-1,walk,n/a,idle,n/a,-1,-1,enter,40,default,0,0,0,0,0,0,RentIcon.png,n/a,SB_Sweet,SeedshopSelect,SeedshopSelect
385,489,14400,!!TASK_ALL_VDAY_BOLT_BROKEN_HEARTS,3033,-1,building,20624,14400,-1,57,65,14,n/a,36,1,1,3100,-1,-1,-1,-1,0,-1,-1,walk,n/a,idle,n/a,-1,-1,enter,40,default,0,0,0,0,0,0,RentIcon.png,n/a,SB_Sweet,SeedshopSelect,SeedshopSelect
386,490,21600,!!TASK_ALL_VDAY_BEND_HOLDERS,3033,-1,building,20624,21600,-1,57,70,18,n/a,36,1,1,3100,-1,-1,-1,-1,0,-1,-1,walk,n/a,idle,n/a,-1,-1,enter,40,default,0,0,0,0,0,0,RentIcon.png,n/a,SB_Sweet,SeedshopSelect,SeedshopSelect
387,62,300,!!TASK_MARTHA_SOAP_OPERAS,3032,-1,building,9006,300,11,-1,-1,5,n/a,1,1,0,-1,-1,-1,-1,-1,0,-1,-1,walk,n/a,idle,n/a,-1,-1,enter,40,default,0,0,0,0,0,0,RentIcon.png,n/a,SB_Sweet,SeedshopSelect,SeedshopSelect
388,63,14400,!!TASK_MARTHA_BUY_NOTHING,3032,-1,building,1057,14400,65,-1,-1,14,n/a,1,1,0,-1,-1,-1,-1,-1,0,-1,-1,walk,n/a,idle,n/a,-1,-1,enter,40,default,0,0,0,0,0,0,RentIcon.png,n/a,SB_Sweet,SeedshopSelect,SeedshopSelect
389,66,36000,!!TASK_MARTHA_OLD_FOLKS_BABBLING,3032,-1,building,1026,36000,85,-1,-1,26,n/a,1,1,0,-1,-1,-1,-1,-1,0,-1,-1,walk,n/a,idle,n/a,-1,-1,enter,40,default,0,0,0,0,0,0,RentIcon.png,n/a,SB_Sweet,SeedshopSelect,SeedshopSelect
390,374,7200,!!TASK_ALL_WATCH_HOLIDAY_TV,3032,-1,building,9006,7200,50,-1,-1,11,BonusRewardIcon.png,36,1,1,-1,-1,-1,-1,-1,0,-1,-1,walk,n/a,idle,n/a,-1,-1,enter,40,default,0,0,0,0,0,0,RentIcon.png,n/a,SB_Sweet,SeedshopSelect,SeedshopSelect
391,373,7200,!!TASK_ALL_BROWSE_GOODIES,3032,-1,building,9046,7200,50,-1,-1,11,BonusRewardIcon.png,36,1,1,-1,-1,-1,-1,-1,0,-1,-1,walk,n/a,idle,n/a,-1,-1,enter,40,default,0,0,0,0,0,0,RentIcon.png,n/a,SB_Sweet,SeedshopSelect,SeedshopSelect
392,712,14400,!!TASK_ALL_FESTIVE_FLORAL,3032,-1,building,1102,14400,65,-1,-1,14,BonusRewardIcon.png,36,1,1,-1,-1,-1,-1,-1,0,-1,-1,walk,n/a,idle,n/a,-1,-1,enter,40,default,0,0,0,0,0,0,RentIcon.png,n/a,SB_Sweet,SeedshopSelect,SeedshopSelect
393,713,7200,!!TASK_ALL_MORE_BAKED_GOODS,3032,-1,building,1024,7200,50,-1,-1,11,BonusRewardIcon.png,36,1,1,-1,-1,-1,-1,-1,0,-1,-1,walk,n/a,idle,n/a,-1,-1,enter,40,default,0,0,0,0,0,0,RentIcon.png,n/a,SB_Sweet,SeedshopSelect,SeedshopSelect
394,714,21600,!!TASK_ALL_SHAKE_PRESENTS,3032,-1,building,9006,21600,70,-1,-1,18,BonusRewardIcon.png,36,1,1,-1,-1,-1,-1,-1,0,-1,-1,walk,n/a,idle,n/a,-1,-1,enter,40,default,0,0,0,0,0,0,RentIcon.png,n/a,SB_Sweet,SeedshopSelect,SeedshopSelect
395,375,7200,!!TASK_ALL_ENJOY_TIME_OFF,3032,-1,building,9006,7200,50,-1,-1,11,BonusRewardIcon.png,36,1,1,-1,-1,-1,-1,-1,0,-1,-1,walk,n/a,idle,n/a,-1,-1,enter,40,default,0,0,0,0,0,0,RentIcon.png,n/a,SB_Sweet,SeedshopSelect,SeedshopSelect
396,715,7200,!!TASK_ALL_SING_OLD_FOLKS,3032,-1,building,1026,7200,50,-1,-1,11,BonusRewardIcon.png,36,1,1,-1,-1,-1,-1,-1,0,-1,-1,walk,n/a,idle,n/a,-1,-1,enter,40,default,0,0,0,0,0,0,RentIcon.png,n/a,SB_Sweet,SeedshopSelect,SeedshopSelect
397,716,14400,!!TASK_ALL_MISTLETOE_WAIT,3032,-1,building,9006,14400,65,-1,-1,14,BonusRewardIcon.png,36,1,1,-1,-1,-1,-1,-1,0,-1,-1,walk,n/a,idle,n/a,-1,-1,enter,40,default,0,0,0,0,0,0,RentIcon.png,n/a,SB_Sweet,SeedshopSelect,SeedshopSelect
398,717,7200,!!TASK_ALL_XMAS_DONUTS_POLICE,3032,-1,building,1004,7200,50,-1,-1,11,BonusRewardIcon.png,36,1,1,-1,-1,-1,-1,-1,0,-1,-1,walk,n/a,idle,n/a,-1,-1,enter,40,default,0,0,0,0,0,0,RentIcon.png,n/a,SB_Sweet,SeedshopSelect,SeedshopSelect
399,718,7200,!!TASK_ALL_KNIT_FIN_MITTENS,3032,-1,building,1002,7200,50,-1,-1,11,BonusRewardIcon.png,36,1,1,-1,-1,-1,-1,-1,0,-1,-1,walk,n/a,idle,n/a,-1,-1,enter,40,default,0,0,0,0,0,0,RentIcon.png,n/a,SB_Sweet,SeedshopSelect,SeedshopSelect
400,255,1800,!!TASK_ALL_WATCH_MM_EPISODE,3032,-1,building,9006,1800,20,-1,-1,8,n/a,9,1,1,-1,-1,-1,-1,5,1,-1,-1,walk,n/a,idle,n/a,-1,-1,enter,40,default,0,0,0,0,0,0,RentIcon.png,n/a,SB_Sweet,SeedshopSelect,SeedshopSelect
401,256,7200,!!TASK_ALL_FANCY_FEAST_KK,3032,-1,building,1018,7200,50,-1,-1,11,n/a,9,1,1,-1,-1,-1,-1,6,1,-1,-1,walk,n/a,idle,n/a,-1,-1,enter,40,default,0,0,0,0,0,0,RentIcon.png,n/a,SB_Sweet,SeedshopSelect,SeedshopSelect
402,305,5,!!TASK_ALL_LAUNCH_XMAS_WISH,3032,-1,building,20109,5,6,-1,-1,1,n/a,1,1,1,2826,2835,2842,-1,9,1,-1,-1,walk,n/a,gimme,n/a,-1,-1,activate,40,shoot,10,10,0,0,0,0,RentIcon.png,n/a,SB_Sweet,SeedshopSelect,SeedshopSelect
403,491,7200,!!TASK_ALL_VDAY_MAKE_IBEAMS,3032,-1,building,20624,7200,-1,57,50,11,n/a,36,1,1,3100,-1,-1,-1,-1,0,-1,-1,walk,n/a,idle,n/a,-1,-1,enter,40,default,0,0,0,0,0,0,RentIcon.png,n/a,SB_Sweet,SeedshopSelect,SeedshopSelect
404,492,14400,!!TASK_ALL_VDAY_WELD_STRAPS,3032,-1,building,20624,14400,-1,57,65,14,n/a,36,1,1,3100,-1,-1,-1,-1,0,-1,-1,walk,n/a,idle,n/a,-1,-1,enter,40,default,0,0,0,0,0,0,RentIcon.png,n/a,SB_Sweet,SeedshopSelect,SeedshopSelect
405,493,21600,!!TASK_ALL_VDAY_MOLD_RAIL,3032,-1,building,20624,21600,-1,57,70,18,n/a,36,1,1,3100,-1,-1,-1,-1,0,-1,-1,walk,n/a,idle,n/a,-1,-1,enter,40,default,0,0,0,0,0,0,RentIcon.png,n/a,SB_Sweet,SeedshopSelect,SeedshopSelect
406,68,300,!!TASK_MRSPUFF_CHAT_WITH_LAMP,3014,-1,building,1003,300,11,-1,-1,5,n/a,1,1,0,-1,-1,-1,-1,-1,0,-1,-1,walk,n/a,idle,n/a,-1,-1,enter,40,default,0,0,0,0,0,0,RentIcon.png,MRSP_MovedIn,SB_Sweet,SeedshopSelect,SeedshopSelect
407,69,3600,!!TASK_MRSPUFF_MUSEUM_TRIP,3014,-1,building,1006,3600,40,-1,-1,10,n/a,1,1,0,-1,-1,-1,-1,-1,0,-1,-1,walk,n/a,idle,n/a,-1,-1,enter,40,default,0,0,0,0,0,0,RentIcon.png,MRSP_Anticlimactic,SB_Sweet,SeedshopSelect,SeedshopSelect
408,586,7200,!!TASK_MRSPUFF_PRACTICE_DEPUFF,3014,-1,building,1010,7200,50,-1,-1,11,n/a,1,1,0,-1,-1,-1,-1,-1,0,-1,-1,walk,n/a,idle,n/a,-1,-1,enter,40,default,0,0,0,0,0,0,RentIcon.png,n/a,SB_Sweet,SeedshopSelect,SeedshopSelect
409,70,14400,!!TASK_MRSPUFF_COMPLAIN_ABOUT_SB,3014,-1,building,1003,14400,65,-1,-1,14,n/a,1,1,0,-1,-1,-1,-1,-1,0,-1,-1,walk,n/a,idle,n/a,-1,-1,enter,40,default,0,0,0,0,0,0,RentIcon.png,n/a,SB_Sweet,SeedshopSelect,SeedshopSelect
410,73,14400,!!TASK_MRSPUFF_GRADE_PAPERS,3014,-1,building,1003,14400,65,-1,-1,14,n/a,1,1,0,-1,-1,-1,-1,-1,0,-1,-1,walk,n/a,idle,n/a,-1,-1,enter,40,default,0,0,0,0,0,0,RentIcon.png,MRSP_DontDwellOnPast,SB_Sweet,SeedshopSelect,SeedshopSelect
411,587,21600,!!TASK_MRSPUFF_CREATE_TEST,3014,-1,building,20900,21600,70,-1,-1,18,n/a,1,1,1,-1,-1,-1,-1,-1,0,-1,-1,walk,n/a,idle,n/a,-1,-1,enter,40,default,0,0,0,0,0,0,RentIcon.png,n/a,SB_Sweet,SeedshopSelect,SeedshopSelect
412,588,28800,!!TASK_MRSPUFF_ENDURE_SB_NIGHTMARE,3014,-1,building,1003,28800,80,-1,-1,22,n/a,1,1,0,-1,-1,-1,-1,-1,0,-1,-1,walk,n/a,idle,n/a,-1,-1,enter,40,default,0,0,0,0,0,0,RentIcon.png,n/a,SB_Sweet,SeedshopSelect,SeedshopSelect
413,72,36000,!!TASK_MRSPUFF_DRIVER_SEMINAR,3014,-1,building,1001,36000,85,-1,-1,26,n/a,1,1,0,-1,-1,-1,-1,-1,0,-1,-1,walk,n/a,idle,n/a,-1,-1,enter,40,default,0,0,0,0,0,0,RentIcon.png,MRSP_LegalReasons,SB_Sweet,SeedshopSelect,SeedshopSelect
414,377,7200,!!TASK_ALL_WATCH_HOLIDAY_TV,3014,-1,building,1003,7200,50,-1,-1,11,BonusRewardIcon.png,36,1,1,-1,-1,-1,-1,-1,0,-1,-1,walk,n/a,idle,n/a,-1,-1,enter,40,default,0,0,0,0,0,0,RentIcon.png,n/a,SB_Sweet,SeedshopSelect,SeedshopSelect
415,376,7200,!!TASK_ALL_BROWSE_GOODIES,3014,-1,building,9046,7200,50,-1,-1,11,BonusRewardIcon.png,36,1,1,-1,-1,-1,-1,-1,0,-1,-1,walk,n/a,idle,n/a,-1,-1,enter,40,default,0,0,0,0,0,0,RentIcon.png,n/a,SB_Sweet,SeedshopSelect,SeedshopSelect
416,719,14400,!!TASK_ALL_FESTIVE_FLORAL,3014,-1,building,1102,14400,65,-1,-1,14,BonusRewardIcon.png,36,1,1,-1,-1,-1,-1,-1,0,-1,-1,walk,n/a,idle,n/a,-1,-1,enter,40,default,0,0,0,0,0,0,RentIcon.png,n/a,SB_Sweet,SeedshopSelect,SeedshopSelect
417,720,7200,!!TASK_ALL_MORE_BAKED_GOODS,3014,-1,building,1024,7200,50,-1,-1,11,BonusRewardIcon.png,36,1,1,-1,-1,-1,-1,-1,0,-1,-1,walk,n/a,idle,n/a,-1,-1,enter,40,default,0,0,0,0,0,0,RentIcon.png,n/a,SB_Sweet,SeedshopSelect,SeedshopSelect
418,721,21600,!!TASK_ALL_SHAKE_PRESENTS,3014,-1,building,1003,21600,70,-1,-1,18,BonusRewardIcon.png,36,1,1,-1,-1,-1,-1,-1,0,-1,-1,walk,n/a,idle,n/a,-1,-1,enter,40,default,0,0,0,0,0,0,RentIcon.png,n/a,SB_Sweet,SeedshopSelect,SeedshopSelect
419,378,7200,!!TASK_ALL_ENJOY_TIME_OFF,3014,-1,building,1003,7200,50,-1,-1,11,BonusRewardIcon.png,36,1,1,-1,-1,-1,-1,-1,0,-1,-1,walk,n/a,idle,n/a,-1,-1,enter,40,default,0,0,0,0,0,0,RentIcon.png,n/a,SB_Sweet,SeedshopSelect,SeedshopSelect
420,722,7200,!!TASK_ALL_SING_OLD_FOLKS,3014,-1,building,1026,7200,50,-1,-1,11,BonusRewardIcon.png,36,1,1,-1,-1,-1,-1,-1,0,-1,-1,walk,n/a,idle,n/a,-1,-1,enter,40,default,0,0,0,0,0,0,RentIcon.png,n/a,SB_Sweet,SeedshopSelect,SeedshopSelect
421,723,14400,!!TASK_ALL_MISTLETOE_WAIT,3014,-1,building,1003,14400,65,-1,-1,14,BonusRewardIcon.png,36,1,1,-1,-1,-1,-1,-1,0,-1,-1,walk,n/a,idle,n/a,-1,-1,enter,40,default,0,0,0,0,0,0,RentIcon.png,n/a,SB_Sweet,SeedshopSelect,SeedshopSelect
422,724,7200,!!TASK_ALL_XMAS_DONUTS_POLICE,3014,-1,building,1004,7200,50,-1,-1,11,BonusRewardIcon.png,36,1,1,-1,-1,-1,-1,-1,0,-1,-1,walk,n/a,idle,n/a,-1,-1,enter,40,default,0,0,0,0,0,0,RentIcon.png,n/a,SB_Sweet,SeedshopSelect,SeedshopSelect
423,725,7200,!!TASK_ALL_KNIT_FIN_MITTENS,3014,-1,building,1002,7200,50,-1,-1,11,BonusRewardIcon.png,36,1,1,-1,-1,-1,-1,-1,0,-1,-1,walk,n/a,idle,n/a,-1,-1,enter,40,default,0,0,0,0,0,0,RentIcon.png,n/a,SB_Sweet,SeedshopSelect,SeedshopSelect
424,257,1800,!!TASK_ALL_WATCH_MM_EPISODE,3014,-1,building,1003,1800,20,-1,-1,8,n/a,9,1,1,-1,-1,-1,-1,5,1,-1,-1,walk,n/a,idle,n/a,-1,-1,enter,40,default,0,0,0,0,0,0,RentIcon.png,n/a,SB_Sweet,SeedshopSelect,SeedshopSelect
425,258,7200,!!TASK_ALL_FANCY_FEAST_KK,3014,-1,building,1018,7200,50,-1,-1,11,n/a,9,1,1,-1,-1,-1,-1,6,1,-1,-1,walk,n/a,idle,n/a,-1,-1,enter,40,default,0,0,0,0,0,0,RentIcon.png,n/a,SB_Sweet,SeedshopSelect,SeedshopSelect
426,306,5,!!TASK_ALL_LAUNCH_XMAS_WISH,3014,-1,building,20109,5,6,-1,-1,1,n/a,1,1,1,2826,2835,2842,-1,9,1,-1,-1,walk,n/a,gimme,n/a,-1,-1,activate,40,shoot,10,10,0,0,0,0,RentIcon.png,n/a,SB_Sweet,SeedshopSelect,SeedshopSelect
427,494,7200,!!TASK_ALL_VDAY_MAKE_IBEAMS,3014,-1,building,20624,7200,-1,57,50,11,n/a,36,1,1,3100,-1,-1,-1,-1,0,-1,-1,walk,n/a,idle,n/a,-1,-1,enter,40,default,0,0,0,0,0,0,RentIcon.png,n/a,SB_Sweet,SeedshopSelect,SeedshopSelect
428,495,14400,!!TASK_ALL_VDAY_SOLDER_SWEET_NOTHINGS,3014,-1,building,20624,14400,-1,57,65,14,n/a,36,1,1,3100,-1,-1,-1,-1,0,-1,-1,walk,n/a,idle,n/a,-1,-1,enter,40,default,0,0,0,0,0,0,RentIcon.png,n/a,SB_Sweet,SeedshopSelect,SeedshopSelect
429,496,21600,!!TASK_ALL_VDAY_BEND_HOLDERS,3014,-1,building,20624,21600,-1,57,70,18,n/a,36,1,1,3100,-1,-1,-1,-1,0,-1,-1,walk,n/a,idle,n/a,-1,-1,enter,40,default,0,0,0,0,0,0,RentIcon.png,n/a,SB_Sweet,SeedshopSelect,SeedshopSelect
430,74,300,!!TASK_TOMMY_POLISH_MONOCLE_HAUGHTILY,3030,-1,building,9000,300,11,-1,-1,5,n/a,1,1,0,-1,-1,-1,-1,-1,0,-1,-1,walk,n/a,idle,n/a,-1,-1,enter,40,default,0,0,0,0,0,0,RentIcon.png,n/a,SB_Sweet,SeedshopSelect,SeedshopSelect
431,77,21600,!!TASK_TOMMY_LOWBROW_MOVIES,3030,-1,building,1007,21600,70,-1,-1,18,n/a,1,1,0,-1,-1,-1,-1,-1,0,-1,-1,walk,n/a,idle,n/a,-1,-1,enter,40,default,0,0,0,0,0,0,RentIcon.png,n/a,SB_Sweet,SeedshopSelect,SeedshopSelect
432,78,14400,!!TASK_TOMMY_TALK_DOWN,3030,-1,building,1102,14400,65,-1,-1,14,n/a,1,1,0,-1,-1,-1,-1,-1,0,-1,-1,walk,n/a,idle,n/a,-1,-1,enter,40,default,0,0,0,0,0,0,RentIcon.png,n/a,SB_Sweet,SeedshopSelect,SeedshopSelect
433,79,86400,!!TASK_TOMMY_TUX_CLEANERS,3030,-1,building,9000,86400,120,-1,-1,30,n/a,1,1,0,-1,-1,-1,-1,-1,0,-1,-1,walk,n/a,idle,n/a,-1,-1,enter,40,default,0,0,0,0,0,0,RentIcon.png,n/a,SB_Sweet,SeedshopSelect,SeedshopSelect
434,380,7200,!!TASK_ALL_WATCH_HOLIDAY_TV,3030,-1,building,9000,7200,50,-1,-1,11,BonusRewardIcon.png,36,1,1,-1,-1,-1,-1,-1,0,-1,-1,walk,n/a,idle,n/a,-1,-1,enter,40,default,0,0,0,0,0,0,RentIcon.png,n/a,SB_Sweet,SeedshopSelect,SeedshopSelect
435,379,7200,!!TASK_ALL_BROWSE_GOODIES,3030,-1,building,9046,7200,50,-1,-1,11,BonusRewardIcon.png,36,1,1,-1,-1,-1,-1,-1,0,-1,-1,walk,n/a,idle,n/a,-1,-1,enter,40,default,0,0,0,0,0,0,RentIcon.png,n/a,SB_Sweet,SeedshopSelect,SeedshopSelect
436,726,14400,!!TASK_ALL_FESTIVE_FLORAL,3030,-1,building,1102,14400,65,-1,-1,14,BonusRewardIcon.png,36,1,1,-1,-1,-1,-1,-1,0,-1,-1,walk,n/a,idle,n/a,-1,-1,enter,40,default,0,0,0,0,0,0,RentIcon.png,n/a,SB_Sweet,SeedshopSelect,SeedshopSelect
437,727,7200,!!TASK_ALL_MORE_BAKED_GOODS,3030,-1,building,1024,7200,50,-1,-1,11,BonusRewardIcon.png,36,1,1,-1,-1,-1,-1,-1,0,-1,-1,walk,n/a,idle,n/a,-1,-1,enter,40,default,0,0,0,0,0,0,RentIcon.png,n/a,SB_Sweet,SeedshopSelect,SeedshopSelect
438,728,21600,!!TASK_ALL_SHAKE_PRESENTS,3030,-1,building,9000,21600,70,-1,-1,18,BonusRewardIcon.png,36,1,1,-1,-1,-1,-1,-1,0,-1,-1,walk,n/a,idle,n/a,-1,-1,enter,40,default,0,0,0,0,0,0,RentIcon.png,n/a,SB_Sweet,SeedshopSelect,SeedshopSelect
439,381,7200,!!TASK_ALL_ENJOY_TIME_OFF,3030,-1,building,9000,7200,50,-1,-1,11,BonusRewardIcon.png,36,1,1,-1,-1,-1,-1,-1,0,-1,-1,walk,n/a,idle,n/a,-1,-1,enter,40,default,0,0,0,0,0,0,RentIcon.png,n/a,SB_Sweet,SeedshopSelect,SeedshopSelect
440,729,7200,!!TASK_ALL_SING_OLD_FOLKS,3030,-1,building,1026,7200,50,-1,-1,11,BonusRewardIcon.png,36,1,1,-1,-1,-1,-1,-1,0,-1,-1,walk,n/a,idle,n/a,-1,-1,enter,40,default,0,0,0,0,0,0,RentIcon.png,n/a,SB_Sweet,SeedshopSelect,SeedshopSelect
441,730,14400,!!TASK_ALL_MISTLETOE_WAIT,3030,-1,building,9000,14400,65,-1,-1,14,BonusRewardIcon.png,36,1,1,-1,-1,-1,-1,-1,0,-1,-1,walk,n/a,idle,n/a,-1,-1,enter,40,default,0,0,0,0,0,0,RentIcon.png,n/a,SB_Sweet,SeedshopSelect,SeedshopSelect
442,731,7200,!!TASK_ALL_XMAS_DONUTS_POLICE,3030,-1,building,1004,7200,50,-1,-1,11,BonusRewardIcon.png,36,1,1,-1,-1,-1,-1,-1,0,-1,-1,walk,n/a,idle,n/a,-1,-1,enter,40,default,0,0,0,0,0,0,RentIcon.png,n/a,SB_Sweet,SeedshopSelect,SeedshopSelect
443,732,7200,!!TASK_ALL_KNIT_FIN_MITTENS,3030,-1,building,1002,7200,50,-1,-1,11,BonusRewardIcon.png,36,1,1,-1,-1,-1,-1,-1,0,-1,-1,walk,n/a,idle,n/a,-1,-1,enter,40,default,0,0,0,0,0,0,RentIcon.png,n/a,SB_Sweet,SeedshopSelect,SeedshopSelect
444,259,1800,!!TASK_ALL_WATCH_MM_EPISODE,3030,-1,building,9000,1800,20,-1,-1,8,n/a,9,1,1,-1,-1,-1,-1,5,1,-1,-1,walk,n/a,idle,n/a,-1,-1,enter,40,default,0,0,0,0,0,0,RentIcon.png,n/a,SB_Sweet,SeedshopSelect,SeedshopSelect
445,260,7200,!!TASK_ALL_FANCY_FEAST_KK,3030,-1,building,1018,7200,50,-1,-1,11,n/a,9,1,1,-1,-1,-1,-1,6,1,-1,-1,walk,n/a,idle,n/a,-1,-1,enter,40,default,0,0,0,0,0,0,RentIcon.png,n/a,SB_Sweet,SeedshopSelect,SeedshopSelect
446,307,5,!!TASK_ALL_LAUNCH_XMAS_WISH,3030,-1,building,20109,5,6,-1,-1,1,n/a,1,1,1,2826,2835,2842,-1,9,1,-1,-1,walk,n/a,gimme,n/a,-1,-1,activate,40,shoot,10,10,0,0,0,0,RentIcon.png,n/a,SB_Sweet,SeedshopSelect,SeedshopSelect
447,497,7200,!!TASK_ALL_VDAY_LOAD_BOXES,3030,-1,building,20624,7200,-1,57,50,11,n/a,36,1,1,3100,-1,-1,-1,-1,0,-1,-1,walk,n/a,idle,n/a,-1,-1,enter,40,default,0,0,0,0,0,0,RentIcon.png,n/a,SB_Sweet,SeedshopSelect,SeedshopSelect
448,498,14400,!!TASK_ALL_VDAY_BOLT_BROKEN_HEARTS,3030,-1,building,20624,14400,-1,57,65,14,n/a,36,1,1,3100,-1,-1,-1,-1,0,-1,-1,walk,n/a,idle,n/a,-1,-1,enter,40,default,0,0,0,0,0,0,RentIcon.png,n/a,SB_Sweet,SeedshopSelect,SeedshopSelect
449,499,21600,!!TASK_ALL_VDAY_BEND_HOLDERS,3030,-1,building,20624,21600,-1,57,70,18,n/a,36,1,1,3100,-1,-1,-1,-1,0,-1,-1,walk,n/a,idle,n/a,-1,-1,enter,40,default,0,0,0,0,0,0,RentIcon.png,n/a,SB_Sweet,SeedshopSelect,SeedshopSelect
450,80,300,!!TASK_JOHN_CHANGE,30321,-1,building,9001,300,11,-1,-1,5,n/a,1,1,0,-1,-1,-1,-1,-1,0,-1,-1,walk,n/a,idle,n/a,-1,-1,enter,40,default,0,0,0,0,0,0,RentIcon.png,n/a,SB_Sweet,SeedshopSelect,SeedshopSelect
451,82,14400,!!TASK_JOHN_EAT_LEFTOVERS,30321,-1,building,1007,14400,65,-1,-1,14,n/a,1,1,0,-1,-1,-1,-1,-1,0,-1,-1,walk,n/a,idle,n/a,-1,-1,enter,40,default,0,0,0,0,0,0,RentIcon.png,n/a,SB_Sweet,SeedshopSelect,SeedshopSelect
452,85,86400,!!TASK_JOHN_ZONE_OUT,30321,-1,building,9001,86400,120,-1,-1,30,n/a,1,1,0,-1,-1,-1,-1,-1,0,-1,-1,walk,n/a,idle,n/a,-1,-1,enter,40,default,0,0,0,0,0,0,RentIcon.png,n/a,SB_Sweet,SeedshopSelect,SeedshopSelect
453,383,7200,!!TASK_ALL_WATCH_HOLIDAY_TV,30321,-1,building,9001,7200,50,-1,-1,11,BonusRewardIcon.png,36,1,1,-1,-1,-1,-1,-1,0,-1,-1,walk,n/a,idle,n/a,-1,-1,enter,40,default,0,0,0,0,0,0,RentIcon.png,n/a,SB_Sweet,SeedshopSelect,SeedshopSelect
454,382,7200,!!TASK_ALL_BROWSE_GOODIES,30321,-1,building,9046,7200,50,-1,-1,11,BonusRewardIcon.png,36,1,1,-1,-1,-1,-1,-1,0,-1,-1,walk,n/a,idle,n/a,-1,-1,enter,40,default,0,0,0,0,0,0,RentIcon.png,n/a,SB_Sweet,SeedshopSelect,SeedshopSelect
455,733,14400,!!TASK_ALL_FESTIVE_FLORAL,30321,-1,building,1102,14400,65,-1,-1,14,BonusRewardIcon.png,36,1,1,-1,-1,-1,-1,-1,0,-1,-1,walk,n/a,idle,n/a,-1,-1,enter,40,default,0,0,0,0,0,0,RentIcon.png,n/a,SB_Sweet,SeedshopSelect,SeedshopSelect
456,734,7200,!!TASK_ALL_MORE_BAKED_GOODS,30321,-1,building,1024,7200,50,-1,-1,11,BonusRewardIcon.png,36,1,1,-1,-1,-1,-1,-1,0,-1,-1,walk,n/a,idle,n/a,-1,-1,enter,40,default,0,0,0,0,0,0,RentIcon.png,n/a,SB_Sweet,SeedshopSelect,SeedshopSelect
457,735,21600,!!TASK_ALL_SHAKE_PRESENTS,30321,-1,building,9001,21600,70,-1,-1,18,BonusRewardIcon.png,36,1,1,-1,-1,-1,-1,-1,0,-1,-1,walk,n/a,idle,n/a,-1,-1,enter,40,default,0,0,0,0,0,0,RentIcon.png,n/a,SB_Sweet,SeedshopSelect,SeedshopSelect
458,384,7200,!!TASK_ALL_ENJOY_TIME_OFF,30321,-1,building,9001,7200,50,-1,-1,11,BonusRewardIcon.png,36,1,1,-1,-1,-1,-1,-1,0,-1,-1,walk,n/a,idle,n/a,-1,-1,enter,40,default,0,0,0,0,0,0,RentIcon.png,n/a,SB_Sweet,SeedshopSelect,SeedshopSelect
459,736,7200,!!TASK_ALL_SING_OLD_FOLKS,30321,-1,building,1026,7200,50,-1,-1,11,BonusRewardIcon.png,36,1,1,-1,-1,-1,-1,-1,0,-1,-1,walk,n/a,idle,n/a,-1,-1,enter,40,default,0,0,0,0,0,0,RentIcon.png,n/a,SB_Sweet,SeedshopSelect,SeedshopSelect
460,737,14400,!!TASK_ALL_MISTLETOE_WAIT,30321,-1,building,9001,14400,65,-1,-1,14,BonusRewardIcon.png,36,1,1,-1,-1,-1,-1,-1,0,-1,-1,walk,n/a,idle,n/a,-1,-1,enter,40,default,0,0,0,0,0,0,RentIcon.png,n/a,SB_Sweet,SeedshopSelect,SeedshopSelect
461,738,7200,!!TASK_ALL_XMAS_DONUTS_POLICE,30321,-1,building,1004,7200,50,-1,-1,11,BonusRewardIcon.png,36,1,1,-1,-1,-1,-1,-1,0,-1,-1,walk,n/a,idle,n/a,-1,-1,enter,40,default,0,0,0,0,0,0,RentIcon.png,n/a,SB_Sweet,SeedshopSelect,SeedshopSelect
462,739,7200,!!TASK_ALL_KNIT_FIN_MITTENS,30321,-1,building,1002,7200,50,-1,-1,11,BonusRewardIcon.png,36,1,1,-1,-1,-1,-1,-1,0,-1,-1,walk,n/a,idle,n/a,-1,-1,enter,40,default,0,0,0,0,0,0,RentIcon.png,n/a,SB_Sweet,SeedshopSelect,SeedshopSelect
463,261,1800,!!TASK_ALL_WATCH_MM_EPISODE,30321,-1,building,9001,1800,20,-1,-1,8,n/a,9,1,1,-1,-1,-1,-1,5,1,-1,-1,walk,n/a,idle,n/a,-1,-1,enter,40,default,0,0,0,0,0,0,RentIcon.png,n/a,SB_Sweet,SeedshopSelect,SeedshopSelect
464,262,7200,!!TASK_ALL_FANCY_FEAST_KK,30321,-1,building,1018,7200,50,-1,-1,11,n/a,9,1,1,-1,-1,-1,-1,6,1,-1,-1,walk,n/a,idle,n/a,-1,-1,enter,40,default,0,0,0,0,0,0,RentIcon.png,n/a,SB_Sweet,SeedshopSelect,SeedshopSelect
465,308,5,!!TASK_ALL_LAUNCH_XMAS_WISH,30321,-1,building,20109,5,6,-1,-1,1,n/a,1,1,1,2826,2835,2842,-1,9,1,-1,-1,walk,n/a,gimme,n/a,-1,-1,activate,40,shoot,10,10,0,0,0,0,RentIcon.png,n/a,SB_Sweet,SeedshopSelect,SeedshopSelect
466,500,7200,!!TASK_ALL_VDAY_LOAD_BOXES,30321,-1,building,20624,7200,-1,57,50,11,n/a,36,1,1,3100,-1,-1,-1,-1,0,-1,-1,walk,n/a,idle,n/a,-1,-1,enter,40,default,0,0,0,0,0,0,RentIcon.png,n/a,SB_Sweet,SeedshopSelect,SeedshopSelect
467,501,14400,!!TASK_ALL_VDAY_WELD_STRAPS,30321,-1,building,20624,14400,-1,57,65,14,n/a,36,1,1,3100,-1,-1,-1,-1,0,-1,-1,walk,n/a,idle,n/a,-1,-1,enter,40,default,0,0,0,0,0,0,RentIcon.png,n/a,SB_Sweet,SeedshopSelect,SeedshopSelect
468,502,21600,!!TASK_ALL_VDAY_MOLD_RAIL,30321,-1,building,20624,21600,-1,57,70,18,n/a,36,1,1,3100,-1,-1,-1,-1,0,-1,-1,walk,n/a,idle,n/a,-1,-1,enter,40,default,0,0,0,0,0,0,RentIcon.png,n/a,SB_Sweet,SeedshopSelect,SeedshopSelect
469,86,300,!!TASK_SANDY_KARATE,3006,-1,n/a,-1,300,11,-1,-1,5,n/a,1,1,0,-1,-1,-1,-1,-1,0,-1,-1,karate_walk,n/a,karate_idle,n/a,8,2,wander,40,default,0,0,0,0,0,0,RentIcon.png,Sandy_Karate,SB_Sweet,SeedshopSelect,SeedshopSelect
470,87,3600,!!TASK_SANDY_LIFT_WEIGHT,3006,-1,building,1009,3600,40,-1,-1,10,n/a,1,1,0,-1,-1,-1,-1,-1,0,-1,-1,walk,n/a,idle,n/a,-1,-1,enter,40,default,0,0,0,0,0,0,RentIcon.png,Sandy_PieceOfCake,SB_Sweet,SeedshopSelect,SeedshopSelect
471,88,7200,!!TASK_SANDY_WATCH_WESTERN,3006,-1,building,1007,7200,50,-1,-1,11,n/a,1,1,0,-1,-1,-1,-1,-1,0,-1,-1,walk,n/a,idle,n/a,-1,-1,enter,40,default,0,0,0,0,0,0,RentIcon.png,Sandy_Wrangled,SB_Sweet,SeedshopSelect,SeedshopSelect
472,91,14400,!!TASK_SANDY_INVENTION,3006,-1,building,1019,14400,65,-1,-1,14,n/a,1,1,0,-1,-1,-1,-1,-1,0,-1,-1,walk,n/a,idle,n/a,-1,-1,enter,40,default,0,0,0,0,0,0,RentIcon.png,Sandy_Science,SB_Sweet,SeedshopSelect,SeedshopSelect
473,577,14400,!!TASK_SANDY_TRAIN_ANCHOR_TOSS,3006,-1,building,1009,14400,65,-1,-1,14,n/a,1,1,0,-1,-1,-1,-1,-1,0,-1,-1,walk,n/a,idle,n/a,-1,-1,enter,40,default,0,0,0,0,0,0,RentIcon.png,n/a,SB_Sweet,SeedshopSelect,SeedshopSelect
474,386,7200,!!TASK_ALL_WATCH_HOLIDAY_TV,3006,-1,building,1019,7200,50,-1,-1,11,BonusRewardIcon.png,36,1,1,-1,-1,-1,-1,-1,0,-1,-1,walk,n/a,idle,n/a,-1,-1,enter,40,default,0,0,0,0,0,0,RentIcon.png,n/a,SB_Sweet,SeedshopSelect,SeedshopSelect
475,385,7200,!!TASK_ALL_BROWSE_GOODIES,3006,-1,building,9046,7200,50,-1,-1,11,BonusRewardIcon.png,36,1,1,-1,-1,-1,-1,-1,0,-1,-1,walk,n/a,idle,n/a,-1,-1,enter,40,default,0,0,0,0,0,0,RentIcon.png,n/a,SB_Sweet,SeedshopSelect,SeedshopSelect
476,740,14400,!!TASK_ALL_FESTIVE_FLORAL,3006,-1,building,1102,14400,65,-1,-1,14,BonusRewardIcon.png,36,1,1,-1,-1,-1,-1,-1,0,-1,-1,walk,n/a,idle,n/a,-1,-1,enter,40,default,0,0,0,0,0,0,RentIcon.png,n/a,SB_Sweet,SeedshopSelect,SeedshopSelect
477,741,7200,!!TASK_ALL_MORE_BAKED_GOODS,3006,-1,building,1024,7200,50,-1,-1,11,BonusRewardIcon.png,36,1,1,-1,-1,-1,-1,-1,0,-1,-1,walk,n/a,idle,n/a,-1,-1,enter,40,default,0,0,0,0,0,0,RentIcon.png,n/a,SB_Sweet,SeedshopSelect,SeedshopSelect
478,742,21600,!!TASK_ALL_SHAKE_PRESENTS,3006,-1,building,1019,21600,70,-1,-1,18,BonusRewardIcon.png,36,1,1,-1,-1,-1,-1,-1,0,-1,-1,walk,n/a,idle,n/a,-1,-1,enter,40,default,0,0,0,0,0,0,RentIcon.png,n/a,SB_Sweet,SeedshopSelect,SeedshopSelect
479,387,7200,!!TASK_ALL_ENJOY_TIME_OFF,3006,-1,building,1019,7200,50,-1,-1,11,BonusRewardIcon.png,36,1,1,-1,-1,-1,-1,-1,0,-1,-1,walk,n/a,idle,n/a,-1,-1,enter,40,default,0,0,0,0,0,0,RentIcon.png,n/a,SB_Sweet,SeedshopSelect,SeedshopSelect
480,743,7200,!!TASK_ALL_SING_OLD_FOLKS,3006,-1,building,1026,7200,50,-1,-1,11,BonusRewardIcon.png,36,1,1,-1,-1,-1,-1,-1,0,-1,-1,walk,n/a,idle,n/a,-1,-1,enter,40,default,0,0,0,0,0,0,RentIcon.png,n/a,SB_Sweet,SeedshopSelect,SeedshopSelect
481,744,14400,!!TASK_ALL_MISTLETOE_WAIT,3006,-1,building,1019,14400,65,-1,-1,14,BonusRewardIcon.png,36,1,1,-1,-1,-1,-1,-1,0,-1,-1,walk,n/a,idle,n/a,-1,-1,enter,40,default,0,0,0,0,0,0,RentIcon.png,n/a,SB_Sweet,SeedshopSelect,SeedshopSelect
482,745,7200,!!TASK_ALL_XMAS_DONUTS_POLICE,3006,-1,building,1004,7200,50,-1,-1,11,BonusRewardIcon.png,36,1,1,-1,-1,-1,-1,-1,0,-1,-1,walk,n/a,idle,n/a,-1,-1,enter,40,default,0,0,0,0,0,0,RentIcon.png,n/a,SB_Sweet,SeedshopSelect,SeedshopSelect
483,746,7200,!!TASK_ALL_KNIT_FIN_MITTENS,3006,-1,building,1002,7200,50,-1,-1,11,BonusRewardIcon.png,36,1,1,-1,-1,-1,-1,-1,0,-1,-1,walk,n/a,idle,n/a,-1,-1,enter,40,default,0,0,0,0,0,0,RentIcon.png,n/a,SB_Sweet,SeedshopSelect,SeedshopSelect
484,867,14400,!!TASK_ALL_SNOWBALL_FIGHT,3006,-1,n/a,-1,14400,65,-1,-1,14,BonusRewardIcon.png,36,1,1,-1,-1,-1,-1,-1,0,-1,-1,walk,n/a,snowball,n/a,3,10,wander,20,default,0,0,0,0,0,0,RentIcon.png,n/a,SB_Sweet,SeedshopSelect,SeedshopSelect
485,902,14400,!!TASK_ALL_SNOWBALL_FIGHT_WEEK_2,3006,-1,n/a,-1,14400,65,-1,-1,14,BonusRewardIcon.png,36,1,1,-1,-1,-1,-1,-1,0,-1,-1,walk,n/a,snowball,n/a,3,10,wander,20,default,0,0,0,0,0,0,RentIcon.png,n/a,SB_Sweet,SeedshopSelect,SeedshopSelect
486,903,14400,!!TASK_ALL_SNOWBALL_FIGHT_WEEK_3,3006,-1,n/a,-1,14400,65,-1,-1,14,BonusRewardIcon.png,36,1,1,-1,-1,-1,-1,-1,0,-1,-1,walk,n/a,snowball,n/a,3,10,wander,20,default,0,0,0,0,0,0,RentIcon.png,n/a,SB_Sweet,SeedshopSelect,SeedshopSelect
487,904,14400,!!TASK_ALL_SNOWBALL_FIGHT_WEEK_4,3006,-1,n/a,-1,14400,65,-1,-1,14,BonusRewardIcon.png,36,1,1,-1,-1,-1,-1,-1,0,-1,-1,walk,n/a,snowball,n/a,3,10,wander,20,default,0,0,0,0,0,0,RentIcon.png,n/a,SB_Sweet,SeedshopSelect,SeedshopSelect
488,905,14400,!!TASK_ALL_SNOWBALL_FIGHT_WEEK_5,3006,-1,n/a,-1,14400,65,-1,-1,14,BonusRewardIcon.png,36,1,1,-1,-1,-1,-1,-1,0,-1,-1,walk,n/a,snowball,n/a,3,10,wander,20,default,0,0,0,0,0,0,RentIcon.png,n/a,SB_Sweet,SeedshopSelect,SeedshopSelect
489,263,1800,!!TASK_ALL_WATCH_MM_EPISODE,3006,-1,building,1019,1800,20,-1,-1,8,n/a,9,1,1,-1,-1,-1,-1,5,1,-1,-1,walk,n/a,idle,n/a,-1,-1,enter,40,default,0,0,0,0,0,0,RentIcon.png,n/a,SB_Sweet,SeedshopSelect,SeedshopSelect
490,264,7200,!!TASK_ALL_FANCY_FEAST_KK,3006,-1,building,1018,7200,50,-1,-1,11,n/a,9,1,1,-1,-1,-1,-1,6,1,-1,-1,walk,n/a,idle,n/a,-1,-1,enter,40,default,0,0,0,0,0,0,RentIcon.png,n/a,SB_Sweet,SeedshopSelect,SeedshopSelect
491,309,5,!!TASK_ALL_LAUNCH_XMAS_WISH,3006,-1,building,20109,5,6,-1,-1,1,n/a,1,1,1,2826,2835,2842,-1,9,1,-1,-1,walk,n/a,gimme,n/a,-1,-1,activate,40,shoot,10,10,0,0,0,0,RentIcon.png,n/a,SB_Sweet,SeedshopSelect,SeedshopSelect
492,503,7200,!!TASK_ALL_VDAY_MAKE_IBEAMS,3006,-1,building,20624,7200,-1,57,50,11,n/a,36,1,1,3100,-1,-1,-1,-1,0,-1,-1,walk,n/a,idle,n/a,-1,-1,enter,40,default,0,0,0,0,0,0,RentIcon.png,n/a,SB_Sweet,SeedshopSelect,SeedshopSelect
493,504,14400,!!TASK_ALL_VDAY_SOLDER_SWEET_NOTHINGS,3006,-1,building,20624,14400,-1,57,65,14,n/a,36,1,1,3100,-1,-1,-1,-1,0,-1,-1,walk,n/a,idle,n/a,-1,-1,enter,40,default,0,0,0,0,0,0,RentIcon.png,n/a,SB_Sweet,SeedshopSelect,SeedshopSelect
494,505,86400,!!TASK_ALL_VDAY_TIE_HEARTSTRINGS,3006,-1,building,20624,86400,-1,57,120,30,n/a,36,1,1,3100,-1,-1,-1,-1,0,-1,-1,walk,n/a,idle,n/a,-1,-1,enter,40,default,0,0,0,0,0,0,RentIcon.png,n/a,SB_Sweet,SeedshopSelect,SeedshopSelect
495,92,300,!!TASK_BB_DOG_PADDLE,3008,-1,n/a,-1,300,11,-1,-1,5,n/a,1,1,0,-1,-1,-1,-1,-1,0,-1,-1,dogpaddle,n/a,idle,n/a,8,-1,wander,40,default,0,0,0,0,0,0,RentIcon.png,n/a,SB_Sweet,SeedshopSelect,SeedshopSelect
496,93,3600,!!TASK_BB_ADULT_PATTY,3008,-1,building,1018,3600,40,-1,-1,10,n/a,1,1,0,-1,-1,-1,-1,-1,0,-1,-1,walk,n/a,idle,n/a,-1,-1,enter,40,default,0,0,0,0,0,0,RentIcon.png,n/a,SB_Sweet,SeedshopSelect,SeedshopSelect
497,97,14400,!!TASK_BB_MONOPOLIZE_TV,3008,-1,building,1026,14400,65,-1,-1,14,n/a,1,1,0,-1,-1,-1,-1,-1,0,-1,-1,walk,n/a,idle,n/a,-1,-1,enter,40,default,0,0,0,0,0,0,RentIcon.png,n/a,SB_Sweet,SeedshopSelect,SeedshopSelect
498,389,7200,!!TASK_ALL_WATCH_HOLIDAY_TV,3008,-1,building,1026,7200,50,-1,-1,11,BonusRewardIcon.png,36,1,1,-1,-1,-1,-1,-1,0,-1,-1,walk,n/a,idle,n/a,-1,-1,enter,40,default,0,0,0,0,0,0,RentIcon.png,n/a,SB_Sweet,SeedshopSelect,SeedshopSelect
499,388,7200,!!TASK_ALL_BROWSE_GOODIES,3008,-1,building,9046,7200,50,-1,-1,11,BonusRewardIcon.png,36,1,1,-1,-1,-1,-1,-1,0,-1,-1,walk,n/a,idle,n/a,-1,-1,enter,40,default,0,0,0,0,0,0,RentIcon.png,n/a,SB_Sweet,SeedshopSelect,SeedshopSelect
500,747,14400,!!TASK_ALL_FESTIVE_FLORAL,3008,-1,building,1102,14400,65,-1,-1,14,BonusRewardIcon.png,36,1,1,-1,-1,-1,-1,-1,0,-1,-1,walk,n/a,idle,n/a,-1,-1,enter,40,default,0,0,0,0,0,0,RentIcon.png,n/a,SB_Sweet,SeedshopSelect,SeedshopSelect
501,748,7200,!!TASK_ALL_MORE_BAKED_GOODS,3008,-1,building,1024,7200,50,-1,-1,11,BonusRewardIcon.png,36,1,1,-1,-1,-1,-1,-1,0,-1,-1,walk,n/a,idle,n/a,-1,-1,enter,40,default,0,0,0,0,0,0,RentIcon.png,n/a,SB_Sweet,SeedshopSelect,SeedshopSelect
502,749,21600,!!TASK_ALL_SHAKE_PRESENTS,3008,-1,building,1026,21600,70,-1,-1,18,BonusRewardIcon.png,36,1,1,-1,-1,-1,-1,-1,0,-1,-1,walk,n/a,idle,n/a,-1,-1,enter,40,default,0,0,0,0,0,0,RentIcon.png,n/a,SB_Sweet,SeedshopSelect,SeedshopSelect
503,390,7200,!!TASK_ALL_ENJOY_TIME_OFF,3008,-1,building,1026,7200,50,-1,-1,11,BonusRewardIcon.png,36,1,1,-1,-1,-1,-1,-1,0,-1,-1,walk,n/a,idle,n/a,-1,-1,enter,40,default,0,0,0,0,0,0,RentIcon.png,n/a,SB_Sweet,SeedshopSelect,SeedshopSelect
504,750,7200,!!TASK_ALL_SING_OLD_FOLKS,3008,-1,building,1026,7200,50,-1,-1,11,BonusRewardIcon.png,36,1,1,-1,-1,-1,-1,-1,0,-1,-1,walk,n/a,idle,n/a,-1,-1,enter,40,default,0,0,0,0,0,0,RentIcon.png,n/a,SB_Sweet,SeedshopSelect,SeedshopSelect
505,751,14400,!!TASK_ALL_MISTLETOE_WAIT,3008,-1,building,1026,14400,65,-1,-1,14,BonusRewardIcon.png,36,1,1,-1,-1,-1,-1,-1,0,-1,-1,walk,n/a,idle,n/a,-1,-1,enter,40,default,0,0,0,0,0,0,RentIcon.png,n/a,SB_Sweet,SeedshopSelect,SeedshopSelect
506,752,7200,!!TASK_ALL_XMAS_DONUTS_POLICE,3008,-1,building,1004,7200,50,-1,-1,11,BonusRewardIcon.png,36,1,1,-1,-1,-1,-1,-1,0,-1,-1,walk,n/a,idle,n/a,-1,-1,enter,40,default,0,0,0,0,0,0,RentIcon.png,n/a,SB_Sweet,SeedshopSelect,SeedshopSelect
507,753,7200,!!TASK_ALL_KNIT_FIN_MITTENS,3008,-1,building,1002,7200,50,-1,-1,11,BonusRewardIcon.png,36,1,1,-1,-1,-1,-1,-1,0,-1,-1,walk,n/a,idle,n/a,-1,-1,enter,40,default,0,0,0,0,0,0,RentIcon.png,n/a,SB_Sweet,SeedshopSelect,SeedshopSelect
508,265,1800,!!TASK_ALL_WATCH_MM_EPISODE,3008,-1,building,1026,1800,20,-1,-1,8,n/a,9,1,1,-1,-1,-1,-1,5,1,-1,-1,walk,n/a,idle,n/a,-1,-1,enter,40,default,0,0,0,0,0,0,RentIcon.png,n/a,SB_Sweet,SeedshopSelect,SeedshopSelect
509,266,7200,!!TASK_ALL_FANCY_FEAST_KK,3008,-1,building,1018,7200,50,-1,-1,11,n/a,9,1,1,-1,-1,-1,-1,6,1,-1,-1,walk,n/a,idle,n/a,-1,-1,enter,40,default,0,0,0,0,0,0,RentIcon.png,n/a,SB_Sweet,SeedshopSelect,SeedshopSelect
510,310,5,!!TASK_ALL_LAUNCH_XMAS_WISH,3008,-1,building,20109,5,6,-1,-1,1,n/a,1,1,1,2826,2835,2842,-1,9,1,-1,-1,walk,n/a,gimme,n/a,-1,-1,activate,40,shoot,10,10,0,0,0,0,RentIcon.png,n/a,SB_Sweet,SeedshopSelect,SeedshopSelect
511,506,7200,!!TASK_ALL_VDAY_LOAD_BOXES,3008,-1,building,20624,7200,-1,57,50,11,n/a,36,1,1,3100,-1,-1,-1,-1,0,-1,-1,walk,n/a,idle,n/a,-1,-1,enter,40,default,0,0,0,0,0,0,RentIcon.png,n/a,SB_Sweet,SeedshopSelect,SeedshopSelect
512,507,14400,!!TASK_ALL_VDAY_WELD_STRAPS,3008,-1,building,20624,14400,-1,57,65,14,n/a,36,1,1,3100,-1,-1,-1,-1,0,-1,-1,walk,n/a,idle,n/a,-1,-1,enter,40,default,0,0,0,0,0,0,RentIcon.png,n/a,SB_Sweet,SeedshopSelect,SeedshopSelect
513,508,21600,!!TASK_ALL_VDAY_BEND_HOLDERS,3008,-1,building,20624,21600,-1,57,70,18,n/a,36,1,1,3100,-1,-1,-1,-1,0,-1,-1,walk,n/a,idle,n/a,-1,-1,enter,40,default,0,0,0,0,0,0,RentIcon.png,n/a,SB_Sweet,SeedshopSelect,SeedshopSelect
514,98,300,!!TASK_LARRY_POWER_WALK,3013,-1,n/a,-1,300,11,-1,-1,5,n/a,1,1,0,-1,-1,-1,-1,-1,0,-1,-1,power_walk,n/a,idle,n/a,8,-1,wander,40,default,0,0,0,0,0,0,RentIcon.png,LL_MakePoses,SB_Sweet,SeedshopSelect,SeedshopSelect
515,99,3600,!!TASK_LARRY_RESCUED_FISH,3013,-1,building,1010,3600,40,-1,-1,10,n/a,1,1,0,-1,-1,-1,-1,-1,0,-1,-1,walk,n/a,idle,n/a,-1,-1,enter,40,default,0,0,0,0,0,0,RentIcon.png,LL_TearToMyEye,SB_Sweet,SeedshopSelect,SeedshopSelect
516,565,7200,!!TASK_LARRY_GILL_TO_GILL,3013,-1,building,20800,7200,65,-1,-1,14,n/a,1,1,1,-1,-1,-1,-1,-1,0,-1,-1,walk,n/a,idle,n/a,-1,-1,enter,40,default,0,0,0,0,0,0,RentIcon.png,MK_Woohoo,SB_Sweet,SeedshopSelect,SeedshopSelect
517,102,14400,!!TASK_LARRY_PUMP_IRON,3013,-1,building,1009,14400,65,-1,-1,14,n/a,1,1,0,-1,-1,-1,-1,-1,0,-1,-1,walk,n/a,idle,n/a,-1,-1,enter,40,default,0,0,0,0,0,0,RentIcon.png,LL_ILoveThisPlace,SB_Sweet,SeedshopSelect,SeedshopSelect
518,101,21600,!!TASK_LARRY_BEAT_MAMA,3013,-1,building,1026,21600,70,-1,-1,18,n/a,1,1,0,-1,-1,-1,-1,-1,0,-1,-1,walk,n/a,idle,n/a,-1,-1,enter,40,default,0,0,0,0,0,0,RentIcon.png,LL_YouAreKidding,SB_Sweet,SeedshopSelect,SeedshopSelect
519,392,7200,!!TASK_ALL_WATCH_HOLIDAY_TV,3013,-1,building,1009,7200,50,-1,-1,11,BonusRewardIcon.png,36,1,1,-1,-1,-1,-1,-1,0,-1,-1,walk,n/a,idle,n/a,-1,-1,enter,40,default,0,0,0,0,0,0,RentIcon.png,n/a,SB_Sweet,SeedshopSelect,SeedshopSelect
520,391,7200,!!TASK_ALL_BROWSE_GOODIES,3013,-1,building,9046,7200,50,-1,-1,11,BonusRewardIcon.png,36,1,1,-1,-1,-1,-1,-1,0,-1,-1,walk,n/a,idle,n/a,-1,-1,enter,40,default,0,0,0,0,0,0,RentIcon.png,n/a,SB_Sweet,SeedshopSelect,SeedshopSelect
521,754,14400,!!TASK_ALL_FESTIVE_FLORAL,3013,-1,building,1102,14400,65,-1,-1,14,BonusRewardIcon.png,36,1,1,-1,-1,-1,-1,-1,0,-1,-1,walk,n/a,idle,n/a,-1,-1,enter,40,default,0,0,0,0,0,0,RentIcon.png,n/a,SB_Sweet,SeedshopSelect,SeedshopSelect
522,755,7200,!!TASK_ALL_MORE_BAKED_GOODS,3013,-1,building,1024,7200,50,-1,-1,11,BonusRewardIcon.png,36,1,1,-1,-1,-1,-1,-1,0,-1,-1,walk,n/a,idle,n/a,-1,-1,enter,40,default,0,0,0,0,0,0,RentIcon.png,n/a,SB_Sweet,SeedshopSelect,SeedshopSelect
523,756,21600,!!TASK_ALL_SHAKE_PRESENTS,3013,-1,building,1009,21600,70,-1,-1,18,BonusRewardIcon.png,36,1,1,-1,-1,-1,-1,-1,0,-1,-1,walk,n/a,idle,n/a,-1,-1,enter,40,default,0,0,0,0,0,0,RentIcon.png,n/a,SB_Sweet,SeedshopSelect,SeedshopSelect
524,393,7200,!!TASK_ALL_ENJOY_TIME_OFF,3013,-1,building,1009,7200,50,-1,-1,11,BonusRewardIcon.png,36,1,1,-1,-1,-1,-1,-1,0,-1,-1,walk,n/a,idle,n/a,-1,-1,enter,40,default,0,0,0,0,0,0,RentIcon.png,n/a,SB_Sweet,SeedshopSelect,SeedshopSelect
525,757,7200,!!TASK_ALL_SING_OLD_FOLKS,3013,-1,building,1026,7200,50,-1,-1,11,BonusRewardIcon.png,36,1,1,-1,-1,-1,-1,-1,0,-1,-1,walk,n/a,idle,n/a,-1,-1,enter,40,default,0,0,0,0,0,0,RentIcon.png,n/a,SB_Sweet,SeedshopSelect,SeedshopSelect
526,758,14400,!!TASK_ALL_MISTLETOE_WAIT,3013,-1,building,1009,14400,65,-1,-1,14,BonusRewardIcon.png,36,1,1,-1,-1,-1,-1,-1,0,-1,-1,walk,n/a,idle,n/a,-1,-1,enter,40,default,0,0,0,0,0,0,RentIcon.png,n/a,SB_Sweet,SeedshopSelect,SeedshopSelect
527,759,7200,!!TASK_ALL_XMAS_DONUTS_POLICE,3013,-1,building,1004,7200,50,-1,-1,11,BonusRewardIcon.png,36,1,1,-1,-1,-1,-1,-1,0,-1,-1,walk,n/a,idle,n/a,-1,-1,enter,40,default,0,0,0,0,0,0,RentIcon.png,n/a,SB_Sweet,SeedshopSelect,SeedshopSelect
528,760,7200,!!TASK_ALL_KNIT_FIN_MITTENS,3013,-1,building,1002,7200,50,-1,-1,11,BonusRewardIcon.png,36,1,1,-1,-1,-1,-1,-1,0,-1,-1,walk,n/a,idle,n/a,-1,-1,enter,40,default,0,0,0,0,0,0,RentIcon.png,n/a,SB_Sweet,SeedshopSelect,SeedshopSelect
529,267,1800,!!TASK_ALL_WATCH_MM_EPISODE,3013,-1,building,1009,1800,20,-1,-1,8,n/a,9,1,1,-1,-1,-1,-1,5,1,-1,-1,walk,n/a,idle,n/a,-1,-1,enter,40,default,0,0,0,0,0,0,RentIcon.png,n/a,SB_Sweet,SeedshopSelect,SeedshopSelect
530,268,7200,!!TASK_ALL_FANCY_FEAST_KK,3013,-1,building,1018,7200,50,-1,-1,11,n/a,9,1,1,-1,-1,-1,-1,6,1,-1,-1,walk,n/a,idle,n/a,-1,-1,enter,40,default,0,0,0,0,0,0,RentIcon.png,n/a,SB_Sweet,SeedshopSelect,SeedshopSelect
531,311,5,!!TASK_ALL_LAUNCH_XMAS_WISH,3013,-1,building,20109,5,6,-1,-1,1,n/a,1,1,1,2826,2835,2842,-1,9,1,-1,-1,walk,n/a,gimme,n/a,-1,-1,activate,40,shoot,10,10,0,0,0,0,RentIcon.png,n/a,SB_Sweet,SeedshopSelect,SeedshopSelect
532,509,14400,!!TASK_ALL_VDAY_BOLT_BROKEN_HEARTS,3013,-1,building,20624,14400,-1,57,65,14,n/a,36,1,1,3100,-1,-1,-1,-1,0,-1,-1,walk,n/a,idle,n/a,-1,-1,enter,40,default,0,0,0,0,0,0,RentIcon.png,n/a,SB_Sweet,SeedshopSelect,SeedshopSelect
533,510,21600,!!TASK_ALL_VDAY_MOLD_RAIL,3013,-1,building,20624,21600,-1,57,70,18,n/a,36,1,1,3100,-1,-1,-1,-1,0,-1,-1,walk,n/a,idle,n/a,-1,-1,enter,40,default,0,0,0,0,0,0,RentIcon.png,n/a,SB_Sweet,SeedshopSelect,SeedshopSelect
534,511,86400,!!TASK_ALL_VDAY_FORKLIFT_GIRDERS,3013,-1,building,20624,86400,-1,57,120,30,n/a,36,1,1,3100,-1,-1,-1,-1,0,-1,-1,walk,n/a,idle,n/a,-1,-1,enter,40,default,0,0,0,0,0,0,RentIcon.png,n/a,SB_Sweet,SeedshopSelect,SeedshopSelect
535,104,300,!!TASK_HARRY_SCOWLING,3019,-1,building,9002,300,11,-1,-1,5,n/a,1,1,0,-1,-1,-1,-1,-1,0,-1,-1,walk,n/a,idle,n/a,-1,-1,enter,40,default,0,0,0,0,0,0,RentIcon.png,n/a,SB_Sweet,SeedshopSelect,SeedshopSelect
536,106,14400,!!TASK_HARRY_ELBOW_GREASE,3019,-1,building,9002,14400,65,-1,-1,14,n/a,1,1,0,-1,-1,-1,-1,-1,0,-1,-1,walk,n/a,idle,n/a,-1,-1,enter,40,default,0,0,0,0,0,0,RentIcon.png,n/a,SB_Sweet,SeedshopSelect,SeedshopSelect
537,107,21600,!!TASK_HARRY_ARM_WRESTLING,3019,-1,building,1014,21600,70,-1,-1,18,n/a,1,1,0,-1,-1,-1,-1,-1,0,-1,-1,walk,n/a,idle,n/a,-1,-1,enter,40,default,0,0,0,0,0,0,RentIcon.png,n/a,SB_Sweet,SeedshopSelect,SeedshopSelect
538,109,86400,!!TASK_HARRY_HEADBUTT,3019,-1,building,1009,86400,120,-1,-1,30,n/a,1,1,0,-1,-1,-1,-1,-1,0,-1,-1,walk,n/a,idle,n/a,-1,-1,enter,40,default,0,0,0,0,0,0,RentIcon.png,n/a,SB_Sweet,SeedshopSelect,SeedshopSelect
539,395,7200,!!TASK_ALL_WATCH_HOLIDAY_TV,3019,-1,building,9002,7200,50,-1,-1,11,BonusRewardIcon.png,36,1,1,-1,-1,-1,-1,-1,0,-1,-1,walk,n/a,idle,n/a,-1,-1,enter,40,default,0,0,0,0,0,0,RentIcon.png,n/a,SB_Sweet,SeedshopSelect,SeedshopSelect
540,394,7200,!!TASK_ALL_BROWSE_GOODIES,3019,-1,building,9046,7200,50,-1,-1,11,BonusRewardIcon.png,36,1,1,-1,-1,-1,-1,-1,0,-1,-1,walk,n/a,idle,n/a,-1,-1,enter,40,default,0,0,0,0,0,0,RentIcon.png,n/a,SB_Sweet,SeedshopSelect,SeedshopSelect
541,761,14400,!!TASK_ALL_FESTIVE_FLORAL,3019,-1,building,1102,14400,65,-1,-1,14,BonusRewardIcon.png,36,1,1,-1,-1,-1,-1,-1,0,-1,-1,walk,n/a,idle,n/a,-1,-1,enter,40,default,0,0,0,0,0,0,RentIcon.png,n/a,SB_Sweet,SeedshopSelect,SeedshopSelect
542,762,7200,!!TASK_ALL_MORE_BAKED_GOODS,3019,-1,building,1024,7200,50,-1,-1,11,BonusRewardIcon.png,36,1,1,-1,-1,-1,-1,-1,0,-1,-1,walk,n/a,idle,n/a,-1,-1,enter,40,default,0,0,0,0,0,0,RentIcon.png,n/a,SB_Sweet,SeedshopSelect,SeedshopSelect
543,763,21600,!!TASK_ALL_SHAKE_PRESENTS,3019,-1,building,9002,21600,70,-1,-1,18,BonusRewardIcon.png,36,1,1,-1,-1,-1,-1,-1,0,-1,-1,walk,n/a,idle,n/a,-1,-1,enter,40,default,0,0,0,0,0,0,RentIcon.png,n/a,SB_Sweet,SeedshopSelect,SeedshopSelect
544,396,7200,!!TASK_ALL_ENJOY_TIME_OFF,3019,-1,building,9002,7200,50,-1,-1,11,BonusRewardIcon.png,36,1,1,-1,-1,-1,-1,-1,0,-1,-1,walk,n/a,idle,n/a,-1,-1,enter,40,default,0,0,0,0,0,0,RentIcon.png,n/a,SB_Sweet,SeedshopSelect,SeedshopSelect
545,764,7200,!!TASK_ALL_SING_OLD_FOLKS,3019,-1,building,1026,7200,50,-1,-1,11,BonusRewardIcon.png,36,1,1,-1,-1,-1,-1,-1,0,-1,-1,walk,n/a,idle,n/a,-1,-1,enter,40,default,0,0,0,0,0,0,RentIcon.png,n/a,SB_Sweet,SeedshopSelect,SeedshopSelect
546,765,14400,!!TASK_ALL_MISTLETOE_WAIT,3019,-1,building,9002,14400,65,-1,-1,14,BonusRewardIcon.png,36,1,1,-1,-1,-1,-1,-1,0,-1,-1,walk,n/a,idle,n/a,-1,-1,enter,40,default,0,0,0,0,0,0,RentIcon.png,n/a,SB_Sweet,SeedshopSelect,SeedshopSelect
547,766,7200,!!TASK_ALL_XMAS_DONUTS_POLICE,3019,-1,building,1004,7200,50,-1,-1,11,BonusRewardIcon.png,36,1,1,-1,-1,-1,-1,-1,0,-1,-1,walk,n/a,idle,n/a,-1,-1,enter,40,default,0,0,0,0,0,0,RentIcon.png,n/a,SB_Sweet,SeedshopSelect,SeedshopSelect
548,767,7200,!!TASK_ALL_KNIT_FIN_MITTENS,3019,-1,building,1002,7200,50,-1,-1,11,BonusRewardIcon.png,36,1,1,-1,-1,-1,-1,-1,0,-1,-1,walk,n/a,idle,n/a,-1,-1,enter,40,default,0,0,0,0,0,0,RentIcon.png,n/a,SB_Sweet,SeedshopSelect,SeedshopSelect
549,269,1800,!!TASK_ALL_WATCH_MM_EPISODE,3019,-1,building,9002,1800,20,-1,-1,8,n/a,9,1,1,-1,-1,-1,-1,5,1,-1,-1,walk,n/a,idle,n/a,-1,-1,enter,40,default,0,0,0,0,0,0,RentIcon.png,n/a,SB_Sweet,SeedshopSelect,SeedshopSelect
550,270,7200,!!TASK_ALL_FANCY_FEAST_KK,3019,-1,building,1018,7200,50,-1,-1,11,n/a,9,1,1,-1,-1,-1,-1,6,1,-1,-1,walk,n/a,idle,n/a,-1,-1,enter,40,default,0,0,0,0,0,0,RentIcon.png,n/a,SB_Sweet,SeedshopSelect,SeedshopSelect
551,312,5,!!TASK_ALL_LAUNCH_XMAS_WISH,3019,-1,building,20109,5,6,-1,-1,1,n/a,1,1,1,2826,2835,2842,-1,9,1,-1,-1,walk,n/a,gimme,n/a,-1,-1,activate,40,shoot,10,10,0,0,0,0,RentIcon.png,n/a,SB_Sweet,SeedshopSelect,SeedshopSelect
552,512,7200,!!TASK_ALL_VDAY_LOAD_BOXES,3019,-1,building,20624,7200,-1,57,50,11,n/a,36,1,1,3100,-1,-1,-1,-1,0,-1,-1,walk,n/a,idle,n/a,-1,-1,enter,40,default,0,0,0,0,0,0,RentIcon.png,n/a,SB_Sweet,SeedshopSelect,SeedshopSelect
553,513,14400,!!TASK_ALL_VDAY_BOLT_BROKEN_HEARTS,3019,-1,building,20624,14400,-1,57,65,14,n/a,36,1,1,3100,-1,-1,-1,-1,0,-1,-1,walk,n/a,idle,n/a,-1,-1,enter,40,default,0,0,0,0,0,0,RentIcon.png,n/a,SB_Sweet,SeedshopSelect,SeedshopSelect
554,514,21600,!!TASK_ALL_VDAY_BEND_HOLDERS,3019,-1,building,20624,21600,-1,57,70,18,n/a,36,1,1,3100,-1,-1,-1,-1,0,-1,-1,walk,n/a,idle,n/a,-1,-1,enter,40,default,0,0,0,0,0,0,RentIcon.png,n/a,SB_Sweet,SeedshopSelect,SeedshopSelect
555,112,7200,!!TASK_SUSIE_BOOK_WAS_BETTER,3031,-1,building,1007,7200,50,-1,-1,11,n/a,1,1,0,-1,-1,-1,-1,-1,0,-1,-1,walk,n/a,idle,n/a,-1,-1,enter,40,default,0,0,0,0,0,0,RentIcon.png,n/a,SB_Sweet,SeedshopSelect,SeedshopSelect
556,114,14400,!!TASK_SUSIE_STERN_LETTER,3031,-1,building,9003,14400,65,-1,-1,14,n/a,1,1,0,-1,-1,-1,-1,-1,0,-1,-1,walk,n/a,idle,n/a,-1,-1,enter,40,default,0,0,0,0,0,0,RentIcon.png,n/a,SB_Sweet,SeedshopSelect,SeedshopSelect
557,113,21600,!!TASK_SUSIE_PROTEST_HISTORY,3031,-1,building,1001,21600,70,-1,-1,18,n/a,1,1,0,-1,-1,-1,-1,-1,0,-1,-1,walk,n/a,idle,n/a,-1,-1,enter,40,default,0,0,0,0,0,0,RentIcon.png,n/a,SB_Sweet,SeedshopSelect,SeedshopSelect
558,115,86400,!!TASK_SUSIE_READ_NOVEL,3031,-1,building,9003,86400,120,-1,-1,30,n/a,1,1,0,-1,-1,-1,-1,-1,0,-1,-1,walk,n/a,idle,n/a,-1,-1,enter,40,default,0,0,0,0,0,0,RentIcon.png,n/a,SB_Sweet,SeedshopSelect,SeedshopSelect
559,398,7200,!!TASK_ALL_WATCH_HOLIDAY_TV,3031,-1,building,9003,7200,50,-1,-1,11,BonusRewardIcon.png,36,1,1,-1,-1,-1,-1,-1,0,-1,-1,walk,n/a,idle,n/a,-1,-1,enter,40,default,0,0,0,0,0,0,RentIcon.png,n/a,SB_Sweet,SeedshopSelect,SeedshopSelect
560,397,7200,!!TASK_ALL_BROWSE_GOODIES,3031,-1,building,9046,7200,50,-1,-1,11,BonusRewardIcon.png,36,1,1,-1,-1,-1,-1,-1,0,-1,-1,walk,n/a,idle,n/a,-1,-1,enter,40,default,0,0,0,0,0,0,RentIcon.png,n/a,SB_Sweet,SeedshopSelect,SeedshopSelect
561,768,14400,!!TASK_ALL_FESTIVE_FLORAL,3031,-1,building,1102,14400,65,-1,-1,14,BonusRewardIcon.png,36,1,1,-1,-1,-1,-1,-1,0,-1,-1,walk,n/a,idle,n/a,-1,-1,enter,40,default,0,0,0,0,0,0,RentIcon.png,n/a,SB_Sweet,SeedshopSelect,SeedshopSelect
562,769,7200,!!TASK_ALL_MORE_BAKED_GOODS,3031,-1,building,1024,7200,50,-1,-1,11,BonusRewardIcon.png,36,1,1,-1,-1,-1,-1,-1,0,-1,-1,walk,n/a,idle,n/a,-1,-1,enter,40,default,0,0,0,0,0,0,RentIcon.png,n/a,SB_Sweet,SeedshopSelect,SeedshopSelect
563,770,21600,!!TASK_ALL_SHAKE_PRESENTS,3031,-1,building,9003,21600,70,-1,-1,18,BonusRewardIcon.png,36,1,1,-1,-1,-1,-1,-1,0,-1,-1,walk,n/a,idle,n/a,-1,-1,enter,40,default,0,0,0,0,0,0,RentIcon.png,n/a,SB_Sweet,SeedshopSelect,SeedshopSelect
564,399,7200,!!TASK_ALL_ENJOY_TIME_OFF,3031,-1,building,9003,7200,50,-1,-1,11,BonusRewardIcon.png,36,1,1,-1,-1,-1,-1,-1,0,-1,-1,walk,n/a,idle,n/a,-1,-1,enter,40,default,0,0,0,0,0,0,RentIcon.png,n/a,SB_Sweet,SeedshopSelect,SeedshopSelect
565,771,7200,!!TASK_ALL_SING_OLD_FOLKS,3031,-1,building,1026,7200,50,-1,-1,11,BonusRewardIcon.png,36,1,1,-1,-1,-1,-1,-1,0,-1,-1,walk,n/a,idle,n/a,-1,-1,enter,40,default,0,0,0,0,0,0,RentIcon.png,n/a,SB_Sweet,SeedshopSelect,SeedshopSelect
566,772,14400,!!TASK_ALL_MISTLETOE_WAIT,3031,-1,building,9003,14400,65,-1,-1,14,BonusRewardIcon.png,36,1,1,-1,-1,-1,-1,-1,0,-1,-1,walk,n/a,idle,n/a,-1,-1,enter,40,default,0,0,0,0,0,0,RentIcon.png,n/a,SB_Sweet,SeedshopSelect,SeedshopSelect
567,773,7200,!!TASK_ALL_XMAS_DONUTS_POLICE,3031,-1,building,1004,7200,50,-1,-1,11,BonusRewardIcon.png,36,1,1,-1,-1,-1,-1,-1,0,-1,-1,walk,n/a,idle,n/a,-1,-1,enter,40,default,0,0,0,0,0,0,RentIcon.png,n/a,SB_Sweet,SeedshopSelect,SeedshopSelect
568,774,7200,!!TASK_ALL_KNIT_FIN_MITTENS,3031,-1,building,1002,7200,50,-1,-1,11,BonusRewardIcon.png,36,1,1,-1,-1,-1,-1,-1,0,-1,-1,walk,n/a,idle,n/a,-1,-1,enter,40,default,0,0,0,0,0,0,RentIcon.png,n/a,SB_Sweet,SeedshopSelect,SeedshopSelect
569,271,1800,!!TASK_ALL_WATCH_MM_EPISODE,3031,-1,building,9003,1800,20,-1,-1,8,n/a,9,1,1,-1,-1,-1,-1,5,1,-1,-1,walk,n/a,idle,n/a,-1,-1,enter,40,default,0,0,0,0,0,0,RentIcon.png,n/a,SB_Sweet,SeedshopSelect,SeedshopSelect
570,272,7200,!!TASK_ALL_FANCY_FEAST_KK,3031,-1,building,1018,7200,50,-1,-1,11,n/a,9,1,1,-1,-1,-1,-1,6,1,-1,-1,walk,n/a,idle,n/a,-1,-1,enter,40,default,0,0,0,0,0,0,RentIcon.png,n/a,SB_Sweet,SeedshopSelect,SeedshopSelect
571,313,5,!!TASK_ALL_LAUNCH_XMAS_WISH,3031,-1,building,20109,5,6,-1,-1,1,n/a,1,1,1,2826,2835,2842,-1,9,1,-1,-1,walk,n/a,gimme,n/a,-1,-1,activate,40,shoot,10,10,0,0,0,0,RentIcon.png,n/a,SB_Sweet,SeedshopSelect,SeedshopSelect
572,515,7200,!!TASK_ALL_VDAY_MAKE_IBEAMS,3031,-1,building,20624,7200,-1,57,50,11,n/a,36,1,1,3100,-1,-1,-1,-1,0,-1,-1,walk,n/a,idle,n/a,-1,-1,enter,40,default,0,0,0,0,0,0,RentIcon.png,n/a,SB_Sweet,SeedshopSelect,SeedshopSelect
573,516,14400,!!TASK_ALL_VDAY_SOLDER_SWEET_NOTHINGS,3031,-1,building,20624,14400,-1,57,65,14,n/a,36,1,1,3100,-1,-1,-1,-1,0,-1,-1,walk,n/a,idle,n/a,-1,-1,enter,40,default,0,0,0,0,0,0,RentIcon.png,n/a,SB_Sweet,SeedshopSelect,SeedshopSelect
574,517,21600,!!TASK_ALL_VDAY_MOLD_RAIL,3031,-1,building,20624,21600,-1,57,70,18,n/a,36,1,1,3100,-1,-1,-1,-1,0,-1,-1,walk,n/a,idle,n/a,-1,-1,enter,40,default,0,0,0,0,0,0,RentIcon.png,n/a,SB_Sweet,SeedshopSelect,SeedshopSelect
575,116,300,!!TASK_MAN RAY_TICKLE_BELT,3010,-1,n/a,-1,300,11,-1,-1,5,n/a,1,1,0,-1,-1,-1,-1,-1,0,-1,-1,walk,n/a,laughing,n/a,-1,8,wander,40,default,0,0,0,0,0,0,RentIcon.png,MR_TicklingMyDNA,SB_Sweet,SeedshopSelect,SeedshopSelect
576,117,14400,!!TASK_MAN RAY_GIVE_UP,3010,-1,building,1055,14400,65,-1,-1,14,n/a,1,1,0,-1,-1,-1,-1,-1,0,-1,-1,walk,n/a,idle,n/a,-1,-1,enter,40,default,0,0,0,0,0,0,RentIcon.png,MR_NotFirstChoice,SB_Sweet,SeedshopSelect,SeedshopSelect
577,120,21600,!!TASK_MAN RAY_VISIT_CRONIES,3010,-1,building,1002,21600,70,-1,-1,18,n/a,1,1,0,-1,-1,-1,-1,-1,0,-1,-1,walk,n/a,idle,n/a,-1,-1,enter,40,default,0,0,0,0,0,0,RentIcon.png,MR_GoodAtBeingEvil,SB_Sweet,SeedshopSelect,SeedshopSelect
578,121,36000,!!TASK_MAN RAY_CRIMINAL_EXPLOITS,3010,-1,building,1014,36000,85,-1,-1,26,n/a,1,1,0,-1,-1,-1,-1,-1,0,-1,-1,walk,n/a,idle,n/a,-1,-1,enter,40,default,0,0,0,0,0,0,RentIcon.png,n/a,SB_Sweet,SeedshopSelect,SeedshopSelect
579,401,7200,!!TASK_ALL_WATCH_HOLIDAY_TV,3010,-1,building,1002,7200,50,-1,-1,11,BonusRewardIcon.png,36,1,1,-1,-1,-1,-1,-1,0,-1,-1,walk,n/a,idle,n/a,-1,-1,enter,40,default,0,0,0,0,0,0,RentIcon.png,n/a,SB_Sweet,SeedshopSelect,SeedshopSelect
580,400,7200,!!TASK_ALL_BROWSE_GOODIES,3010,-1,building,9046,7200,50,-1,-1,11,BonusRewardIcon.png,36,1,1,-1,-1,-1,-1,-1,0,-1,-1,walk,n/a,idle,n/a,-1,-1,enter,40,default,0,0,0,0,0,0,RentIcon.png,n/a,SB_Sweet,SeedshopSelect,SeedshopSelect
581,775,14400,!!TASK_ALL_FESTIVE_FLORAL,3010,-1,building,1102,14400,65,-1,-1,14,BonusRewardIcon.png,36,1,1,-1,-1,-1,-1,-1,0,-1,-1,walk,n/a,idle,n/a,-1,-1,enter,40,default,0,0,0,0,0,0,RentIcon.png,n/a,SB_Sweet,SeedshopSelect,SeedshopSelect
582,776,7200,!!TASK_ALL_MORE_BAKED_GOODS,3010,-1,building,1024,7200,50,-1,-1,11,BonusRewardIcon.png,36,1,1,-1,-1,-1,-1,-1,0,-1,-1,walk,n/a,idle,n/a,-1,-1,enter,40,default,0,0,0,0,0,0,RentIcon.png,n/a,SB_Sweet,SeedshopSelect,SeedshopSelect
583,777,21600,!!TASK_ALL_SHAKE_PRESENTS,3010,-1,building,1002,21600,70,-1,-1,18,BonusRewardIcon.png,36,1,1,-1,-1,-1,-1,-1,0,-1,-1,walk,n/a,idle,n/a,-1,-1,enter,40,default,0,0,0,0,0,0,RentIcon.png,n/a,SB_Sweet,SeedshopSelect,SeedshopSelect
584,402,7200,!!TASK_ALL_ENJOY_TIME_OFF,3010,-1,building,1002,7200,50,-1,-1,11,BonusRewardIcon.png,36,1,1,-1,-1,-1,-1,-1,0,-1,-1,walk,n/a,idle,n/a,-1,-1,enter,40,default,0,0,0,0,0,0,RentIcon.png,n/a,SB_Sweet,SeedshopSelect,SeedshopSelect
585,778,7200,!!TASK_ALL_SING_OLD_FOLKS,3010,-1,building,1026,7200,50,-1,-1,11,BonusRewardIcon.png,36,1,1,-1,-1,-1,-1,-1,0,-1,-1,walk,n/a,idle,n/a,-1,-1,enter,40,default,0,0,0,0,0,0,RentIcon.png,n/a,SB_Sweet,SeedshopSelect,SeedshopSelect
586,779,14400,!!TASK_ALL_MISTLETOE_WAIT,3010,-1,building,1002,14400,65,-1,-1,14,BonusRewardIcon.png,36,1,1,-1,-1,-1,-1,-1,0,-1,-1,walk,n/a,idle,n/a,-1,-1,enter,40,default,0,0,0,0,0,0,RentIcon.png,n/a,SB_Sweet,SeedshopSelect,SeedshopSelect
587,780,7200,!!TASK_ALL_XMAS_DONUTS_POLICE,3010,-1,building,1004,7200,50,-1,-1,11,BonusRewardIcon.png,36,1,1,-1,-1,-1,-1,-1,0,-1,-1,walk,n/a,idle,n/a,-1,-1,enter,40,default,0,0,0,0,0,0,RentIcon.png,n/a,SB_Sweet,SeedshopSelect,SeedshopSelect
588,781,7200,!!TASK_ALL_KNIT_FIN_MITTENS,3010,-1,building,1002,7200,50,-1,-1,11,BonusRewardIcon.png,36,1,1,-1,-1,-1,-1,-1,0,-1,-1,walk,n/a,idle,n/a,-1,-1,enter,40,default,0,0,0,0,0,0,RentIcon.png,n/a,SB_Sweet,SeedshopSelect,SeedshopSelect
589,273,1800,!!TASK_ALL_WATCH_MM_EPISODE,3010,-1,building,1002,1800,20,-1,-1,8,n/a,9,1,1,-1,-1,-1,-1,5,1,-1,-1,walk,n/a,idle,n/a,-1,-1,enter,40,default,0,0,0,0,0,0,RentIcon.png,n/a,SB_Sweet,SeedshopSelect,SeedshopSelect
590,274,7200,!!TASK_ALL_FANCY_FEAST_KK,3010,-1,building,1018,7200,50,-1,-1,11,n/a,9,1,1,-1,-1,-1,-1,6,1,-1,-1,walk,n/a,idle,n/a,-1,-1,enter,40,default,0,0,0,0,0,0,RentIcon.png,n/a,SB_Sweet,SeedshopSelect,SeedshopSelect
591,314,5,!!TASK_ALL_LAUNCH_XMAS_WISH,3010,-1,building,20109,5,6,-1,-1,1,n/a,1,1,1,2826,2835,2842,-1,9,1,-1,-1,walk,n/a,gimme,n/a,-1,-1,activate,40,shoot,10,10,0,0,0,0,RentIcon.png,n/a,SB_Sweet,SeedshopSelect,SeedshopSelect
592,518,14400,!!TASK_ALL_VDAY_WELD_STRAPS,3010,-1,building,20624,14400,-1,57,65,11,n/a,36,1,1,3100,-1,-1,-1,-1,0,-1,-1,walk,n/a,idle,n/a,-1,-1,enter,40,default,0,0,0,0,0,0,RentIcon.png,n/a,SB_Sweet,SeedshopSelect,SeedshopSelect
593,519,21600,!!TASK_ALL_VDAY_MOLD_RAIL,3010,-1,building,20624,21600,-1,57,70,18,n/a,36,1,1,3100,-1,-1,-1,-1,0,-1,-1,walk,n/a,idle,n/a,-1,-1,enter,40,default,0,0,0,0,0,0,RentIcon.png,n/a,SB_Sweet,SeedshopSelect,SeedshopSelect
594,520,86400,!!TASK_ALL_VDAY_TIE_HEARTSTRINGS,3010,-1,building,20624,86400,-1,57,120,30,n/a,36,1,1,3100,-1,-1,-1,-1,0,-1,-1,walk,n/a,idle,n/a,-1,-1,enter,40,default,0,0,0,0,0,0,RentIcon.png,n/a,SB_Sweet,SeedshopSelect,SeedshopSelect
595,123,300,!!TASK_TYLER_GOODY_TWOSHOES,231,-1,building,9004,300,11,-1,-1,5,n/a,1,1,0,-1,-1,-1,-1,-1,0,-1,-1,walk,n/a,idle,n/a,-1,-1,enter,40,default,0,0,0,0,0,0,RentIcon.png,n/a,SB_Sweet,SeedshopSelect,SeedshopSelect
596,124,14400,!!TASK_TYLER_CHECK_IDS,231,-1,building,1007,14400,65,-1,-1,14,n/a,1,1,0,-1,-1,-1,-1,-1,0,-1,-1,walk,n/a,idle,n/a,-1,-1,enter,40,default,0,0,0,0,0,0,RentIcon.png,n/a,SB_Sweet,SeedshopSelect,SeedshopSelect
597,125,36000,!!TASK_TYLER_LOSE_AT_CHECKERS,231,-1,building,1026,36000,85,-1,-1,26,n/a,1,1,0,-1,-1,-1,-1,-1,0,-1,-1,walk,n/a,idle,n/a,-1,-1,enter,40,default,0,0,0,0,0,0,RentIcon.png,n/a,SB_Sweet,SeedshopSelect,SeedshopSelect
598,404,7200,!!TASK_ALL_WATCH_HOLIDAY_TV,231,-1,building,9004,7200,50,-1,-1,11,BonusRewardIcon.png,36,1,1,-1,-1,-1,-1,-1,0,-1,-1,walk,n/a,idle,n/a,-1,-1,enter,40,default,0,0,0,0,0,0,RentIcon.png,n/a,SB_Sweet,SeedshopSelect,SeedshopSelect
599,403,7200,!!TASK_ALL_BROWSE_GOODIES,231,-1,building,9046,7200,50,-1,-1,11,BonusRewardIcon.png,36,1,1,-1,-1,-1,-1,-1,0,-1,-1,walk,n/a,idle,n/a,-1,-1,enter,40,default,0,0,0,0,0,0,RentIcon.png,n/a,SB_Sweet,SeedshopSelect,SeedshopSelect
600,782,14400,!!TASK_ALL_FESTIVE_FLORAL,231,-1,building,1102,14400,65,-1,-1,14,BonusRewardIcon.png,36,1,1,-1,-1,-1,-1,-1,0,-1,-1,walk,n/a,idle,n/a,-1,-1,enter,40,default,0,0,0,0,0,0,RentIcon.png,n/a,SB_Sweet,SeedshopSelect,SeedshopSelect
601,783,7200,!!TASK_ALL_MORE_BAKED_GOODS,231,-1,building,1024,7200,50,-1,-1,11,BonusRewardIcon.png,36,1,1,-1,-1,-1,-1,-1,0,-1,-1,walk,n/a,idle,n/a,-1,-1,enter,40,default,0,0,0,0,0,0,RentIcon.png,n/a,SB_Sweet,SeedshopSelect,SeedshopSelect
602,784,21600,!!TASK_ALL_SHAKE_PRESENTS,231,-1,building,9004,21600,70,-1,-1,18,BonusRewardIcon.png,36,1,1,-1,-1,-1,-1,-1,0,-1,-1,walk,n/a,idle,n/a,-1,-1,enter,40,default,0,0,0,0,0,0,RentIcon.png,n/a,SB_Sweet,SeedshopSelect,SeedshopSelect
603,405,7200,!!TASK_ALL_ENJOY_TIME_OFF,231,-1,building,9004,7200,50,-1,-1,11,BonusRewardIcon.png,36,1,1,-1,-1,-1,-1,-1,0,-1,-1,walk,n/a,idle,n/a,-1,-1,enter,40,default,0,0,0,0,0,0,RentIcon.png,n/a,SB_Sweet,SeedshopSelect,SeedshopSelect
604,785,7200,!!TASK_ALL_SING_OLD_FOLKS,231,-1,building,1026,7200,50,-1,-1,11,BonusRewardIcon.png,36,1,1,-1,-1,-1,-1,-1,0,-1,-1,walk,n/a,idle,n/a,-1,-1,enter,40,default,0,0,0,0,0,0,RentIcon.png,n/a,SB_Sweet,SeedshopSelect,SeedshopSelect
605,786,14400,!!TASK_ALL_MISTLETOE_WAIT,231,-1,building,9004,14400,65,-1,-1,14,BonusRewardIcon.png,36,1,1,-1,-1,-1,-1,-1,0,-1,-1,walk,n/a,idle,n/a,-1,-1,enter,40,default,0,0,0,0,0,0,RentIcon.png,n/a,SB_Sweet,SeedshopSelect,SeedshopSelect
606,787,7200,!!TASK_ALL_XMAS_DONUTS_POLICE,231,-1,building,1004,7200,50,-1,-1,11,BonusRewardIcon.png,36,1,1,-1,-1,-1,-1,-1,0,-1,-1,walk,n/a,idle,n/a,-1,-1,enter,40,default,0,0,0,0,0,0,RentIcon.png,n/a,SB_Sweet,SeedshopSelect,SeedshopSelect
607,788,7200,!!TASK_ALL_KNIT_FIN_MITTENS,231,-1,building,1002,7200,50,-1,-1,11,BonusRewardIcon.png,36,1,1,-1,-1,-1,-1,-1,0,-1,-1,walk,n/a,idle,n/a,-1,-1,enter,40,default,0,0,0,0,0,0,RentIcon.png,n/a,SB_Sweet,SeedshopSelect,SeedshopSelect
608,275,1800,!!TASK_ALL_WATCH_MM_EPISODE,231,-1,building,9004,1800,20,-1,-1,8,n/a,9,1,1,-1,-1,-1,-1,5,1,-1,-1,walk,n/a,idle,n/a,-1,-1,enter,40,default,0,0,0,0,0,0,RentIcon.png,n/a,SB_Sweet,SeedshopSelect,SeedshopSelect
609,276,7200,!!TASK_ALL_FANCY_FEAST_KK,231,-1,building,1018,7200,50,-1,-1,11,n/a,9,1,1,-1,-1,-1,-1,6,1,-1,-1,walk,n/a,idle,n/a,-1,-1,enter,40,default,0,0,0,0,0,0,RentIcon.png,n/a,SB_Sweet,SeedshopSelect,SeedshopSelect
610,315,5,!!TASK_ALL_LAUNCH_XMAS_WISH,231,-1,building,20109,5,6,-1,-1,1,n/a,1,1,1,2826,2835,2842,-1,9,1,-1,-1,walk,n/a,gimme,n/a,-1,-1,activate,40,shoot,10,10,0,0,0,0,RentIcon.png,n/a,SB_Sweet,SeedshopSelect,SeedshopSelect
611,521,7200,!!TASK_ALL_VDAY_MAKE_IBEAMS,231,-1,building,20624,7200,-1,57,50,11,n/a,36,1,1,3100,-1,-1,-1,-1,0,-1,-1,walk,n/a,idle,n/a,-1,-1,enter,40,default,0,0,0,0,0,0,RentIcon.png,n/a,SB_Sweet,SeedshopSelect,SeedshopSelect
612,522,14400,!!TASK_ALL_VDAY_WELD_STRAPS,231,-1,building,20624,14400,-1,57,65,14,n/a,36,1,1,3100,-1,-1,-1,-1,0,-1,-1,walk,n/a,idle,n/a,-1,-1,enter,40,default,0,0,0,0,0,0,RentIcon.png,n/a,SB_Sweet,SeedshopSelect,SeedshopSelect
613,523,21600,!!TASK_ALL_VDAY_BEND_HOLDERS,231,-1,building,20624,21600,-1,57,70,18,n/a,36,1,1,3100,-1,-1,-1,-1,0,-1,-1,walk,n/a,idle,n/a,-1,-1,enter,40,default,0,0,0,0,0,0,RentIcon.png,n/a,SB_Sweet,SeedshopSelect,SeedshopSelect
614,126,300,!!TASK_SQUILLIAM_GROOM_UNIBROW,3017,-1,n/a,-1,300,11,-1,-1,5,n/a,1,1,0,-1,-1,-1,-1,-1,0,-1,-1,groom_walk,n/a,groom_idle,n/a,8,2,wander,40,default,0,0,0,0,0,0,RentIcon.png,n/a,SB_Sweet,SeedshopSelect,SeedshopSelect
615,127,3600,!!TASK_SQUILLIAM_BRAG,3017,-1,building,1018,3600,40,-1,-1,10,n/a,1,1,0,-1,-1,-1,-1,-1,0,-1,-1,walk,n/a,idle,n/a,-1,-1,enter,40,default,0,0,0,0,0,0,RentIcon.png,n/a,SB_Sweet,SeedshopSelect,SeedshopSelect
616,566,7200,!!TASK_SQUILLIAM_SCHOOL_BOX_SEATS,3017,-1,building,20800,7200,65,-1,-1,14,n/a,1,1,1,-1,-1,-1,-1,-1,0,-1,-1,walk,n/a,idle,n/a,-1,-1,enter,40,default,0,0,0,0,0,0,RentIcon.png,MK_Woohoo,SB_Sweet,SeedshopSelect,SeedshopSelect
617,128,14400,!!TASK_SQUILLIAM_HIGHBROW_FILM,3017,-1,building,1007,14400,65,-1,-1,14,n/a,1,1,0,-1,-1,-1,-1,-1,0,-1,-1,walk,n/a,idle,n/a,-1,-1,enter,40,default,0,0,0,0,0,0,RentIcon.png,n/a,SB_Sweet,SeedshopSelect,SeedshopSelect
618,129,21600,!!TASK_SQUILLIAM_PICK_COLOGNE,3017,-1,building,1057,21600,70,-1,-1,18,n/a,1,1,0,-1,-1,-1,-1,-1,0,-1,-1,walk,n/a,idle,n/a,-1,-1,enter,40,default,0,0,0,0,0,0,RentIcon.png,n/a,SB_Sweet,SeedshopSelect,SeedshopSelect
619,130,86400,!!TASK_SQUILLIAM_HUMILIATE_SQUIDWARD,3017,-1,building,1016,86400,120,-1,-1,30,n/a,1,1,0,-1,-1,-1,-1,-1,0,-1,-1,walk,n/a,idle,n/a,-1,-1,enter,40,default,0,0,0,0,0,0,RentIcon.png,n/a,SB_Sweet,SeedshopSelect,SeedshopSelect
620,407,7200,!!TASK_ALL_WATCH_HOLIDAY_TV,3017,-1,building,1025,7200,50,-1,-1,11,BonusRewardIcon.png,36,1,1,-1,-1,-1,-1,-1,0,-1,-1,walk,n/a,idle,n/a,-1,-1,enter,40,default,0,0,0,0,0,0,RentIcon.png,n/a,SB_Sweet,SeedshopSelect,SeedshopSelect
621,406,7200,!!TASK_ALL_BROWSE_GOODIES,3017,-1,building,9046,7200,50,-1,-1,11,BonusRewardIcon.png,36,1,1,-1,-1,-1,-1,-1,0,-1,-1,walk,n/a,idle,n/a,-1,-1,enter,40,default,0,0,0,0,0,0,RentIcon.png,n/a,SB_Sweet,SeedshopSelect,SeedshopSelect
622,789,14400,!!TASK_ALL_FESTIVE_FLORAL,3017,-1,building,1102,14400,65,-1,-1,14,BonusRewardIcon.png,36,1,1,-1,-1,-1,-1,-1,0,-1,-1,walk,n/a,idle,n/a,-1,-1,enter,40,default,0,0,0,0,0,0,RentIcon.png,n/a,SB_Sweet,SeedshopSelect,SeedshopSelect
623,790,7200,!!TASK_ALL_MORE_BAKED_GOODS,3017,-1,building,1024,7200,50,-1,-1,11,BonusRewardIcon.png,36,1,1,-1,-1,-1,-1,-1,0,-1,-1,walk,n/a,idle,n/a,-1,-1,enter,40,default,0,0,0,0,0,0,RentIcon.png,n/a,SB_Sweet,SeedshopSelect,SeedshopSelect
624,791,21600,!!TASK_ALL_SHAKE_PRESENTS,3017,-1,building,1025,21600,70,-1,-1,18,BonusRewardIcon.png,36,1,1,-1,-1,-1,-1,-1,0,-1,-1,walk,n/a,idle,n/a,-1,-1,enter,40,default,0,0,0,0,0,0,RentIcon.png,n/a,SB_Sweet,SeedshopSelect,SeedshopSelect
625,408,7200,!!TASK_ALL_ENJOY_TIME_OFF,3017,-1,building,1025,7200,50,-1,-1,11,BonusRewardIcon.png,36,1,1,-1,-1,-1,-1,-1,0,-1,-1,walk,n/a,idle,n/a,-1,-1,enter,40,default,0,0,0,0,0,0,RentIcon.png,n/a,SB_Sweet,SeedshopSelect,SeedshopSelect
626,792,7200,!!TASK_ALL_SING_OLD_FOLKS,3017,-1,building,1026,7200,50,-1,-1,11,BonusRewardIcon.png,36,1,1,-1,-1,-1,-1,-1,0,-1,-1,walk,n/a,idle,n/a,-1,-1,enter,40,default,0,0,0,0,0,0,RentIcon.png,n/a,SB_Sweet,SeedshopSelect,SeedshopSelect
627,793,14400,!!TASK_ALL_MISTLETOE_WAIT,3017,-1,building,1025,14400,65,-1,-1,14,BonusRewardIcon.png,36,1,1,-1,-1,-1,-1,-1,0,-1,-1,walk,n/a,idle,n/a,-1,-1,enter,40,default,0,0,0,0,0,0,RentIcon.png,n/a,SB_Sweet,SeedshopSelect,SeedshopSelect
628,794,7200,!!TASK_ALL_XMAS_DONUTS_POLICE,3017,-1,building,1004,7200,50,-1,-1,11,BonusRewardIcon.png,36,1,1,-1,-1,-1,-1,-1,0,-1,-1,walk,n/a,idle,n/a,-1,-1,enter,40,default,0,0,0,0,0,0,RentIcon.png,n/a,SB_Sweet,SeedshopSelect,SeedshopSelect
629,795,7200,!!TASK_ALL_KNIT_FIN_MITTENS,3017,-1,building,1002,7200,50,-1,-1,11,BonusRewardIcon.png,36,1,1,-1,-1,-1,-1,-1,0,-1,-1,walk,n/a,idle,n/a,-1,-1,enter,40,default,0,0,0,0,0,0,RentIcon.png,n/a,SB_Sweet,SeedshopSelect,SeedshopSelect
630,277,1800,!!TASK_ALL_WATCH_MM_EPISODE,3017,-1,building,1025,1800,20,-1,-1,8,n/a,9,1,1,-1,-1,-1,-1,5,1,-1,-1,walk,n/a,idle,n/a,-1,-1,enter,40,default,0,0,0,0,0,0,RentIcon.png,n/a,SB_Sweet,SeedshopSelect,SeedshopSelect
631,278,7200,!!TASK_ALL_FANCY_FEAST_KK,3017,-1,building,1018,7200,50,-1,-1,11,n/a,9,1,1,-1,-1,-1,-1,6,1,-1,-1,walk,n/a,idle,n/a,-1,-1,enter,40,default,0,0,0,0,0,0,RentIcon.png,n/a,SB_Sweet,SeedshopSelect,SeedshopSelect
632,316,5,!!TASK_ALL_LAUNCH_XMAS_WISH,3017,-1,building,20109,5,6,-1,-1,1,n/a,1,1,1,2826,2835,2842,-1,9,1,-1,-1,walk,n/a,gimme,n/a,-1,-1,activate,40,shoot,10,10,0,0,0,0,RentIcon.png,n/a,SB_Sweet,SeedshopSelect,SeedshopSelect
633,524,14400,!!TASK_ALL_VDAY_BOLT_BROKEN_HEARTS,3017,-1,building,20624,14400,-1,57,65,14,n/a,36,1,1,3100,-1,-1,-1,-1,0,-1,-1,walk,n/a,idle,n/a,-1,-1,enter,40,default,0,0,0,0,0,0,RentIcon.png,n/a,SB_Sweet,SeedshopSelect,SeedshopSelect
634,525,21600,!!TASK_ALL_VDAY_MOLD_RAIL,3017,-1,building,20624,21600,-1,57,70,18,n/a,36,1,1,3100,-1,-1,-1,-1,0,-1,-1,walk,n/a,idle,n/a,-1,-1,enter,40,default,0,0,0,0,0,0,RentIcon.png,n/a,SB_Sweet,SeedshopSelect,SeedshopSelect
635,526,86400,!!TASK_ALL_VDAY_TIE_HEARTSTRINGS,3017,-1,building,20624,86400,-1,57,120,30,n/a,36,1,1,3100,-1,-1,-1,-1,0,-1,-1,walk,n/a,idle,n/a,-1,-1,enter,40,default,0,0,0,0,0,0,RentIcon.png,n/a,SB_Sweet,SeedshopSelect,SeedshopSelect
636,131,300,!!TASK_REG_PATCHED_UP,3015,-1,building,1010,300,11,-1,-1,5,n/a,1,1,0,-1,-1,-1,-1,-1,0,-1,-1,walk,n/a,idle,n/a,-1,-1,enter,40,default,0,0,0,0,0,0,RentIcon.png,Reg_FavoritePart,SB_Sweet,SeedshopSelect,SeedshopSelect
637,132,14400,!!TASK_REG_BOWL_OF_NAILS,3015,-1,building,1014,14400,65,-1,-1,14,n/a,1,1,0,-1,-1,-1,-1,-1,0,-1,-1,walk,n/a,idle,n/a,-1,-1,enter,40,default,0,0,0,0,0,0,RentIcon.png,Reg_BalletSchoolWasAHoot,SB_Sweet,SeedshopSelect,SeedshopSelect
638,134,86400,!!TASK_REG_PUMP_IRON,3015,-1,building,1009,86400,120,-1,-1,30,n/a,1,1,0,-1,-1,-1,-1,-1,0,-1,-1,walk,n/a,idle,n/a,-1,-1,enter,40,default,0,0,0,0,0,0,RentIcon.png,Reg_TimeToGetBuff,SB_Sweet,SeedshopSelect,SeedshopSelect
639,410,7200,!!TASK_ALL_WATCH_HOLIDAY_TV,3015,-1,building,1014,7200,50,-1,-1,11,BonusRewardIcon.png,36,1,1,-1,-1,-1,-1,-1,0,-1,-1,walk,n/a,idle,n/a,-1,-1,enter,40,default,0,0,0,0,0,0,RentIcon.png,n/a,SB_Sweet,SeedshopSelect,SeedshopSelect
640,409,7200,!!TASK_ALL_BROWSE_GOODIES,3015,-1,building,9046,7200,50,-1,-1,11,BonusRewardIcon.png,36,1,1,-1,-1,-1,-1,-1,0,-1,-1,walk,n/a,idle,n/a,-1,-1,enter,40,default,0,0,0,0,0,0,RentIcon.png,n/a,SB_Sweet,SeedshopSelect,SeedshopSelect
641,796,14400,!!TASK_ALL_FESTIVE_FLORAL,3015,-1,building,1102,14400,65,-1,-1,14,BonusRewardIcon.png,36,1,1,-1,-1,-1,-1,-1,0,-1,-1,walk,n/a,idle,n/a,-1,-1,enter,40,default,0,0,0,0,0,0,RentIcon.png,n/a,SB_Sweet,SeedshopSelect,SeedshopSelect
642,797,7200,!!TASK_ALL_MORE_BAKED_GOODS,3015,-1,building,1024,7200,50,-1,-1,11,BonusRewardIcon.png,36,1,1,-1,-1,-1,-1,-1,0,-1,-1,walk,n/a,idle,n/a,-1,-1,enter,40,default,0,0,0,0,0,0,RentIcon.png,n/a,SB_Sweet,SeedshopSelect,SeedshopSelect
643,798,21600,!!TASK_ALL_SHAKE_PRESENTS,3015,-1,building,1014,21600,70,-1,-1,18,BonusRewardIcon.png,36,1,1,-1,-1,-1,-1,-1,0,-1,-1,walk,n/a,idle,n/a,-1,-1,enter,40,default,0,0,0,0,0,0,RentIcon.png,n/a,SB_Sweet,SeedshopSelect,SeedshopSelect
644,411,7200,!!TASK_ALL_ENJOY_TIME_OFF,3015,-1,building,1014,7200,50,-1,-1,11,BonusRewardIcon.png,36,1,1,-1,-1,-1,-1,-1,0,-1,-1,walk,n/a,idle,n/a,-1,-1,enter,40,default,0,0,0,0,0,0,RentIcon.png,n/a,SB_Sweet,SeedshopSelect,SeedshopSelect
645,799,7200,!!TASK_ALL_SING_OLD_FOLKS,3015,-1,building,1026,7200,50,-1,-1,11,BonusRewardIcon.png,36,1,1,-1,-1,-1,-1,-1,0,-1,-1,walk,n/a,idle,n/a,-1,-1,enter,40,default,0,0,0,0,0,0,RentIcon.png,n/a,SB_Sweet,SeedshopSelect,SeedshopSelect
646,800,14400,!!TASK_ALL_MISTLETOE_WAIT,3015,-1,building,1014,14400,65,-1,-1,14,BonusRewardIcon.png,36,1,1,-1,-1,-1,-1,-1,0,-1,-1,walk,n/a,idle,n/a,-1,-1,enter,40,default,0,0,0,0,0,0,RentIcon.png,n/a,SB_Sweet,SeedshopSelect,SeedshopSelect
647,801,7200,!!TASK_ALL_XMAS_DONUTS_POLICE,3015,-1,building,1004,7200,50,-1,-1,11,BonusRewardIcon.png,36,1,1,-1,-1,-1,-1,-1,0,-1,-1,walk,n/a,idle,n/a,-1,-1,enter,40,default,0,0,0,0,0,0,RentIcon.png,n/a,SB_Sweet,SeedshopSelect,SeedshopSelect
648,802,7200,!!TASK_ALL_KNIT_FIN_MITTENS,3015,-1,building,1002,7200,50,-1,-1,11,BonusRewardIcon.png,36,1,1,-1,-1,-1,-1,-1,0,-1,-1,walk,n/a,idle,n/a,-1,-1,enter,40,default,0,0,0,0,0,0,RentIcon.png,n/a,SB_Sweet,SeedshopSelect,SeedshopSelect
649,279,1800,!!TASK_ALL_WATCH_MM_EPISODE,3015,-1,building,1014,1800,20,-1,-1,8,n/a,9,1,1,-1,-1,-1,-1,5,1,-1,-1,walk,n/a,idle,n/a,-1,-1,enter,40,default,0,0,0,0,0,0,RentIcon.png,n/a,SB_Sweet,SeedshopSelect,SeedshopSelect
650,280,7200,!!TASK_ALL_FANCY_FEAST_KK,3015,-1,building,1018,7200,50,-1,-1,11,n/a,9,1,1,-1,-1,-1,-1,6,1,-1,-1,walk,n/a,idle,n/a,-1,-1,enter,40,default,0,0,0,0,0,0,RentIcon.png,n/a,SB_Sweet,SeedshopSelect,SeedshopSelect
651,317,5,!!TASK_ALL_LAUNCH_XMAS_WISH,3015,-1,building,20109,5,6,-1,-1,1,n/a,1,1,1,2826,2835,2842,-1,9,1,-1,-1,walk,n/a,gimme,n/a,-1,-1,activate,40,shoot,10,10,0,0,0,0,RentIcon.png,n/a,SB_Sweet,SeedshopSelect,SeedshopSelect
652,527,7200,!!TASK_ALL_VDAY_LOAD_BOXES,3015,-1,building,20624,7200,-1,57,50,11,n/a,36,1,1,3100,-1,-1,-1,-1,0,-1,-1,walk,n/a,idle,n/a,-1,-1,enter,40,default,0,0,0,0,0,0,RentIcon.png,n/a,SB_Sweet,SeedshopSelect,SeedshopSelect
653,528,14400,!!TASK_ALL_VDAY_SOLDER_SWEET_NOTHINGS,3015,-1,building,20624,14400,-1,57,65,14,n/a,36,1,1,3100,-1,-1,-1,-1,0,-1,-1,walk,n/a,idle,n/a,-1,-1,enter,40,default,0,0,0,0,0,0,RentIcon.png,n/a,SB_Sweet,SeedshopSelect,SeedshopSelect
654,529,21600,!!TASK_ALL_VDAY_BEND_HOLDERS,3015,-1,building,20624,21600,-1,57,70,18,n/a,36,1,1,3100,-1,-1,-1,-1,0,-1,-1,walk,n/a,idle,n/a,-1,-1,enter,40,default,0,0,0,0,0,0,RentIcon.png,n/a,SB_Sweet,SeedshopSelect,SeedshopSelect
655,135,300,!!TASK_SOPHIE_LONG_BELCH,30201,-1,building,9005,300,11,-1,-1,5,n/a,1,1,0,-1,-1,-1,-1,-1,0,-1,-1,walk,n/a,idle,n/a,-1,-1,enter,40,default,0,0,0,0,0,0,RentIcon.png,n/a,SB_Sweet,SeedshopSelect,SeedshopSelect
656,137,14400,!!TASK_SOPHIE_DEVOUR_JUICE,30201,-1,building,1054,14400,65,-1,-1,14,n/a,1,1,0,-1,-1,-1,-1,-1,0,-1,-1,walk,n/a,idle,n/a,-1,-1,enter,40,default,0,0,0,0,0,0,RentIcon.png,n/a,SB_Sweet,SeedshopSelect,SeedshopSelect
657,138,36000,!!TASK_SOPHIE_MUSEUM_SLEEP,30201,-1,building,1006,36000,85,-1,-1,26,n/a,1,1,0,-1,-1,-1,-1,-1,0,-1,-1,walk,n/a,idle,n/a,-1,-1,enter,40,default,0,0,0,0,0,0,RentIcon.png,n/a,SB_Sweet,SeedshopSelect,SeedshopSelect
658,413,7200,!!TASK_ALL_WATCH_HOLIDAY_TV,30201,-1,building,9005,7200,50,-1,-1,11,BonusRewardIcon.png,36,1,1,-1,-1,-1,-1,-1,0,-1,-1,walk,n/a,idle,n/a,-1,-1,enter,40,default,0,0,0,0,0,0,RentIcon.png,n/a,SB_Sweet,SeedshopSelect,SeedshopSelect
659,412,7200,!!TASK_ALL_BROWSE_GOODIES,30201,-1,building,9046,7200,50,-1,-1,11,BonusRewardIcon.png,36,1,1,-1,-1,-1,-1,-1,0,-1,-1,walk,n/a,idle,n/a,-1,-1,enter,40,default,0,0,0,0,0,0,RentIcon.png,n/a,SB_Sweet,SeedshopSelect,SeedshopSelect
660,803,14400,!!TASK_ALL_FESTIVE_FLORAL,30201,-1,building,1102,14400,65,-1,-1,14,BonusRewardIcon.png,36,1,1,-1,-1,-1,-1,-1,0,-1,-1,walk,n/a,idle,n/a,-1,-1,enter,40,default,0,0,0,0,0,0,RentIcon.png,n/a,SB_Sweet,SeedshopSelect,SeedshopSelect
661,804,7200,!!TASK_ALL_MORE_BAKED_GOODS,30201,-1,building,1024,7200,50,-1,-1,11,BonusRewardIcon.png,36,1,1,-1,-1,-1,-1,-1,0,-1,-1,walk,n/a,idle,n/a,-1,-1,enter,40,default,0,0,0,0,0,0,RentIcon.png,n/a,SB_Sweet,SeedshopSelect,SeedshopSelect
662,805,21600,!!TASK_ALL_SHAKE_PRESENTS,30201,-1,building,9005,21600,70,-1,-1,18,BonusRewardIcon.png,36,1,1,-1,-1,-1,-1,-1,0,-1,-1,walk,n/a,idle,n/a,-1,-1,enter,40,default,0,0,0,0,0,0,RentIcon.png,n/a,SB_Sweet,SeedshopSelect,SeedshopSelect
663,414,7200,!!TASK_ALL_ENJOY_TIME_OFF,30201,-1,building,9005,7200,50,-1,-1,11,BonusRewardIcon.png,36,1,1,-1,-1,-1,-1,-1,0,-1,-1,walk,n/a,idle,n/a,-1,-1,enter,40,default,0,0,0,0,0,0,RentIcon.png,n/a,SB_Sweet,SeedshopSelect,SeedshopSelect
664,806,7200,!!TASK_ALL_SING_OLD_FOLKS,30201,-1,building,1026,7200,50,-1,-1,11,BonusRewardIcon.png,36,1,1,-1,-1,-1,-1,-1,0,-1,-1,walk,n/a,idle,n/a,-1,-1,enter,40,default,0,0,0,0,0,0,RentIcon.png,n/a,SB_Sweet,SeedshopSelect,SeedshopSelect
665,807,14400,!!TASK_ALL_MISTLETOE_WAIT,30201,-1,building,9005,14400,65,-1,-1,14,BonusRewardIcon.png,36,1,1,-1,-1,-1,-1,-1,0,-1,-1,walk,n/a,idle,n/a,-1,-1,enter,40,default,0,0,0,0,0,0,RentIcon.png,n/a,SB_Sweet,SeedshopSelect,SeedshopSelect
666,808,7200,!!TASK_ALL_XMAS_DONUTS_POLICE,30201,-1,building,1004,7200,50,-1,-1,11,BonusRewardIcon.png,36,1,1,-1,-1,-1,-1,-1,0,-1,-1,walk,n/a,idle,n/a,-1,-1,enter,40,default,0,0,0,0,0,0,RentIcon.png,n/a,SB_Sweet,SeedshopSelect,SeedshopSelect
667,809,7200,!!TASK_ALL_KNIT_FIN_MITTENS,30201,-1,building,1002,7200,50,-1,-1,11,BonusRewardIcon.png,36,1,1,-1,-1,-1,-1,-1,0,-1,-1,walk,n/a,idle,n/a,-1,-1,enter,40,default,0,0,0,0,0,0,RentIcon.png,n/a,SB_Sweet,SeedshopSelect,SeedshopSelect
668,281,1800,!!TASK_ALL_WATCH_MM_EPISODE,30201,-1,building,9005,1800,20,-1,-1,8,n/a,9,1,1,-1,-1,-1,-1,5,1,-1,-1,walk,n/a,idle,n/a,-1,-1,enter,40,default,0,0,0,0,0,0,RentIcon.png,n/a,SB_Sweet,SeedshopSelect,SeedshopSelect
669,282,7200,!!TASK_ALL_FANCY_FEAST_KK,30201,-1,building,1018,7200,50,-1,-1,11,n/a,9,1,1,-1,-1,-1,-1,6,1,-1,-1,walk,n/a,idle,n/a,-1,-1,enter,40,default,0,0,0,0,0,0,RentIcon.png,n/a,SB_Sweet,SeedshopSelect,SeedshopSelect
670,318,5,!!TASK_ALL_LAUNCH_XMAS_WISH,30201,-1,building,20109,5,6,-1,-1,1,n/a,1,1,1,2826,2835,2842,-1,9,1,-1,-1,walk,n/a,gimme,n/a,-1,-1,activate,40,shoot,10,10,0,0,0,0,RentIcon.png,n/a,SB_Sweet,SeedshopSelect,SeedshopSelect
671,530,7200,!!TASK_ALL_VDAY_MAKE_IBEAMS,30201,-1,building,20624,7200,-1,57,50,11,n/a,36,1,1,3100,-1,-1,-1,-1,0,-1,-1,walk,n/a,idle,n/a,-1,-1,enter,40,default,0,0,0,0,0,0,RentIcon.png,n/a,SB_Sweet,SeedshopSelect,SeedshopSelect
672,531,14400,!!TASK_ALL_VDAY_SOLDER_SWEET_NOTHINGS,30201,-1,building,20624,14400,-1,57,65,14,n/a,36,1,1,3100,-1,-1,-1,-1,0,-1,-1,walk,n/a,idle,n/a,-1,-1,enter,40,default,0,0,0,0,0,0,RentIcon.png,n/a,SB_Sweet,SeedshopSelect,SeedshopSelect
673,532,21600,!!TASK_ALL_VDAY_MOLD_RAIL,30201,-1,building,20624,21600,-1,57,70,18,n/a,36,1,1,3100,-1,-1,-1,-1,0,-1,-1,walk,n/a,idle,n/a,-1,-1,enter,40,default,0,0,0,0,0,0,RentIcon.png,n/a,SB_Sweet,SeedshopSelect,SeedshopSelect
674,142,300,!!TASK_LENNY_MEEP_PATTIES,30341,-1,building,1018,300,11,-1,-1,5,n/a,1,1,0,-1,-1,-1,-1,-1,0,-1,-1,walk,n/a,idle,n/a,-1,-1,enter,40,default,0,0,0,0,0,0,RentIcon.png,n/a,SB_Sweet,SeedshopSelect,SeedshopSelect
675,143,3600,!!TASK_LENNY_AUDITION,30341,-1,building,1016,3600,40,-1,-1,10,n/a,1,1,0,-1,-1,-1,-1,-1,0,-1,-1,walk,n/a,idle,n/a,-1,-1,enter,40,default,0,0,0,0,0,0,RentIcon.png,n/a,SB_Sweet,SeedshopSelect,SeedshopSelect
676,144,14400,!!TASK_LENNY_MEEP_SOW,30341,-1,building,1102,14400,65,-1,-1,14,n/a,1,1,0,-1,-1,-1,-1,-1,0,-1,-1,walk,n/a,idle,n/a,-1,-1,enter,40,default,0,0,0,0,0,0,RentIcon.png,n/a,SB_Sweet,SeedshopSelect,SeedshopSelect
677,145,86400,!!TASK_LENNY_MEEP_ALL_DAY,30341,-1,building,1050,86400,120,-1,-1,30,n/a,1,1,0,-1,-1,-1,-1,-1,0,-1,-1,walk,n/a,idle,n/a,-1,-1,enter,40,default,0,0,0,0,0,0,RentIcon.png,n/a,SB_Sweet,SeedshopSelect,SeedshopSelect
678,416,7200,!!TASK_ALL_WATCH_HOLIDAY_TV,30341,-1,building,1050,7200,50,-1,-1,11,BonusRewardIcon.png,36,1,1,-1,-1,-1,-1,-1,0,-1,-1,walk,n/a,idle,n/a,-1,-1,enter,40,default,0,0,0,0,0,0,RentIcon.png,n/a,SB_Sweet,SeedshopSelect,SeedshopSelect
679,415,7200,!!TASK_ALL_BROWSE_GOODIES,30341,-1,building,9046,7200,50,-1,-1,11,BonusRewardIcon.png,36,1,1,-1,-1,-1,-1,-1,0,-1,-1,walk,n/a,idle,n/a,-1,-1,enter,40,default,0,0,0,0,0,0,RentIcon.png,n/a,SB_Sweet,SeedshopSelect,SeedshopSelect
680,810,14400,!!TASK_ALL_FESTIVE_FLORAL,30341,-1,building,1102,14400,65,-1,-1,14,BonusRewardIcon.png,36,1,1,-1,-1,-1,-1,-1,0,-1,-1,walk,n/a,idle,n/a,-1,-1,enter,40,default,0,0,0,0,0,0,RentIcon.png,n/a,SB_Sweet,SeedshopSelect,SeedshopSelect
681,811,7200,!!TASK_ALL_MORE_BAKED_GOODS,30341,-1,building,1024,7200,50,-1,-1,11,BonusRewardIcon.png,36,1,1,-1,-1,-1,-1,-1,0,-1,-1,walk,n/a,idle,n/a,-1,-1,enter,40,default,0,0,0,0,0,0,RentIcon.png,n/a,SB_Sweet,SeedshopSelect,SeedshopSelect
682,812,21600,!!TASK_ALL_SHAKE_PRESENTS,30341,-1,building,1050,21600,70,-1,-1,18,BonusRewardIcon.png,36,1,1,-1,-1,-1,-1,-1,0,-1,-1,walk,n/a,idle,n/a,-1,-1,enter,40,default,0,0,0,0,0,0,RentIcon.png,n/a,SB_Sweet,SeedshopSelect,SeedshopSelect
683,417,7200,!!TASK_ALL_ENJOY_TIME_OFF,30341,-1,building,1050,7200,50,-1,-1,11,BonusRewardIcon.png,36,1,1,-1,-1,-1,-1,-1,0,-1,-1,walk,n/a,idle,n/a,-1,-1,enter,40,default,0,0,0,0,0,0,RentIcon.png,n/a,SB_Sweet,SeedshopSelect,SeedshopSelect
684,813,7200,!!TASK_ALL_SING_OLD_FOLKS,30341,-1,building,1026,7200,50,-1,-1,11,BonusRewardIcon.png,36,1,1,-1,-1,-1,-1,-1,0,-1,-1,walk,n/a,idle,n/a,-1,-1,enter,40,default,0,0,0,0,0,0,RentIcon.png,n/a,SB_Sweet,SeedshopSelect,SeedshopSelect
685,814,14400,!!TASK_ALL_MISTLETOE_WAIT,30341,-1,building,1050,14400,65,-1,-1,14,BonusRewardIcon.png,36,1,1,-1,-1,-1,-1,-1,0,-1,-1,walk,n/a,idle,n/a,-1,-1,enter,40,default,0,0,0,0,0,0,RentIcon.png,n/a,SB_Sweet,SeedshopSelect,SeedshopSelect
686,815,7200,!!TASK_ALL_XMAS_DONUTS_POLICE,30341,-1,building,1004,7200,50,-1,-1,11,BonusRewardIcon.png,36,1,1,-1,-1,-1,-1,-1,0,-1,-1,walk,n/a,idle,n/a,-1,-1,enter,40,default,0,0,0,0,0,0,RentIcon.png,n/a,SB_Sweet,SeedshopSelect,SeedshopSelect
687,816,7200,!!TASK_ALL_KNIT_FIN_MITTENS,30341,-1,building,1002,7200,50,-1,-1,11,BonusRewardIcon.png,36,1,1,-1,-1,-1,-1,-1,0,-1,-1,walk,n/a,idle,n/a,-1,-1,enter,40,default,0,0,0,0,0,0,RentIcon.png,n/a,SB_Sweet,SeedshopSelect,SeedshopSelect
688,283,1800,!!TASK_ALL_WATCH_MM_EPISODE,30341,-1,building,1050,1800,20,-1,-1,8,n/a,9,1,1,-1,-1,-1,-1,5,1,-1,-1,walk,n/a,idle,n/a,-1,-1,enter,40,default,0,0,0,0,0,0,RentIcon.png,n/a,SB_Sweet,SeedshopSelect,SeedshopSelect
689,284,7200,!!TASK_ALL_FANCY_FEAST_KK,30341,-1,building,1018,7200,50,-1,-1,11,n/a,9,1,1,-1,-1,-1,-1,6,1,-1,-1,walk,n/a,idle,n/a,-1,-1,enter,40,default,0,0,0,0,0,0,RentIcon.png,n/a,SB_Sweet,SeedshopSelect,SeedshopSelect
690,319,5,!!TASK_ALL_LAUNCH_XMAS_WISH,30341,-1,building,20109,5,6,-1,-1,1,n/a,1,1,1,2826,2835,2842,-1,9,1,-1,-1,walk,n/a,gimme,n/a,-1,-1,activate,40,shoot,10,10,0,0,0,0,RentIcon.png,n/a,SB_Sweet,SeedshopSelect,SeedshopSelect
691,533,14400,!!TASK_ALL_VDAY_BOLT_BROKEN_HEARTS,30341,-1,building,20624,14400,-1,57,65,14,n/a,36,1,1,3100,-1,-1,-1,-1,0,-1,-1,walk,n/a,idle,n/a,-1,-1,enter,40,default,0,0,0,0,0,0,RentIcon.png,n/a,SB_Sweet,SeedshopSelect,SeedshopSelect
692,534,21600,!!TASK_ALL_VDAY_BEND_HOLDERS,30341,-1,building,20624,21600,-1,57,70,18,n/a,36,1,1,3100,-1,-1,-1,-1,0,-1,-1,walk,n/a,idle,n/a,-1,-1,enter,40,default,0,0,0,0,0,0,RentIcon.png,n/a,SB_Sweet,SeedshopSelect,SeedshopSelect
693,535,86400,!!TASK_ALL_VDAY_FORKLIFT_GIRDERS,30341,-1,building,20624,86400,-1,57,120,30,n/a,36,1,1,3100,-1,-1,-1,-1,0,-1,-1,walk,n/a,idle,n/a,-1,-1,enter,40,default,0,0,0,0,0,0,RentIcon.png,n/a,SB_Sweet,SeedshopSelect,SeedshopSelect
694,146,300,!!TASK_MERMAIDMAN_DOG_PADDLE,3009,-1,n/a,-1,300,11,-1,-1,5,n/a,1,1,0,-1,-1,-1,-1,-1,0,-1,-1,dogpaddle,n/a,idle,n/a,8,2,wander,40,default,0,0,0,0,0,0,RentIcon.png,MM_EvilCantParkHere,SB_Sweet,SeedshopSelect,SeedshopSelect
695,147,3600,!!TASK_MERMAIDMAN_TO_THE_KK,3009,-1,building,1018,3600,40,-1,-1,10,n/a,1,1,0,-1,-1,-1,-1,-1,0,-1,-1,walk,n/a,idle,n/a,-1,-1,enter,40,default,0,0,0,0,0,0,RentIcon.png,MM_GoesRightThroughMe,SB_Sweet,SeedshopSelect,SeedshopSelect
696,149,14400,!!TASK_MERMAIDMAN_MONOPOLIZE_TV,3009,-1,building,1026,14400,65,-1,-1,14,n/a,1,1,0,-1,-1,-1,-1,-1,0,-1,-1,walk,n/a,idle,n/a,-1,-1,enter,40,default,0,0,0,0,0,0,RentIcon.png,MM_Evil,SB_Sweet,SeedshopSelect,SeedshopSelect
697,148,21600,!!TASK_MERMAIDMAN_CHECK-UP,3009,-1,building,1010,21600,70,-1,-1,18,n/a,1,1,0,-1,-1,-1,-1,-1,0,-1,-1,walk,n/a,idle,n/a,-1,-1,enter,40,default,0,0,0,0,0,0,RentIcon.png,MM_YouMayKissTheBride,SB_Sweet,SeedshopSelect,SeedshopSelect
698,419,7200,!!TASK_ALL_WATCH_HOLIDAY_TV,3009,-1,building,1010,7200,50,-1,-1,11,BonusRewardIcon.png,36,1,1,-1,-1,-1,-1,-1,0,-1,-1,walk,n/a,idle,n/a,-1,-1,enter,40,default,0,0,0,0,0,0,RentIcon.png,n/a,SB_Sweet,SeedshopSelect,SeedshopSelect
699,418,7200,!!TASK_ALL_BROWSE_GOODIES,3009,-1,building,9046,7200,50,-1,-1,11,BonusRewardIcon.png,36,1,1,-1,-1,-1,-1,-1,0,-1,-1,walk,n/a,idle,n/a,-1,-1,enter,40,default,0,0,0,0,0,0,RentIcon.png,n/a,SB_Sweet,SeedshopSelect,SeedshopSelect
700,817,14400,!!TASK_ALL_FESTIVE_FLORAL,3009,-1,building,1102,14400,65,-1,-1,14,BonusRewardIcon.png,36,1,1,-1,-1,-1,-1,-1,0,-1,-1,walk,n/a,idle,n/a,-1,-1,enter,40,default,0,0,0,0,0,0,RentIcon.png,n/a,SB_Sweet,SeedshopSelect,SeedshopSelect
701,818,7200,!!TASK_ALL_MORE_BAKED_GOODS,3009,-1,building,1024,7200,50,-1,-1,11,BonusRewardIcon.png,36,1,1,-1,-1,-1,-1,-1,0,-1,-1,walk,n/a,idle,n/a,-1,-1,enter,40,default,0,0,0,0,0,0,RentIcon.png,n/a,SB_Sweet,SeedshopSelect,SeedshopSelect
702,819,21600,!!TASK_ALL_SHAKE_PRESENTS,3009,-1,building,1010,21600,70,-1,-1,18,BonusRewardIcon.png,36,1,1,-1,-1,-1,-1,-1,0,-1,-1,walk,n/a,idle,n/a,-1,-1,enter,40,default,0,0,0,0,0,0,RentIcon.png,n/a,SB_Sweet,SeedshopSelect,SeedshopSelect
703,420,7200,!!TASK_ALL_ENJOY_TIME_OFF,3009,-1,building,1010,7200,50,-1,-1,11,BonusRewardIcon.png,36,1,1,-1,-1,-1,-1,-1,0,-1,-1,walk,n/a,idle,n/a,-1,-1,enter,40,default,0,0,0,0,0,0,RentIcon.png,n/a,SB_Sweet,SeedshopSelect,SeedshopSelect
704,820,7200,!!TASK_ALL_SING_OLD_FOLKS,3009,-1,building,1026,7200,50,-1,-1,11,BonusRewardIcon.png,36,1,1,-1,-1,-1,-1,-1,0,-1,-1,walk,n/a,idle,n/a,-1,-1,enter,40,default,0,0,0,0,0,0,RentIcon.png,n/a,SB_Sweet,SeedshopSelect,SeedshopSelect
705,821,14400,!!TASK_ALL_MISTLETOE_WAIT,3009,-1,building,1010,14400,65,-1,-1,14,BonusRewardIcon.png,36,1,1,-1,-1,-1,-1,-1,0,-1,-1,walk,n/a,idle,n/a,-1,-1,enter,40,default,0,0,0,0,0,0,RentIcon.png,n/a,SB_Sweet,SeedshopSelect,SeedshopSelect
706,822,7200,!!TASK_ALL_XMAS_DONUTS_POLICE,3009,-1,building,1004,7200,50,-1,-1,11,BonusRewardIcon.png,36,1,1,-1,-1,-1,-1,-1,0,-1,-1,walk,n/a,idle,n/a,-1,-1,enter,40,default,0,0,0,0,0,0,RentIcon.png,n/a,SB_Sweet,SeedshopSelect,SeedshopSelect
707,823,7200,!!TASK_ALL_KNIT_FIN_MITTENS,3009,-1,building,1002,7200,50,-1,-1,11,BonusRewardIcon.png,36,1,1,-1,-1,-1,-1,-1,0,-1,-1,walk,n/a,idle,n/a,-1,-1,enter,40,default,0,0,0,0,0,0,RentIcon.png,n/a,SB_Sweet,SeedshopSelect,SeedshopSelect
708,285,1800,!!TASK_ALL_WATCH_MM_EPISODE,3009,-1,building,1010,1800,20,-1,-1,8,n/a,9,1,1,-1,-1,-1,-1,5,1,-1,-1,walk,n/a,idle,n/a,-1,-1,enter,40,default,0,0,0,0,0,0,RentIcon.png,n/a,SB_Sweet,SeedshopSelect,SeedshopSelect
709,286,7200,!!TASK_ALL_FANCY_FEAST_KK,3009,-1,building,1018,7200,50,-1,-1,11,n/a,9,1,1,-1,-1,-1,-1,6,1,-1,-1,walk,n/a,idle,n/a,-1,-1,enter,40,default,0,0,0,0,0,0,RentIcon.png,n/a,SB_Sweet,SeedshopSelect,SeedshopSelect
710,320,5,!!TASK_ALL_LAUNCH_XMAS_WISH,3009,-1,building,20109,5,6,-1,-1,1,n/a,1,1,1,2826,2835,2842,-1,9,1,-1,-1,walk,n/a,gimme,n/a,-1,-1,activate,40,shoot,10,10,0,0,0,0,RentIcon.png,n/a,SB_Sweet,SeedshopSelect,SeedshopSelect
711,536,7200,!!TASK_ALL_VDAY_LOAD_BOXES,3009,-1,building,20624,7200,-1,57,50,11,n/a,36,1,1,3100,-1,-1,-1,-1,0,-1,-1,walk,n/a,idle,n/a,-1,-1,enter,40,default,0,0,0,0,0,0,RentIcon.png,n/a,SB_Sweet,SeedshopSelect,SeedshopSelect
712,537,14400,!!TASK_ALL_VDAY_WELD_STRAPS,3009,-1,building,20624,14400,-1,57,65,14,n/a,36,1,1,3100,-1,-1,-1,-1,0,-1,-1,walk,n/a,idle,n/a,-1,-1,enter,40,default,0,0,0,0,0,0,RentIcon.png,n/a,SB_Sweet,SeedshopSelect,SeedshopSelect
713,538,21600,!!TASK_ALL_VDAY_MOLD_RAIL,3009,-1,building,20624,21600,-1,57,70,18,n/a,36,1,1,3100,-1,-1,-1,-1,0,-1,-1,walk,n/a,idle,n/a,-1,-1,enter,40,default,0,0,0,0,0,0,RentIcon.png,n/a,SB_Sweet,SeedshopSelect,SeedshopSelect
714,151,7200,!!TASK_KEVIN_TAUNT_STUDENTS,3012,-1,building,1001,7200,50,-1,-1,11,n/a,1,1,0,-1,-1,-1,-1,-1,0,-1,-1,walk,n/a,idle,n/a,-1,-1,enter,40,default,0,0,0,0,0,0,RentIcon.png,Kevin_CoolestJellyfish,SB_Sweet,SeedshopSelect,SeedshopSelect
715,152,14400,!!TASK_KEVIN_JELLYFISH_STINGS,3012,-1,building,1010,14400,65,-1,-1,14,n/a,1,1,0,-1,-1,-1,-1,-1,0,-1,-1,walk,n/a,idle,n/a,-1,-1,enter,40,default,0,0,0,0,0,0,RentIcon.png,Kevin_InItForTheFashion,SB_Sweet,SeedshopSelect,SeedshopSelect
716,422,7200,!!TASK_ALL_WATCH_HOLIDAY_TV,3012,-1,building,1012,7200,50,-1,-1,11,BonusRewardIcon.png,36,1,1,-1,-1,-1,-1,-1,0,-1,-1,walk,n/a,idle,n/a,-1,-1,enter,40,default,0,0,0,0,0,0,RentIcon.png,n/a,SB_Sweet,SeedshopSelect,SeedshopSelect
717,421,7200,!!TASK_ALL_BROWSE_GOODIES,3012,-1,building,9046,7200,50,-1,-1,11,BonusRewardIcon.png,36,1,1,-1,-1,-1,-1,-1,0,-1,-1,walk,n/a,idle,n/a,-1,-1,enter,40,default,0,0,0,0,0,0,RentIcon.png,n/a,SB_Sweet,SeedshopSelect,SeedshopSelect
718,824,14400,!!TASK_ALL_FESTIVE_FLORAL,3012,-1,building,1102,14400,65,-1,-1,14,BonusRewardIcon.png,36,1,1,-1,-1,-1,-1,-1,0,-1,-1,walk,n/a,idle,n/a,-1,-1,enter,40,default,0,0,0,0,0,0,RentIcon.png,n/a,SB_Sweet,SeedshopSelect,SeedshopSelect
719,825,7200,!!TASK_ALL_MORE_BAKED_GOODS,3012,-1,building,1024,7200,50,-1,-1,11,BonusRewardIcon.png,36,1,1,-1,-1,-1,-1,-1,0,-1,-1,walk,n/a,idle,n/a,-1,-1,enter,40,default,0,0,0,0,0,0,RentIcon.png,n/a,SB_Sweet,SeedshopSelect,SeedshopSelect
720,826,21600,!!TASK_ALL_SHAKE_PRESENTS,3012,-1,building,1012,21600,70,-1,-1,18,BonusRewardIcon.png,36,1,1,-1,-1,-1,-1,-1,0,-1,-1,walk,n/a,idle,n/a,-1,-1,enter,40,default,0,0,0,0,0,0,RentIcon.png,n/a,SB_Sweet,SeedshopSelect,SeedshopSelect
721,423,7200,!!TASK_ALL_ENJOY_TIME_OFF,3012,-1,building,1012,7200,50,-1,-1,11,BonusRewardIcon.png,36,1,1,-1,-1,-1,-1,-1,0,-1,-1,walk,n/a,idle,n/a,-1,-1,enter,40,default,0,0,0,0,0,0,RentIcon.png,n/a,SB_Sweet,SeedshopSelect,SeedshopSelect
722,827,7200,!!TASK_ALL_SING_OLD_FOLKS,3012,-1,building,1026,7200,50,-1,-1,11,BonusRewardIcon.png,36,1,1,-1,-1,-1,-1,-1,0,-1,-1,walk,n/a,idle,n/a,-1,-1,enter,40,default,0,0,0,0,0,0,RentIcon.png,n/a,SB_Sweet,SeedshopSelect,SeedshopSelect
723,828,14400,!!TASK_ALL_MISTLETOE_WAIT,3012,-1,building,1012,14400,65,-1,-1,14,BonusRewardIcon.png,36,1,1,-1,-1,-1,-1,-1,0,-1,-1,walk,n/a,idle,n/a,-1,-1,enter,40,default,0,0,0,0,0,0,RentIcon.png,n/a,SB_Sweet,SeedshopSelect,SeedshopSelect
724,829,7200,!!TASK_ALL_XMAS_DONUTS_POLICE,3012,-1,building,1004,7200,50,-1,-1,11,BonusRewardIcon.png,36,1,1,-1,-1,-1,-1,-1,0,-1,-1,walk,n/a,idle,n/a,-1,-1,enter,40,default,0,0,0,0,0,0,RentIcon.png,n/a,SB_Sweet,SeedshopSelect,SeedshopSelect
725,830,7200,!!TASK_ALL_KNIT_FIN_MITTENS,3012,-1,building,1002,7200,50,-1,-1,11,BonusRewardIcon.png,36,1,1,-1,-1,-1,-1,-1,0,-1,-1,walk,n/a,idle,n/a,-1,-1,enter,40,default,0,0,0,0,0,0,RentIcon.png,n/a,SB_Sweet,SeedshopSelect,SeedshopSelect
726,287,1800,!!TASK_ALL_WATCH_MM_EPISODE,3012,-1,building,1012,1800,20,-1,-1,8,n/a,9,1,1,-1,-1,-1,-1,5,1,-1,-1,walk,n/a,idle,n/a,-1,-1,enter,40,default,0,0,0,0,0,0,RentIcon.png,n/a,SB_Sweet,SeedshopSelect,SeedshopSelect
727,288,7200,!!TASK_ALL_FANCY_FEAST_KK,3012,-1,building,1018,7200,50,-1,-1,11,n/a,9,1,1,-1,-1,-1,-1,6,1,-1,-1,walk,n/a,idle,n/a,-1,-1,enter,40,default,0,0,0,0,0,0,RentIcon.png,n/a,SB_Sweet,SeedshopSelect,SeedshopSelect
728,321,5,!!TASK_ALL_LAUNCH_XMAS_WISH,3012,-1,building,20109,5,6,-1,-1,1,n/a,1,1,1,2826,2835,2842,-1,9,1,-1,-1,walk,n/a,gimme,n/a,-1,-1,activate,40,shoot,10,10,0,0,0,0,RentIcon.png,n/a,SB_Sweet,SeedshopSelect,SeedshopSelect
729,539,14400,!!TASK_ALL_VDAY_BOLT_BROKEN_HEARTS,3012,-1,building,20624,14400,-1,57,65,14,n/a,36,1,1,3100,-1,-1,-1,-1,0,-1,-1,walk,n/a,idle,n/a,-1,-1,enter,40,default,0,0,0,0,0,0,RentIcon.png,n/a,SB_Sweet,SeedshopSelect,SeedshopSelect
730,540,21600,!!TASK_ALL_VDAY_BEND_HOLDERS,3012,-1,building,20624,21600,-1,57,70,18,n/a,36,1,1,3100,-1,-1,-1,-1,0,-1,-1,walk,n/a,idle,n/a,-1,-1,enter,40,default,0,0,0,0,0,0,RentIcon.png,n/a,SB_Sweet,SeedshopSelect,SeedshopSelect
731,541,86400,!!TASK_ALL_VDAY_TIE_HEARTSTRINGS,3012,-1,building,20624,86400,-1,57,120,30,n/a,36,1,1,3100,-1,-1,-1,-1,0,-1,-1,walk,n/a,idle,n/a,-1,-1,enter,40,default,0,0,0,0,0,0,RentIcon.png,n/a,SB_Sweet,SeedshopSelect,SeedshopSelect
732,153,300,!!TASK_NEPTUNE_ONE_MORE_TIME,3001,-1,n/a,-1,300,11,-1,-1,5,n/a,1,1,0,-1,-1,-1,-1,-1,0,-1,-1,walk,n/a,eat_burger,n/a,-1,8,wander,40,default,0,0,0,0,0,0,RentIcon.png,Neptune_WhoDareThink,SB_Sweet,SeedshopSelect,SeedshopSelect
733,154,14400,!!TASK_NEPTUNE_FRY_WITH_LOVE,3001,-1,building,1018,14400,65,-1,-1,14,n/a,1,1,0,-1,-1,-1,-1,-1,0,-1,-1,walk,n/a,idle,n/a,-1,-1,enter,40,default,0,0,0,0,0,0,RentIcon.png,Neptune_Fabulous,SB_Sweet,SeedshopSelect,SeedshopSelect
734,155,36000,!!TASK_NEPTUNE_EXPLAIN_JOKE,3001,-1,building,1006,36000,85,-1,-1,26,n/a,1,1,0,-1,-1,-1,-1,-1,0,-1,-1,walk,n/a,idle,n/a,-1,-1,enter,40,default,0,0,0,0,0,0,RentIcon.png,Neptune_MyHeadLookSmall,SB_Sweet,SeedshopSelect,SeedshopSelect
735,156,86400,!!TASK_NEPTUNE_HAVE_PARTY,3001,-1,building,1018,86400,120,-1,-1,30,n/a,1,1,0,-1,-1,-1,-1,-1,0,-1,-1,walk,n/a,idle,n/a,-1,-1,enter,40,default,0,0,0,0,0,0,RentIcon.png,Neptune_GetOnWithIt,SB_Sweet,SeedshopSelect,SeedshopSelect
736,425,7200,!!TASK_ALL_WATCH_HOLIDAY_TV,3001,-1,building,1006,7200,50,-1,-1,11,BonusRewardIcon.png,36,1,1,-1,-1,-1,-1,-1,0,-1,-1,walk,n/a,idle,n/a,-1,-1,enter,40,default,0,0,0,0,0,0,RentIcon.png,n/a,SB_Sweet,SeedshopSelect,SeedshopSelect
737,424,7200,!!TASK_ALL_BROWSE_GOODIES,3001,-1,building,9046,7200,50,-1,-1,11,BonusRewardIcon.png,36,1,1,-1,-1,-1,-1,-1,0,-1,-1,walk,n/a,idle,n/a,-1,-1,enter,40,default,0,0,0,0,0,0,RentIcon.png,n/a,SB_Sweet,SeedshopSelect,SeedshopSelect
738,831,14400,!!TASK_ALL_FESTIVE_FLORAL,3001,-1,building,1102,14400,65,-1,-1,14,BonusRewardIcon.png,36,1,1,-1,-1,-1,-1,-1,0,-1,-1,walk,n/a,idle,n/a,-1,-1,enter,40,default,0,0,0,0,0,0,RentIcon.png,n/a,SB_Sweet,SeedshopSelect,SeedshopSelect
739,832,7200,!!TASK_ALL_MORE_BAKED_GOODS,3001,-1,building,1024,7200,50,-1,-1,11,BonusRewardIcon.png,36,1,1,-1,-1,-1,-1,-1,0,-1,-1,walk,n/a,idle,n/a,-1,-1,enter,40,default,0,0,0,0,0,0,RentIcon.png,n/a,SB_Sweet,SeedshopSelect,SeedshopSelect
740,833,21600,!!TASK_ALL_SHAKE_PRESENTS,3001,-1,building,1006,21600,70,-1,-1,18,BonusRewardIcon.png,36,1,1,-1,-1,-1,-1,-1,0,-1,-1,walk,n/a,idle,n/a,-1,-1,enter,40,default,0,0,0,0,0,0,RentIcon.png,n/a,SB_Sweet,SeedshopSelect,SeedshopSelect
741,426,7200,!!TASK_ALL_ENJOY_TIME_OFF,3001,-1,building,1006,7200,50,-1,-1,11,BonusRewardIcon.png,36,1,1,-1,-1,-1,-1,-1,0,-1,-1,walk,n/a,idle,n/a,-1,-1,enter,40,default,0,0,0,0,0,0,RentIcon.png,n/a,SB_Sweet,SeedshopSelect,SeedshopSelect
742,834,7200,!!TASK_ALL_SING_OLD_FOLKS,3001,-1,building,1026,7200,50,-1,-1,11,BonusRewardIcon.png,36,1,1,-1,-1,-1,-1,-1,0,-1,-1,walk,n/a,idle,n/a,-1,-1,enter,40,default,0,0,0,0,0,0,RentIcon.png,n/a,SB_Sweet,SeedshopSelect,SeedshopSelect
743,835,14400,!!TASK_ALL_MISTLETOE_WAIT,3001,-1,building,1006,14400,65,-1,-1,14,BonusRewardIcon.png,36,1,1,-1,-1,-1,-1,-1,0,-1,-1,walk,n/a,idle,n/a,-1,-1,enter,40,default,0,0,0,0,0,0,RentIcon.png,n/a,SB_Sweet,SeedshopSelect,SeedshopSelect
744,836,7200,!!TASK_ALL_XMAS_DONUTS_POLICE,3001,-1,building,1004,7200,50,-1,-1,11,BonusRewardIcon.png,36,1,1,-1,-1,-1,-1,-1,0,-1,-1,walk,n/a,idle,n/a,-1,-1,enter,40,default,0,0,0,0,0,0,RentIcon.png,n/a,SB_Sweet,SeedshopSelect,SeedshopSelect
745,837,7200,!!TASK_ALL_KNIT_FIN_MITTENS,3001,-1,building,1002,7200,50,-1,-1,11,BonusRewardIcon.png,36,1,1,-1,-1,-1,-1,-1,0,-1,-1,walk,n/a,idle,n/a,-1,-1,enter,40,default,0,0,0,0,0,0,RentIcon.png,n/a,SB_Sweet,SeedshopSelect,SeedshopSelect
746,289,1800,!!TASK_ALL_WATCH_MM_EPISODE,3001,-1,building,1006,1800,20,-1,-1,8,n/a,9,1,1,-1,-1,-1,-1,5,1,-1,-1,walk,n/a,idle,n/a,-1,-1,enter,40,default,0,0,0,0,0,0,RentIcon.png,n/a,SB_Sweet,SeedshopSelect,SeedshopSelect
747,290,7200,!!TASK_ALL_FANCY_FEAST_KK,3001,-1,building,1018,7200,50,-1,-1,11,n/a,9,1,1,-1,-1,-1,-1,6,1,-1,-1,walk,n/a,idle,n/a,-1,-1,enter,40,default,0,0,0,0,0,0,RentIcon.png,n/a,SB_Sweet,SeedshopSelect,SeedshopSelect
748,322,5,!!TASK_ALL_LAUNCH_XMAS_WISH,3001,-1,building,20109,5,6,-1,-1,1,n/a,1,1,1,2826,2835,2842,-1,9,1,-1,-1,walk,n/a,gimme,n/a,-1,-1,activate,40,shoot,10,10,0,0,0,0,RentIcon.png,n/a,SB_Sweet,SeedshopSelect,SeedshopSelect
749,542,7200,!!TASK_ALL_VDAY_LOAD_BOXES,3001,-1,building,20624,7200,-1,57,50,11,n/a,36,1,1,3100,-1,-1,-1,-1,0,-1,-1,walk,n/a,idle,n/a,-1,-1,enter,40,default,0,0,0,0,0,0,RentIcon.png,n/a,SB_Sweet,SeedshopSelect,SeedshopSelect
750,543,14400,!!TASK_ALL_VDAY_SOLDER_SWEET_NOTHINGS,3001,-1,building,20624,14400,-1,57,65,14,n/a,36,1,1,3100,-1,-1,-1,-1,0,-1,-1,walk,n/a,idle,n/a,-1,-1,enter,40,default,0,0,0,0,0,0,RentIcon.png,n/a,SB_Sweet,SeedshopSelect,SeedshopSelect
751,544,21600,!!TASK_ALL_VDAY_BEND_HOLDERS,3001,-1,building,20624,21600,-1,57,70,18,n/a,36,1,1,3100,-1,-1,-1,-1,0,-1,-1,walk,n/a,idle,n/a,-1,-1,enter,40,default,0,0,0,0,0,0,RentIcon.png,n/a,SB_Sweet,SeedshopSelect,SeedshopSelect
752,157,300,!!TASK_BOB_CLEAN_NAILS,30301,-1,building,1051,300,11,-1,-1,5,n/a,1,1,0,-1,-1,-1,-1,-1,0,-1,-1,walk,n/a,idle,n/a,-1,-1,enter,40,default,0,0,0,0,0,0,RentIcon.png,n/a,SB_Sweet,SeedshopSelect,SeedshopSelect
753,158,3600,!!TASK_BOB_SEND_ORDER_BACK,30301,-1,building,1018,3600,40,-1,-1,10,n/a,1,1,0,-1,-1,-1,-1,-1,0,-1,-1,walk,n/a,idle,n/a,-1,-1,enter,40,default,0,0,0,0,0,0,RentIcon.png,n/a,SB_Sweet,SeedshopSelect,SeedshopSelect
754,159,14400,!!TASK_BOB_ETIQUETTE,30301,-1,building,1001,14400,65,-1,-1,14,n/a,1,1,0,-1,-1,-1,-1,-1,0,-1,-1,walk,n/a,idle,n/a,-1,-1,enter,40,default,0,0,0,0,0,0,RentIcon.png,n/a,SB_Sweet,SeedshopSelect,SeedshopSelect
755,160,36000,!!TASK_BOB_BOWTYING,30301,-1,building,1051,36000,85,-1,-1,26,n/a,1,1,0,-1,-1,-1,-1,-1,0,-1,-1,walk,n/a,idle,n/a,-1,-1,enter,40,default,0,0,0,0,0,0,RentIcon.png,n/a,SB_Sweet,SeedshopSelect,SeedshopSelect
756,428,7200,!!TASK_ALL_WATCH_HOLIDAY_TV,30301,-1,building,1051,7200,50,-1,-1,11,BonusRewardIcon.png,36,1,1,-1,-1,-1,-1,-1,0,-1,-1,walk,n/a,idle,n/a,-1,-1,enter,40,default,0,0,0,0,0,0,RentIcon.png,n/a,SB_Sweet,SeedshopSelect,SeedshopSelect
757,427,7200,!!TASK_ALL_BROWSE_GOODIES,30301,-1,building,9046,7200,50,-1,-1,11,BonusRewardIcon.png,36,1,1,-1,-1,-1,-1,-1,0,-1,-1,walk,n/a,idle,n/a,-1,-1,enter,40,default,0,0,0,0,0,0,RentIcon.png,n/a,SB_Sweet,SeedshopSelect,SeedshopSelect
758,838,14400,!!TASK_ALL_FESTIVE_FLORAL,30301,-1,building,1102,14400,65,-1,-1,14,BonusRewardIcon.png,36,1,1,-1,-1,-1,-1,-1,0,-1,-1,walk,n/a,idle,n/a,-1,-1,enter,40,default,0,0,0,0,0,0,RentIcon.png,n/a,SB_Sweet,SeedshopSelect,SeedshopSelect
759,839,7200,!!TASK_ALL_MORE_BAKED_GOODS,30301,-1,building,1024,7200,50,-1,-1,11,BonusRewardIcon.png,36,1,1,-1,-1,-1,-1,-1,0,-1,-1,walk,n/a,idle,n/a,-1,-1,enter,40,default,0,0,0,0,0,0,RentIcon.png,n/a,SB_Sweet,SeedshopSelect,SeedshopSelect
760,840,21600,!!TASK_ALL_SHAKE_PRESENTS,30301,-1,building,1051,21600,70,-1,-1,18,BonusRewardIcon.png,36,1,1,-1,-1,-1,-1,-1,0,-1,-1,walk,n/a,idle,n/a,-1,-1,enter,40,default,0,0,0,0,0,0,RentIcon.png,n/a,SB_Sweet,SeedshopSelect,SeedshopSelect
761,429,7200,!!TASK_ALL_ENJOY_TIME_OFF,30301,-1,building,1051,7200,50,-1,-1,11,BonusRewardIcon.png,36,1,1,-1,-1,-1,-1,-1,0,-1,-1,walk,n/a,idle,n/a,-1,-1,enter,40,default,0,0,0,0,0,0,RentIcon.png,n/a,SB_Sweet,SeedshopSelect,SeedshopSelect
762,841,7200,!!TASK_ALL_SING_OLD_FOLKS,30301,-1,building,1026,7200,50,-1,-1,11,BonusRewardIcon.png,36,1,1,-1,-1,-1,-1,-1,0,-1,-1,walk,n/a,idle,n/a,-1,-1,enter,40,default,0,0,0,0,0,0,RentIcon.png,n/a,SB_Sweet,SeedshopSelect,SeedshopSelect
763,842,14400,!!TASK_ALL_MISTLETOE_WAIT,30301,-1,building,1051,14400,65,-1,-1,14,BonusRewardIcon.png,36,1,1,-1,-1,-1,-1,-1,0,-1,-1,walk,n/a,idle,n/a,-1,-1,enter,40,default,0,0,0,0,0,0,RentIcon.png,n/a,SB_Sweet,SeedshopSelect,SeedshopSelect
764,843,7200,!!TASK_ALL_XMAS_DONUTS_POLICE,30301,-1,building,1004,7200,50,-1,-1,11,BonusRewardIcon.png,36,1,1,-1,-1,-1,-1,-1,0,-1,-1,walk,n/a,idle,n/a,-1,-1,enter,40,default,0,0,0,0,0,0,RentIcon.png,n/a,SB_Sweet,SeedshopSelect,SeedshopSelect
765,844,7200,!!TASK_ALL_KNIT_FIN_MITTENS,30301,-1,building,1002,7200,50,-1,-1,11,BonusRewardIcon.png,36,1,1,-1,-1,-1,-1,-1,0,-1,-1,walk,n/a,idle,n/a,-1,-1,enter,40,default,0,0,0,0,0,0,RentIcon.png,n/a,SB_Sweet,SeedshopSelect,SeedshopSelect
766,291,1800,!!TASK_ALL_WATCH_MM_EPISODE,30301,-1,building,1051,1800,20,-1,-1,8,n/a,9,1,1,-1,-1,-1,-1,5,1,-1,-1,walk,n/a,idle,n/a,-1,-1,enter,40,default,0,0,0,0,0,0,RentIcon.png,n/a,SB_Sweet,SeedshopSelect,SeedshopSelect
767,292,7200,!!TASK_ALL_FANCY_FEAST_KK,30301,-1,building,1018,7200,50,-1,-1,11,n/a,9,1,1,-1,-1,-1,-1,6,1,-1,-1,walk,n/a,idle,n/a,-1,-1,enter,40,default,0,0,0,0,0,0,RentIcon.png,n/a,SB_Sweet,SeedshopSelect,SeedshopSelect
768,323,5,!!TASK_ALL_LAUNCH_XMAS_WISH,30301,-1,building,20109,5,6,-1,-1,1,n/a,1,1,1,2826,2835,2842,-1,9,1,-1,-1,walk,n/a,gimme,n/a,-1,-1,activate,40,shoot,10,10,0,0,0,0,RentIcon.png,n/a,SB_Sweet,SeedshopSelect,SeedshopSelect
769,545,7200,!!TASK_ALL_VDAY_MAKE_IBEAMS,30301,-1,building,20624,7200,-1,57,50,11,n/a,36,1,1,3100,-1,-1,-1,-1,0,-1,-1,walk,n/a,idle,n/a,-1,-1,enter,40,default,0,0,0,0,0,0,RentIcon.png,n/a,SB_Sweet,SeedshopSelect,SeedshopSelect
770,546,14400,!!TASK_ALL_VDAY_WELD_STRAPS,30301,-1,building,20624,14400,-1,57,65,14,n/a,36,1,1,3100,-1,-1,-1,-1,0,-1,-1,walk,n/a,idle,n/a,-1,-1,enter,40,default,0,0,0,0,0,0,RentIcon.png,n/a,SB_Sweet,SeedshopSelect,SeedshopSelect
771,547,21600,!!TASK_ALL_VDAY_MOLD_RAIL,30301,-1,building,20624,21600,-1,57,70,18,n/a,36,1,1,3100,-1,-1,-1,-1,0,-1,-1,walk,n/a,idle,n/a,-1,-1,enter,40,default,0,0,0,0,0,0,RentIcon.png,n/a,SB_Sweet,SeedshopSelect,SeedshopSelect
772,885,1800,!!TASK_PLANKTON_STEAL_ROBOT_PARTS,3052,-1,building,9043,1800,20,-1,-1,8,n/a,1,1,1,-1,-1,-1,-1,-1,0,-1,-1,walk,n/a,idle,n/a,-1,-1,enter,40,default,0,0,0,0,0,0,RentIcon.png,n/a,SB_Sweet,SeedshopSelect,SeedshopSelect
773,884,3600,!!TASK_PLANKTON_EAT_COOKIE_DONT_DROWN,3052,-1,building,9044,3600,40,-1,-1,10,n/a,1,1,1,-1,-1,-1,-1,-1,0,-1,-1,walk,n/a,idle,n/a,-1,-1,enter,40,default,0,0,0,0,0,0,RentIcon.png,n/a,SB_Sweet,SeedshopSelect,SeedshopSelect
774,441,7200,!!TASK_PLANKTON_COMPLAIN,3052,-1,building,1058,7200,50,-1,-1,11,n/a,1,1,0,-1,-1,-1,-1,-1,0,-1,-1,walk,n/a,idle,n/a,-1,-1,enter,40,default,0,0,0,0,0,0,RentIcon.png,n/a,SB_Sweet,SeedshopSelect,SeedshopSelect
775,454,7200,!!TASK_PLANKTON_UPGRADE_ROBOTS,3052,-1,building,1052,7200,50,-1,-1,11,n/a,1,1,1,3106,3110,-1,-1,-1,0,-1,-1,walk,n/a,idle,n/a,-1,-1,enter,40,default,0,0,0,0,0,0,RentIcon.png,n/a,SB_Sweet,SeedshopSelect,SeedshopSelect
776,448,14400,!!TASK_PLANKTON_DRUM_UP_BUSINESS,3052,-1,n/a,-1,14400,65,-1,-1,14,n/a,1,1,0,-1,-1,-1,-1,-1,0,-1,-1,drum,n/a,idle,n/a,8,-1,wander,10,default,0,0,0,0,0,0,RentIcon.png,n/a,SB_Sweet,SeedshopSelect,SeedshopSelect
777,882,21600,!!TASK_PLANKTON_AC_TUNEUP,3052,-1,building,23000,21600,70,-1,-1,18,n/a,1,1,1,-1,-1,-1,-1,-1,0,-1,-1,walk,n/a,idle,n/a,-1,-1,enter,40,default,0,0,0,0,0,0,RentIcon.png,n/a,SB_Sweet,SeedshopSelect,SeedshopSelect
778,442,28800,!!TASK_PLANKTON_SULK,3052,-1,building,1058,28800,80,-1,-1,22,n/a,1,1,0,-1,-1,-1,-1,-1,0,-1,-1,walk,n/a,idle,n/a,-1,-1,enter,40,default,0,0,0,0,0,0,RentIcon.png,n/a,SB_Sweet,SeedshopSelect,SeedshopSelect
779,883,28800,!!TASK_PLANKTON_CHUM_STORAGE,3052,-1,building,23000,28800,80,-1,-1,22,n/a,1,1,1,-1,-1,-1,-1,-1,0,-1,-1,walk,n/a,idle,n/a,-1,-1,enter,40,default,0,0,0,0,0,0,RentIcon.png,n/a,SB_Sweet,SeedshopSelect,SeedshopSelect
780,568,21600,!!TASK_PLANKTON_DREAM_DIABOLICAL,3052,-1,building,1052,21600,70,-1,-1,18,n/a,1,1,0,-1,-1,-1,-1,-1,0,-1,-1,walk,n/a,idle,n/a,-1,-1,enter,40,default,0,0,0,0,0,0,RentIcon.png,n/a,SB_Sweet,SeedshopSelect,SeedshopSelect
781,569,86400,!!TASK_PLANKTON_CLEAN_BASEMENT,3052,-1,building,1058,86400,120,-1,-1,30,n/a,1,1,0,-1,-1,-1,-1,-1,0,-1,-1,walk,n/a,idle,n/a,-1,-1,enter,40,default,0,0,0,0,0,0,RentIcon.png,n/a,SB_Sweet,SeedshopSelect,SeedshopSelect
782,635,86400,!!TASK_PLANKTON_INVENT_SOMETHING_COOL,3052,-1,building,1052,86400,120,-1,-1,30,n/a,1,1,1,-1,-1,-1,-1,-1,0,-1,-1,walk,n/a,idle,n/a,-1,-1,enter,40,default,0,0,0,0,0,0,RentIcon.png,n/a,SB_Sweet,SeedshopSelect,SeedshopSelect
783,868,14400,!!TASK_ALL_SNOWBALL_FIGHT,3052,-1,n/a,-1,14400,65,-1,-1,14,BonusRewardIcon.png,36,1,1,-1,-1,-1,-1,-1,0,-1,-1,walk,n/a,snowball,n/a,3,10,wander,20,default,0,0,0,0,0,0,RentIcon.png,n/a,SB_Sweet,SeedshopSelect,SeedshopSelect
784,906,14400,!!TASK_ALL_SNOWBALL_FIGHT_WEEK_2,3052,-1,n/a,-1,14400,65,-1,-1,14,BonusRewardIcon.png,36,1,1,-1,-1,-1,-1,-1,0,-1,-1,walk,n/a,snowball,n/a,3,10,wander,20,default,0,0,0,0,0,0,RentIcon.png,n/a,SB_Sweet,SeedshopSelect,SeedshopSelect
785,907,14400,!!TASK_ALL_SNOWBALL_FIGHT_WEEK_3,3052,-1,n/a,-1,14400,65,-1,-1,14,BonusRewardIcon.png,36,1,1,-1,-1,-1,-1,-1,0,-1,-1,walk,n/a,snowball,n/a,3,10,wander,20,default,0,0,0,0,0,0,RentIcon.png,n/a,SB_Sweet,SeedshopSelect,SeedshopSelect
786,908,14400,!!TASK_ALL_SNOWBALL_FIGHT_WEEK_4,3052,-1,n/a,-1,14400,65,-1,-1,14,BonusRewardIcon.png,36,1,1,-1,-1,-1,-1,-1,0,-1,-1,walk,n/a,snowball,n/a,3,10,wander,20,default,0,0,0,0,0,0,RentIcon.png,n/a,SB_Sweet,SeedshopSelect,SeedshopSelect
787,909,14400,!!TASK_ALL_SNOWBALL_FIGHT_WEEK_5,3052,-1,n/a,-1,14400,65,-1,-1,14,BonusRewardIcon.png,36,1,1,-1,-1,-1,-1,-1,0,-1,-1,walk,n/a,snowball,n/a,3,10,wander,20,default,0,0,0,0,0,0,RentIcon.png,n/a,SB_Sweet,SeedshopSelect,SeedshopSelect
788,845,7200,!!TASK_ALL_WATCH_HOLIDAY_TV,3052,-1,building,1058,7200,50,-1,-1,11,BonusRewardIcon.png,36,1,1,-1,-1,-1,-1,-1,0,-1,-1,walk,n/a,idle,n/a,-1,-1,enter,40,default,0,0,0,0,0,0,RentIcon.png,n/a,SB_Sweet,SeedshopSelect,SeedshopSelect
789,846,7200,!!TASK_ALL_BROWSE_GOODIES,3052,-1,building,9046,7200,50,-1,-1,11,BonusRewardIcon.png,36,1,1,-1,-1,-1,-1,-1,0,-1,-1,walk,n/a,idle,n/a,-1,-1,enter,40,default,0,0,0,0,0,0,RentIcon.png,n/a,SB_Sweet,SeedshopSelect,SeedshopSelect
790,847,14400,!!TASK_ALL_FESTIVE_FLORAL,3052,-1,building,1102,14400,65,-1,-1,14,BonusRewardIcon.png,36,1,1,-1,-1,-1,-1,-1,0,-1,-1,walk,n/a,idle,n/a,-1,-1,enter,40,default,0,0,0,0,0,0,RentIcon.png,n/a,SB_Sweet,SeedshopSelect,SeedshopSelect
791,848,7200,!!TASK_ALL_MORE_BAKED_GOODS,3052,-1,building,1024,7200,50,-1,-1,11,BonusRewardIcon.png,36,1,1,-1,-1,-1,-1,-1,0,-1,-1,walk,n/a,idle,n/a,-1,-1,enter,40,default,0,0,0,0,0,0,RentIcon.png,n/a,SB_Sweet,SeedshopSelect,SeedshopSelect
792,849,21600,!!TASK_ALL_SHAKE_PRESENTS,3052,-1,building,1058,21600,70,-1,-1,18,BonusRewardIcon.png,36,1,1,-1,-1,-1,-1,-1,0,-1,-1,walk,n/a,idle,n/a,-1,-1,enter,40,default,0,0,0,0,0,0,RentIcon.png,n/a,SB_Sweet,SeedshopSelect,SeedshopSelect
793,850,7200,!!TASK_ALL_ENJOY_TIME_OFF,3052,-1,building,1058,7200,50,-1,-1,11,BonusRewardIcon.png,36,1,1,-1,-1,-1,-1,-1,0,-1,-1,walk,n/a,idle,n/a,-1,-1,enter,40,default,0,0,0,0,0,0,RentIcon.png,n/a,SB_Sweet,SeedshopSelect,SeedshopSelect
794,851,7200,!!TASK_ALL_SING_OLD_FOLKS,3052,-1,building,1026,7200,50,-1,-1,11,BonusRewardIcon.png,36,1,1,-1,-1,-1,-1,-1,0,-1,-1,walk,n/a,idle,n/a,-1,-1,enter,40,default,0,0,0,0,0,0,RentIcon.png,n/a,SB_Sweet,SeedshopSelect,SeedshopSelect
795,852,14400,!!TASK_ALL_MISTLETOE_WAIT,3052,-1,building,1058,14400,65,-1,-1,14,BonusRewardIcon.png,36,1,1,-1,-1,-1,-1,-1,0,-1,-1,walk,n/a,idle,n/a,-1,-1,enter,40,default,0,0,0,0,0,0,RentIcon.png,n/a,SB_Sweet,SeedshopSelect,SeedshopSelect
796,853,7200,!!TASK_ALL_XMAS_DONUTS_POLICE,3052,-1,building,1004,7200,50,-1,-1,11,BonusRewardIcon.png,36,1,1,-1,-1,-1,-1,-1,0,-1,-1,walk,n/a,idle,n/a,-1,-1,enter,40,default,0,0,0,0,0,0,RentIcon.png,n/a,SB_Sweet,SeedshopSelect,SeedshopSelect
797,854,7200,!!TASK_ALL_KNIT_FIN_MITTENS,3052,-1,building,1002,7200,50,-1,-1,11,BonusRewardIcon.png,36,1,1,-1,-1,-1,-1,-1,0,-1,-1,walk,n/a,idle,n/a,-1,-1,enter,40,default,0,0,0,0,0,0,RentIcon.png,n/a,SB_Sweet,SeedshopSelect,SeedshopSelect
798,633,7200,!!TASK_PLANKTON_MOVE_IN,3052,-1,building,23000,7200,50,-1,-1,11,n/a,1,0,1,-1,-1,-1,3834,-1,0,-1,-1,walk,n/a,idle,n/a,-1,-1,enter,40,default,0,0,0,0,0,0,RentIcon.png,n/a,SB_Sweet,SeedshopSelect,SeedshopSelect
799,634,7200,!!TASK_PLANKTON_SNOWBALL_SB,3052,-1,building,1015,7200,50,-1,-1,11,n/a,37,1,1,-1,-1,-1,-1,-1,0,-1,-1,walk,n/a,snowball,n/a,-1,10,stand,40,default,-40,50,0,0,0,0,RentIcon.png,n/a,SB_Sweet,SeedshopSelect,SeedshopSelect
800,443,14400,!!TASK_TOASTERBOT1_DIVERSION,3053,-1,building,1018,14400,65,-1,-1,14,n/a,1,1,0,-1,-1,-1,3014,-1,0,-1,-1,walk,n/a,idle,n/a,-1,-1,enter,40,default,0,0,0,0,0,0,RentIcon.png,n/a,SB_Sweet,SeedshopSelect,SeedshopSelect
801,570,14400,!!TASK_TOASTERBOT1_SUPERVISE,3053,-1,building,1059,14400,65,-1,-1,14,n/a,1,1,0,-1,-1,-1,-1,-1,0,-1,-1,walk,n/a,idle,n/a,-1,-1,enter,40,default,0,0,0,0,0,0,RentIcon.png,n/a,SB_Sweet,SeedshopSelect,SeedshopSelect
802,449,14400,!!TASK_TOASTERBOT1_BREAK_DANCE,3053,-1,n/a,-1,14400,65,-1,-1,14,n/a,1,1,0,-1,-1,-1,-1,-1,0,15,-1,walk,n/a,dance,n/a,3,8,wander,30,default,0,0,0,0,0,0,RentIcon.png,n/a,SB_Sweet,SeedshopSelect,SeedshopSelect
803,455,7200,!!TASK_TOASTERBOT1_SPREAD_LOVE,3053,-1,n/a,-1,7200,50,-1,-1,11,n/a,36,1,1,-1,-1,-1,-1,-1,0,18,-1,walk_heart,n/a,idle,n/a,8,-1,wander,30,default,0,0,0,0,0,0,RentIcon.png,n/a,SB_Sweet,SeedshopSelect,SeedshopSelect
804,551,86400,!!TASK_TOASTERBOT1_LOVIN_FEELIN,3053,-1,n/a,-1,86400,120,-1,-1,30,n/a,1,1,1,-1,-1,-1,-1,-1,0,18,-1,walk,n/a,idle_heart,n/a,3,8,wander,30,default,0,0,0,0,0,0,RentIcon.png,n/a,SB_Sweet,SeedshopSelect,SeedshopSelect
805,444,14400,!!TASK_TOASTERBOT2_SUPERVISE,3054,-1,building,1018,14400,65,-1,-1,14,n/a,1,1,0,-1,-1,-1,3014,-1,0,-1,-1,walk,n/a,idle,n/a,-1,-1,enter,40,default,0,0,0,0,0,0,RentIcon.png,n/a,SB_Sweet,SeedshopSelect,SeedshopSelect
806,571,14400,!!TASK_TOASTERBOT_REVERSE_POLARITY,3054,-1,building,1059,14400,65,-1,-1,14,n/a,1,1,0,-1,-1,-1,-1,-1,0,-1,-1,walk,n/a,idle,n/a,-1,-1,enter,40,default,0,0,0,0,0,0,RentIcon.png,n/a,SB_Sweet,SeedshopSelect,SeedshopSelect
807,450,14400,!!TASK_TOASTERBOT2_SHORT_CIRCUIT,3054,-1,n/a,-1,14400,65,-1,-1,14,n/a,1,1,0,-1,-1,-1,-1,-1,0,16,-1,walk,n/a,short,n/a,-1,-1,wander,30,default,0,0,0,0,0,0,RentIcon.png,n/a,SB_Sweet,SeedshopSelect,SeedshopSelect
808,456,7200,!!TASK_TOASTERBOT2_SPREAD_LOVE,3054,-1,n/a,-1,7200,50,-1,-1,11,n/a,36,1,1,-1,-1,-1,-1,-1,0,19,-1,walk_heart,n/a,idle,n/a,8,-1,wander,30,default,0,0,0,0,0,0,RentIcon.png,n/a,SB_Sweet,SeedshopSelect,SeedshopSelect
809,552,86400,!!TASK_TOASTERBOT2_LOVIN_FEELIN,3054,-1,n/a,-1,86400,120,-1,-1,30,n/a,1,1,1,-1,-1,-1,-1,-1,0,19,-1,walk,n/a,idle_heart,n/a,3,8,wander,30,default,0,0,0,0,0,0,RentIcon.png,n/a,SB_Sweet,SeedshopSelect,SeedshopSelect
810,445,14400,!!TASK_TOASTERBOT3_LOOK_KP_RECIPE,3055,-1,building,1018,14400,65,-1,-1,14,n/a,1,1,0,-1,-1,-1,3014,-1,0,-1,-1,walk,n/a,idle,n/a,-1,-1,enter,40,default,0,0,0,0,0,0,RentIcon.png,n/a,SB_Sweet,SeedshopSelect,SeedshopSelect
811,572,14400,!!TASK_TOASTERBOT_REVERSE_POLARITY,3055,-1,building,1059,14400,65,-1,-1,14,n/a,1,1,0,-1,-1,-1,-1,-1,0,-1,-1,walk,n/a,idle,n/a,-1,-1,enter,40,default,0,0,0,0,0,0,RentIcon.png,n/a,SB_Sweet,SeedshopSelect,SeedshopSelect
812,451,14400,!!TASK_TOASTERBOT3_MALFUNCTION,3055,-1,n/a,-1,14400,65,-1,-1,14,n/a,1,1,0,-1,-1,-1,-1,-1,0,17,-1,walk,n/a,fall,n/a,3,3,wander,30,default,0,0,0,0,0,0,RentIcon.png,n/a,SB_Sweet,SeedshopSelect,SeedshopSelect
813,457,7200,!!TASK_TOASTERBOT3_SPREAD_LOVE,3055,-1,n/a,-1,7200,50,-1,-1,11,n/a,36,1,1,-1,-1,-1,-1,-1,0,20,-1,walk_heart,n/a,idle,n/a,8,-1,wander,30,default,0,0,0,0,0,0,RentIcon.png,n/a,SB_Sweet,SeedshopSelect,SeedshopSelect
814,553,86400,!!TASK_TOASTERBOT3_LOVIN_FEELIN,3055,-1,n/a,-1,86400,120,-1,-1,30,n/a,1,1,1,-1,-1,-1,-1,-1,0,20,-1,walk,n/a,idle_heart,n/a,3,8,wander,30,default,0,0,0,0,0,0,RentIcon.png,n/a,SB_Sweet,SeedshopSelect,SeedshopSelect
815,161,60,!!TASK_STAN_MILK_COOKIES,3044,-1,building,9043,60,6,-1,-1,3,n/a,1,1,0,-1,-1,-1,-1,-1,0,-1,-1,walk,n/a,idle,n/a,-1,-1,enter,40,default,0,0,0,0,0,0,RentIcon.png,n/a,SB_Sweet,SeedshopSelect,SeedshopSelect
816,162,7200,!!TASK_STAN_CHRISTMAS_MOVIE,3044,-1,building,1007,7200,50,-1,-1,11,n/a,1,1,0,-1,-1,-1,-1,-1,0,-1,-1,walk,n/a,idle,n/a,-1,-1,enter,40,default,0,0,0,0,0,0,RentIcon.png,n/a,SB_Sweet,SeedshopSelect,SeedshopSelect
817,163,14400,!!TASK_STAN_ARM_WRESTLING,3044,-1,building,1014,14400,65,-1,-1,14,n/a,1,1,0,-1,-1,-1,-1,-1,0,-1,-1,walk,n/a,idle,n/a,-1,-1,enter,40,default,0,0,0,0,0,0,RentIcon.png,n/a,SB_Sweet,SeedshopSelect,SeedshopSelect
818,164,36000,!!TASK_STAN_SECRET_SANTA,3044,-1,building,9043,36000,85,-1,-1,26,n/a,1,1,0,-1,-1,-1,-1,-1,0,-1,-1,walk,n/a,idle,n/a,-1,-1,enter,40,default,0,0,0,0,0,0,RentIcon.png,n/a,SB_Sweet,SeedshopSelect,SeedshopSelect
819,431,7200,!!TASK_ALL_WATCH_HOLIDAY_TV,3044,-1,building,9042,7200,50,-1,-1,11,BonusRewardIcon.png,36,1,1,-1,-1,-1,-1,-1,0,-1,-1,walk,n/a,idle,n/a,-1,-1,enter,40,default,0,0,0,0,0,0,RentIcon.png,n/a,SB_Sweet,SeedshopSelect,SeedshopSelect
820,430,7200,!!TASK_ALL_BROWSE_GOODIES,3044,-1,building,9046,7200,50,-1,-1,11,BonusRewardIcon.png,36,1,1,-1,-1,-1,-1,-1,0,-1,-1,walk,n/a,idle,n/a,-1,-1,enter,40,default,0,0,0,0,0,0,RentIcon.png,n/a,SB_Sweet,SeedshopSelect,SeedshopSelect
821,855,14400,!!TASK_ALL_FESTIVE_FLORAL,3044,-1,building,1102,14400,65,-1,-1,14,BonusRewardIcon.png,36,1,1,-1,-1,-1,-1,-1,0,-1,-1,walk,n/a,idle,n/a,-1,-1,enter,40,default,0,0,0,0,0,0,RentIcon.png,n/a,SB_Sweet,SeedshopSelect,SeedshopSelect
822,856,7200,!!TASK_ALL_MORE_BAKED_GOODS,3044,-1,building,1024,7200,50,-1,-1,11,BonusRewardIcon.png,36,1,1,-1,-1,-1,-1,-1,0,-1,-1,walk,n/a,idle,n/a,-1,-1,enter,40,default,0,0,0,0,0,0,RentIcon.png,n/a,SB_Sweet,SeedshopSelect,SeedshopSelect
823,857,21600,!!TASK_ALL_SHAKE_PRESENTS,3044,-1,building,9042,21600,70,-1,-1,18,BonusRewardIcon.png,36,1,1,-1,-1,-1,-1,-1,0,-1,-1,walk,n/a,idle,n/a,-1,-1,enter,40,default,0,0,0,0,0,0,RentIcon.png,n/a,SB_Sweet,SeedshopSelect,SeedshopSelect
824,432,7200,!!TASK_ALL_ENJOY_TIME_OFF,3044,-1,building,9042,7200,50,-1,-1,11,BonusRewardIcon.png,36,1,1,-1,-1,-1,-1,-1,0,-1,-1,walk,n/a,idle,n/a,-1,-1,enter,40,default,0,0,0,0,0,0,RentIcon.png,n/a,SB_Sweet,SeedshopSelect,SeedshopSelect
825,858,7200,!!TASK_ALL_SING_OLD_FOLKS,3044,-1,building,1026,7200,50,-1,-1,11,BonusRewardIcon.png,36,1,1,-1,-1,-1,-1,-1,0,-1,-1,walk,n/a,idle,n/a,-1,-1,enter,40,default,0,0,0,0,0,0,RentIcon.png,n/a,SB_Sweet,SeedshopSelect,SeedshopSelect
826,859,14400,!!TASK_ALL_MISTLETOE_WAIT,3044,-1,building,9042,14400,65,-1,-1,14,BonusRewardIcon.png,36,1,1,-1,-1,-1,-1,-1,0,-1,-1,walk,n/a,idle,n/a,-1,-1,enter,40,default,0,0,0,0,0,0,RentIcon.png,n/a,SB_Sweet,SeedshopSelect,SeedshopSelect
827,860,7200,!!TASK_ALL_XMAS_DONUTS_POLICE,3044,-1,building,1004,7200,50,-1,-1,11,BonusRewardIcon.png,36,1,1,-1,-1,-1,-1,-1,0,-1,-1,walk,n/a,idle,n/a,-1,-1,enter,40,default,0,0,0,0,0,0,RentIcon.png,n/a,SB_Sweet,SeedshopSelect,SeedshopSelect
828,861,7200,!!TASK_ALL_KNIT_FIN_MITTENS,3044,-1,building,1002,7200,50,-1,-1,11,BonusRewardIcon.png,36,1,1,-1,-1,-1,-1,-1,0,-1,-1,walk,n/a,idle,n/a,-1,-1,enter,40,default,0,0,0,0,0,0,RentIcon.png,n/a,SB_Sweet,SeedshopSelect,SeedshopSelect
829,324,5,!!TASK_ALL_LAUNCH_XMAS_WISH,3044,-1,building,20109,5,6,-1,-1,1,n/a,36,1,1,2826,2835,2842,-1,9,1,-1,-1,walk,n/a,gimme,n/a,-1,-1,activate,40,shoot,10,10,0,0,0,0,RentIcon.png,n/a,SB_Sweet,SeedshopSelect,SeedshopSelect
830,548,14400,!!TASK_ALL_VDAY_WELD_STRAPS,3044,-1,building,20624,14400,-1,57,65,14,n/a,36,1,1,3100,-1,-1,-1,-1,0,-1,-1,walk,n/a,idle,n/a,-1,-1,enter,40,default,0,0,0,0,0,0,RentIcon.png,n/a,SB_Sweet,SeedshopSelect,SeedshopSelect
831,549,21600,!!TASK_ALL_VDAY_BEND_HOLDERS,3044,-1,building,20624,21600,-1,57,70,18,n/a,36,1,1,3100,-1,-1,-1,-1,0,-1,-1,walk,n/a,idle,n/a,-1,-1,enter,40,default,0,0,0,0,0,0,RentIcon.png,n/a,SB_Sweet,SeedshopSelect,SeedshopSelect
832,550,86400,!!TASK_ALL_VDAY_FORKLIFT_GIRDERS,3044,-1,building,20624,86400,-1,57,120,30,n/a,36,1,1,3100,-1,-1,-1,-1,0,-1,-1,walk,n/a,idle,n/a,-1,-1,enter,40,default,0,0,0,0,0,0,RentIcon.png,n/a,SB_Sweet,SeedshopSelect,SeedshopSelect
833,165,300,!!TASK_RUSTY_TALK_GIBBERISH,3040,-1,building,9035,300,11,-1,-1,5,n/a,1,1,0,-1,-1,-1,-1,-1,0,-1,-1,walk,n/a,idle,n/a,-1,-1,enter,40,default,0,0,0,0,0,0,RentIcon.png,n/a,SB_Sweet,SeedshopSelect,SeedshopSelect
834,166,14400,!!TASK_RUSTY_OLD_HAUNT,3040,-1,building,9035,14400,65,-1,-1,14,n/a,1,1,0,-1,-1,-1,-1,-1,0,-1,-1,walk,n/a,idle,n/a,-1,-1,enter,40,default,0,0,0,0,0,0,RentIcon.png,n/a,SB_Sweet,SeedshopSelect,SeedshopSelect
835,167,60,!!TASK_OLDJENKINS_BRUSH_TEETH,3041,-1,building,9038,60,6,-1,-1,3,n/a,1,1,0,-1,-1,-1,-1,-1,0,-1,-1,walk,n/a,idle,n/a,-1,-1,enter,40,default,0,0,0,0,0,0,RentIcon.png,n/a,SB_Sweet,SeedshopSelect,SeedshopSelect
836,168,3600,!!TASK_OLDJENKINS_ORDER_SOMETHING,3041,-1,building,1018,3600,40,-1,-1,10,n/a,1,1,0,-1,-1,-1,-1,-1,0,-1,-1,walk,n/a,idle,n/a,-1,-1,enter,40,default,0,0,0,0,0,0,RentIcon.png,n/a,SB_Sweet,SeedshopSelect,SeedshopSelect
837,169,7200,!!TASK_OLDJENKINS_SEE_TALKIE,3041,-1,building,1007,7200,50,-1,-1,11,n/a,1,1,0,-1,-1,-1,-1,-1,0,-1,-1,walk,n/a,idle,n/a,-1,-1,enter,40,default,0,0,0,0,0,0,RentIcon.png,n/a,SB_Sweet,SeedshopSelect,SeedshopSelect
838,170,14400,!!TASK_OLDJENKINS_LOVELY_LADIES,3041,-1,building,1026,14400,65,-1,-1,14,n/a,1,1,0,-1,-1,-1,-1,-1,0,-1,-1,walk,n/a,idle,n/a,-1,-1,enter,40,default,0,0,0,0,0,0,RentIcon.png,n/a,SB_Sweet,SeedshopSelect,SeedshopSelect
839,171,300,!!TASK_ANGLER_PRACTICE_SMILE,3042,-1,building,9040,300,11,-1,-1,5,n/a,1,1,0,-1,-1,-1,-1,-1,0,-1,-1,walk,n/a,idle,n/a,-1,-1,enter,40,default,0,0,0,0,0,0,RentIcon.png,n/a,SB_Sweet,SeedshopSelect,SeedshopSelect
840,172,3600,!!TASK_ANGLER_LURK_THEATER,3042,-1,building,1007,3600,40,-1,-1,10,n/a,1,1,0,-1,-1,-1,-1,-1,0,-1,-1,walk,n/a,idle,n/a,-1,-1,enter,40,default,0,0,0,0,0,0,RentIcon.png,n/a,SB_Sweet,SeedshopSelect,SeedshopSelect
841,173,14400,!!TASK_ANGLER_BAD_MOVIES,3042,-1,building,1007,14400,65,-1,-1,14,n/a,1,1,0,-1,-1,-1,-1,-1,0,-1,-1,walk,n/a,idle,n/a,-1,-1,enter,40,default,0,0,0,0,0,0,RentIcon.png,n/a,SB_Sweet,SeedshopSelect,SeedshopSelect
842,174,36000,!!TASK_ANGLER_MEMOIRS,3042,-1,building,9040,36000,85,-1,-1,26,n/a,1,1,0,-1,-1,-1,-1,-1,0,-1,-1,walk,n/a,idle,n/a,-1,-1,enter,40,default,0,0,0,0,0,0,RentIcon.png,n/a,SB_Sweet,SeedshopSelect,SeedshopSelect
843,175,300,!!TASK_SLASHER_DEODORIZE_MASK,3043,-1,building,9039,300,11,-1,-1,5,n/a,1,1,0,-1,-1,-1,-1,-1,0,-1,-1,walk,n/a,idle,n/a,-1,-1,enter,40,default,0,0,0,0,0,0,RentIcon.png,n/a,SB_Sweet,SeedshopSelect,SeedshopSelect
844,176,7200,!!TASK_SLASHER_CRY_AT_MOVIE,3043,-1,building,1007,7200,50,-1,-1,11,n/a,1,1,0,-1,-1,-1,-1,-1,0,-1,-1,walk,n/a,idle,n/a,-1,-1,enter,40,default,0,0,0,0,0,0,RentIcon.png,n/a,SB_Sweet,SeedshopSelect,SeedshopSelect
845,178,14400,!!TASK_SLASHER_FLOWER_ARRANGING,3043,-1,building,1055,14400,65,-1,-1,14,n/a,1,1,0,-1,-1,-1,-1,-1,0,-1,-1,walk,n/a,idle,n/a,-1,-1,enter,40,default,0,0,0,0,0,0,RentIcon.png,n/a,SB_Sweet,SeedshopSelect,SeedshopSelect
846,177,21600,!!TASK_SLASHER_TUNE_TRIKE,3043,-1,building,9039,21600,70,-1,-1,18,n/a,1,1,0,-1,-1,-1,-1,-1,0,-1,-1,walk,n/a,idle,n/a,-1,-1,enter,40,default,0,0,0,0,0,0,RentIcon.png,n/a,SB_Sweet,SeedshopSelect,SeedshopSelect
847,179,300,!!TASK_POLTERGEIST_PONDER_GASKETS,3061,-1,n/a,-1,300,11,-1,-1,5,n/a,1,1,0,-1,-1,-1,-1,-1,0,-1,-1,walk,n/a,idle,n/a,8,2,wander,40,default,0,0,0,0,0,0,RentIcon.png,n/a,SB_Sweet,SeedshopSelect,SeedshopSelect
848,621,3600,!!TASK_POLTERGEIST_SPOOKY_ORGAN,3061,-1,building,20602,3600,40,-1,-1,10,n/a,1,1,0,-1,-1,-1,-1,-1,0,-1,-1,walk,n/a,idle,n/a,-1,-1,enter,40,default,0,0,0,0,0,0,RentIcon.png,n/a,SB_Sweet,SeedshopSelect,SeedshopSelect
849,180,7200,!!TASK_POLTERGEIST_SNAIL_MAIL,3061,-1,n/a,-1,7200,50,-1,-1,11,n/a,1,1,0,-1,-1,-1,-1,-1,0,-1,-1,walk,n/a,idle,n/a,8,2,wander,40,default,0,0,0,0,0,0,RentIcon.png,n/a,SB_Sweet,SeedshopSelect,SeedshopSelect
850,181,14400,!!TASK_POLTERGEIST_WATCH_LIVING,3061,-1,building,1018,14400,65,-1,-1,14,n/a,1,1,0,-1,-1,-1,-1,-1,0,-1,-1,walk,n/a,idle,n/a,-1,-1,enter,40,default,0,0,0,0,0,0,RentIcon.png,n/a,SB_Sweet,SeedshopSelect,SeedshopSelect
851,622,28800,!!TASK_POLTERGEIST_ETERNAL_TORMENTS,3061,-1,building,20602,28800,80,-1,-1,22,n/a,1,1,0,-1,-1,-1,-1,-1,0,-1,-1,walk,n/a,idle,n/a,-1,-1,enter,40,default,0,0,0,0,0,0,RentIcon.png,n/a,SB_Sweet,SeedshopSelect,SeedshopSelect
852,182,86400,!!TASK_POLTERGEIST_HIDE,3061,-1,building,9035,86400,120,-1,-1,30,n/a,1,1,0,-1,-1,-1,-1,-1,0,-1,-1,walk,n/a,idle,n/a,-1,-1,enter,40,default,0,0,0,0,0,0,RentIcon.png,n/a,SB_Sweet,SeedshopSelect,SeedshopSelect
853,183,300,!!TASK_GHOST_HIDE,3035,-1,building,1024,300,11,-1,-1,5,n/a,1,1,0,-1,-1,-1,-1,-1,0,-1,-1,walk,n/a,idle,n/a,-1,-1,enter,40,default,0,0,0,0,0,0,RentIcon.png,n/a,SB_Sweet,SeedshopSelect,SeedshopSelect
854,184,7200,!!TASK_GHOST_HAUNT_SB,3035,-1,building,1015,7200,50,-1,-1,11,n/a,1,1,0,-1,-1,-1,-1,-1,0,-1,-1,walk,n/a,idle,n/a,-1,-1,enter,40,default,0,0,0,0,0,0,RentIcon.png,n/a,SB_Sweet,SeedshopSelect,SeedshopSelect
855,185,14400,!!TASK_GHOST_HAUNT_SQUID,3035,-1,building,1016,14400,65,-1,-1,14,n/a,1,1,0,-1,-1,-1,-1,-1,0,-1,-1,walk,n/a,idle,n/a,-1,-1,enter,40,default,0,0,0,0,0,0,RentIcon.png,n/a,SB_Sweet,SeedshopSelect,SeedshopSelect
856,186,86400,!!TASK_GHOST_HAUNT_TOWN,3035,-1,n/a,-1,86400,120,-1,-1,30,n/a,1,1,0,-1,-1,-1,-1,-1,0,-1,-1,walk,n/a,idle,n/a,8,2,wander,40,default,0,0,0,0,0,0,RentIcon.png,n/a,SB_Sweet,SeedshopSelect,SeedshopSelect
857,187,300,!!TASK_GHOST_HIDE,3036,-1,building,1024,300,11,-1,-1,5,n/a,1,1,0,-1,-1,-1,-1,-1,0,-1,-1,walk,n/a,idle,n/a,-1,-1,enter,40,default,0,0,0,0,0,0,RentIcon.png,n/a,SB_Sweet,SeedshopSelect,SeedshopSelect
858,188,7200,!!TASK_GHOST_HAUNT_SB,3036,-1,building,1015,7200,50,-1,-1,11,n/a,1,1,0,-1,-1,-1,-1,-1,0,-1,-1,walk,n/a,idle,n/a,-1,-1,enter,40,default,0,0,0,0,0,0,RentIcon.png,n/a,SB_Sweet,SeedshopSelect,SeedshopSelect
859,189,14400,!!TASK_GHOST_HAUNT_SQUID,3036,-1,building,1016,14400,65,-1,-1,14,n/a,1,1,0,-1,-1,-1,-1,-1,0,-1,-1,walk,n/a,idle,n/a,-1,-1,enter,40,default,0,0,0,0,0,0,RentIcon.png,n/a,SB_Sweet,SeedshopSelect,SeedshopSelect
860,190,86400,!!TASK_GHOST_HAUNT_TOWN,3036,-1,n/a,-1,86400,120,-1,-1,30,n/a,1,1,0,-1,-1,-1,-1,-1,0,-1,-1,walk,n/a,idle,n/a,8,2,wander,40,default,0,0,0,0,0,0,RentIcon.png,n/a,SB_Sweet,SeedshopSelect,SeedshopSelect
861,191,300,!!TASK_GHOST_HIDE,3037,-1,building,1024,300,11,-1,-1,5,n/a,1,1,0,-1,-1,-1,-1,-1,0,-1,-1,walk,n/a,idle,n/a,-1,-1,enter,40,default,0,0,0,0,0,0,RentIcon.png,n/a,SB_Sweet,SeedshopSelect,SeedshopSelect
862,192,7200,!!TASK_GHOST_HAUNT_SB,3037,-1,building,1015,7200,50,-1,-1,11,n/a,1,1,0,-1,-1,-1,-1,-1,0,-1,-1,walk,n/a,idle,n/a,-1,-1,enter,40,default,0,0,0,0,0,0,RentIcon.png,n/a,SB_Sweet,SeedshopSelect,SeedshopSelect
863,193,14400,!!TASK_GHOST_HAUNT_SQUID,3037,-1,building,1016,14400,65,-1,-1,14,n/a,1,1,0,-1,-1,-1,-1,-1,0,-1,-1,walk,n/a,idle,n/a,-1,-1,enter,40,default,0,0,0,0,0,0,RentIcon.png,n/a,SB_Sweet,SeedshopSelect,SeedshopSelect
864,194,86400,!!TASK_GHOST_HAUNT_TOWN,3037,-1,n/a,-1,86400,120,-1,-1,30,n/a,1,1,0,-1,-1,-1,-1,-1,0,-1,-1,walk,n/a,idle,n/a,8,2,wander,40,default,0,0,0,0,0,0,RentIcon.png,n/a,SB_Sweet,SeedshopSelect,SeedshopSelect
865,195,300,!!TASK_GHOST_HIDE,3038,-1,building,1024,300,11,-1,-1,5,n/a,1,1,0,-1,-1,-1,-1,-1,0,-1,-1,walk,n/a,idle,n/a,-1,-1,enter,40,default,0,0,0,0,0,0,RentIcon.png,n/a,SB_Sweet,SeedshopSelect,SeedshopSelect
866,196,7200,!!TASK_GHOST_HAUNT_SB,3038,-1,building,1015,7200,50,-1,-1,11,n/a,1,1,0,-1,-1,-1,-1,-1,0,-1,-1,walk,n/a,idle,n/a,-1,-1,enter,40,default,0,0,0,0,0,0,RentIcon.png,n/a,SB_Sweet,SeedshopSelect,SeedshopSelect
867,197,14400,!!TASK_GHOST_HAUNT_SQUID,3038,-1,building,1016,14400,65,-1,-1,14,n/a,1,1,0,-1,-1,-1,-1,-1,0,-1,-1,walk,n/a,idle,n/a,-1,-1,enter,40,default,0,0,0,0,0,0,RentIcon.png,n/a,SB_Sweet,SeedshopSelect,SeedshopSelect
868,198,86400,!!TASK_GHOST_HAUNT_TOWN,3038,-1,n/a,-1,86400,120,-1,-1,30,n/a,1,1,0,-1,-1,-1,-1,-1,0,-1,-1,walk,n/a,idle,n/a,8,2,wander,40,default,0,0,0,0,0,0,RentIcon.png,n/a,SB_Sweet,SeedshopSelect,SeedshopSelect
869,199,300,!!TASK_GHOST_HIDE,3039,-1,building,1024,300,11,-1,-1,5,n/a,1,1,0,-1,-1,-1,-1,-1,0,-1,-1,walk,n/a,idle,n/a,-1,-1,enter,40,default,0,0,0,0,0,0,RentIcon.png,n/a,SB_Sweet,SeedshopSelect,SeedshopSelect
870,200,7200,!!TASK_GHOST_HAUNT_SB,3039,-1,building,1015,7200,50,-1,-1,11,n/a,1,1,0,-1,-1,-1,-1,-1,0,-1,-1,walk,n/a,idle,n/a,-1,-1,enter,40,default,0,0,0,0,0,0,RentIcon.png,n/a,SB_Sweet,SeedshopSelect,SeedshopSelect
871,201,14400,!!TASK_GHOST_HAUNT_SQUID,3039,-1,building,1016,14400,65,-1,-1,14,n/a,1,1,0,-1,-1,-1,-1,-1,0,-1,-1,walk,n/a,idle,n/a,-1,-1,enter,40,default,0,0,0,0,0,0,RentIcon.png,n/a,SB_Sweet,SeedshopSelect,SeedshopSelect
872,202,86400,!!TASK_GHOST_HAUNT_TOWN,3039,-1,n/a,-1,86400,120,-1,-1,30,n/a,1,1,0,-1,-1,-1,-1,-1,0,-1,-1,walk,n/a,idle,n/a,8,2,wander,40,default,0,0,0,0,0,0,RentIcon.png,n/a,SB_Sweet,SeedshopSelect,SeedshopSelect
873,218,14400,!!TASK_SB_SCULPT_BB,1,-1,building,1015,14400,65,-1,-1,14,n/a,36,0,1,-1,-1,-1,2604,-1,0,-1,-1,walk,n/a,idle,n/a,-1,-1,enter,40,default,0,0,0,0,0,0,RentIcon.png,n/a,SB_Sweet,SeedshopSelect,SeedshopSelect
874,36,3600,!!TASK_POLICE_DREAM_DONUTS,3003,-1,building,1024,3600,40,-1,-1,10,n/a,36,1,1,-1,-1,-1,-1,-1,0,-1,-1,walk,n/a,idle,n/a,-1,-1,enter,40,default,0,0,0,0,0,0,RentIcon.png,n/a,SB_Sweet,SeedshopSelect,SeedshopSelect
875,39,36000,!!TASK_POLICE_SWAT_GEAR,3003,-1,building,1004,36000,85,-1,-1,26,n/a,36,1,1,-1,-1,-1,-1,-1,0,-1,-1,walk,n/a,idle,n/a,-1,-1,enter,40,default,0,0,0,0,0,0,RentIcon.png,n/a,SB_Sweet,SeedshopSelect,SeedshopSelect
876,43,7200,!!TASK_SQUIDWARD_COMPLAIN_ABOUT_SB,3016,-1,building,1003,7200,50,-1,-1,11,n/a,36,1,1,-1,-1,-1,-1,-1,0,8,-1,walk,n/a,idle,n/a,-1,-1,enter,40,default,0,0,0,0,0,0,RentIcon.png,n/a,SB_Sweet,SeedshopSelect,SeedshopSelect
877,45,36000,!!TASK_SQUIDWARD_VISIT_SQUILLIAM,3016,-1,building,1025,36000,85,-1,-1,26,n/a,36,1,1,-1,-1,-1,-1,-1,0,8,-1,walk,n/a,idle,n/a,-1,-1,enter,40,default,0,0,0,0,0,0,RentIcon.png,n/a,SB_Sweet,SeedshopSelect,SeedshopSelect
878,49,7200,!!TASK_GENE_ALLERGIES,3011,-1,building,1010,7200,50,-1,-1,11,n/a,36,1,1,-1,-1,-1,-1,-1,0,-1,-1,walk,n/a,idle,n/a,-1,-1,enter,40,default,0,0,0,0,0,0,RentIcon.png,n/a,SB_Sweet,SeedshopSelect,SeedshopSelect
879,53,7200,!!TASK_PEARL_CRY_AT_MOVIE,3004,-1,building,1007,7200,50,-1,-1,11,n/a,36,1,1,-1,-1,-1,-1,-1,0,-1,-1,walk,n/a,idle,n/a,-1,-1,enter,40,default,0,0,0,0,0,0,RentIcon.png,n/a,SB_Sweet,SeedshopSelect,SeedshopSelect
880,58,7200,!!TASK_FRANK_WATCH_MOVIE,3033,-1,building,1007,7200,50,-1,-1,11,n/a,36,1,1,-1,-1,-1,-1,-1,0,-1,-1,walk,n/a,idle,n/a,-1,-1,enter,40,default,0,0,0,0,0,0,RentIcon.png,n/a,SB_Sweet,SeedshopSelect,SeedshopSelect
881,59,21600,!!TASK_FRANK_JOHNS_HOUSE,3033,-1,building,9001,21600,70,-1,-1,18,n/a,36,1,1,-1,-1,-1,-1,-1,0,-1,-1,walk,n/a,idle,n/a,-1,-1,enter,40,default,0,0,0,0,0,0,RentIcon.png,n/a,SB_Sweet,SeedshopSelect,SeedshopSelect
882,64,7200,!!TASK_MARTHA_TALK_MOVIE,3032,-1,building,1007,7200,50,-1,-1,11,n/a,36,1,1,-1,-1,-1,-1,-1,0,-1,-1,walk,n/a,idle,n/a,-1,-1,enter,40,default,0,0,0,0,0,0,RentIcon.png,n/a,SB_Sweet,SeedshopSelect,SeedshopSelect
883,65,21600,!!TASK_MARTHA_ANNOY_GUIDES,3032,-1,building,1006,21600,70,-1,-1,18,n/a,36,1,1,-1,-1,-1,-1,-1,0,-1,-1,walk,n/a,idle,n/a,-1,-1,enter,40,default,0,0,0,0,0,0,RentIcon.png,n/a,SB_Sweet,SeedshopSelect,SeedshopSelect
884,67,86400,!!TASK_MARTHA_WRITE_BOYFRIEND,3032,-1,building,9006,86400,120,-1,-1,30,n/a,36,1,1,-1,-1,-1,-1,-1,0,-1,-1,walk,n/a,idle,n/a,-1,-1,enter,40,default,0,0,0,0,0,0,RentIcon.png,n/a,SB_Sweet,SeedshopSelect,SeedshopSelect
885,71,21600,!!TASK_MRSPUFF_DOUBLE_FEATURE,3014,-1,building,1007,21600,70,-1,-1,18,n/a,36,1,1,-1,-1,-1,-1,-1,0,-1,-1,walk,n/a,idle,n/a,-1,-1,enter,40,default,0,0,0,0,0,0,RentIcon.png,n/a,SB_Sweet,SeedshopSelect,SeedshopSelect
886,75,3600,!!TASK_TOMMY_MAITRED,3030,-1,building,1018,3600,40,-1,-1,10,n/a,36,1,1,-1,-1,-1,-1,-1,0,-1,-1,walk,n/a,idle,n/a,-1,-1,enter,40,default,0,0,0,0,0,0,RentIcon.png,n/a,SB_Sweet,SeedshopSelect,SeedshopSelect
887,76,7200,!!TASK_TOMMY_FALLEN_SOUFFLE,3030,-1,building,1024,7200,50,-1,-1,11,n/a,36,1,1,-1,-1,-1,-1,-1,0,-1,-1,walk,n/a,idle,n/a,-1,-1,enter,40,default,0,0,0,0,0,0,RentIcon.png,n/a,SB_Sweet,SeedshopSelect,SeedshopSelect
888,81,3600,!!TASK_JOHN_THROW_AWAY_PIZZA,30321,-1,building,9001,3600,40,-1,-1,10,n/a,36,1,1,-1,-1,-1,-1,-1,0,-1,-1,walk,n/a,idle,n/a,-1,-1,enter,40,default,0,0,0,0,0,0,RentIcon.png,n/a,SB_Sweet,SeedshopSelect,SeedshopSelect
889,83,21600,!!TASK_JOHN_MOOCH_COFFEE,30321,-1,building,9009,21600,70,-1,-1,18,n/a,36,1,1,-1,-1,-1,-1,-1,0,-1,-1,walk,n/a,idle,n/a,-1,-1,enter,40,default,0,0,0,0,0,0,RentIcon.png,n/a,SB_Sweet,SeedshopSelect,SeedshopSelect
890,84,36000,!!TASK_JOHN_REMOTE,30321,-1,building,9001,36000,85,-1,-1,26,n/a,36,1,1,-1,-1,-1,-1,-1,0,-1,-1,walk,n/a,idle,n/a,-1,-1,enter,40,default,0,0,0,0,0,0,RentIcon.png,n/a,SB_Sweet,SeedshopSelect,SeedshopSelect
891,89,21600,!!TASK_SANDY_FIX_LEAK,3006,-1,building,1019,21600,70,-1,-1,18,n/a,36,1,1,-1,-1,-1,-1,-1,0,-1,-1,walk,n/a,idle,n/a,-1,-1,enter,40,default,0,0,0,0,0,0,RentIcon.png,n/a,SB_Sweet,SeedshopSelect,SeedshopSelect
892,90,36000,!!TASK_SANDY_MATH_FUN,3006,-1,building,1019,36000,85,-1,-1,26,n/a,36,1,1,-1,-1,-1,-1,-1,0,-1,-1,walk,n/a,idle,n/a,-1,-1,enter,40,default,0,0,0,0,0,0,RentIcon.png,n/a,SB_Sweet,SeedshopSelect,SeedshopSelect
893,94,7200,!!TASK_BB_MATINEE,3008,-1,building,1007,7200,50,-1,-1,11,n/a,36,1,1,-1,-1,-1,-1,-1,0,-1,-1,walk,n/a,idle,n/a,-1,-1,enter,40,default,0,0,0,0,0,0,RentIcon.png,n/a,SB_Sweet,SeedshopSelect,SeedshopSelect
894,95,21600,!!TASK_BB_COUNT_LIVER_SPOTS,3008,-1,building,1026,21600,70,-1,-1,18,n/a,36,1,1,-1,-1,-1,-1,-1,0,-1,-1,walk,n/a,idle,n/a,-1,-1,enter,40,default,0,0,0,0,0,0,RentIcon.png,n/a,SB_Sweet,SeedshopSelect,SeedshopSelect
895,96,36000,!!TASK_BB_PADDLEBALL,3008,-1,building,1026,36000,85,-1,-1,26,n/a,36,1,1,-1,-1,-1,-1,-1,0,-1,-1,walk,n/a,idle,n/a,-1,-1,enter,40,default,0,0,0,0,0,0,RentIcon.png,n/a,SB_Sweet,SeedshopSelect,SeedshopSelect
896,100,7200,!!TASK_LARRY_GUARD_LIVES,3013,-1,building,1001,7200,50,-1,-1,11,n/a,36,1,1,-1,-1,-1,-1,-1,0,-1,-1,walk,n/a,idle,n/a,-1,-1,enter,40,default,0,0,0,0,0,0,RentIcon.png,n/a,SB_Sweet,SeedshopSelect,SeedshopSelect
897,103,86400,!!TASK_LARRY_LIVE_LIKE_LARRY,3013,-1,building,1009,86400,120,-1,-1,30,n/a,36,1,1,-1,-1,-1,-1,-1,0,-1,-1,walk,n/a,idle,n/a,-1,-1,enter,40,default,0,0,0,0,0,0,RentIcon.png,n/a,SB_Sweet,SeedshopSelect,SeedshopSelect
898,105,3600,!!TASK_HARRY_EXCAVATE_LINT,3019,-1,building,9002,3600,40,-1,-1,10,n/a,36,1,1,-1,-1,-1,-1,-1,0,-1,-1,walk,n/a,idle,n/a,-1,-1,enter,40,default,0,0,0,0,0,0,RentIcon.png,n/a,SB_Sweet,SeedshopSelect,SeedshopSelect
899,108,36000,!!TASK_HARRY_TILL,3019,-1,building,1102,36000,85,-1,-1,26,n/a,36,1,1,-1,-1,-1,-1,-1,0,-1,-1,walk,n/a,idle,n/a,-1,-1,enter,40,default,0,0,0,0,0,0,RentIcon.png,n/a,SB_Sweet,SeedshopSelect,SeedshopSelect
900,110,60,!!TASK_SUSIE_PERSONALS,3031,-1,building,9003,60,6,-1,-1,3,n/a,36,1,1,-1,-1,-1,-1,-1,0,-1,-1,walk,n/a,idle,n/a,-1,-1,enter,40,default,0,0,0,0,0,0,RentIcon.png,n/a,SB_Sweet,SeedshopSelect,SeedshopSelect
901,111,3600,!!TASK_SUSIE_PRATTLE_MUSEUM,3031,-1,building,1006,3600,40,-1,-1,10,n/a,36,1,1,-1,-1,-1,-1,-1,0,-1,-1,walk,n/a,idle,n/a,-1,-1,enter,40,default,0,0,0,0,0,0,RentIcon.png,n/a,SB_Sweet,SeedshopSelect,SeedshopSelect
902,118,3600,!!TASK_MAN RAY_GLOAT,3010,-1,building,1026,3600,40,-1,-1,10,n/a,36,1,1,-1,-1,-1,-1,-1,0,-1,-1,walk,n/a,idle,n/a,-1,-1,enter,40,default,0,0,0,0,0,0,RentIcon.png,MR_TasteMyWrath,SB_Sweet,SeedshopSelect,SeedshopSelect
903,119,7200,!!TASK_MAN RAY_DESTROY_EVIDENCE,3010,-1,building,1004,7200,50,-1,-1,11,n/a,36,1,1,-1,-1,-1,-1,-1,0,-1,-1,walk,n/a,idle,n/a,-1,-1,enter,40,default,0,0,0,0,0,0,RentIcon.png,n/a,SB_Sweet,SeedshopSelect,SeedshopSelect
904,122,86400,!!TASK_MAN RAY_DO_TIME,3010,-1,building,1002,86400,120,-1,-1,30,n/a,36,1,1,-1,-1,-1,-1,-1,0,-1,-1,walk,n/a,idle,n/a,-1,-1,enter,40,default,0,0,0,0,0,0,RentIcon.png,n/a,SB_Sweet,SeedshopSelect,SeedshopSelect
905,133,36000,!!TASK_REG_NO_WEENIES,3015,-1,building,1014,36000,85,-1,-1,26,n/a,36,1,1,-1,-1,-1,-1,-1,0,-1,-1,walk,n/a,idle,n/a,-1,-1,enter,40,default,0,0,0,0,0,0,RentIcon.png,n/a,SB_Sweet,SeedshopSelect,SeedshopSelect
906,136,3600,!!TASK_SOPHIE_DUMPSTER_DIVE,30201,-1,building,1018,3600,40,-1,-1,10,n/a,36,1,1,-1,-1,-1,-1,-1,0,-1,-1,walk,n/a,idle,n/a,-1,-1,enter,40,default,0,0,0,0,0,0,RentIcon.png,n/a,SB_Sweet,SeedshopSelect,SeedshopSelect
907,150,60,!!TASK_KEVIN_OINTMENT_SALES,3012,-1,n/a,-1,60,6,-1,-1,3,n/a,36,1,1,-1,-1,-1,-1,-1,0,-1,-1,sandwichboard_walk,n/a,idle,n/a,8,-1,wander,40,default,0,0,0,0,0,0,RentIcon.png,n/a,SB_Sweet,SeedshopSelect,SeedshopSelect
